ISO-10303-21;
HEADER;
FILE_DESCRIPTION (( 'STEP AP214' ),
    '1' );
FILE_NAME ('AMDLA1004S.STEP',
    '2019-07-16T09:21:07',
    ( '' ),
    ( '' ),
    'SwSTEP 2.0',
    'SolidWorks 2018',
    '' );
FILE_SCHEMA (( 'AUTOMOTIVE_DESIGN' ));
ENDSEC;

DATA;
#1 =( LENGTH_UNIT ( ) NAMED_UNIT ( * ) SI_UNIT ( .MILLI., .METRE. ) );
#2 = SURFACE_SIDE_STYLE ('',( #221 ) ) ;
#3 = CARTESIAN_POINT ( 'NONE',  ( 3.302193017034584788, 3.800000000000000711, -0.3584894687166538252 ) ) ;
#4 = B_SPLINE_CURVE_WITH_KNOTS ( 'NONE', 3,
 ( #534, #764, #8441, #6870, #2413, #3908, #894, #4587, #2481, #8349, #952 ),
 .UNSPECIFIED., .F., .F.,
 ( 4, 1, 1, 1, 1, 1, 1, 1, 4 ),
 ( 0.0000000000000000000, 0.1815353013762853462, 0.3470816724816271903, 0.4955678164315520107, 0.6283573018772142804, 0.7455196699921573522, 0.8458307507576519058, 0.9307818073847589080, 0.9999999999999998890 ),
 .UNSPECIFIED. ) ;
#5 =( NAMED_UNIT ( * ) PLANE_ANGLE_UNIT ( ) SI_UNIT ( $, .RADIAN. ) );
#6 = ADVANCED_FACE ( 'NONE', ( #1255 ), #3432, .T. ) ;
#7 = ORIENTED_EDGE ( 'NONE', *, *, #2741, .F. ) ;
#8 = ORIENTED_EDGE ( 'NONE', *, *, #6472, .F. ) ;
#9 = DIRECTION ( 'NONE',  ( 0.0000000000000000000, 0.0000000000000000000, 1.000000000000000000 ) ) ;
#10 = MECHANICAL_DESIGN_GEOMETRIC_PRESENTATION_REPRESENTATION (  '', ( #9307 ), #5854 ) ;
#11 = EDGE_CURVE ( 'NONE', #4776, #3363, #1992, .T. ) ;
#12 = PRODUCT_DEFINITION_CONTEXT ( 'detailed design', #5538, 'design' ) ;
#13 = CARTESIAN_POINT ( 'NONE',  ( 2.566637654286980208, 3.800000000000000266, -0.2609284761034967315 ) ) ;
#14 = SURFACE_STYLE_FILL_AREA ( #1671 ) ;
#15 = CARTESIAN_POINT ( 'NONE',  ( 2.349901821787536260, 3.800000000000001599, -0.4873901694487444147 ) ) ;
#16 = CARTESIAN_POINT ( 'NONE',  ( 3.648408120297522483, 3.790000000000000036, 0.04597915525333414605 ) ) ;
#17 = CARTESIAN_POINT ( 'NONE',  ( 1.920395343905964225, 3.800000000000000711, 0.08321699359278572627 ) ) ;
#18 = CARTESIAN_POINT ( 'NONE',  ( -0.9285726215184478827, 3.799999999999999378, 0.2325748787438218501 ) ) ;
#19 = LINE ( 'NONE', #4497, #5528 ) ;
#20 = SURFACE_STYLE_USAGE ( .BOTH. , #9695 ) ;
#21 = CARTESIAN_POINT ( 'NONE',  ( 2.419927399085393116, 3.790000000000000036, -0.5433301372367407289 ) ) ;
#22 = VECTOR ( 'NONE', #8674, 1000.000000000000000 ) ;
#23 =( LENGTH_UNIT ( ) NAMED_UNIT ( * ) SI_UNIT ( .MILLI., .METRE. ) );
#24 = FACE_OUTER_BOUND ( 'NONE', #8838, .T. ) ;
#25 = CARTESIAN_POINT ( 'NONE',  ( 1.414351511622612634, 3.799999999999999378, -0.2306082648075719888 ) ) ;
#26 = LINE ( 'NONE', #2833, #4504 ) ;
#27 = CARTESIAN_POINT ( 'NONE',  ( 3.424209402348804332, 3.790000000000000036, -0.2907195626953838485 ) ) ;
#28 =( LENGTH_UNIT ( ) NAMED_UNIT ( * ) SI_UNIT ( .MILLI., .METRE. ) );
#29 = ORIENTED_EDGE ( 'NONE', *, *, #1229, .T. ) ;
#30 = PRESENTATION_LAYER_ASSIGNMENT (  '', '', ( #8861 ) ) ;
#31 = COLOUR_RGB ( '',1.000000000000000000, 1.000000000000000000, 1.000000000000000000 ) ;
#32 = VECTOR ( 'NONE', #2936, 1000.000000000000000 ) ;
#33 = ORIENTED_EDGE ( 'NONE', *, *, #8891, .T. ) ;
#34 = FILL_AREA_STYLE ('',( #2990 ) ) ;
#35 = DIRECTION ( 'NONE',  ( -1.000000000000000000, -0.0000000000000000000, -0.0000000000000000000 ) ) ;
#36 = ADVANCED_FACE ( 'NONE', ( #7696 ), #4897, .T. ) ;
#37 = CARTESIAN_POINT ( 'NONE',  ( 3.408352775204452012, 3.799999999999999822, -0.2101320291180460431 ) ) ;
#38 = ORIENTED_EDGE ( 'NONE', *, *, #5839, .F. ) ;
#39 = CARTESIAN_POINT ( 'NONE',  ( -0.4849252130358114310, 3.790000000000000036, 0.2430945398687187897 ) ) ;
#40 = PRESENTATION_LAYER_ASSIGNMENT (  '', '', ( #1781 ) ) ;
#41 = CARTESIAN_POINT ( 'NONE',  ( 3.719687437406275166, 3.799999999999998934, 0.03695941114475750910 ) ) ;
#42 = CARTESIAN_POINT ( 'NONE',  ( 2.189289999723850411, 3.799999999999998934, 0.2389261544143909677 ) ) ;
#43 = CARTESIAN_POINT ( 'NONE',  ( 3.354480548747163393, 3.790000000000000480, 0.1061838899763158789 ) ) ;
#44 =( LENGTH_UNIT ( ) NAMED_UNIT ( * ) SI_UNIT ( .MILLI., .METRE. ) );
#45 = COLOUR_RGB ( '',1.000000000000000000, 1.000000000000000000, 1.000000000000000000 ) ;
#46 = CARTESIAN_POINT ( 'NONE',  ( -0.6556961313112502632, 3.790000000000000480, -0.06085125042514367977 ) ) ;
#47 = FILL_AREA_STYLE_COLOUR ( '', #1461 ) ;
#48 = CARTESIAN_POINT ( 'NONE',  ( 3.641123665402751897, 3.790000000000000480, -0.3978517395538879176 ) ) ;
#49 = DIRECTION ( 'NONE',  ( 0.0000000000000000000, 0.0000000000000000000, -1.000000000000000000 ) ) ;
#50 = COLOUR_RGB ( '',1.000000000000000000, 1.000000000000000000, 1.000000000000000000 ) ;
#51 = DIRECTION ( 'NONE',  ( 0.0000000000000000000, 1.000000000000000000, 0.0000000000000000000 ) ) ;
#52 = EDGE_LOOP ( 'NONE', ( #4251, #7168, #1872, #6809 ) ) ;
#53 = VERTEX_POINT ( 'NONE', #4929 ) ;
#54 = EDGE_CURVE ( 'NONE', #3274, #4200, #3971, .T. ) ;
#55 = CARTESIAN_POINT ( 'NONE',  ( 2.137769441185566333, 3.790000000000000036, 0.07536445915493762693 ) ) ;
#56 = CARTESIAN_POINT ( 'NONE',  ( 1.771290728582306961, 3.789999999999998703, 0.2459632427422755729 ) ) ;
#57 = CARTESIAN_POINT ( 'NONE',  ( -1.469540597651195935, 3.790000000000000036, 0.2430945398687187897 ) ) ;
#58 = COLOUR_RGB ( '',1.000000000000000000, 1.000000000000000000, 1.000000000000000000 ) ;
#59 = AXIS2_PLACEMENT_3D ( 'NONE', #1504, #1468, #5186 ) ;
#60 = CARTESIAN_POINT ( 'NONE',  ( 1.539214952190847807, 3.789999999999999591, -0.4173030974588878284 ) ) ;
#61 = PRESENTATION_STYLE_ASSIGNMENT (( #9296 ) ) ;
#62 = CARTESIAN_POINT ( 'NONE',  ( 3.499486735684728789, 3.790000000000000036, 0.2634414398678928682 ) ) ;
#63 = DIRECTION ( 'NONE',  ( -0.0000000000000000000, 1.000000000000000000, -0.0000000000000000000 ) ) ;
#64 = B_SPLINE_CURVE_WITH_KNOTS ( 'NONE', 3,
 ( #3470, #2760, #1192, #4197, #4940, #5001, #2056, #2799, #436, #7957, #4908, #6387, #5773, #8021, #6448, #8653, #5028, #9469, #7237, #2728, #4289, #1930, #1997, #7987, #3502, #1159, #6481 ),
 .UNSPECIFIED., .F., .F.,
 ( 4, 1, 1, 1, 1, 1, 1, 1, 1, 1, 1, 1, 1, 1, 1, 1, 1, 1, 1, 1, 1, 1, 1, 1, 4 ),
 ( 0.0000000000000000000, 0.06859462225874239649, 0.1332460424433008217, 0.1943125864682561654, 0.2512792231169659329, 0.3045134392563466630, 0.3542349066533246327, 0.4004805887739887327, 0.4434107549384916358, 0.4840148686163446845, 0.5232523007732023945, 0.5610423727283596618, 0.5979002393643999547, 0.6335184888561948835, 0.6683143511696513217, 0.7024956712863819064, 0.7366853535134585407, 0.7702931693607880659, 0.8034372550192482310, 0.8359129516660288584, 0.8684602457892905969, 0.9008465382431827262, 0.9334665246307081166, 0.9662575752981231725, 1.000000000000000000 ),
 .UNSPECIFIED. ) ;
#65 = ORIENTED_EDGE ( 'NONE', *, *, #9678, .F. ) ;
#66 = COLOUR_RGB ( '',1.000000000000000000, 1.000000000000000000, 1.000000000000000000 ) ;
#67 = LINE ( 'NONE', #4107, #6877 ) ;
#68 = AXIS2_PLACEMENT_3D ( 'NONE', #5446, #133, #2508 ) ;
#69 = EDGE_CURVE ( 'NONE', #8726, #147, #1866, .T. ) ;
#70 = CARTESIAN_POINT ( 'NONE',  ( 2.571485043374445834, 3.790000000000000036, -0.1565849473107684686 ) ) ;
#71 = ORIENTED_EDGE ( 'NONE', *, *, #7256, .F. ) ;
#72 = CARTESIAN_POINT ( 'NONE',  ( 1.910930038683739562, 3.790000000000000480, 0.1049202445333099337 ) ) ;
#73 = CARTESIAN_POINT ( 'NONE',  ( 3.344401710041112086, 3.790000000000000036, -0.2689246909005120756 ) ) ;
#74 =( NAMED_UNIT ( * ) PLANE_ANGLE_UNIT ( ) SI_UNIT ( $, .RADIAN. ) );
#75 = UNCERTAINTY_MEASURE_WITH_UNIT (LENGTH_MEASURE( 1.000000000000000082E-05 ), #4943, 'distance_accuracy_value', 'NONE');
#76 = SURFACE_SIDE_STYLE ('',( #8747 ) ) ;
#77 = STYLED_ITEM ( 'NONE', ( #8145 ), #955 ) ;
#78 = LINE ( 'NONE', #2275, #9235 ) ;
#79 = CARTESIAN_POINT ( 'NONE',  ( 3.510872811582554931, 3.800000000000000266, -0.2258731314161079584 ) ) ;
#80 = DIRECTION ( 'NONE',  ( -0.0000000000000000000, 1.000000000000000000, -0.0000000000000000000 ) ) ;
#81 = CARTESIAN_POINT ( 'NONE',  ( 2.516016323513981856, 3.800000000000000266, 0.1251870212943832217 ) ) ;
#82 =( NAMED_UNIT ( * ) PLANE_ANGLE_UNIT ( ) SI_UNIT ( $, .RADIAN. ) );
#83 = CARTESIAN_POINT ( 'NONE',  ( -0.7211704534895758689, 3.799999999999998490, -0.1747061717616693044 ) ) ;
#84 = CARTESIAN_POINT ( 'NONE',  ( -0.6874781561669022212, 3.799999999999999822, 0.04157388594193024006 ) ) ;
#85 = EDGE_LOOP ( 'NONE', ( #2451, #9707, #5016, #478 ) ) ;
#86 = DIRECTION ( 'NONE',  ( -1.000000000000000000, 0.0000000000000000000, 0.0000000000000000000 ) ) ;
#87 = DIRECTION ( 'NONE',  ( 1.000000000000000000, 0.0000000000000000000, 0.0000000000000000000 ) ) ;
#88 = MANIFOLD_SOLID_BREP ( 'Cut-Extrude7', #7004 ) ;
#89 = CARTESIAN_POINT ( 'NONE',  ( 2.220064526222541801, 3.799999999999999822, 0.1622370331663030574 ) ) ;
#90 = CARTESIAN_POINT ( 'NONE',  ( 1.753939196529848754, 3.789999999999999591, 0.2524855378229050040 ) ) ;
#91 = CARTESIAN_POINT ( 'NONE',  ( 1.682382479271881559, 3.800000000000000266, 0.1815560783302572756 ) ) ;
#92 = ORIENTED_EDGE ( 'NONE', *, *, #3260, .F. ) ;
#93 = CARTESIAN_POINT ( 'NONE',  ( 1.502816106556470244, 3.790000000000000480, -0.3392498686304550315 ) ) ;
#94 = CARTESIAN_POINT ( 'NONE',  ( 3.424209402348804332, 3.790000000000000036, -0.2907195626953838485 ) ) ;
#95 = CARTESIAN_POINT ( 'NONE',  ( -0.8900534181640165077, 3.790000000000000036, -0.5280593062851274277 ) ) ;
#96 = STYLED_ITEM ( 'NONE', ( #2331 ), #4496 ) ;
#97 = VECTOR ( 'NONE', #7896, 1000.000000000000000 ) ;
#98 = CARTESIAN_POINT ( 'NONE',  ( 1.955953022519863804, 3.790000000000000036, -0.1688725777424255337 ) ) ;
#99 = CARTESIAN_POINT ( 'NONE',  ( -0.6874781561669022212, 3.799999999999999822, 0.04157388594193024006 ) ) ;
#100 = VERTEX_POINT ( 'NONE', #6438 ) ;
#101 = CARTESIAN_POINT ( 'NONE',  ( 3.571936781611344536, 3.790000000000000924, -0.4695838680075724025 ) ) ;
#102 = DIRECTION ( 'NONE',  ( 0.0000000000000000000, 0.0000000000000000000, 1.000000000000000000 ) ) ;
#103 = CARTESIAN_POINT ( 'NONE',  ( 3.022767094656496845, 3.790000000000000036, -0.02357212679794789753 ) ) ;
#104 = VECTOR ( 'NONE', #5180, 1000.000000000000000 ) ;
#105 = AXIS2_PLACEMENT_3D ( 'NONE', #4318, #6597, #6537 ) ;
#106 = CARTESIAN_POINT ( 'NONE',  ( -1.057521366881964964, 3.790000000000000036, 0.2430945398687187897 ) ) ;
#107 = ORIENTED_EDGE ( 'NONE', *, *, #211, .F. ) ;
#108 = DIRECTION ( 'NONE',  ( -0.0000000000000000000, 1.000000000000000000, -0.0000000000000000000 ) ) ;
#109 = CARTESIAN_POINT ( 'NONE',  ( 3.491677351066753143, 3.799999999999999822, 0.2636073603815393129 ) ) ;
#110 = CARTESIAN_POINT ( 'NONE',  ( 2.441009188196716639, 3.789999999999999591, -0.4154715111534626470 ) ) ;
#111 = CARTESIAN_POINT ( 'NONE',  ( 3.496805556194958697, 3.790000000000000036, -0.5774182806441018334 ) ) ;
#112 = DIRECTION ( 'NONE',  ( -0.0000000000000000000, 0.0000000000000000000, -1.000000000000000000 ) ) ;
#113 = CARTESIAN_POINT ( 'NONE',  ( 5.500000000000000000, 1.899999999999999911, 1.249999999999999778 ) ) ;
#114 = PRESENTATION_LAYER_ASSIGNMENT (  '', '', ( #2855 ) ) ;
#115 = STYLED_ITEM ( 'NONE', ( #4046 ), #5810 ) ;
#116 = VECTOR ( 'NONE', #7090, 1000.000000000000000 ) ;
#117 = ORIENTED_EDGE ( 'NONE', *, *, #1285, .F. ) ;
#118 = CARTESIAN_POINT ( 'NONE',  ( 2.123884878771047813, 3.800000000000001155, 0.04330725146975167306 ) ) ;
#119 = ORIENTED_EDGE ( 'NONE', *, *, #6164, .F. ) ;
#120 =( NAMED_UNIT ( * ) SI_UNIT ( $, .STERADIAN. ) SOLID_ANGLE_UNIT ( ) );
#121 = CARTESIAN_POINT ( 'NONE',  ( 1.484332858381818721, 3.799999999999999822, -0.1462200432618289969 ) ) ;
#122 = PRESENTATION_LAYER_ASSIGNMENT (  '', '', ( #4842 ) ) ;
#123 = CARTESIAN_POINT ( 'NONE',  ( 1.522513170301027063, 3.799999999999999822, -0.3895421529915992775 ) ) ;
#124 = EDGE_CURVE ( 'NONE', #6622, #5993, #177, .T. ) ;
#125 = CARTESIAN_POINT ( 'NONE',  ( -1.233643161753760209, 3.790000000000000036, 0.1610432578174366969 ) ) ;
#126 = B_SPLINE_CURVE_WITH_KNOTS ( 'NONE', 3,
 ( #527, #9399, #5714, #487, #5746, #6420, #7170, #682, #2148, #1430, #6639 ),
 .UNSPECIFIED., .F., .F.,
 ( 4, 1, 1, 1, 1, 1, 1, 1, 4 ),
 ( 0.0000000000000000000, 0.1642892164747621342, 0.3174059112304905006, 0.4588436116410192778, 0.5893665423053098262, 0.7078313187781726246, 0.8157700306990042227, 0.9128799029021251732, 1.000000000000000000 ),
 .UNSPECIFIED. ) ;
#127 = MECHANICAL_DESIGN_GEOMETRIC_PRESENTATION_REPRESENTATION (  '', ( #8052 ), #4351 ) ;
#128 = CARTESIAN_POINT ( 'NONE',  ( 3.669285626604028572, 3.799999999999999378, -0.4930821070324917232 ) ) ;
#129 = PRESENTATION_STYLE_ASSIGNMENT (( #2852 ) ) ;
#130 = CARTESIAN_POINT ( 'NONE',  ( 1.910224228834059179, 3.789999999999999591, -0.4193163166873626335 ) ) ;
#132 = MECHANICAL_DESIGN_GEOMETRIC_PRESENTATION_REPRESENTATION (  '', ( #77 ), #1673 ) ;
#131 = DIRECTION ( 'NONE',  ( -0.0000000000000000000, 1.000000000000000000, -0.0000000000000000000 ) ) ;
#133 = DIRECTION ( 'NONE',  ( 8.673617379884035472E-17, -1.141265444721583757E-16, 1.000000000000000000 ) ) ;
#134 = CARTESIAN_POINT ( 'NONE',  ( 1.936027179048951163, 3.799999999999999822, -0.3486399996208937035 ) ) ;
#135 = LINE ( 'NONE', #9310, #2637 ) ;
#136 = CARTESIAN_POINT ( 'NONE',  ( -2.984444443805042368, 3.799999999999999822, -0.09536699859281970448 ) ) ;
#137 = FILL_AREA_STYLE ('',( #8410 ) ) ;
#138 = ORIENTED_EDGE ( 'NONE', *, *, #5690, .T. ) ;
#139 = CARTESIAN_POINT ( 'NONE',  ( -0.8364367200706169792, 3.790000000000000924, -0.5044025060432844043 ) ) ;
#140 = CARTESIAN_POINT ( 'NONE',  ( -3.023386751497350033, 3.790000000000000036, -0.01331571654153768276 ) ) ;
#141 = CARTESIAN_POINT ( 'NONE',  ( 2.205522451700121955, 3.790000000000000924, -0.5602241840206921841 ) ) ;
#142 = CARTESIAN_POINT ( 'NONE',  ( 0.9671581202975220171, 3.790000000000000036, -0.5569054601312812824 ) ) ;
#143 = CARTESIAN_POINT ( 'NONE',  ( 1.834617084917077534, 3.789999999999999591, -0.4010104959359744869 ) ) ;
#144 =( GEOMETRIC_REPRESENTATION_CONTEXT ( 3 ) GLOBAL_UNCERTAINTY_ASSIGNED_CONTEXT ( ( #8388 ) ) GLOBAL_UNIT_ASSIGNED_CONTEXT ( ( #1343, #8774, #6556 ) ) REPRESENTATION_CONTEXT ( 'NONE', 'WORKASPACE' ) );
#145 = ORIENTED_EDGE ( 'NONE', *, *, #523, .T. ) ;
#146 = ORIENTED_EDGE ( 'NONE', *, *, #4281, .F. ) ;
#147 = VERTEX_POINT ( 'NONE', #1314 ) ;
#148 = CARTESIAN_POINT ( 'NONE',  ( 2.145554749278118845, 3.790000000000000480, 0.08984490176883026813 ) ) ;
#149 = PRESENTATION_STYLE_ASSIGNMENT (( #899 ) ) ;
#150 = CARTESIAN_POINT ( 'NONE',  ( 1.889598605024068290, 3.789999999999999591, 0.1441964596211580407 ) ) ;
#151 = CARTESIAN_POINT ( 'NONE',  ( 1.515309209232216681, 3.790000000000000924, -0.3740378411686507421 ) ) ;
#152 = CARTESIAN_POINT ( 'NONE',  ( -5.569999999999999396, 1.900000000000000355, -0.3500000000000004774 ) ) ;
#153 = EDGE_CURVE ( 'NONE', #7669, #8259, #4765, .T. ) ;
#154 =( NAMED_UNIT ( * ) PLANE_ANGLE_UNIT ( ) SI_UNIT ( $, .RADIAN. ) );
#155 = ORIENTED_EDGE ( 'NONE', *, *, #2051, .T. ) ;
#156 = CARTESIAN_POINT ( 'NONE',  ( 1.661227995689288806, 3.800000000000000711, 0.2632905792624020691 ) ) ;
#157 = LINE ( 'NONE', #6077, #9668 ) ;
#158 = FACE_OUTER_BOUND ( 'NONE', #7045, .T. ) ;
#159 = COLOUR_RGB ( '',1.000000000000000000, 1.000000000000000000, 1.000000000000000000 ) ;
#160 = LINE ( 'NONE', #7755, #7918 ) ;
#161 = CARTESIAN_POINT ( 'NONE',  ( -1.907040597651196157, 3.790000000000000036, 0.2430945398687187897 ) ) ;
#162 = CARTESIAN_POINT ( 'NONE',  ( 1.947490485884540545, 3.789999999999999591, -0.02169293796749991940 ) ) ;
#163 = CARTESIAN_POINT ( 'NONE',  ( 3.545780294989803849, 3.789999999999999147, -0.4845324539536109976 ) ) ;
#164 = PLANE ( 'NONE',  #9371 ) ;
#165 =( NAMED_UNIT ( * ) PLANE_ANGLE_UNIT ( ) SI_UNIT ( $, .RADIAN. ) );
#166 = LINE ( 'NONE', #2478, #6745 ) ;
#167 = MECHANICAL_DESIGN_GEOMETRIC_PRESENTATION_REPRESENTATION (  '', ( #3787 ), #4586 ) ;
#168 = CARTESIAN_POINT ( 'NONE',  ( 2.036116176187444005, 3.789999999999998703, -0.2964604602438243308 ) ) ;
#169 = CARTESIAN_POINT ( 'NONE',  ( -0.9131303412409393916, 3.790000000000000036, 0.1406906937148726111 ) ) ;
#170 = VERTEX_POINT ( 'NONE', #3547 ) ;
#171 = CARTESIAN_POINT ( 'NONE',  ( 2.551433700303507912, 3.800000000000001155, 0.03449039170126975973 ) ) ;
#172 = SURFACE_SIDE_STYLE ('',( #4968 ) ) ;
#173 = CARTESIAN_POINT ( 'NONE',  ( 3.508392680984250944, 3.789999999999998259, -0.4946134002385267348 ) ) ;
#174 = CARTESIAN_POINT ( 'NONE',  ( 3.632487641251072041, 3.799999999999998934, -0.01396876745188510745 ) ) ;
#175 = FILL_AREA_STYLE_COLOUR ( '', #2205 ) ;
#176 = ORIENTED_EDGE ( 'NONE', *, *, #8640, .T. ) ;
#177 = LINE ( 'NONE', #8699, #2794 ) ;
#178 = EDGE_CURVE ( 'NONE', #1954, #4866, #5941, .T. ) ;
#179 = CARTESIAN_POINT ( 'NONE',  ( 1.512364322959749652, 3.789999999999999591, -0.5080095256448762253 ) ) ;
#180 = CARTESIAN_POINT ( 'NONE',  ( 2.189289999723850411, 3.799999999999998934, 0.2389261544143909677 ) ) ;
#181 = CARTESIAN_POINT ( 'NONE',  ( 1.569411289816152966, 3.800000000000000711, 0.1372665214499449171 ) ) ;
#182 = CARTESIAN_POINT ( 'NONE',  ( 1.484381215943066268, 3.800000000000000711, -0.1884900411267377285 ) ) ;
#183 =( NAMED_UNIT ( * ) PLANE_ANGLE_UNIT ( ) SI_UNIT ( $, .RADIAN. ) );
#184 = DIRECTION ( 'NONE',  ( 0.0000000000000000000, 0.0000000000000000000, 1.000000000000000000 ) ) ;
#185 = CARTESIAN_POINT ( 'NONE',  ( 2.080761409485745617, 3.790000000000000924, 0.1289973745304057451 ) ) ;
#186 = VERTEX_POINT ( 'NONE', #5115 ) ;
#187 =( GEOMETRIC_REPRESENTATION_CONTEXT ( 3 ) GLOBAL_UNCERTAINTY_ASSIGNED_CONTEXT ( ( #4906 ) ) GLOBAL_UNIT_ASSIGNED_CONTEXT ( ( #6272, #285, #972 ) ) REPRESENTATION_CONTEXT ( 'NONE', 'WORKASPACE' ) );
#188 = UNCERTAINTY_MEASURE_WITH_UNIT (LENGTH_MEASURE( 1.000000000000000082E-05 ), #535, 'distance_accuracy_value', 'NONE');
#189 = AXIS2_PLACEMENT_3D ( 'NONE', #1238, #3513, #6396 ) ;
#190 = EDGE_CURVE ( 'NONE', #3179, #6848, #4996, .T. ) ;
#191 = CARTESIAN_POINT ( 'NONE',  ( 2.314391013575472833, 3.790000000000000480, 0.2633303734483951053 ) ) ;
#192 = CARTESIAN_POINT ( 'NONE',  ( 3.569999999999999396, 1.899999999999999911, 1.250000000000000000 ) ) ;
#193 = CARTESIAN_POINT ( 'NONE',  ( 2.431410174924656609, 3.800000000000000266, -0.4287360923902946430 ) ) ;
#194 = VERTEX_POINT ( 'NONE', #8076 ) ;
#195 = EDGE_CURVE ( 'NONE', #6971, #9340, #6524, .T. ) ;
#196 = SURFACE_STYLE_USAGE ( .BOTH. , #8437 ) ;
#197 =( LENGTH_UNIT ( ) NAMED_UNIT ( * ) SI_UNIT ( .MILLI., .METRE. ) );
#198 = ORIENTED_EDGE ( 'NONE', *, *, #8920, .F. ) ;
#199 = CARTESIAN_POINT ( 'NONE',  ( -0.6491906129889672972, 3.790000000000000480, -0.1581951595955160550 ) ) ;
#200 = CARTESIAN_POINT ( 'NONE',  ( -1.003205936435493717, 3.790000000000001368, 0.1561679446733620080 ) ) ;
#201 = PLANE ( 'NONE',  #467 ) ;
#202 = CARTESIAN_POINT ( 'NONE',  ( 2.333123867502030713, 3.790000000000000036, 0.2609139509444463045 ) ) ;
#203 = CARTESIAN_POINT ( 'NONE',  ( 2.479228594823294607, 3.789999999999999147, -0.3304827822602797727 ) ) ;
#204 = UNCERTAINTY_MEASURE_WITH_UNIT (LENGTH_MEASURE( 1.000000000000000082E-05 ), #5151, 'distance_accuracy_value', 'NONE');
#205 = CARTESIAN_POINT ( 'NONE',  ( 3.470411957209728282, 3.800000000000001155, -0.5764388064034913217 ) ) ;
#206 = DIRECTION ( 'NONE',  ( 1.734723475976807094E-16, 0.0000000000000000000, 1.000000000000000000 ) ) ;
#207 = CARTESIAN_POINT ( 'NONE',  ( 1.842896344064281822, 3.789999999999998259, -0.3852882731344188239 ) ) ;
#208 = ORIENTED_EDGE ( 'NONE', *, *, #5900, .F. ) ;
#209 = VECTOR ( 'NONE', #80, 1000.000000000000000 ) ;
#210 = ORIENTED_EDGE ( 'NONE', *, *, #3939, .F. ) ;
#211 = EDGE_CURVE ( 'NONE', #9736, #170, #6296, .T. ) ;
#212 = CARTESIAN_POINT ( 'NONE',  ( 1.642795163739255937, 3.790000000000000036, -0.5749190937986857763 ) ) ;
#213 = CARTESIAN_POINT ( 'NONE',  ( 2.157614744933277429, 3.799999999999999822, 0.2196965566099916556 ) ) ;
#214 = CARTESIAN_POINT ( 'NONE',  ( 1.847899786279060486, 3.800000000000000266, 0.06071763165408215757 ) ) ;
#215 = SURFACE_STYLE_FILL_AREA ( #2336 ) ;
#216 = CARTESIAN_POINT ( 'NONE',  ( -2.361848289958888181, 3.790000000000000036, 0.2430945398687187897 ) ) ;
#217 = CARTESIAN_POINT ( 'NONE',  ( -1.586207264317862631, 3.799999999999999822, -0.5569054601312812824 ) ) ;
#218 = ORIENTED_EDGE ( 'NONE', *, *, #6307, .F. ) ;
#219 = ADVANCED_FACE ( 'NONE', ( #8523 ), #8614, .T. ) ;
#220 = LINE ( 'NONE', #3920, #4013 ) ;
#221 = SURFACE_STYLE_FILL_AREA ( #34 ) ;
#222 = DIRECTION ( 'NONE',  ( 0.0000000000000000000, 0.0000000000000000000, 1.000000000000000000 ) ) ;
#223 = CARTESIAN_POINT ( 'NONE',  ( 0.0000000000000000000, 3.799999999999999822, 0.0000000000000000000 ) ) ;
#224 = PRESENTATION_LAYER_ASSIGNMENT (  '', '', ( #3290 ) ) ;
#225 = CARTESIAN_POINT ( 'NONE',  ( 3.560344344892248269, 3.800000000000000711, -0.4770909674268088430 ) ) ;
#226 = CARTESIAN_POINT ( 'NONE',  ( 2.498378065364806666, 3.790000000000000480, -0.2128777842365949247 ) ) ;
#227 = EDGE_LOOP ( 'NONE', ( #8026, #8403, #1108, #9480 ) ) ;
#228 = CARTESIAN_POINT ( 'NONE',  ( 3.496805556194958697, 3.790000000000000036, -0.5774182806441018334 ) ) ;
#229 =( LENGTH_UNIT ( ) NAMED_UNIT ( * ) SI_UNIT ( .MILLI., .METRE. ) );
#230 =( LENGTH_UNIT ( ) NAMED_UNIT ( * ) SI_UNIT ( .MILLI., .METRE. ) );
#231 = CARTESIAN_POINT ( 'NONE',  ( 2.079919779613909281, 3.799999999999999378, -0.4422207073430279300 ) ) ;
#232 = CARTESIAN_POINT ( 'NONE',  ( -5.569999999999999396, 1.899999999999999911, 0.3499999999999996447 ) ) ;
#233 = EDGE_CURVE ( 'NONE', #6723, #2200, #1982, .T. ) ;
#234 = CARTESIAN_POINT ( 'NONE',  ( 2.569542214294872284, 3.790000000000001368, -0.08564916785487802775 ) ) ;
#235 =( LENGTH_UNIT ( ) NAMED_UNIT ( * ) SI_UNIT ( .MILLI., .METRE. ) );
#236 = ORIENTED_EDGE ( 'NONE', *, *, #9080, .T. ) ;
#237 = FILL_AREA_STYLE ('',( #3202 ) ) ;
#238 = EDGE_LOOP ( 'NONE', ( #8255, #6980, #9359, #4509 ) ) ;
#239 =( LENGTH_UNIT ( ) NAMED_UNIT ( * ) SI_UNIT ( .MILLI., .METRE. ) );
#240 = CARTESIAN_POINT ( 'NONE',  ( 3.637577668648372953, 3.790000000000000036, 0.09706382748640528246 ) ) ;
#241 = LINE ( 'NONE', #7738, #3219 ) ;
#242 = CARTESIAN_POINT ( 'NONE',  ( 1.486830411623736525, 3.800000000000000711, -0.4777132154023931987 ) ) ;
#243 = CARTESIAN_POINT ( 'NONE',  ( 2.070848071413046831, 3.789999999999999591, 0.1091476349899237752 ) ) ;
#244 = CARTESIAN_POINT ( 'NONE',  ( -1.907040597651196157, 3.799999999999999822, 0.2430945398687187897 ) ) ;
#245 = FACE_OUTER_BOUND ( 'NONE', #4019, .T. ) ;
#246 = PRESENTATION_LAYER_ASSIGNMENT (  '', '', ( #1465 ) ) ;
#247 = CARTESIAN_POINT ( 'NONE',  ( 3.506232779120217913, 3.799999999999999822, -0.5770931259928603341 ) ) ;
#248 = CARTESIAN_POINT ( 'NONE',  ( 3.648408120297522483, 3.799999999999999822, 0.04597915525333414605 ) ) ;
#249 = EDGE_CURVE ( 'NONE', #1625, #8853, #4604, .T. ) ;
#250 = CARTESIAN_POINT ( 'NONE',  ( -5.569999999999999396, 1.399999999999999911, -0.3500000000000005329 ) ) ;
#251 = B_SPLINE_CURVE_WITH_KNOTS ( 'NONE', 3,
 ( #5981, #3093, #4556, #5233, #1510, #1644, #6738, #2351, #4523, #4584, #2280, #6867, #9056, #3131, #8320, #5360, #856, #7490, #6111, #2410, #7614, #8254, #3165 ),
 .UNSPECIFIED., .F., .F.,
 ( 4, 1, 1, 1, 1, 1, 1, 1, 1, 1, 1, 1, 1, 1, 1, 1, 1, 1, 1, 1, 4 ),
 ( 0.0000000000000000000, 0.06038661931106305281, 0.1208832485859955147, 0.1827546186251399751, 0.2478110297583504540, 0.2812991000432493172, 0.3150876241506577746, 0.3497023955502747694, 0.3848565811185559182, 0.4209661972261023455, 0.4585111882611392908, 0.4971747221273122852, 0.5376020478662693058, 0.5805030184200117294, 0.6274675400267047953, 0.6783882095592435046, 0.7339832205925606035, 0.7937467045508349583, 0.8577136721607321324, 0.9266978643613861255, 1.000000000000000000 ),
 .UNSPECIFIED. ) ;
#252 = CARTESIAN_POINT ( 'NONE',  ( 1.590384535574846270, 3.790000000000000924, 0.2467327106665011816 ) ) ;
#253 = LINE ( 'NONE', #3686, #3111 ) ;
#254 = VERTEX_POINT ( 'NONE', #9631 ) ;
#255 = LINE ( 'NONE', #2969, #1458 ) ;
#256 = CARTESIAN_POINT ( 'NONE',  ( 2.333123867502030713, 3.790000000000000036, 0.2609139509444463045 ) ) ;
#258 = AXIS2_PLACEMENT_3D ( 'NONE', #9517, #5026, #1290 ) ;
#257 = CARTESIAN_POINT ( 'NONE',  ( -0.6844936187850543252, 3.799999999999999822, -0.3340480174352129517 ) ) ;
#259 = CARTESIAN_POINT ( 'NONE',  ( -1.163610191100081570, 3.799999999999999378, -0.4748128102341729884 ) ) ;
#260 = VERTEX_POINT ( 'NONE', #9705 ) ;
#261 =( NAMED_UNIT ( * ) PLANE_ANGLE_UNIT ( ) SI_UNIT ( $, .RADIAN. ) );
#262 = UNCERTAINTY_MEASURE_WITH_UNIT (LENGTH_MEASURE( 1.000000000000000082E-05 ), #3181, 'distance_accuracy_value', 'NONE');
#263 = VECTOR ( 'NONE', #1481, 1000.000000000000000 ) ;
#264 = CARTESIAN_POINT ( 'NONE',  ( 0.5290170946564967114, 3.790000000000000036, -0.01331571654153768276 ) ) ;
#265 = CARTESIAN_POINT ( 'NONE',  ( 2.295363248502650499, 3.790000000000000036, -0.5774182806441018334 ) ) ;
#266 = VERTEX_POINT ( 'NONE', #5869 ) ;
#267 = VERTEX_POINT ( 'NONE', #5220 ) ;
#268 = EDGE_CURVE ( 'NONE', #8690, #1347, #9093, .T. ) ;
#269 = CARTESIAN_POINT ( 'NONE',  ( 2.562875101269155742, 3.800000000000000711, -0.02169293796749992634 ) ) ;
#270 = CARTESIAN_POINT ( 'NONE',  ( 5.569999999999999396, 1.399999999999999911, 0.3499999999999996447 ) ) ;
#271 = CARTESIAN_POINT ( 'NONE',  ( 3.523434932913200424, 3.799999999999999378, -0.1248005219266900140 ) ) ;
#272 = LINE ( 'NONE', #9722, #6736 ) ;
#273 = ORIENTED_EDGE ( 'NONE', *, *, #3995, .F. ) ;
#274 = CARTESIAN_POINT ( 'NONE',  ( 3.644021569999964960, 3.799999999999999378, 0.08056646718051066469 ) ) ;
#275 = CARTESIAN_POINT ( 'NONE',  ( 1.420731560802830806, 3.800000000000001155, -0.2964604602438241088 ) ) ;
#276 = CARTESIAN_POINT ( 'NONE',  ( 2.029747343764663370, 3.789999999999999591, -0.08304316017111335047 ) ) ;
#277 = CARTESIAN_POINT ( 'NONE',  ( 3.467013133269649661, 3.800000000000000711, 0.1803566575503348091 ) ) ;
#278 = PRESENTATION_LAYER_ASSIGNMENT (  '', '', ( #9016 ) ) ;
#279 = UNCERTAINTY_MEASURE_WITH_UNIT (LENGTH_MEASURE( 1.000000000000000082E-05 ), #1, 'distance_accuracy_value', 'NONE');
#280 = B_SPLINE_CURVE_WITH_KNOTS ( 'NONE', 3,
 ( #1828, #8479, #7791, #8521, #1798, #6323, #3338, #8553, #9199, #4078, #9298, #2606, #9336, #2489, #7691, #3233, #8448, #4017, #3986 ),
 .UNSPECIFIED., .F., .F.,
 ( 4, 1, 1, 1, 1, 1, 1, 1, 1, 1, 1, 1, 1, 1, 1, 1, 4 ),
 ( 0.0000000000000000000, 0.05720826943350780514, 0.1136960596574915217, 0.1691779164171960670, 0.2241592165805416370, 0.2787198783810432290, 0.3337942174469878398, 0.3892414593400015943, 0.4458220733936208435, 0.5037042811090206573, 0.5642938918193636244, 0.6279754158952230991, 0.6950382596840505300, 0.7653727258510126807, 0.8396114430907349879, 0.9175377500777890383, 0.9999999999999998890 ),
 .UNSPECIFIED. ) ;
#281 = SURFACE_STYLE_FILL_AREA ( #9173 ) ;
#282 = ORIENTED_EDGE ( 'NONE', *, *, #884, .T. ) ;
#283 = CARTESIAN_POINT ( 'NONE',  ( 3.642849349057077468, 3.799999999999999378, -0.5197577635285900444 ) ) ;
#284 = DIRECTION ( 'NONE',  ( -0.0000000000000000000, 1.000000000000000000, -0.0000000000000000000 ) ) ;
#285 =( NAMED_UNIT ( * ) PLANE_ANGLE_UNIT ( ) SI_UNIT ( $, .RADIAN. ) );
#286 = PRESENTATION_LAYER_ASSIGNMENT (  '', '', ( #6336 ) ) ;
#287 = ORIENTED_EDGE ( 'NONE', *, *, #3942, .T. ) ;
#288 = CARTESIAN_POINT ( 'NONE',  ( 1.500004807159944775, 3.790000000000000924, 0.1804486976128947817 ) ) ;
#289 = LINE ( 'NONE', #6525, #3514 ) ;
#290 = DIRECTION ( 'NONE',  ( -1.000000000000000000, 0.0000000000000000000, 0.0000000000000000000 ) ) ;
#291 = SURFACE_STYLE_FILL_AREA ( #8819 ) ;
#292 = AXIS2_PLACEMENT_3D ( 'NONE', #7593, #3824, #767 ) ;
#293 = SURFACE_SIDE_STYLE ('',( #1782 ) ) ;
#294 = VECTOR ( 'NONE', #9588, 1000.000000000000000 ) ;
#295 = CARTESIAN_POINT ( 'NONE',  ( 2.099690171579573938, 3.790000000000000036, -0.1569054601312812325 ) ) ;
#296 = ORIENTED_EDGE ( 'NONE', *, *, #4416, .T. ) ;
#297 = CARTESIAN_POINT ( 'NONE',  ( 3.581158127824551229, 3.799999999999999822, -0.1741393950653568334 ) ) ;
#298 = MECHANICAL_DESIGN_GEOMETRIC_PRESENTATION_REPRESENTATION (  '', ( #6018 ), #808 ) ;
#299 = ORIENTED_EDGE ( 'NONE', *, *, #2790, .T. ) ;
#300 = ORIENTED_EDGE ( 'NONE', *, *, #4974, .T. ) ;
#301 = CARTESIAN_POINT ( 'NONE',  ( 2.297767094656497200, 3.790000000000000036, 0.1815560783302572478 ) ) ;
#302 = CARTESIAN_POINT ( 'NONE',  ( 2.130693824616832988, 3.790000000000000924, -0.3740378411686506310 ) ) ;
#303 = CARTESIAN_POINT ( 'NONE',  ( 2.571045918698920296, 3.789999999999998703, -0.1205133907851156094 ) ) ;
#304 = CARTESIAN_POINT ( 'NONE',  ( -5.569999999999999396, 1.899999999999999911, 0.3499999999999996447 ) ) ;
#305 = DIRECTION ( 'NONE',  ( 1.000000000000000000, 0.0000000000000000000, 0.0000000000000000000 ) ) ;
#306 = CARTESIAN_POINT ( 'NONE',  ( 3.618265862967116053, 3.800000000000000711, 0.1280809253719411289 ) ) ;
#307 = EDGE_CURVE ( 'NONE', #100, #1830, #4417, .T. ) ;
#308 = PRESENTATION_LAYER_ASSIGNMENT (  '', '', ( #615 ) ) ;
#309 = CARTESIAN_POINT ( 'NONE',  ( 1.642795163739255937, 3.799999999999999822, -0.5749190937986857763 ) ) ;
#310 = CARTESIAN_POINT ( 'NONE',  ( 2.142754822409887350, 3.790000000000000036, 0.2079658861806445158 ) ) ;
#311 =( NAMED_UNIT ( * ) PLANE_ANGLE_UNIT ( ) SI_UNIT ( $, .RADIAN. ) );
#312 = CARTESIAN_POINT ( 'NONE',  ( 2.487992236921264144, 3.800000000000000711, -0.02348787548307911671 ) ) ;
#313 = VERTEX_POINT ( 'NONE', #6693 ) ;
#314 = CARTESIAN_POINT ( 'NONE',  ( 5.500000000000000000, 1.899999999999999911, 1.249999999999999778 ) ) ;
#315 = CARTESIAN_POINT ( 'NONE',  ( 2.476710597269963454, 3.800000000000000266, 0.02258444817827516896 ) ) ;
#316 = SURFACE_STYLE_USAGE ( .BOTH. , #9241 ) ;
#317 = DIRECTION ( 'NONE',  ( 0.0000000000000000000, -1.000000000000000000, -0.0000000000000000000 ) ) ;
#318 = CARTESIAN_POINT ( 'NONE',  ( 1.420872147434188326, 3.790000000000001368, -0.01744779821163019648 ) ) ;
#319 = ORIENTED_EDGE ( 'NONE', *, *, #8753, .T. ) ;
#320 = DIRECTION ( 'NONE',  ( 0.0000000000000000000, 1.000000000000000000, 0.0000000000000000000 ) ) ;
#321 = SURFACE_STYLE_USAGE ( .BOTH. , #6342 ) ;
#322 = CARTESIAN_POINT ( 'NONE',  ( 2.499690171579573850, 3.799999999999999822, -0.1569054601312812325 ) ) ;
#323 = CARTESIAN_POINT ( 'NONE',  ( 3.655368788574169248, 3.789999999999998703, -0.1055413038643951695 ) ) ;
#324 = SURFACE_STYLE_FILL_AREA ( #6300 ) ;
#325 = LINE ( 'NONE', #4945, #1655 ) ;
#326 = CARTESIAN_POINT ( 'NONE',  ( 2.090791732625012500, 3.799999999999999822, -0.4605388633064055326 ) ) ;
#327 = CARTESIAN_POINT ( 'NONE',  ( 2.469401710041112086, 3.790000000000000036, 0.04421633474051362561 ) ) ;
#328 = FILL_AREA_STYLE ('',( #5681 ) ) ;
#329 = ORIENTED_EDGE ( 'NONE', *, *, #2081, .F. ) ;
#330 = SURFACE_SIDE_STYLE ('',( #7527 ) ) ;
#331 = CARTESIAN_POINT ( 'NONE',  ( 1.459486141858407748, 3.790000000000000480, 0.1170568512188468330 ) ) ;
#332 = CARTESIAN_POINT ( 'NONE',  ( 3.619722222861624594, 3.799999999999999822, -0.03254648577230689899 ) ) ;
#333 = CARTESIAN_POINT ( 'NONE',  ( 3.022767094656496845, 3.790000000000000036, -0.02357212679794789753 ) ) ;
#334 =( GEOMETRIC_REPRESENTATION_CONTEXT ( 3 ) GLOBAL_UNCERTAINTY_ASSIGNED_CONTEXT ( ( #9287 ) ) GLOBAL_UNIT_ASSIGNED_CONTEXT ( ( #197, #4005, #922 ) ) REPRESENTATION_CONTEXT ( 'NONE', 'WORKASPACE' ) );
#335 = CARTESIAN_POINT ( 'NONE',  ( 3.719755299933873438, 3.800000000000000266, 0.06847826409968708894 ) ) ;
#336 = EDGE_CURVE ( 'NONE', #1766, #313, #5349, .T. ) ;
#337 = EDGE_LOOP ( 'NONE', ( #7904, #795, #9050, #3489 ) ) ;
#338 = FILL_AREA_STYLE_COLOUR ( '', #7507 ) ;
#339 = CARTESIAN_POINT ( 'NONE',  ( 3.491677351066753143, 3.790000000000000036, 0.1815560783302572478 ) ) ;
#340 = CARTESIAN_POINT ( 'NONE',  ( 2.469401710041112086, 3.790000000000000036, 0.04421633474051362561 ) ) ;
#341 = B_SPLINE_CURVE_WITH_KNOTS ( 'NONE', 3,
 ( #5112, #6529, #4373, #9482, #2853, #4339, #2069, #7283, #4311, #2820, #9537, #9574, #5078, #577, #6467 ),
 .UNSPECIFIED., .F., .F.,
 ( 4, 1, 1, 1, 1, 1, 1, 1, 1, 1, 1, 1, 4 ),
 ( 0.0000000000000000000, 0.08378537065371000070, 0.1657798879221421551, 0.2462800078932629866, 0.3274609277363899618, 0.4087969540320683381, 0.4897152412309878078, 0.5713760321300508371, 0.6555233211112770908, 0.7410194827999712075, 0.8265467605037596366, 0.9119888516548338986, 1.000000000000000000 ),
 .UNSPECIFIED. ) ;
#342 = CARTESIAN_POINT ( 'NONE',  ( 3.299801386531980629, 3.799999999999999378, -0.3853173816508244087 ) ) ;
#343 = CARTESIAN_POINT ( 'NONE',  ( 2.497972633476698068, 3.799999999999999378, -0.1005098644305471162 ) ) ;
#344 = CARTESIAN_POINT ( 'NONE',  ( 3.703774085558618978, 3.790000000000000036, 0.1290033061593627295 ) ) ;
#345 = CARTESIAN_POINT ( 'NONE',  ( 2.028115043185061417, 3.790000000000000924, -0.1191220650685185789 ) ) ;
#346 = SURFACE_STYLE_USAGE ( .BOTH. , #8636 ) ;
#347 = PRESENTATION_LAYER_ASSIGNMENT (  '', '', ( #5067 ) ) ;
#348 = VERTEX_POINT ( 'NONE', #8037 ) ;
#349 = CARTESIAN_POINT ( 'NONE',  ( -3.023386751497350033, 3.799999999999999822, -0.01331571654153768276 ) ) ;
#350 = CARTESIAN_POINT ( 'NONE',  ( -0.6491906129889672972, 3.800000000000000266, -0.1581951595955160550 ) ) ;
#351 = AXIS2_PLACEMENT_3D ( 'NONE', #9712, #4422, #4488 ) ;
#352 = CARTESIAN_POINT ( 'NONE',  ( 1.857690888016053421, 3.790000000000000480, -0.3501078295086467729 ) ) ;
#353 = VECTOR ( 'NONE', #1130, 1000.000000000000000 ) ;
#354 = CARTESIAN_POINT ( 'NONE',  ( 3.718642519593255535, 3.789999999999999591, 0.01640470566474432762 ) ) ;
#355 = CARTESIAN_POINT ( 'NONE',  ( 2.070220520020294330, 3.789999999999999591, -0.4224663756187391761 ) ) ;
#356 = CARTESIAN_POINT ( 'NONE',  ( 2.439831702025903049, 3.790000000000000036, 0.1043437430488219075 ) ) ;
#357 = CARTESIAN_POINT ( 'NONE',  ( 3.314636764309941697, 3.790000000000001368, 0.1854830534817930865 ) ) ;
#358 = CARTESIAN_POINT ( 'NONE',  ( -5.569999999999999396, -0.07000000000000000666, 1.249999999999999778 ) ) ;
#359 = EDGE_CURVE ( 'NONE', #4519, #827, #877, .T. ) ;
#360 = DIRECTION ( 'NONE',  ( 0.0000000000000000000, -0.0000000000000000000, 1.000000000000000000 ) ) ;
#361 =( LENGTH_UNIT ( ) NAMED_UNIT ( * ) SI_UNIT ( .MILLI., .METRE. ) );
#362 = LINE ( 'NONE', #6230, #5311 ) ;
#363 = CARTESIAN_POINT ( 'NONE',  ( 2.467332183595162043, 3.789999999999999147, 0.04979883414189231056 ) ) ;
#364 = CARTESIAN_POINT ( 'NONE',  ( 3.647597586835708672, 3.790000000000000480, 0.06338508014531271662 ) ) ;
#365 = VECTOR ( 'NONE', #4106, 1000.000000000000000 ) ;
#366 = CARTESIAN_POINT ( 'NONE',  ( 3.618754553502099292, 3.800000000000000266, 0.2276588057009266419 ) ) ;
#367 = ADVANCED_FACE ( 'NONE', ( #636 ), #2918, .F. ) ;
#368 = DIRECTION ( 'NONE',  ( 0.0000000000000000000, 1.000000000000000000, 0.0000000000000000000 ) ) ;
#369 = SURFACE_STYLE_FILL_AREA ( #4707 ) ;
#370 = DIRECTION ( 'NONE',  ( -1.000000000000000000, 0.0000000000000000000, 0.0000000000000000000 ) ) ;
#371 = CARTESIAN_POINT ( 'NONE',  ( 3.647597586835708672, 3.790000000000000480, 0.06338508014531271662 ) ) ;
#372 =( LENGTH_UNIT ( ) NAMED_UNIT ( * ) SI_UNIT ( .MILLI., .METRE. ) );
#373 = STYLED_ITEM ( 'NONE', ( #4579 ), #9635 ) ;
#374 = DIRECTION ( 'NONE',  ( -0.0000000000000000000, 1.000000000000000000, -0.0000000000000000000 ) ) ;
#375 = CARTESIAN_POINT ( 'NONE',  ( 2.163756855285428493, 3.789999999999999591, 0.1155454211852838253 ) ) ;
#376 = EDGE_CURVE ( 'NONE', #4073, #8156, #9676, .T. ) ;
#377 = LINE ( 'NONE', #7246, #1087 ) ;
#378 = CARTESIAN_POINT ( 'NONE',  ( 3.710652040175072219, 3.790000000000000036, -0.01417731044884779079 ) ) ;
#379 = ORIENTED_EDGE ( 'NONE', *, *, #4104, .F. ) ;
#380 = FILL_AREA_STYLE ('',( #6955 ) ) ;
#381 = ORIENTED_EDGE ( 'NONE', *, *, #2701, .T. ) ;
#382 = ORIENTED_EDGE ( 'NONE', *, *, #195, .F. ) ;
#383 = MANIFOLD_SOLID_BREP ( 'Boss-Extrude5', #8979 ) ;
#384 = VECTOR ( 'NONE', #4076, 1000.000000000000000 ) ;
#385 = EDGE_CURVE ( 'NONE', #2003, #397, #2208, .T. ) ;
#386 = CARTESIAN_POINT ( 'NONE',  ( 1.493700287316967801, 3.790000000000000480, -0.01708925844646968714 ) ) ;
#388 = PRESENTATION_LAYER_ASSIGNMENT (  '', '', ( #1079 ) ) ;
#387 = CARTESIAN_POINT ( 'NONE',  ( -0.7211704534895758689, 3.789999999999998703, -0.1747061717616693044 ) ) ;
#389 = ORIENTED_EDGE ( 'NONE', *, *, #9498, .F. ) ;
#390 = ORIENTED_EDGE ( 'NONE', *, *, #4201, .F. ) ;
#391 = CARTESIAN_POINT ( 'NONE',  ( 1.043279915169317285, 3.790000000000000036, 0.2430945398687187897 ) ) ;
#392 = VECTOR ( 'NONE', #4320, 1000.000000000000000 ) ;
#393 = CARTESIAN_POINT ( 'NONE',  ( 3.094561966451368384, 3.799999999999999822, -0.02357212679794789753 ) ) ;
#394 = ORIENTED_EDGE ( 'NONE', *, *, #6633, .T. ) ;
#395 = LINE ( 'NONE', #8346, #864 ) ;
#396 = FACE_OUTER_BOUND ( 'NONE', #3535, .T. ) ;
#397 = VERTEX_POINT ( 'NONE', #1378 ) ;
#398 = CARTESIAN_POINT ( 'NONE',  ( 1.485770120983105791, 3.800000000000000711, -0.09534614479894919226 ) ) ;
#399 = CARTESIAN_POINT ( 'NONE',  ( 3.389534524690167583, 3.789999999999999147, -0.4514158750403876597 ) ) ;
#400 = VECTOR ( 'NONE', #3953, 1000.000000000000000 ) ;
#401 = SURFACE_STYLE_USAGE ( .BOTH. , #4935 ) ;
#402 = CARTESIAN_POINT ( 'NONE',  ( 3.544401221919636136, 3.790000000000001368, -0.1076877726835019505 ) ) ;
#403 =( NAMED_UNIT ( * ) SI_UNIT ( $, .STERADIAN. ) SOLID_ANGLE_UNIT ( ) );
#404 = FACE_OUTER_BOUND ( 'NONE', #4391, .T. ) ;
#405 = UNCERTAINTY_MEASURE_WITH_UNIT (LENGTH_MEASURE( 1.000000000000000082E-05 ), #7602, 'distance_accuracy_value', 'NONE');
#406 = LINE ( 'NONE', #3818, #4183 ) ;
#407 = FACE_OUTER_BOUND ( 'NONE', #9086, .T. ) ;
#408 = CARTESIAN_POINT ( 'NONE',  ( 2.113379244631374387, 3.800000000000000266, -0.3191883843805205512 ) ) ;
#409 = ORIENTED_EDGE ( 'NONE', *, *, #1206, .T. ) ;
#410 = CARTESIAN_POINT ( 'NONE',  ( -3.569999999999999396, 0.0000000000000000000, 1.249999999999999778 ) ) ;
#411 = SURFACE_STYLE_FILL_AREA ( #8663 ) ;
#412 = CARTESIAN_POINT ( 'NONE',  ( 3.322326208225849342, 3.799999999999999378, 0.05875174727054856272 ) ) ;
#413 = STYLED_ITEM ( 'NONE', ( #7113 ), #4453 ) ;
#414 = CARTESIAN_POINT ( 'NONE',  ( 4.999999999999996447, 3.799999999999999822, -5.000000000000000888 ) ) ;
#415 = SURFACE_SIDE_STYLE ('',( #4317 ) ) ;
#416 = CARTESIAN_POINT ( 'NONE',  ( 2.199996760639216564, 3.790000000000000480, 0.1495469454566811518 ) ) ;
#417 = VERTEX_POINT ( 'NONE', #2132 ) ;
#418 = CARTESIAN_POINT ( 'NONE',  ( -0.8900534181640165077, 3.799999999999999822, -0.5280593062851274277 ) ) ;
#419 = VECTOR ( 'NONE', #516, 1000.000000000000000 ) ;
#420 = CARTESIAN_POINT ( 'NONE',  ( -1.177393161753760298, 3.790000000000000036, -0.4748541780799992451 ) ) ;
#421 = SURFACE_SIDE_STYLE ('',( #4585 ) ) ;
#422 = CARTESIAN_POINT ( 'NONE',  ( -2.984444443805042368, 3.799999999999999822, -0.09536699859281973224 ) ) ;
#423 = CARTESIAN_POINT ( 'NONE',  ( 1.759396211509763219, 3.790000000000000036, -0.4759237100520952168 ) ) ;
#424 = VERTEX_POINT ( 'NONE', #3663 ) ;
#425 = ADVANCED_FACE ( 'NONE', ( #5450 ), #8068, .T. ) ;
#426 = EDGE_CURVE ( 'NONE', #3719, #1913, #5473, .T. ) ;
#427 = STYLED_ITEM ( 'NONE', ( #8709 ), #6393 ) ;
#428 = DIRECTION ( 'NONE',  ( 0.0000000000000000000, 1.000000000000000000, 0.0000000000000000000 ) ) ;
#429 = VECTOR ( 'NONE', #6266, 1000.000000000000000 ) ;
#430 = PLANE ( 'NONE',  #5825 ) ;
#431 = CARTESIAN_POINT ( 'NONE',  ( 2.295363248502650499, 3.800000000000001599, 0.2636073603815393129 ) ) ;
#432 = ORIENTED_EDGE ( 'NONE', *, *, #4974, .F. ) ;
#434 = ORIENTED_EDGE ( 'NONE', *, *, #3995, .T. ) ;
#433 = CARTESIAN_POINT ( 'NONE',  ( 3.455864188801919479, 3.800000000000000711, 0.2612054432595094511 ) ) ;
#435 = CARTESIAN_POINT ( 'NONE',  ( 2.306625991034953582, 3.789999999999999591, 0.1811908712876173222 ) ) ;
#436 = CARTESIAN_POINT ( 'NONE',  ( 2.053411323487987605, 3.800000000000000711, -0.3783475752762975874 ) ) ;
#437 = CARTESIAN_POINT ( 'NONE',  ( 2.145893445702946600, 3.790000000000000924, -0.4039395849288020535 ) ) ;
#438 =( GEOMETRIC_REPRESENTATION_CONTEXT ( 3 ) GLOBAL_UNCERTAINTY_ASSIGNED_CONTEXT ( ( #3522 ) ) GLOBAL_UNIT_ASSIGNED_CONTEXT ( ( #8181, #4443, #603 ) ) REPRESENTATION_CONTEXT ( 'NONE', 'WORKASPACE' ) );
#439 = EDGE_CURVE ( 'NONE', #7055, #5050, #3962, .T. ) ;
#440 = CARTESIAN_POINT ( 'NONE',  ( 2.476710597269963454, 3.790000000000000480, 0.02258444817827516896 ) ) ;
#441 = CARTESIAN_POINT ( 'NONE',  ( 3.316036325425727682, 3.799999999999999822, 0.04822274499692388167 ) ) ;
#442 = DIRECTION ( 'NONE',  ( 0.0000000000000000000, 0.0000000000000000000, -1.000000000000000000 ) ) ;
#443 =( NAMED_UNIT ( * ) PLANE_ANGLE_UNIT ( ) SI_UNIT ( $, .RADIAN. ) );
#444 = CARTESIAN_POINT ( 'NONE',  ( 3.514846845758437865, 3.790000000000000036, 0.2631150943902698658 ) ) ;
#445 = VECTOR ( 'NONE', #5780, 1000.000000000000000 ) ;
#446 = CARTESIAN_POINT ( 'NONE',  ( 2.041052866894890627, 3.790000000000000924, 0.01206474284102889913 ) ) ;
#447 = MECHANICAL_DESIGN_GEOMETRIC_PRESENTATION_REPRESENTATION (  '', ( #8994 ), #1816 ) ;
#448 = ORIENTED_EDGE ( 'NONE', *, *, #648, .T. ) ;
#449 = DIRECTION ( 'NONE',  ( -0.0000000000000000000, 1.000000000000000000, -0.0000000000000000000 ) ) ;
#450 = DIRECTION ( 'NONE',  ( -1.000000000000000000, 0.0000000000000000000, 0.0000000000000000000 ) ) ;
#451 = CARTESIAN_POINT ( 'NONE',  ( 3.619722222861624594, 3.799999999999999822, -0.03254648577230689899 ) ) ;
#452 = VERTEX_POINT ( 'NONE', #8941 ) ;
#453 = CARTESIAN_POINT ( 'NONE',  ( 3.569999999999999396, 1.899999999999999911, 0.3499999999999996447 ) ) ;
#454 = CARTESIAN_POINT ( 'NONE',  ( 0.04472222286162463173, 3.790000000000000036, 0.2430945398687187897 ) ) ;
#455 =( NAMED_UNIT ( * ) PLANE_ANGLE_UNIT ( ) SI_UNIT ( $, .RADIAN. ) );
#456 = ORIENTED_EDGE ( 'NONE', *, *, #4843, .T. ) ;
#457 = CARTESIAN_POINT ( 'NONE',  ( 3.358253410716405707, 3.790000000000001368, 0.2235120239944979881 ) ) ;
#458 = VERTEX_POINT ( 'NONE', #3737 ) ;
#459 = LINE ( 'NONE', #1310, #8235 ) ;
#460 = CARTESIAN_POINT ( 'NONE',  ( 2.108925061061111883, 3.790000000000000036, -0.2971399519715639537 ) ) ;
#461 = VECTOR ( 'NONE', #4779, 1000.000000000000000 ) ;
#462 = CARTESIAN_POINT ( 'NONE',  ( 5.500000000000000000, 1.899999999999999911, -0.3500000000000004774 ) ) ;
#463 = ORIENTED_EDGE ( 'NONE', *, *, #1793, .F. ) ;
#464 = CARTESIAN_POINT ( 'NONE',  ( 3.496805556194958697, 3.790000000000000036, -0.5774182806441018334 ) ) ;
#465 = CARTESIAN_POINT ( 'NONE',  ( 2.118057446115730880, 3.789999999999999591, 0.02511575188014500762 ) ) ;
#466 = CARTESIAN_POINT ( 'NONE',  ( 2.032388332408862297, 3.790000000000000480, -0.04914469658553768244 ) ) ;
#467 = AXIS2_PLACEMENT_3D ( 'NONE', #232, #5455, #8579 ) ;
#468 = LINE ( 'NONE', #5657, #6360 ) ;
#469 = VECTOR ( 'NONE', #8170, 1000.000000000000000 ) ;
#470 = PLANE ( 'NONE',  #746 ) ;
#471 = FACE_OUTER_BOUND ( 'NONE', #5715, .T. ) ;
#472 = CARTESIAN_POINT ( 'NONE',  ( 3.248408120297522128, 3.790000000000000036, 0.08876761679179567821 ) ) ;
#473 = CARTESIAN_POINT ( 'NONE',  ( 3.441965031470165304, 3.790000000000000036, -0.4887228078601899006 ) ) ;
#474 = AXIS2_PLACEMENT_3D ( 'NONE', #1136, #7176, #3420 ) ;
#475 =( NAMED_UNIT ( * ) PLANE_ANGLE_UNIT ( ) SI_UNIT ( $, .RADIAN. ) );
#476 = CARTESIAN_POINT ( 'NONE',  ( 3.595693280904245892, 3.799999999999998934, -0.06106713894877497523 ) ) ;
#477 = UNCERTAINTY_MEASURE_WITH_UNIT (LENGTH_MEASURE( 1.000000000000000082E-05 ), #1897, 'distance_accuracy_value', 'NONE');
#478 = ORIENTED_EDGE ( 'NONE', *, *, #1188, .T. ) ;
#479 = CARTESIAN_POINT ( 'NONE',  ( -3.569999999999999396, 1.399999999999999911, -0.3500000000000003109 ) ) ;
#480 = VECTOR ( 'NONE', #726, 1000.000000000000000 ) ;
#481 = ORIENTED_EDGE ( 'NONE', *, *, #3879, .F. ) ;
#482 = EDGE_CURVE ( 'NONE', #5539, #5728, #7111, .T. ) ;
#483 = DIRECTION ( 'NONE',  ( -0.0000000000000000000, 0.0000000000000000000, -1.000000000000000000 ) ) ;
#484 = CARTESIAN_POINT ( 'NONE',  ( 3.252617076156747444, 3.799999999999999822, 0.09639042054563470852 ) ) ;
#485 = LINE ( 'NONE', #9719, #2652 ) ;
#486 = CARTESIAN_POINT ( 'NONE',  ( 2.297767094656497200, 3.790000000000000036, 0.1815560783302572478 ) ) ;
#487 = CARTESIAN_POINT ( 'NONE',  ( -1.063479183217076907, 3.790000000000000036, -0.5553696877733285131 ) ) ;
#488 = FACE_OUTER_BOUND ( 'NONE', #4280, .T. ) ;
#489 = CARTESIAN_POINT ( 'NONE',  ( 2.245047036960797993, 3.799999999999998490, -0.4874147027430336121 ) ) ;
#490 = ORIENTED_EDGE ( 'NONE', *, *, #1258, .T. ) ;
#491 = FACE_OUTER_BOUND ( 'NONE', #2567, .T. ) ;
#492 = VERTEX_POINT ( 'NONE', #1487 ) ;
#493 = ORIENTED_EDGE ( 'NONE', *, *, #648, .F. ) ;
#494 = DIRECTION ( 'NONE',  ( -0.5658830507187149195, 0.0000000000000000000, 0.8244855201331798833 ) ) ;
#495 = ORIENTED_EDGE ( 'NONE', *, *, #4440, .F. ) ;
#496 = CARTESIAN_POINT ( 'NONE',  ( 3.094561966451368384, 3.799999999999999822, -0.02357212679794789753 ) ) ;
#497 =( NAMED_UNIT ( * ) SI_UNIT ( $, .STERADIAN. ) SOLID_ANGLE_UNIT ( ) );
#498 = DIRECTION ( 'NONE',  ( 1.000000000000000000, 0.0000000000000000000, 0.0000000000000000000 ) ) ;
#499 = UNCERTAINTY_MEASURE_WITH_UNIT (LENGTH_MEASURE( 1.000000000000000082E-05 ), #6051, 'distance_accuracy_value', 'NONE');
#500 = FACE_OUTER_BOUND ( 'NONE', #7753, .T. ) ;
#501 = LINE ( 'NONE', #9378, #6025 ) ;
#502 = ORIENTED_EDGE ( 'NONE', *, *, #2068, .T. ) ;
#503 = CARTESIAN_POINT ( 'NONE',  ( 2.386523172962490058, 3.799999999999998490, -0.5601909336832864295 ) ) ;
#504 = CARTESIAN_POINT ( 'NONE',  ( 2.220064526222541801, 3.790000000000000036, 0.1622370331663030574 ) ) ;
#505 = LINE ( 'NONE', #8104, #8278 ) ;
#506 = DIRECTION ( 'NONE',  ( -0.0000000000000000000, 1.000000000000000000, -0.0000000000000000000 ) ) ;
#507 = EDGE_CURVE ( 'NONE', #5466, #625, #6750, .T. ) ;
#508 = DIRECTION ( 'NONE',  ( -0.0000000000000000000, 1.000000000000000000, 3.423796334164751519E-16 ) ) ;
#509 = VECTOR ( 'NONE', #4079, 1000.000000000000000 ) ;
#510 = VECTOR ( 'NONE', #1576, 1000.000000000000000 ) ;
#511 = DIRECTION ( 'NONE',  ( 1.000000000000000000, 0.0000000000000000000, -8.673617379884036705E-17 ) ) ;
#512 = CARTESIAN_POINT ( 'NONE',  ( 1.502672830731115683, 3.790000000000000924, 0.02511575188014496252 ) ) ;
#513 = ORIENTED_EDGE ( 'NONE', *, *, #1765, .T. ) ;
#515 = EDGE_CURVE ( 'NONE', #170, #2200, #3867, .T. ) ;
#514 = SURFACE_STYLE_USAGE ( .BOTH. , #421 ) ;
#516 = DIRECTION ( 'NONE',  ( 1.000000000000000000, -0.0000000000000000000, -8.673617379884036705E-17 ) ) ;
#517 = ORIENTED_EDGE ( 'NONE', *, *, #5964, .T. ) ;
#518 = PRESENTATION_STYLE_ASSIGNMENT (( #5918 ) ) ;
#519 = ADVANCED_FACE ( 'NONE', ( #407 ), #8327, .T. ) ;
#520 = MECHANICAL_DESIGN_GEOMETRIC_PRESENTATION_REPRESENTATION (  '', ( #9581 ), #1564 ) ;
#521 = VECTOR ( 'NONE', #7222, 1000.000000000000000 ) ;
#522 = FILL_AREA_STYLE ('',( #6508 ) ) ;
#523 = EDGE_CURVE ( 'NONE', #6764, #3034, #9453, .T. ) ;
#524 = VERTEX_POINT ( 'NONE', #1552 ) ;
#525 = CARTESIAN_POINT ( 'NONE',  ( 3.405169038430731820, 3.789999999999999591, 0.2480950088343179261 ) ) ;
#526 = CARTESIAN_POINT ( 'NONE',  ( -0.9939439554337481386, 3.790000000000000480, -0.5499845467487024520 ) ) ;
#527 = CARTESIAN_POINT ( 'NONE',  ( -1.143899572010170340, 3.790000000000000036, -0.5569054601312812824 ) ) ;
#528 = CARTESIAN_POINT ( 'NONE',  ( -2.833643161753760520, 3.790000000000000036, -0.5569054601312812824 ) ) ;
#529 = CARTESIAN_POINT ( 'NONE',  ( 2.173985595542400340, 3.800000000000001599, -0.4410855361367138072 ) ) ;
#530 = COLOUR_RGB ( '',1.000000000000000000, 1.000000000000000000, 1.000000000000000000 ) ;
#531 = EDGE_LOOP ( 'NONE', ( #7671, #8111, #5733, #3248 ) ) ;
#532 = ORIENTED_EDGE ( 'NONE', *, *, #5555, .F. ) ;
#533 = CARTESIAN_POINT ( 'NONE',  ( 2.333084817102866193, 3.800000000000000711, -0.5749538535322046284 ) ) ;
#534 = CARTESIAN_POINT ( 'NONE',  ( 3.475491453630855876, 3.790000000000000036, -0.1601105883364094817 ) ) ;
#535 =( LENGTH_UNIT ( ) NAMED_UNIT ( * ) SI_UNIT ( .MILLI., .METRE. ) );
#536 = MECHANICAL_DESIGN_GEOMETRIC_PRESENTATION_REPRESENTATION (  '', ( #5067 ), #6531 ) ;
#537 = SURFACE_STYLE_FILL_AREA ( #7584 ) ;
#538 = CARTESIAN_POINT ( 'NONE',  ( 2.301725643584785708, 3.799999999999999822, -0.5773067800325213383 ) ) ;
#539 =( LENGTH_UNIT ( ) NAMED_UNIT ( * ) SI_UNIT ( .MILLI., .METRE. ) );
#540 = CARTESIAN_POINT ( 'NONE',  ( 1.876852556757180990, 3.799999999999999378, -0.4764134731311421289 ) ) ;
#541 = CARTESIAN_POINT ( 'NONE',  ( -0.7211704534895758689, 3.789999999999998703, -0.1747061717616693044 ) ) ;
#542 = FACE_OUTER_BOUND ( 'NONE', #9459, .T. ) ;
#543 = ORIENTED_EDGE ( 'NONE', *, *, #6787, .T. ) ;
#544 =( NAMED_UNIT ( * ) SI_UNIT ( $, .STERADIAN. ) SOLID_ANGLE_UNIT ( ) );
#545 = ORIENTED_EDGE ( 'NONE', *, *, #4715, .T. ) ;
#546 = FILL_AREA_STYLE_COLOUR ( '', #5399 ) ;
#547 =( NAMED_UNIT ( * ) SI_UNIT ( $, .STERADIAN. ) SOLID_ANGLE_UNIT ( ) );
#548 = CARTESIAN_POINT ( 'NONE',  ( -0.8913973126098427846, 3.800000000000000711, 0.1330367665168555591 ) ) ;
#549 = EDGE_CURVE ( 'NONE', #8422, #7439, #986, .T. ) ;
#550 = CARTESIAN_POINT ( 'NONE',  ( 2.297767094656497644, 3.800000000000000266, -0.4953669985928199071 ) ) ;
#551 = STYLED_ITEM ( 'NONE', ( #6482 ), #6561 ) ;
#552 = ORIENTED_EDGE ( 'NONE', *, *, #8950, .F. ) ;
#553 = EDGE_CURVE ( 'NONE', #2827, #417, #5225, .T. ) ;
#554 = CARTESIAN_POINT ( 'NONE',  ( 1.526632180392236471, 3.799999999999999378, -0.5210176971794607814 ) ) ;
#555 = CARTESIAN_POINT ( 'NONE',  ( -1.233643161753760209, 3.799999999999999822, 0.1610432578174366969 ) ) ;
#557 = CARTESIAN_POINT ( 'NONE',  ( -0.8900534181640165077, 3.799999999999999822, -0.5280593062851274277 ) ) ;
#556 = FILL_AREA_STYLE_COLOUR ( '', #9418 ) ;
#558 = DIRECTION ( 'NONE',  ( -0.0000000000000000000, 0.0000000000000000000, -1.000000000000000000 ) ) ;
#559 = DIRECTION ( 'NONE',  ( -0.0000000000000000000, 1.000000000000000000, -0.0000000000000000000 ) ) ;
#560 = PRESENTATION_STYLE_ASSIGNMENT (( #7727 ) ) ;
#561 = CARTESIAN_POINT ( 'NONE',  ( 1.856428927295072029, 3.800000000000000266, 0.03707810857678111444 ) ) ;
#562 = DIRECTION ( 'NONE',  ( -0.0000000000000000000, 0.0000000000000000000, -1.000000000000000000 ) ) ;
#563 = SURFACE_STYLE_FILL_AREA ( #8128 ) ;
#564 = EDGE_CURVE ( 'NONE', #2544, #7610, #4721, .T. ) ;
#565 = ORIENTED_EDGE ( 'NONE', *, *, #8256, .T. ) ;
#566 = CARTESIAN_POINT ( 'NONE',  ( 2.333084817102866193, 3.790000000000000480, -0.5749538535322046284 ) ) ;
#567 =( NAMED_UNIT ( * ) PLANE_ANGLE_UNIT ( ) SI_UNIT ( $, .RADIAN. ) );
#568 = CARTESIAN_POINT ( 'NONE',  ( 2.306625991034953582, 3.799999999999999378, 0.1811908712876173222 ) ) ;
#569 = CARTESIAN_POINT ( 'NONE',  ( 2.543808081228466467, 3.799999999999999378, -0.3739576591678855921 ) ) ;
#570 = DIRECTION ( 'NONE',  ( -0.0000000000000000000, -1.000000000000000000, -1.100712865467517202E-16 ) ) ;
#571 = CARTESIAN_POINT ( 'NONE',  ( 1.717700201718249664, 3.789999999999998259, -0.5749538535322042954 ) ) ;
#572 = CARTESIAN_POINT ( 'NONE',  ( 3.622118283932435734, 3.799999999999999378, -0.4211909324294217383 ) ) ;
#573 = CARTESIAN_POINT ( 'NONE',  ( 3.425960573184847924, 3.799999999999999822, -0.2891568139374816049 ) ) ;
#574 = CARTESIAN_POINT ( 'NONE',  ( -0.6490277771383753391, 3.799999999999999822, -0.1468093062851274222 ) ) ;
#575 =( GEOMETRIC_REPRESENTATION_CONTEXT ( 3 ) GLOBAL_UNCERTAINTY_ASSIGNED_CONTEXT ( ( #6353 ) ) GLOBAL_UNIT_ASSIGNED_CONTEXT ( ( #2798, #8018, #6541 ) ) REPRESENTATION_CONTEXT ( 'NONE', 'WORKASPACE' ) );
#576 = VERTEX_POINT ( 'NONE', #6253 ) ;
#577 = CARTESIAN_POINT ( 'NONE',  ( 3.487921245123651648, 3.790000000000000480, -0.5770885812406675308 ) ) ;
#578 =( LENGTH_UNIT ( ) NAMED_UNIT ( * ) SI_UNIT ( .MILLI., .METRE. ) );
#579 = CARTESIAN_POINT ( 'NONE',  ( -0.8329406005759639742, 3.800000000000000711, 0.1005791653922419038 ) ) ;
#580 = CARTESIAN_POINT ( 'NONE',  ( 0.6472863254257275045, 3.799999999999999822, 0.2430945398687187897 ) ) ;
#581 = ORIENTED_EDGE ( 'NONE', *, *, #6621, .F. ) ;
#582 = CARTESIAN_POINT ( 'NONE',  ( 1.445924410002915161, 3.799999999999999822, -0.4013057577851021351 ) ) ;
#583 = DIRECTION ( 'NONE',  ( -0.4188422247446084712, 0.0000000000000000000, -0.9080590238365492395 ) ) ;
#584 = CARTESIAN_POINT ( 'NONE',  ( 5.569999999999999396, -0.07000000000000000666, 1.249999999999999778 ) ) ;
#585 = ADVANCED_FACE ( 'NONE', ( #1234 ), #5380, .T. ) ;
#586 = MECHANICAL_DESIGN_GEOMETRIC_PRESENTATION_REPRESENTATION (  '', ( #4140 ), #7323 ) ;
#587 = CARTESIAN_POINT ( 'NONE',  ( -0.9939439554337481386, 3.800000000000000266, -0.5499845467487024520 ) ) ;
#588 = CARTESIAN_POINT ( 'NONE',  ( -2.833643161753760520, 3.790000000000000036, -0.5569054601312812824 ) ) ;
#589 =( NAMED_UNIT ( * ) SI_UNIT ( $, .STERADIAN. ) SOLID_ANGLE_UNIT ( ) );
#590 = AXIS2_PLACEMENT_3D ( 'NONE', #2886, #2982, #6565 ) ;
#591 = CARTESIAN_POINT ( 'NONE',  ( 0.04472222286162463173, 3.799999999999999822, 0.2430945398687187897 ) ) ;
#592 = FACE_OUTER_BOUND ( 'NONE', #7345, .T. ) ;
#593 = DIRECTION ( 'NONE',  ( 0.4190581774617469502, 0.0000000000000000000, 0.9079593845004517716 ) ) ;
#594 = CARTESIAN_POINT ( 'NONE',  ( 1.864766111721336106, 3.800000000000000266, 0.1781115233935073594 ) ) ;
#595 = CARTESIAN_POINT ( 'NONE',  ( 5.500000000000000000, 1.399999999999999911, -0.3500000000000004774 ) ) ;
#596 = CARTESIAN_POINT ( 'NONE',  ( -2.843899572010170740, 3.790000000000000036, -0.5569054601312812824 ) ) ;
#597 = CARTESIAN_POINT ( 'NONE',  ( 1.863898201240328012, 3.800000000000000266, -0.4925144705909383913 ) ) ;
#598 = DIRECTION ( 'NONE',  ( 0.0000000000000000000, 1.000000000000000000, 0.0000000000000000000 ) ) ;
#599 = CARTESIAN_POINT ( 'NONE',  ( 3.474611991244373144, 3.799999999999999822, -0.2518294905408348106 ) ) ;
#600 = FACE_OUTER_BOUND ( 'NONE', #8016, .T. ) ;
#601 = CARTESIAN_POINT ( 'NONE',  ( -0.8243225768948330145, 3.790000000000000036, -0.3952727919126775569 ) ) ;
#602 = MECHANICAL_DESIGN_GEOMETRIC_PRESENTATION_REPRESENTATION (  '', ( #9715 ), #1112 ) ;
#603 =( NAMED_UNIT ( * ) SI_UNIT ( $, .STERADIAN. ) SOLID_ANGLE_UNIT ( ) );
#604 = CARTESIAN_POINT ( 'NONE',  ( -0.7519601843609269309, 3.789999999999999147, -0.2992678640046578242 ) ) ;
#605 = STYLED_ITEM ( 'NONE', ( #7952 ), #2393 ) ;
#606 = CARTESIAN_POINT ( 'NONE',  ( -0.8329406005759639742, 3.790000000000000924, 0.1005791653922419038 ) ) ;
#607 = ORIENTED_EDGE ( 'NONE', *, *, #553, .F. ) ;
#608 = ORIENTED_EDGE ( 'NONE', *, *, #9106, .T. ) ;
#609 = CARTESIAN_POINT ( 'NONE',  ( -0.7208226489332473230, 3.799999999999999822, -0.1469695626953838041 ) ) ;
#610 = PRESENTATION_STYLE_ASSIGNMENT (( #9227 ) ) ;
#611 = AXIS2_PLACEMENT_3D ( 'NONE', #9087, #9051, #2343 ) ;
#612 = PLANE ( 'NONE',  #9664 ) ;
#613 = EDGE_CURVE ( 'NONE', #2222, #9117, #5338, .T. ) ;
#614 = CARTESIAN_POINT ( 'NONE',  ( 1.486830411623736525, 3.800000000000000711, -0.4777132154023931987 ) ) ;
#615 = STYLED_ITEM ( 'NONE', ( #7338 ), #2005 ) ;
#616 = ORIENTED_EDGE ( 'NONE', *, *, #7482, .F. ) ;
#617 = EDGE_LOOP ( 'NONE', ( #1415, #409, #7444 ) ) ;
#618 = DIRECTION ( 'NONE',  ( -0.0000000000000000000, -1.000000000000000000, -0.0000000000000000000 ) ) ;
#619 = DIRECTION ( 'NONE',  ( 0.0000000000000000000, 0.0000000000000000000, 1.000000000000000000 ) ) ;
#620 = VECTOR ( 'NONE', #2648, 1000.000000000000000 ) ;
#621 = VECTOR ( 'NONE', #9264, 1000.000000000000000 ) ;
#622 = DIRECTION ( 'NONE',  ( 0.5661055431932079385, 0.0000000000000000000, -0.8243327689506968481 ) ) ;
#623 = CARTESIAN_POINT ( 'NONE',  ( 3.424209402348804332, 3.799999999999999822, -0.2907195626953838485 ) ) ;
#624 = MECHANICAL_DESIGN_GEOMETRIC_PRESENTATION_REPRESENTATION (  '', ( #3521 ), #575 ) ;
#625 = VERTEX_POINT ( 'NONE', #5368 ) ;
#626 =( LENGTH_UNIT ( ) NAMED_UNIT ( * ) SI_UNIT ( .MILLI., .METRE. ) );
#627 = CARTESIAN_POINT ( 'NONE',  ( 3.022767094656496845, 3.790000000000000036, 0.05847915525333415021 ) ) ;
#628 = CARTESIAN_POINT ( 'NONE',  ( 3.338719515753362899, 3.799999999999999378, -0.5058764542547719012 ) ) ;
#629 = CARTESIAN_POINT ( 'NONE',  ( 3.371485043374446100, 3.790000000000000036, -0.3940849473107685408 ) ) ;
#630 = CARTESIAN_POINT ( 'NONE',  ( -3.569999999999999396, -0.07000000000000000666, 1.249999999999999778 ) ) ;
#631 =( GEOMETRIC_REPRESENTATION_CONTEXT ( 3 ) GLOBAL_UNCERTAINTY_ASSIGNED_CONTEXT ( ( #6665 ) ) GLOBAL_UNIT_ASSIGNED_CONTEXT ( ( #8641, #8506, #4800 ) ) REPRESENTATION_CONTEXT ( 'NONE', 'WORKASPACE' ) );
#632 = FILL_AREA_STYLE_COLOUR ( '', #2437 ) ;
#633 = PRESENTATION_LAYER_ASSIGNMENT (  '', '', ( #5667 ) ) ;
#634 = CARTESIAN_POINT ( 'NONE',  ( 3.600678501599979597, 3.800000000000001599, -0.4444324427293025459 ) ) ;
#635 = CARTESIAN_POINT ( 'NONE',  ( 1.880565204382019795, 3.800000000000000711, -0.2390418438729723649 ) ) ;
#636 = FACE_OUTER_BOUND ( 'NONE', #6216, .T. ) ;
#637 = CARTESIAN_POINT ( 'NONE',  ( -0.7908140242404595455, 3.790000000000000924, -0.3612272568586085697 ) ) ;
#638 = ORIENTED_EDGE ( 'NONE', *, *, #3418, .T. ) ;
#639 = ADVANCED_FACE ( 'NONE', ( #7801 ), #8477, .T. ) ;
#640 = PLANE ( 'NONE',  #2860 ) ;
#641 = CARTESIAN_POINT ( 'NONE',  ( 0.2052991459385476447, 3.799999999999999822, -0.09536699859281971836 ) ) ;
#642 = CARTESIAN_POINT ( 'NONE',  ( -0.7212579639286225142, 3.799999999999999378, -0.1206901098479175038 ) ) ;
#643 = VECTOR ( 'NONE', #9579, 1000.000000000000000 ) ;
#644 = CARTESIAN_POINT ( 'NONE',  ( -1.002008822730830140, 3.799999999999998934, -0.4663163496668246699 ) ) ;
#645 = MECHANICAL_DESIGN_GEOMETRIC_PRESENTATION_REPRESENTATION (  '', ( #5496 ), #965 ) ;
#646 = LINE ( 'NONE', #9527, #2571 ) ;
#647 =( NAMED_UNIT ( * ) PLANE_ANGLE_UNIT ( ) SI_UNIT ( $, .RADIAN. ) );
#648 = EDGE_CURVE ( 'NONE', #194, #6303, #3383, .T. ) ;
#649 = DIRECTION ( 'NONE',  ( 1.000000000000000000, 0.0000000000000000000, 0.0000000000000000000 ) ) ;
#650 = CARTESIAN_POINT ( 'NONE',  ( 3.094561966451368384, 3.790000000000000036, -0.5774182806441018334 ) ) ;
#652 = SURFACE_SIDE_STYLE ('',( #4758 ) ) ;
#651 = CARTESIAN_POINT ( 'NONE',  ( 1.454835904635678467, 3.789999999999999591, -0.4224663756187394537 ) ) ;
#653 = CARTESIAN_POINT ( 'NONE',  ( 2.145554749278118845, 3.800000000000000266, 0.08984490176883026813 ) ) ;
#654 = PLANE ( 'NONE',  #5210 ) ;
#655 = FILL_AREA_STYLE_COLOUR ( '', #58 ) ;
#656 = CARTESIAN_POINT ( 'NONE',  ( 3.371485043374446100, 3.799999999999999822, -0.3940849473107685408 ) ) ;
#657 = DIRECTION ( 'NONE',  ( 1.000000000000000000, 0.0000000000000000000, 0.0000000000000000000 ) ) ;
#658 = CARTESIAN_POINT ( 'NONE',  ( 2.080761409485745617, 3.800000000000000711, 0.1289973745304057451 ) ) ;
#659 = SURFACE_STYLE_USAGE ( .BOTH. , #2252 ) ;
#660 = CARTESIAN_POINT ( 'NONE',  ( 1.955951494379790212, 3.800000000000000711, -0.1443509112099901626 ) ) ;
#661 = FILL_AREA_STYLE ('',( #2973 ) ) ;
#662 = CARTESIAN_POINT ( 'NONE',  ( 1.900082049199392831, 3.790000000000000480, -0.4398262286402328525 ) ) ;
#663 = PLANE ( 'NONE',  #6640 ) ;
#664 = CARTESIAN_POINT ( 'NONE',  ( 1.884179798656001603, 3.790000000000000480, -0.1665209052782623822 ) ) ;
#665 = STYLED_ITEM ( 'NONE', ( #9544 ), #7612 ) ;
#666 = ADVANCED_FACE ( 'NONE', ( #2906 ), #7067, .T. ) ;
#667 = DIRECTION ( 'NONE',  ( -0.0000000000000000000, 0.0000000000000000000, 1.000000000000000000 ) ) ;
#668 = FILL_AREA_STYLE ('',( #4312 ) ) ;
#669 = CARTESIAN_POINT ( 'NONE',  ( -1.031243040128246857, 3.799999999999999822, -0.4695296158033397393 ) ) ;
#670 = LINE ( 'NONE', #4330, #445 ) ;
#671 = SURFACE_STYLE_FILL_AREA ( #6801 ) ;
#672 = ORIENTED_EDGE ( 'NONE', *, *, #613, .T. ) ;
#673 = EDGE_CURVE ( 'NONE', #8854, #4652, #6862, .T. ) ;
#674 = ADVANCED_FACE ( 'NONE', ( #4291 ), #2498, .T. ) ;
#675 = ADVANCED_FACE ( 'NONE', ( #2199 ), #9069, .T. ) ;
#676 = FILL_AREA_STYLE ('',( #5255 ) ) ;
#677 = FACE_BOUND ( 'NONE', #7310, .T. ) ;
#678 = ORIENTED_EDGE ( 'NONE', *, *, #124, .T. ) ;
#679 = CARTESIAN_POINT ( 'NONE',  ( 3.302193017034584788, 3.790000000000000924, -0.3584894687166538252 ) ) ;
#680 = CARTESIAN_POINT ( 'NONE',  ( 1.642795163739255937, 3.790000000000000036, -0.5749190937986857763 ) ) ;
#681 = STYLED_ITEM ( 'NONE', ( #3027 ), #2119 ) ;
#682 = CARTESIAN_POINT ( 'NONE',  ( -0.9364262822676659992, 3.790000000000001368, -0.5411494752136910558 ) ) ;
#683 = ADVANCED_FACE ( 'NONE', ( #1720 ), #4287, .T. ) ;
#684 = COLOUR_RGB ( '',1.000000000000000000, 1.000000000000000000, 1.000000000000000000 ) ;
#685 = CARTESIAN_POINT ( 'NONE',  ( 3.569999999999999396, -0.07000000000000000666, 1.249999999999999778 ) ) ;
#686 = DIRECTION ( 'NONE',  ( 0.8243327689506968481, 0.0000000000000000000, 0.5661055431932079385 ) ) ;
#687 = CARTESIAN_POINT ( 'NONE',  ( 3.377485991806066234, 3.800000000000001155, -0.3559025794592514114 ) ) ;
#688 = MECHANICAL_DESIGN_GEOMETRIC_PRESENTATION_REPRESENTATION (  '', ( #3928 ), #6796 ) ;
#689 = EDGE_CURVE ( 'NONE', #6465, #6533, #1600, .T. ) ;
#690 = CARTESIAN_POINT ( 'NONE',  ( 3.718642519593255535, 3.799999999999999378, 0.01640470566474432762 ) ) ;
#691 = CARTESIAN_POINT ( 'NONE',  ( 2.297767094656497644, 3.800000000000000266, -0.4953669985928199071 ) ) ;
#692 =( NAMED_UNIT ( * ) PLANE_ANGLE_UNIT ( ) SI_UNIT ( $, .RADIAN. ) );
#693 = CARTESIAN_POINT ( 'NONE',  ( 0.3561004279898300484, 3.799999999999999822, -0.5569054601312812824 ) ) ;
#694 = ORIENTED_EDGE ( 'NONE', *, *, #7437, .T. ) ;
#695 = ORIENTED_EDGE ( 'NONE', *, *, #2110, .F. ) ;
#696 = CARTESIAN_POINT ( 'NONE',  ( -1.233643161753760209, 3.800000000001861000, 0.1610432578174366969 ) ) ;
#697 = DIRECTION ( 'NONE',  ( 0.0000000000000000000, 0.0000000000000000000, -1.000000000000000000 ) ) ;
#698 = DIRECTION ( 'NONE',  ( -0.0000000000000000000, 1.000000000000000000, -0.0000000000000000000 ) ) ;
#699 = DIRECTION ( 'NONE',  ( -1.000000000000000000, 0.0000000000000000000, 0.0000000000000000000 ) ) ;
#700 = CARTESIAN_POINT ( 'NONE',  ( 1.869604256533587083, 3.799999999999999378, -0.3096958051587142546 ) ) ;
#701 = DIRECTION ( 'NONE',  ( -0.8938291802146069998, 0.0000000000000000000, -0.4484076232591096556 ) ) ;
#702 = EDGE_CURVE ( 'NONE', #3492, #737, #3377, .T. ) ;
#703 = FACE_OUTER_BOUND ( 'NONE', #3751, .T. ) ;
#704 = FACE_OUTER_BOUND ( 'NONE', #1253, .T. ) ;
#705 = SURFACE_STYLE_USAGE ( .BOTH. , #743 ) ;
#706 = CARTESIAN_POINT ( 'NONE',  ( 1.412730427800444888, 3.799999999999999378, -0.1191220650685185789 ) ) ;
#707 = MECHANICAL_DESIGN_GEOMETRIC_PRESENTATION_REPRESENTATION (  '', ( #7447 ), #1225 ) ;
#708 = CARTESIAN_POINT ( 'NONE',  ( -0.7212579639286225142, 3.789999999999999591, -0.1206901098479175038 ) ) ;
#709 = CARTESIAN_POINT ( 'NONE',  ( 3.669306179075507934, 3.789999999999999591, 0.1831653774008061286 ) ) ;
#710 = EDGE_CURVE ( 'NONE', #9649, #8259, #1964, .T. ) ;
#711 = LINE ( 'NONE', #9348, #1697 ) ;
#712 = CARTESIAN_POINT ( 'NONE',  ( 1.955951494379790212, 3.790000000000000924, -0.1443509112099901626 ) ) ;
#713 = CARTESIAN_POINT ( 'NONE',  ( 3.333909965596197456, 3.799999999999999378, -0.2828940030431193464 ) ) ;
#714 = LINE ( 'NONE', #7293, #8368 ) ;
#715 = CARTESIAN_POINT ( 'NONE',  ( 1.043279915169317285, 3.799999999999999822, 0.2430945398687187897 ) ) ;
#716 = CARTESIAN_POINT ( 'NONE',  ( 1.682382479271881559, 3.800000000000000266, 0.1815560783302572756 ) ) ;
#717 = ADVANCED_FACE ( 'NONE', ( #3608 ), #5834, .T. ) ;
#718 = LINE ( 'NONE', #5190, #2750 ) ;
#719 = DIRECTION ( 'NONE',  ( -0.0000000000000000000, 1.000000000000000000, 0.0000000000000000000 ) ) ;
#720 = VERTEX_POINT ( 'NONE', #4847 ) ;
#721 =( GEOMETRIC_REPRESENTATION_CONTEXT ( 3 ) GLOBAL_UNCERTAINTY_ASSIGNED_CONTEXT ( ( #1771 ) ) GLOBAL_UNIT_ASSIGNED_CONTEXT ( ( #3331, #9191, #1053 ) ) REPRESENTATION_CONTEXT ( 'NONE', 'WORKASPACE' ) );
#722 = CARTESIAN_POINT ( 'NONE',  ( 2.571485043374445834, 3.800000000000000266, -0.1565849473107684686 ) ) ;
#723 = ORIENTED_EDGE ( 'NONE', *, *, #7880, .T. ) ;
#724 = CARTESIAN_POINT ( 'NONE',  ( 2.041052866894890627, 3.800000000000000711, 0.01206474284102889913 ) ) ;
#725 = CARTESIAN_POINT ( 'NONE',  ( 1.043279915169317285, 3.799999999999999822, -0.4748541780799992451 ) ) ;
#726 = DIRECTION ( 'NONE',  ( -1.000000000000000000, 0.0000000000000000000, 0.0000000000000000000 ) ) ;
#727 = ADVANCED_FACE ( 'NONE', ( #9190 ), #7144, .T. ) ;
#728 = VECTOR ( 'NONE', #2322, 1000.000000000000000 ) ;
#729 = LINE ( 'NONE', #5552, #2540 ) ;
#730 = DIRECTION ( 'NONE',  ( 0.9035018415143106774, 0.0000000000000000000, 0.4285842068721729126 ) ) ;
#731 = CARTESIAN_POINT ( 'NONE',  ( -0.8758445906834821937, 3.789999999999999591, 0.2192223047627752941 ) ) ;
#732 = CARTESIAN_POINT ( 'NONE',  ( 2.297767094656497200, 3.799999999999999378, 0.1815560783302572478 ) ) ;
#733 = DIRECTION ( 'NONE',  ( -0.0000000000000000000, 0.0000000000000000000, -1.000000000000000000 ) ) ;
#734 = FACE_OUTER_BOUND ( 'NONE', #4057, .T. ) ;
#735 = CARTESIAN_POINT ( 'NONE',  ( 1.842896344064281822, 3.799999999999998046, -0.3852882731344188239 ) ) ;
#736 = DIRECTION ( 'NONE',  ( -1.000000000000000000, -0.0000000000000000000, -8.673617379884036705E-17 ) ) ;
#737 = VERTEX_POINT ( 'NONE', #7866 ) ;
#738 = LINE ( 'NONE', #5721, #4738 ) ;
#739 = VERTEX_POINT ( 'NONE', #4886 ) ;
#740 = EDGE_LOOP ( 'NONE', ( #5223, #1636, #3800, #5169 ) ) ;
#741 = EDGE_CURVE ( 'NONE', #744, #2279, #9548, .T. ) ;
#742 = ADVANCED_FACE ( 'NONE', ( #8852 ), #9407, .T. ) ;
#743 = SURFACE_SIDE_STYLE ('',( #1920 ) ) ;
#744 = VERTEX_POINT ( 'NONE', #4085 ) ;
#745 = CARTESIAN_POINT ( 'NONE',  ( 1.425668251510276097, 3.800000000000000711, 0.01206474284102864586 ) ) ;
#746 = AXIS2_PLACEMENT_3D ( 'NONE', #3574, #1462, #9634 ) ;
#747 = LINE ( 'NONE', #7756, #4527 ) ;
#748 = CARTESIAN_POINT ( 'NONE',  ( -2.843899572010170740, 3.790000000000000036, -0.5569054601312812824 ) ) ;
#749 = CARTESIAN_POINT ( 'NONE',  ( 3.642849349057077468, 3.789999999999999591, -0.5197577635285900444 ) ) ;
#750 = STYLED_ITEM ( 'NONE', ( #4125 ), #8913 ) ;
#751 = FACE_OUTER_BOUND ( 'NONE', #2596, .T. ) ;
#752 = EDGE_CURVE ( 'NONE', #6385, #1842, #7549, .T. ) ;
#753 = CARTESIAN_POINT ( 'NONE',  ( 1.735974414681587863, 3.790000000000001812, -0.5714175968243345727 ) ) ;
#754 = CARTESIAN_POINT ( 'NONE',  ( 3.022767094656496845, 3.790000000000000036, 0.2430945398687187897 ) ) ;
#755 = CARTESIAN_POINT ( 'NONE',  ( -1.163610191100081570, 3.789999999999999591, -0.4748128102341729884 ) ) ;
#756 = CARTESIAN_POINT ( 'NONE',  ( 3.300023554882405730, 3.790000000000000480, -0.3745257243656798796 ) ) ;
#757 = PRODUCT ( 'AMDLA1004S', 'AMDLA1004S', '', ( #1016 ) ) ;
#758 = PLANE ( 'NONE',  #351 ) ;
#759 = VECTOR ( 'NONE', #3773, 1000.000000000000000 ) ;
#760 = DIRECTION ( 'NONE',  ( -0.0000000000000000000, 1.000000000000000000, -0.0000000000000000000 ) ) ;
#761 = VECTOR ( 'NONE', #9540, 1000.000000000000000 ) ;
#762 = AXIS2_PLACEMENT_3D ( 'NONE', #4141, #9343, #3346 ) ;
#763 = CARTESIAN_POINT ( 'NONE',  ( 3.371574900890997206, 3.800000000000000711, -0.3897988950729489588 ) ) ;
#764 = CARTESIAN_POINT ( 'NONE',  ( 3.467074540218500811, 3.790000000000000036, -0.1661056940779699342 ) ) ;
#765 = CARTESIAN_POINT ( 'NONE',  ( 3.491677351066753143, 3.800000000000000711, 0.1815560783302572478 ) ) ;
#766 = VERTEX_POINT ( 'NONE', #5819 ) ;
#767 = DIRECTION ( 'NONE',  ( 0.0000000000000000000, 4.655422824253577725E-13, 1.000000000000000000 ) ) ;
#768 = CARTESIAN_POINT ( 'NONE',  ( 2.240212449594434219, 3.790000000000000480, -0.5714473343366130997 ) ) ;
#769 = CARTESIAN_POINT ( 'NONE',  ( -0.6614205193882920497, 3.790000000000000480, -0.03396994755823403572 ) ) ;
#770 = CARTESIAN_POINT ( 'NONE',  ( 1.955665776529766475, 3.789999999999999147, -0.1928172289829195030 ) ) ;
#771 = CARTESIAN_POINT ( 'NONE',  ( 1.487584097182264253, 3.799999999999999822, -0.2468538579568396452 ) ) ;
#772 = CARTESIAN_POINT ( 'NONE',  ( 2.435774321947083987, 3.790000000000001368, -0.5326732509952263328 ) ) ;
#773 = SURFACE_STYLE_USAGE ( .BOTH. , #2977 ) ;
#774 = LINE ( 'NONE', #3568, #4441 ) ;
#775 = ORIENTED_EDGE ( 'NONE', *, *, #7104, .T. ) ;
#776 = VERTEX_POINT ( 'NONE', #441 ) ;
#777 = VERTEX_POINT ( 'NONE', #4978 ) ;
#778 = EDGE_CURVE ( 'NONE', #3139, #6273, #3365, .T. ) ;
#779 = CARTESIAN_POINT ( 'NONE',  ( 2.288965133376721806, 3.790000000000000480, 0.1811152736735189284 ) ) ;
#780 = CARTESIAN_POINT ( 'NONE',  ( 1.836334483402484841, 3.789999999999999591, 0.2063785621625763012 ) ) ;
#781 = FILL_AREA_STYLE_COLOUR ( '', #3310 ) ;
#782 = LINE ( 'NONE', #1473, #1887 ) ;
#783 = CARTESIAN_POINT ( 'NONE',  ( 3.410561745709046910, 3.790000000000000036, -0.3041333478896275366 ) ) ;
#784 = VERTEX_POINT ( 'NONE', #8804 ) ;
#785 = MECHANICAL_DESIGN_GEOMETRIC_PRESENTATION_REPRESENTATION (  '', ( #9016 ), #1292 ) ;
#786 = ORIENTED_EDGE ( 'NONE', *, *, #3238, .T. ) ;
#787 = CARTESIAN_POINT ( 'NONE',  ( 2.492962935836564142, 3.790000000000000480, 0.1617964017768510065 ) ) ;
#788 = DIRECTION ( 'NONE',  ( 0.0000000000000000000, 0.0000000000000000000, 1.000000000000000000 ) ) ;
#789 = PRESENTATION_LAYER_ASSIGNMENT (  '', '', ( #2836 ) ) ;
#790 = PLANE ( 'NONE',  #2439 ) ;
#791 = CARTESIAN_POINT ( 'NONE',  ( 3.362702026773934261, 3.800000000000000266, -0.2488004990550933548 ) ) ;
#792 = ADVANCED_FACE ( 'NONE', ( #491 ), #6519, .T. ) ;
#793 = UNCERTAINTY_MEASURE_WITH_UNIT (LENGTH_MEASURE( 1.000000000000000082E-05 ), #3073, 'distance_accuracy_value', 'NONE');
#794 = CARTESIAN_POINT ( 'NONE',  ( 2.571485043374445834, 3.790000000000000036, -0.1565849473107684686 ) ) ;
#795 = ORIENTED_EDGE ( 'NONE', *, *, #741, .F. ) ;
#796 = VECTOR ( 'NONE', #6145, 1000.000000000000114 ) ;
#797 = MECHANICAL_DESIGN_GEOMETRIC_PRESENTATION_REPRESENTATION (  '', ( #3542 ), #6143 ) ;
#798 = ORIENTED_EDGE ( 'NONE', *, *, #9632, .F. ) ;
#799 = CARTESIAN_POINT ( 'NONE',  ( 3.371754762858815369, 3.800000000000001599, -0.3812197820586986641 ) ) ;
#800 = CARTESIAN_POINT ( 'NONE',  ( 2.115389422544560194, 3.799999999999999822, 0.1804486976128943654 ) ) ;
#801 = CARTESIAN_POINT ( 'NONE',  ( 3.322326208225849342, 3.789999999999999591, 0.05875174727054856272 ) ) ;
#802 =( NAMED_UNIT ( * ) PLANE_ANGLE_UNIT ( ) SI_UNIT ( $, .RADIAN. ) );
#803 = CARTESIAN_POINT ( 'NONE',  ( -0.6772757570409608796, 3.789999999999999591, 0.01726672952304868919 ) ) ;
#804 = CARTESIAN_POINT ( 'NONE',  ( 5.500000000000000000, 1.399999999999999911, 0.3499999999999995337 ) ) ;
#805 = CARTESIAN_POINT ( 'NONE',  ( 1.673534343937753910, 3.799999999999999822, -0.4949026679305904564 ) ) ;
#806 = CARTESIAN_POINT ( 'NONE',  ( 1.877868262927276044, 3.790000000000000036, -0.2639356661962441453 ) ) ;
#807 = PRESENTATION_LAYER_ASSIGNMENT (  '', '', ( #9538 ) ) ;
#808 =( GEOMETRIC_REPRESENTATION_CONTEXT ( 3 ) GLOBAL_UNCERTAINTY_ASSIGNED_CONTEXT ( ( #2995 ) ) GLOBAL_UNIT_ASSIGNED_CONTEXT ( ( #6269, #183, #6914 ) ) REPRESENTATION_CONTEXT ( 'NONE', 'WORKASPACE' ) );
#809 = PRESENTATION_STYLE_ASSIGNMENT (( #4581 ) ) ;
#810 = VERTEX_POINT ( 'NONE', #1199 ) ;
#811 = UNCERTAINTY_MEASURE_WITH_UNIT (LENGTH_MEASURE( 1.000000000000000082E-05 ), #2219, 'distance_accuracy_value', 'NONE');
#812 = CARTESIAN_POINT ( 'NONE',  ( 2.113132168488482510, 3.790000000000002256, 0.005029526254132324001 ) ) ;
#813 = CARTESIAN_POINT ( 'NONE',  ( 1.686343183315141880, 3.799999999999999378, 0.2635147117056074184 ) ) ;
#814 = DIRECTION ( 'NONE',  ( -1.000000000000000000, 0.0000000000000000000, 0.0000000000000000000 ) ) ;
#815 =( GEOMETRIC_REPRESENTATION_CONTEXT ( 3 ) GLOBAL_UNCERTAINTY_ASSIGNED_CONTEXT ( ( #7377 ) ) GLOBAL_UNIT_ASSIGNED_CONTEXT ( ( #372, #7145, #7077 ) ) REPRESENTATION_CONTEXT ( 'NONE', 'WORKASPACE' ) );
#816 = SURFACE_STYLE_USAGE ( .BOTH. , #7541 ) ;
#817 = EDGE_CURVE ( 'NONE', #5539, #2300, #3930, .T. ) ;
#818 = FILL_AREA_STYLE_COLOUR ( '', #881 ) ;
#819 = B_SPLINE_CURVE_WITH_KNOTS ( 'NONE', 3,
 ( #1247, #8003, #4984, #9530, #7308, #4271, #1277, #2846, #8775, #5789, #4306 ),
 .UNSPECIFIED., .F., .F.,
 ( 4, 1, 1, 1, 1, 1, 1, 1, 4 ),
 ( 0.0000000000000000000, 0.09027921465001402523, 0.1895299184469575460, 0.2991978724002871126, 0.4189258867738201997, 0.5483762854012461663, 0.6881363695386812918, 0.8390835016589193174, 1.000000000000000000 ),
 .UNSPECIFIED. ) ;
#820 =( GEOMETRIC_REPRESENTATION_CONTEXT ( 3 ) GLOBAL_UNCERTAINTY_ASSIGNED_CONTEXT ( ( #7915 ) ) GLOBAL_UNIT_ASSIGNED_CONTEXT ( ( #6096, #154, #9046 ) ) REPRESENTATION_CONTEXT ( 'NONE', 'WORKASPACE' ) );
#821 = ORIENTED_EDGE ( 'NONE', *, *, #2619, .F. ) ;
#822 = CARTESIAN_POINT ( 'NONE',  ( 2.571336109764406075, 3.789999999999999591, -0.1443509112099901626 ) ) ;
#823 = CARTESIAN_POINT ( 'NONE',  ( -0.7414095166604942611, 3.800000000000000266, 0.1265685369533988969 ) ) ;
#824 =( NAMED_UNIT ( * ) SI_UNIT ( $, .STERADIAN. ) SOLID_ANGLE_UNIT ( ) );
#825 = CARTESIAN_POINT ( 'NONE',  ( 1.698993830233469504, 3.800000000000001155, -0.5770850403972571652 ) ) ;
#826 = ORIENTED_EDGE ( 'NONE', *, *, #4244, .T. ) ;
#827 = VERTEX_POINT ( 'NONE', #6584 ) ;
#828 =( NAMED_UNIT ( * ) PLANE_ANGLE_UNIT ( ) SI_UNIT ( $, .RADIAN. ) );
#829 = CARTESIAN_POINT ( 'NONE',  ( -2.660726495087093912, 3.790000000000000036, -0.01331571654153768276 ) ) ;
#830 =( LENGTH_UNIT ( ) NAMED_UNIT ( * ) SI_UNIT ( .MILLI., .METRE. ) );
#831 = CARTESIAN_POINT ( 'NONE',  ( 3.442839919392749692, 3.800000000000001599, 0.1737701488940280314 ) ) ;
#832 = DIRECTION ( 'NONE',  ( -0.7969199129874928733, 0.0000000000000000000, 0.6040849710794060634 ) ) ;
#833 = EDGE_CURVE ( 'NONE', #260, #6345, #2073, .T. ) ;
#834 = DIRECTION ( 'NONE',  ( 0.4190581774617470057, 0.0000000000000000000, 0.9079593845004517716 ) ) ;
#835 = CARTESIAN_POINT ( 'NONE',  ( -0.7264525577128847500, 3.790000000000000924, 0.1074199148251074043 ) ) ;
#836 = DIRECTION ( 'NONE',  ( -0.0000000000000000000, 1.000000000000000000, -0.0000000000000000000 ) ) ;
#837 =( NAMED_UNIT ( * ) PLANE_ANGLE_UNIT ( ) SI_UNIT ( $, .RADIAN. ) );
#838 = CARTESIAN_POINT ( 'NONE',  ( 1.759396211509763219, 3.790000000000000036, -0.4759237100520952168 ) ) ;
#839 =( GEOMETRIC_REPRESENTATION_CONTEXT ( 3 ) GLOBAL_UNCERTAINTY_ASSIGNED_CONTEXT ( ( #6170 ) ) GLOBAL_UNIT_ASSIGNED_CONTEXT ( ( #6411, #8604, #9416 ) ) REPRESENTATION_CONTEXT ( 'NONE', 'WORKASPACE' ) );
#840 = VECTOR ( 'NONE', #5595, 1000.000000000000000 ) ;
#841 = CARTESIAN_POINT ( 'NONE',  ( 2.099717473766434139, 3.790000000000000036, -0.1462200432618289969 ) ) ;
#842 = VECTOR ( 'NONE', #5094, 1000.000000000000000 ) ;
#843 = CARTESIAN_POINT ( 'NONE',  ( 1.836334483402484841, 3.799999999999999378, 0.2063785621625763012 ) ) ;
#844 =( LENGTH_UNIT ( ) NAMED_UNIT ( * ) SI_UNIT ( .MILLI., .METRE. ) );
#845 = ORIENTED_EDGE ( 'NONE', *, *, #6760, .T. ) ;
#846 = EDGE_CURVE ( 'NONE', #1204, #1830, #377, .T. ) ;
#847 = CARTESIAN_POINT ( 'NONE',  ( -3.569999999999999396, 0.0000000000000000000, -1.250000000000000222 ) ) ;
#848 = CARTESIAN_POINT ( 'NONE',  ( 2.516016323513981856, 3.790000000000000480, 0.1251870212943832217 ) ) ;
#849 = CARTESIAN_POINT ( 'NONE',  ( 1.736081284275001524, 3.789999999999999147, 0.2574684982540236811 ) ) ;
#850 = ORIENTED_EDGE ( 'NONE', *, *, #2625, .T. ) ;
#851 = CARTESIAN_POINT ( 'NONE',  ( 3.488792735682137547, 3.790000000000000036, -0.4953669985928197961 ) ) ;
#852 = CARTESIAN_POINT ( 'NONE',  ( 1.771138557577874639, 3.800000000000000711, -0.5601909336832866515 ) ) ;
#853 = STYLED_ITEM ( 'NONE', ( #6496 ), #2313 ) ;
#854 = LINE ( 'NONE', #7209, #6614 ) ;
#855 = VECTOR ( 'NONE', #6943, 1000.000000000000000 ) ;
#856 = CARTESIAN_POINT ( 'NONE',  ( 1.493540445676497574, 3.790000000000001812, -0.2971399519715639537 ) ) ;
#857 = PRESENTATION_LAYER_ASSIGNMENT (  '', '', ( #8603 ) ) ;
#858 = ORIENTED_EDGE ( 'NONE', *, *, #426, .F. ) ;
#859 = FILL_AREA_STYLE_COLOUR ( '', #7272 ) ;
#860 = ORIENTED_EDGE ( 'NONE', *, *, #9547, .F. ) ;
#861 = FILL_AREA_STYLE ('',( #3852 ) ) ;
#862 = ORIENTED_EDGE ( 'NONE', *, *, #2554, .T. ) ;
#863 = CARTESIAN_POINT ( 'NONE',  ( 2.289053561691750893, 3.790000000000000036, -0.5773123683654480809 ) ) ;
#864 = VECTOR ( 'NONE', #3760, 1000.000000000000000 ) ;
#865 = DIRECTION ( 'NONE',  ( -0.0000000000000000000, -1.000000000000000000, -1.141265444721583757E-16 ) ) ;
#866 = CARTESIAN_POINT ( 'NONE',  ( 2.557555558679265317, 3.790000000000000924, -0.3213087569115580244 ) ) ;
#867 = LINE ( 'NONE', #7019, #8964 ) ;
#868 = CARTESIAN_POINT ( 'NONE',  ( 1.816025559540039858, 3.800000000000001599, -0.4287360923902938659 ) ) ;
#869 = ORIENTED_EDGE ( 'NONE', *, *, #9194, .T. ) ;
#870 = LINE ( 'NONE', #5807, #2910 ) ;
#871 = VERTEX_POINT ( 'NONE', #7997 ) ;
#872 = EDGE_CURVE ( 'NONE', #254, #4824, #6725, .T. ) ;
#873 = SURFACE_STYLE_FILL_AREA ( #2361 ) ;
#874 = CARTESIAN_POINT ( 'NONE',  ( 2.137769441185566333, 3.799999999999999822, 0.07536445915493762693 ) ) ;
#875 = CARTESIAN_POINT ( 'NONE',  ( 1.955661303314305099, 3.790000000000000924, -0.1205133907851156233 ) ) ;
#876 = CARTESIAN_POINT ( 'NONE',  ( 1.485770120983105791, 3.800000000000000266, -0.09534614479894919226 ) ) ;
#877 = LINE ( 'NONE', #3635, #7334 ) ;
#878 = PLANE ( 'NONE',  #9047 ) ;
#879 = B_SPLINE_CURVE_WITH_KNOTS ( 'NONE', 3,
 ( #451, #6470, #2022, #476, #4122, #7223, #3526, #8725, #6377, #1918, #7879 ),
 .UNSPECIFIED., .F., .F.,
 ( 4, 1, 1, 1, 1, 1, 1, 1, 4 ),
 ( 0.0000000000000000000, 0.09027921465001402523, 0.1895299184469575460, 0.2991978724002871126, 0.4189258867738201997, 0.5483762854012461663, 0.6881363695386812918, 0.8390835016589193174, 1.000000000000000000 ),
 .UNSPECIFIED. ) ;
#880 = ORIENTED_EDGE ( 'NONE', *, *, #5973, .F. ) ;
#881 = COLOUR_RGB ( '',1.000000000000000000, 1.000000000000000000, 1.000000000000000000 ) ;
#882 = PRESENTATION_LAYER_ASSIGNMENT (  '', '', ( #3928 ) ) ;
#883 = EDGE_LOOP ( 'NONE', ( #2187, #6394, #2804, #1705 ) ) ;
#884 = EDGE_CURVE ( 'NONE', #8955, #1371, #738, .T. ) ;
#885 = CARTESIAN_POINT ( 'NONE',  ( 2.569542214294872284, 3.790000000000001368, -0.08564916785487802775 ) ) ;
#886 = CARTESIAN_POINT ( 'NONE',  ( 1.836334483402484841, 3.789999999999999591, 0.2063785621625763012 ) ) ;
#887 =( LENGTH_UNIT ( ) NAMED_UNIT ( * ) SI_UNIT ( .MILLI., .METRE. ) );
#888 = CARTESIAN_POINT ( 'NONE',  ( 1.942170943294651009, 3.799999999999999822, -0.3213087569115581910 ) ) ;
#889 = LINE ( 'NONE', #2822, #5464 ) ;
#890 = FILL_AREA_STYLE_COLOUR ( '', #45 ) ;
#891 = DIRECTION ( 'NONE',  ( -1.000000000000000000, 0.0000000000000000000, 0.0000000000000000000 ) ) ;
#892 = MECHANICAL_DESIGN_GEOMETRIC_PRESENTATION_REPRESENTATION (  '', ( #1079 ), #1614 ) ;
#893 = ORIENTED_EDGE ( 'NONE', *, *, #1062, .T. ) ;
#894 = CARTESIAN_POINT ( 'NONE',  ( 3.375521092148595415, 3.790000000000000924, -0.2373038272511685254 ) ) ;
#895 = CARTESIAN_POINT ( 'NONE',  ( 2.551433700303507912, 3.799999999999999378, 0.03449039170126975973 ) ) ;
#896 = CARTESIAN_POINT ( 'NONE',  ( 2.173985595542400340, 3.790000000000001368, -0.4410855361367138072 ) ) ;
#897 = CARTESIAN_POINT ( 'NONE',  ( -3.569999999999999396, 1.899999999999999911, -0.3500000000000003109 ) ) ;
#898 = PLANE ( 'NONE',  #2457 ) ;
#899 = SURFACE_STYLE_USAGE ( .BOTH. , #9065 ) ;
#900 = CARTESIAN_POINT ( 'NONE',  ( 3.495380193786379763, 3.790000000000000036, -0.4951137173968873650 ) ) ;
#901 = CARTESIAN_POINT ( 'NONE',  ( 1.779390334892710479, 3.790000000000000480, -0.4634638939416597103 ) ) ;
#902 = PRESENTATION_LAYER_ASSIGNMENT (  '', '', ( #9461 ) ) ;
#903 = EDGE_LOOP ( 'NONE', ( #2298, #1618, #2206, #4157 ) ) ;
#904 = CARTESIAN_POINT ( 'NONE',  ( 1.412510684400086536, 3.799999999999999822, -0.1565849473107684686 ) ) ;
#905 = CARTESIAN_POINT ( 'NONE',  ( 1.877578320451948501, 3.789999999999999591, 0.1617964017768511453 ) ) ;
#906 = CARTESIAN_POINT ( 'NONE',  ( 2.297767094656497644, 3.790000000000000480, -0.4953669985928199071 ) ) ;
#907 = ORIENTED_EDGE ( 'NONE', *, *, #6242, .F. ) ;
#908 = B_SPLINE_CURVE_WITH_KNOTS ( 'NONE', 3,
 ( #4170, #7961, #440, #6362, #2732, #5692, #8623, #7827, #4913, #1904, #2677 ),
 .UNSPECIFIED., .F., .F.,
 ( 4, 1, 1, 1, 1, 1, 1, 1, 4 ),
 ( 0.0000000000000000000, 0.1105883385953356779, 0.2245417540535955825, 0.3425034940501041070, 0.4643240984173578334, 0.5907560327017663537, 0.7222274753555144589, 0.8588428362087241474, 0.9999999999999998890 ),
 .UNSPECIFIED. ) ;
#909 =( NAMED_UNIT ( * ) PLANE_ANGLE_UNIT ( ) SI_UNIT ( $, .RADIAN. ) );
#910 = SURFACE_STYLE_USAGE ( .BOTH. , #7730 ) ;
#911 = CARTESIAN_POINT ( 'NONE',  ( 3.648408120297522483, 3.799999999999999822, 0.04597915525333414605 ) ) ;
#912 = CARTESIAN_POINT ( 'NONE',  ( 1.590384535574846270, 3.800000000000000711, 0.2467327106665011816 ) ) ;
#913 = UNCERTAINTY_MEASURE_WITH_UNIT (LENGTH_MEASURE( 1.000000000000000082E-05 ), #28, 'distance_accuracy_value', 'NONE');
#914 = PRESENTATION_LAYER_ASSIGNMENT (  '', '', ( #3653 ) ) ;
#915 = VECTOR ( 'NONE', #5034, 1000.000000000000000 ) ;
#916 = CARTESIAN_POINT ( 'NONE',  ( -5.499999999999999112, 3.799999999999999822, 4.999999999999999112 ) ) ;
#917 = CARTESIAN_POINT ( 'NONE',  ( 1.753939196529848754, 3.789999999999999591, 0.2524855378229050040 ) ) ;
#918 = STYLED_ITEM ( 'NONE', ( #1661 ), #7175 ) ;
#919 = VERTEX_POINT ( 'NONE', #2810 ) ;
#920 = CARTESIAN_POINT ( 'NONE',  ( 3.527498115277961865, 3.800000000000002487, -0.4908293860856615121 ) ) ;
#921 =( LENGTH_UNIT ( ) NAMED_UNIT ( * ) SI_UNIT ( .MILLI., .METRE. ) );
#922 =( NAMED_UNIT ( * ) SI_UNIT ( $, .STERADIAN. ) SOLID_ANGLE_UNIT ( ) );
#923 = LINE ( 'NONE', #6949, #6687 ) ;
#924 =( NAMED_UNIT ( * ) PLANE_ANGLE_UNIT ( ) SI_UNIT ( $, .RADIAN. ) );
#925 =( NAMED_UNIT ( * ) SI_UNIT ( $, .STERADIAN. ) SOLID_ANGLE_UNIT ( ) );
#926 = ORIENTED_EDGE ( 'NONE', *, *, #2485, .F. ) ;
#927 = EDGE_CURVE ( 'NONE', #4345, #6893, #8494, .T. ) ;
#928 =( LENGTH_UNIT ( ) NAMED_UNIT ( * ) SI_UNIT ( .MILLI., .METRE. ) );
#929 = UNCERTAINTY_MEASURE_WITH_UNIT (LENGTH_MEASURE( 1.000000000000000082E-05 ), #4828, 'distance_accuracy_value', 'NONE');
#930 =( LENGTH_UNIT ( ) NAMED_UNIT ( * ) SI_UNIT ( .MILLI., .METRE. ) );
#931 = CARTESIAN_POINT ( 'NONE',  ( 1.805566691152024950, 3.789999999999999591, -0.4405382854319115915 ) ) ;
#932 =( GEOMETRIC_REPRESENTATION_CONTEXT ( 3 ) GLOBAL_UNCERTAINTY_ASSIGNED_CONTEXT ( ( #477 ) ) GLOBAL_UNIT_ASSIGNED_CONTEXT ( ( #1897, #455, #6386 ) ) REPRESENTATION_CONTEXT ( 'NONE', 'WORKASPACE' ) );
#933 = FACE_OUTER_BOUND ( 'NONE', #3622, .T. ) ;
#934 = EDGE_LOOP ( 'NONE', ( #9202, #92, #7785, #1501 ) ) ;
#935 = CARTESIAN_POINT ( 'NONE',  ( 1.499267456567236589, 3.799999999999999378, -0.4934626313549270726 ) ) ;
#936 = ORIENTED_EDGE ( 'NONE', *, *, #482, .F. ) ;
#937 = CARTESIAN_POINT ( 'NONE',  ( 1.584612145254601367, 3.799999999999999378, 0.1495469454566803469 ) ) ;
#938 = MECHANICAL_DESIGN_GEOMETRIC_PRESENTATION_REPRESENTATION (  '', ( #4842 ), #5651 ) ;
#939 = CARTESIAN_POINT ( 'NONE',  ( 1.539214952190847807, 3.799999999999999822, -0.4173030974588878284 ) ) ;
#940 = EDGE_CURVE ( 'NONE', #5351, #5201, #6380, .T. ) ;
#941 = CARTESIAN_POINT ( 'NONE',  ( 2.189289999723850411, 3.789999999999999147, 0.2389261544143909677 ) ) ;
#942 = CARTESIAN_POINT ( 'NONE',  ( 1.679978633118034859, 3.790000000000000036, 0.2636073603815393129 ) ) ;
#943 = DIRECTION ( 'NONE',  ( 0.8576722029112575640, 0.0000000000000000000, -0.5141968420297333697 ) ) ;
#945 =( GEOMETRIC_REPRESENTATION_CONTEXT ( 3 ) GLOBAL_UNCERTAINTY_ASSIGNED_CONTEXT ( ( #8928 ) ) GLOBAL_UNIT_ASSIGNED_CONTEXT ( ( #1100, #4173, #1834 ) ) REPRESENTATION_CONTEXT ( 'NONE', 'WORKASPACE' ) );
#944 = CARTESIAN_POINT ( 'NONE',  ( 1.679978633118034859, 3.790000000000000036, 0.2636073603815393129 ) ) ;
#946 = PLANE ( 'NONE',  #68 ) ;
#947 = FACE_OUTER_BOUND ( 'NONE', #4589, .T. ) ;
#948 = CARTESIAN_POINT ( 'NONE',  ( 2.450001700301692953, 3.799999999999999822, -0.4010104959359746535 ) ) ;
#949 = CARTESIAN_POINT ( 'NONE',  ( 3.531741453630855787, 3.790000000000000036, -0.2110721267979479565 ) ) ;
#950 = PLANE ( 'NONE',  #1900 ) ;
#951 = LINE ( 'NONE', #3693, #3811 ) ;
#952 = CARTESIAN_POINT ( 'NONE',  ( 3.344401710041112086, 3.790000000000000036, -0.2689246909005120756 ) ) ;
#953 = SURFACE_STYLE_USAGE ( .BOTH. , #9292 ) ;
#954 = CARTESIAN_POINT ( 'NONE',  ( 5.499999999999999112, 0.0000000000000000000, -5.000000000000000888 ) ) ;
#955 = ADVANCED_FACE ( 'NONE', ( #7080 ), #8031, .F. ) ;
#956 = PRESENTATION_STYLE_ASSIGNMENT (( #3437 ) ) ;
#957 = FILL_AREA_STYLE ('',( #4044 ) ) ;
#958 = CARTESIAN_POINT ( 'NONE',  ( 2.473075503400668396, 3.789999999999999591, -0.3501078295086469949 ) ) ;
#959 = SURFACE_STYLE_USAGE ( .BOTH. , #2419 ) ;
#960 = CARTESIAN_POINT ( 'NONE',  ( 1.734517206402920841, 3.790000000000000924, -0.4873901694487445813 ) ) ;
#961 = VECTOR ( 'NONE', #4433, 1000.000000000000000 ) ;
#962 = COLOUR_RGB ( '',1.000000000000000000, 1.000000000000000000, 1.000000000000000000 ) ;
#963 = SURFACE_STYLE_USAGE ( .BOTH. , #4051 ) ;
#964 = CARTESIAN_POINT ( 'NONE',  ( 1.502672830731115683, 3.800000000000000711, 0.02511575188014496252 ) ) ;
#965 =( GEOMETRIC_REPRESENTATION_CONTEXT ( 3 ) GLOBAL_UNCERTAINTY_ASSIGNED_CONTEXT ( ( #3499 ) ) GLOBAL_UNIT_ASSIGNED_CONTEXT ( ( #1408, #2064, #7333 ) ) REPRESENTATION_CONTEXT ( 'NONE', 'WORKASPACE' ) );
#966 = B_SPLINE_CURVE_WITH_KNOTS ( 'NONE', 3,
 ( #4557, #8166, #4525, #2998, #8902, #2320, #3764, #2223, #2283, #7422, #3729, #5194, #690, #41, #9717 ),
 .UNSPECIFIED., .F., .F.,
 ( 4, 1, 1, 1, 1, 1, 1, 1, 1, 1, 1, 1, 4 ),
 ( 0.0000000000000000000, 0.09697231038151708782, 0.1877734389628690492, 0.2723961390136936944, 0.3513209973752893789, 0.4243347744514681108, 0.4919087840005271217, 0.5542332197968002916, 0.6112676582441546325, 0.7163478449915541280, 0.8145400858216156337, 0.9084954561491855873, 1.000000000000000000 ),
 .UNSPECIFIED. ) ;
#967 = FILL_AREA_STYLE ('',( #9274 ) ) ;
#968 = ORIENTED_EDGE ( 'NONE', *, *, #8474, .T. ) ;
#969 = FILL_AREA_STYLE_COLOUR ( '', #4290 ) ;
#970 = EDGE_CURVE ( 'NONE', #4483, #7905, #7191, .T. ) ;
#971 = VECTOR ( 'NONE', #8688, 1000.000000000000000 ) ;
#972 =( NAMED_UNIT ( * ) SI_UNIT ( $, .STERADIAN. ) SOLID_ANGLE_UNIT ( ) );
#973 = ORIENTED_EDGE ( 'NONE', *, *, #9332, .T. ) ;
#974 = CARTESIAN_POINT ( 'NONE',  ( 3.647386093117567452, 3.800000000000001155, 0.02577802637170717101 ) ) ;
#975 = VERTEX_POINT ( 'NONE', #3660 ) ;
#976 = VECTOR ( 'NONE', #7182, 1000.000000000000000 ) ;
#977 = ORIENTED_EDGE ( 'NONE', *, *, #8989, .F. ) ;
#978 = LINE ( 'NONE', #1775, #4749 ) ;
#979 = CARTESIAN_POINT ( 'NONE',  ( 2.297767094656497200, 3.790000000000000036, 0.1815560783302572478 ) ) ;
#980 = CARTESIAN_POINT ( 'NONE',  ( 2.499690171579573850, 3.790000000000000036, -0.1569054601312812325 ) ) ;
#981 = LINE ( 'NONE', #6812, #3256 ) ;
#982 = CARTESIAN_POINT ( 'NONE',  ( 2.495949819766633659, 3.799999999999998490, -0.2390418438729721429 ) ) ;
#983 = ORIENTED_EDGE ( 'NONE', *, *, #153, .T. ) ;
#984 = FILL_AREA_STYLE ('',( #890 ) ) ;
#985 = CARTESIAN_POINT ( 'NONE',  ( -0.4849252130358114310, 3.790000000000000036, 0.2430945398687187897 ) ) ;
#986 = LINE ( 'NONE', #8305, #7219 ) ;
#987 = PRESENTATION_LAYER_ASSIGNMENT (  '', '', ( #3546 ) ) ;
#988 = CARTESIAN_POINT ( 'NONE',  ( 1.485770120983105791, 3.790000000000000480, -0.09534614479894919226 ) ) ;
#989 = DIRECTION ( 'NONE',  ( -1.000000000000000000, 0.0000000000000000000, 0.0000000000000000000 ) ) ;
#990 = ORIENTED_EDGE ( 'NONE', *, *, #1452, .T. ) ;
#991 = CARTESIAN_POINT ( 'NONE',  ( -3.223386751497349767, 3.799999999999999822, 0.2430945398687187897 ) ) ;
#992 = CARTESIAN_POINT ( 'NONE',  ( 2.420216477743419414, 3.800000000000000711, 0.2289468894993796910 ) ) ;
#993 = CARTESIAN_POINT ( 'NONE',  ( 3.299690171579573672, 3.799999999999999822, -0.3907195626953838818 ) ) ;
#994 = CARTESIAN_POINT ( 'NONE',  ( 3.491677351066753143, 3.799999999999999822, 0.1815560783302572478 ) ) ;
#995 = LINE ( 'NONE', #1396, #8392 ) ;
#996 = EDGE_LOOP ( 'NONE', ( #3869, #3146, #5212, #6027 ) ) ;
#997 = PRESENTATION_STYLE_ASSIGNMENT (( #1148 ) ) ;
#998 = EDGE_CURVE ( 'NONE', #777, #5441, #4508, .T. ) ;
#999 = CARTESIAN_POINT ( 'NONE',  ( 1.541586010854738564, 3.790000000000000924, -0.5328682805817644974 ) ) ;
#1000 = FILL_AREA_STYLE_COLOUR ( '', #6218 ) ;
#1001 = PRESENTATION_STYLE_ASSIGNMENT (( #4467 ) ) ;
#1002 = VERTEX_POINT ( 'NONE', #1439 ) ;
#1003 = CARTESIAN_POINT ( 'NONE',  ( 1.815111755245947256, 3.799999999999999378, 0.1166635821150875801 ) ) ;
#1004 = CARTESIAN_POINT ( 'NONE',  ( 3.653755604240219945, 3.789999999999999591, 0.1994358897105536488 ) ) ;
#1005 = ORIENTED_EDGE ( 'NONE', *, *, #1890, .F. ) ;
#1006 = CARTESIAN_POINT ( 'NONE',  ( 1.414362728380048395, 3.790000000000001812, -0.08304316017111332271 ) ) ;
#1007 = SURFACE_STYLE_FILL_AREA ( #9386 ) ;
#1008 = DIRECTION ( 'NONE',  ( 0.8935318738493788215, 0.0000000000000000000, -0.4489997666093132334 ) ) ;
#1009 = B_SPLINE_CURVE_WITH_KNOTS ( 'NONE', 3,
 ( #2953, #8149, #8820, #8246, #2236, #1419, #8218, #7408, #709, #7477, #4447, #3748, #4346, #5253, #5997, #8314, #1530, #62, #2302 ),
 .UNSPECIFIED., .F., .F.,
 ( 4, 1, 1, 1, 1, 1, 1, 1, 1, 1, 1, 1, 1, 1, 1, 1, 4 ),
 ( 0.0000000000000000000, 0.06148425519689047075, 0.1217745277022101863, 0.1809195598139318184, 0.2402561150782712707, 0.3001144444023512992, 0.3611459476126108181, 0.4235005824125850360, 0.4886693612807187503, 0.5539541046535613189, 0.6175812610152613402, 0.6802384268167388504, 0.7421873887724537155, 0.8046632117692934516, 0.8682589893126624325, 0.9330202571803759559, 1.000000000000000000 ),
 .UNSPECIFIED. ) ;
#1010 = ORIENTED_EDGE ( 'NONE', *, *, #2259, .T. ) ;
#1011 =( NAMED_UNIT ( * ) PLANE_ANGLE_UNIT ( ) SI_UNIT ( $, .RADIAN. ) );
#1012 = SURFACE_STYLE_FILL_AREA ( #4380 ) ;
#1013 = EDGE_CURVE ( 'NONE', #2023, #7662, #3236, .T. ) ;
#1014 = CARTESIAN_POINT ( 'NONE',  ( 2.295363248502650499, 3.790000000000000036, 0.2636073603815393129 ) ) ;
#1015 = CARTESIAN_POINT ( 'NONE',  ( 3.569999999999999396, 1.899999999999999911, 0.3499999999999996447 ) ) ;
#1016 = PRODUCT_CONTEXT ( 'NONE', #5574, 'mechanical' ) ;
#1017 = CARTESIAN_POINT ( 'NONE',  ( 0.3561004279898300484, 3.790000000000000036, -0.5569054601312812824 ) ) ;
#1018 = ORIENTED_EDGE ( 'NONE', *, *, #9632, .T. ) ;
#1019 =( LENGTH_UNIT ( ) NAMED_UNIT ( * ) SI_UNIT ( .MILLI., .METRE. ) );
#1020 = CARTESIAN_POINT ( 'NONE',  ( 3.602848141103375479, 3.790000000000000480, -0.1561627622483771904 ) ) ;
#1021 = ORIENTED_EDGE ( 'NONE', *, *, #6923, .F. ) ;
#1022 = CARTESIAN_POINT ( 'NONE',  ( 2.289053561691750893, 3.799999999999999822, -0.5773123683654480809 ) ) ;
#1023 = CARTESIAN_POINT ( 'NONE',  ( 2.369323811914463729, 3.799999999999998934, 0.2524855378229049485 ) ) ;
#1024 = CARTESIAN_POINT ( 'NONE',  ( 2.516016323513981856, 3.790000000000000480, 0.1251870212943832217 ) ) ;
#1025 = PLANE ( 'NONE',  #9519 ) ;
#1026 = DIRECTION ( 'NONE',  ( -0.0000000000000000000, 0.0000000000000000000, 1.000000000000000000 ) ) ;
#1027 = CARTESIAN_POINT ( 'NONE',  ( 3.571831937699081916, 3.800000000000001155, 0.1633474097024513461 ) ) ;
#1028 = MECHANICAL_DESIGN_GEOMETRIC_PRESENTATION_REPRESENTATION (  '', ( #9461 ), #5938 ) ;
#1029 = VERTEX_POINT ( 'NONE', #6646 ) ;
#1030 = ORIENTED_EDGE ( 'NONE', *, *, #2440, .F. ) ;
#1031 = EDGE_LOOP ( 'NONE', ( #5081, #6258, #2890, #7506, #5098, #1677, #6255, #5389, #5319, #5292 ) ) ;
#1032 = EDGE_CURVE ( 'NONE', #458, #3010, #3115, .T. ) ;
#1033 = CARTESIAN_POINT ( 'NONE',  ( 2.028115043185061417, 3.790000000000000924, -0.1191220650685185789 ) ) ;
#1034 = FILL_AREA_STYLE ('',( #7800 ) ) ;
#1035 = B_SPLINE_CURVE_WITH_KNOTS ( 'NONE', 3,
 ( #70, #822, #5287, #885, #2272, #4609, #1638, #8250, #3086, #6863, #2406, #848, #5354, #787, #3125, #6038, #8341, #3870, #6104, #4729, #5443, #3288, #7673, #256, #191, #9249, #1014 ),
 .UNSPECIFIED., .F., .F.,
 ( 4, 1, 1, 1, 1, 1, 1, 1, 1, 1, 1, 1, 1, 1, 1, 1, 1, 1, 1, 1, 1, 1, 1, 1, 4 ),
 ( 0.0000000000000000000, 0.06506328961727922411, 0.1267731664665229518, 0.1855157632260792111, 0.2407646791677151010, 0.2929797960235981935, 0.3422503727797676087, 0.3889192861856605732, 0.4327756640583106940, 0.4746284326311180357, 0.5147746906379533360, 0.5536058934984422475, 0.5914264064311732794, 0.6280281199460675534, 0.6638036341103205062, 0.6989843361316639969, 0.7335914893067050357, 0.7676284691511404690, 0.8012083477865922232, 0.8342638397266239902, 0.8669806947287772569, 0.8997197415181612534, 0.9327019124985386211, 0.9661758834327492940, 1.000000000000000000 ),
 .UNSPECIFIED. ) ;
#1036 = CARTESIAN_POINT ( 'NONE',  ( -4.999999999999999112, 3.799999999999999822, 4.500000000000000000 ) ) ;
#1037 = CARTESIAN_POINT ( 'NONE',  ( 1.824447086641288296, 3.800000000000001155, 0.1043437430488225043 ) ) ;
#1038 = CARTESIAN_POINT ( 'NONE',  ( 3.669306179075507934, 3.789999999999999591, 0.1831653774008061286 ) ) ;
#1039 = VECTOR ( 'NONE', #6363, 1000.000000000000000 ) ;
#1040 = CARTESIAN_POINT ( 'NONE',  ( 2.128560855481010705, 3.790000000000000924, 0.1949911916237331844 ) ) ;
#1041 = VECTOR ( 'NONE', #9639, 1000.000000000000000 ) ;
#1042 = CARTESIAN_POINT ( 'NONE',  ( 1.487745585304555584, 3.800000000000000266, 0.1645680294739878535 ) ) ;
#1043 = ORIENTED_EDGE ( 'NONE', *, *, #702, .T. ) ;
#1044 = AXIS2_PLACEMENT_3D ( 'NONE', #7146, #4303, #4241 ) ;
#1045 = LINE ( 'NONE', #3486, #9144 ) ;
#1046 = FILL_AREA_STYLE_COLOUR ( '', #2892 ) ;
#1047 = CARTESIAN_POINT ( 'NONE',  ( -0.7675577865294048729, 3.799999999999998490, -0.4539034630893974964 ) ) ;
#1048 = STYLED_ITEM ( 'NONE', ( #3001 ), #7750 ) ;
#1049 = CARTESIAN_POINT ( 'NONE',  ( -4.999999999999999112, 3.799999999999999822, 4.999999999999999112 ) ) ;
#1050 = CARTESIAN_POINT ( 'NONE',  ( 2.466033127279198212, 3.790000000000000480, -0.3683479791088286048 ) ) ;
#1051 = ORIENTED_EDGE ( 'NONE', *, *, #4727, .T. ) ;
#1052 = CARTESIAN_POINT ( 'NONE',  ( 3.668782658367812033, 3.790000000000000480, -0.08975031582274436981 ) ) ;
#1053 =( NAMED_UNIT ( * ) SI_UNIT ( $, .STERADIAN. ) SOLID_ANGLE_UNIT ( ) );
#1054 =( LENGTH_UNIT ( ) NAMED_UNIT ( * ) SI_UNIT ( .MILLI., .METRE. ) );
#1055 = EDGE_CURVE ( 'NONE', #6848, #5250, #9180, .T. ) ;
#1056 = CARTESIAN_POINT ( 'NONE',  ( 2.569542214294872284, 3.800000000000002931, -0.08564916785487802775 ) ) ;
#1057 = SURFACE_SIDE_STYLE ('',( #3130 ) ) ;
#1058 = ORIENTED_EDGE ( 'NONE', *, *, #8010, .T. ) ;
#1059 = CARTESIAN_POINT ( 'NONE',  ( 3.094561966451368384, 3.790000000000000036, -0.02357212679794789753 ) ) ;
#1060 = CARTESIAN_POINT ( 'NONE',  ( 3.604906751383234020, 3.799999999999999822, 0.1414766295350703418 ) ) ;
#1061 = MECHANICAL_DESIGN_GEOMETRIC_PRESENTATION_REPRESENTATION (  '', ( #7475 ), #6474 ) ;
#1062 = EDGE_CURVE ( 'NONE', #4775, #3159, #8257, .T. ) ;
#1063 = VECTOR ( 'NONE', #3999, 1000.000000000000000 ) ;
#1064 = CARTESIAN_POINT ( 'NONE',  ( 1.679978633118034859, 3.799999999999999822, -0.5774182806441018334 ) ) ;
#1065 = VECTOR ( 'NONE', #8648, 1000.000000000000000 ) ;
#1066 = CARTESIAN_POINT ( 'NONE',  ( 5.500000000000000000, 1.899999999999999911, 0.3499999999999995337 ) ) ;
#1067 = CARTESIAN_POINT ( 'NONE',  ( 3.375310928442229130, 3.799999999999998490, 0.1293523829498002542 ) ) ;
#1068 = LINE ( 'NONE', #6053, #7410 ) ;
#1069 = CARTESIAN_POINT ( 'NONE',  ( 2.492463863378274969, 3.799999999999999378, -0.04804218787586589379 ) ) ;
#1070 = PRESENTATION_LAYER_ASSIGNMENT (  '', '', ( #7804 ) ) ;
#1071 = CARTESIAN_POINT ( 'NONE',  ( 3.496805556194958697, 3.799999999999999822, -0.5774182806441018334 ) ) ;
#1072 =( NAMED_UNIT ( * ) PLANE_ANGLE_UNIT ( ) SI_UNIT ( $, .RADIAN. ) );
#1073 = CARTESIAN_POINT ( 'NONE',  ( 3.648071134994826714, 3.790000000000001368, 0.03931838960591380050 ) ) ;
#1074 = EDGE_CURVE ( 'NONE', #1767, #147, #8497, .T. ) ;
#1075 = SURFACE_SIDE_STYLE ('',( #1874 ) ) ;
#1076 = CARTESIAN_POINT ( 'NONE',  ( 1.412510684400086536, 3.790000000000000036, -0.1565849473107684686 ) ) ;
#1077 = CARTESIAN_POINT ( 'NONE',  ( 1.485770120983105791, 3.790000000000000480, -0.09534614479894919226 ) ) ;
#1079 = STYLED_ITEM ( 'NONE', ( #1759 ), #6 ) ;
#1078 = DIRECTION ( 'NONE',  ( -0.0000000000000000000, 1.000000000000000000, -0.0000000000000000000 ) ) ;
#1080 = EDGE_LOOP ( 'NONE', ( #4768, #6973, #1670 ) ) ;
#1081 = VERTEX_POINT ( 'NONE', #5926 ) ;
#1082 = CARTESIAN_POINT ( 'NONE',  ( 2.473075503400668396, 3.789999999999999591, -0.3501078295086469949 ) ) ;
#1083 = PRESENTATION_STYLE_ASSIGNMENT (( #953 ) ) ;
#1084 = FILL_AREA_STYLE_COLOUR ( '', #2559 ) ;
#1085 = PRESENTATION_STYLE_ASSIGNMENT (( #9262 ) ) ;
#1086 = DIRECTION ( 'NONE',  ( -0.0000000000000000000, -1.000000000000000000, -0.0000000000000000000 ) ) ;
#1087 = VECTOR ( 'NONE', #2062, 1000.000000000000000 ) ;
#1088 = DIRECTION ( 'NONE',  ( 0.0000000000000000000, -1.000000000000000000, 0.0000000000000000000 ) ) ;
#1089 = ORIENTED_EDGE ( 'NONE', *, *, #2895, .F. ) ;
#1090 = CARTESIAN_POINT ( 'NONE',  ( 0.2052991459385476447, 3.790000000000000036, -0.09536699859281973224 ) ) ;
#1091 =( NAMED_UNIT ( * ) PLANE_ANGLE_UNIT ( ) SI_UNIT ( $, .RADIAN. ) );
#1092 = ORIENTED_EDGE ( 'NONE', *, *, #6260, .F. ) ;
#1093 = EDGE_CURVE ( 'NONE', #524, #458, #6257, .T. ) ;
#1094 = CARTESIAN_POINT ( 'NONE',  ( 0.3501709408103427235, 3.790000000000000036, -0.4009759729517941573 ) ) ;
#1095 = DIRECTION ( 'NONE',  ( 1.000000000000000000, 0.0000000000000000000, 0.0000000000000000000 ) ) ;
#1096 = VERTEX_POINT ( 'NONE', #7461 ) ;
#1097 = CARTESIAN_POINT ( 'NONE',  ( 3.316925927135973229, 3.789999999999998259, -0.3121850026264190170 ) ) ;
#1098 =( NAMED_UNIT ( * ) SI_UNIT ( $, .STERADIAN. ) SOLID_ANGLE_UNIT ( ) );
#1099 = STYLED_ITEM ( 'NONE', ( #1463 ), #5179 ) ;
#1100 =( LENGTH_UNIT ( ) NAMED_UNIT ( * ) SI_UNIT ( .MILLI., .METRE. ) );
#1101 = PRESENTATION_STYLE_ASSIGNMENT (( #816 ) ) ;
#1102 = CARTESIAN_POINT ( 'NONE',  ( 3.300023554882405730, 3.800000000000000266, -0.3745257243656798796 ) ) ;
#1103 = CARTESIAN_POINT ( 'NONE',  ( 2.487992236921264144, 3.800000000000000711, -0.02348787548307911671 ) ) ;
#1104 = CARTESIAN_POINT ( 'NONE',  ( 3.579893618732410410, 3.799999999999998490, 0.2477774720884127757 ) ) ;
#1105 = PRESENTATION_STYLE_ASSIGNMENT (( #5059 ) ) ;
#1106 = CARTESIAN_POINT ( 'NONE',  ( 3.697979695620528418, 3.790000000000000036, -0.04464090783062524270 ) ) ;
#1107 = PRESENTATION_LAYER_ASSIGNMENT (  '', '', ( #1296 ) ) ;
#1108 = ORIENTED_EDGE ( 'NONE', *, *, #1013, .T. ) ;
#1109 = CARTESIAN_POINT ( 'NONE',  ( 1.425668251510276097, 3.790000000000000924, 0.01206474284102864586 ) ) ;
#1110 = UNCERTAINTY_MEASURE_WITH_UNIT (LENGTH_MEASURE( 1.000000000000000082E-05 ), #930, 'distance_accuracy_value', 'NONE');
#1111 = VECTOR ( 'NONE', #3654, 1000.000000000000000 ) ;
#1112 =( GEOMETRIC_REPRESENTATION_CONTEXT ( 3 ) GLOBAL_UNCERTAINTY_ASSIGNED_CONTEXT ( ( #5020 ) ) GLOBAL_UNIT_ASSIGNED_CONTEXT ( ( #921, #74, #7411 ) ) REPRESENTATION_CONTEXT ( 'NONE', 'WORKASPACE' ) );
#1113 = CARTESIAN_POINT ( 'NONE',  ( -0.4131303412409393916, 3.790000000000000036, -0.5569054601312812824 ) ) ;
#1114 = LINE ( 'NONE', #7011, #1869 ) ;
#1115 = CARTESIAN_POINT ( 'NONE',  ( 1.734517206402920841, 3.790000000000000924, -0.4873901694487445813 ) ) ;
#1116 = ORIENTED_EDGE ( 'NONE', *, *, #4727, .F. ) ;
#1117 = LINE ( 'NONE', #6165, #3037 ) ;
#1118 =( LENGTH_UNIT ( ) NAMED_UNIT ( * ) SI_UNIT ( .MILLI., .METRE. ) );
#1119 =( GEOMETRIC_REPRESENTATION_CONTEXT ( 3 ) GLOBAL_UNCERTAINTY_ASSIGNED_CONTEXT ( ( #7788 ) ) GLOBAL_UNIT_ASSIGNED_CONTEXT ( ( #5188, #6577, #2931 ) ) REPRESENTATION_CONTEXT ( 'NONE', 'WORKASPACE' ) );
#1120 =( GEOMETRIC_REPRESENTATION_CONTEXT ( 3 ) GLOBAL_UNCERTAINTY_ASSIGNED_CONTEXT ( ( #1221 ) ) GLOBAL_UNIT_ASSIGNED_CONTEXT ( ( #1912, #4892, #7125 ) ) REPRESENTATION_CONTEXT ( 'NONE', 'WORKASPACE' ) );
#1121 = CARTESIAN_POINT ( 'NONE',  ( 2.070220520020294330, 3.799999999999999378, -0.4224663756187391761 ) ) ;
#1122 = ORIENTED_EDGE ( 'NONE', *, *, #4628, .F. ) ;
#1123 = CARTESIAN_POINT ( 'NONE',  ( -2.464412392522991269, 3.790000000000000036, 0.2430945398687187897 ) ) ;
#1124 = DIRECTION ( 'NONE',  ( 0.0000000000000000000, -0.0000000000000000000, 1.000000000000000000 ) ) ;
#1125 = DIRECTION ( 'NONE',  ( -1.000000000000000000, 0.0000000000000000000, 0.0000000000000000000 ) ) ;
#1126 = CARTESIAN_POINT ( 'NONE',  ( 2.430496370630562897, 3.790000000000000480, 0.1166635821150879132 ) ) ;
#1127 = CARTESIAN_POINT ( 'NONE',  ( 1.854017094656496445, 3.799999999999999822, 0.04421633474051362561 ) ) ;
#1128 = UNCERTAINTY_MEASURE_WITH_UNIT (LENGTH_MEASURE( 1.000000000000000082E-05 ), #6836, 'distance_accuracy_value', 'NONE');
#1129 = CARTESIAN_POINT ( 'NONE',  ( 3.559115941770798486, 3.800000000000000711, 0.2548479903801273427 ) ) ;
#1130 = DIRECTION ( 'NONE',  ( 0.0000000000000000000, 0.0000000000000000000, 1.000000000000000000 ) ) ;
#1131 = PRESENTATION_STYLE_ASSIGNMENT (( #5172 ) ) ;
#1132 = MECHANICAL_DESIGN_GEOMETRIC_PRESENTATION_REPRESENTATION (  '', ( #8489 ), #1662 ) ;
#1133 = EDGE_CURVE ( 'NONE', #7491, #7313, #9531, .T. ) ;
#1134 = STYLED_ITEM ( 'NONE', ( #6169 ), #2049 ) ;
#1135 = ORIENTED_EDGE ( 'NONE', *, *, #8756, .F. ) ;
#1136 = CARTESIAN_POINT ( 'NONE',  ( -3.569999999999999396, 0.0000000000000000000, 0.0000000000000000000 ) ) ;
#1137 = CARTESIAN_POINT ( 'NONE',  ( 3.604906751383234020, 3.790000000000000036, 0.1414766295350703418 ) ) ;
#1138 = CARTESIAN_POINT ( 'NONE',  ( 2.492463863378274969, 3.789999999999999591, -0.04804218787586589379 ) ) ;
#1139 = PRESENTATION_STYLE_ASSIGNMENT (( #5769 ) ) ;
#1140 = SURFACE_STYLE_USAGE ( .BOTH. , #1907 ) ;
#1141 = DIRECTION ( 'NONE',  ( -1.000000000000000000, 0.0000000000000000000, 0.0000000000000000000 ) ) ;
#1142 = CARTESIAN_POINT ( 'NONE',  ( 2.027895299784701511, 3.790000000000000036, -0.1565849473107684686 ) ) ;
#1143 = MECHANICAL_DESIGN_GEOMETRIC_PRESENTATION_REPRESENTATION (  '', ( #4000 ), #7872 ) ;
#1144 = ORIENTED_EDGE ( 'NONE', *, *, #7858, .T. ) ;
#1145 =( GEOMETRIC_REPRESENTATION_CONTEXT ( 3 ) GLOBAL_UNCERTAINTY_ASSIGNED_CONTEXT ( ( #3191 ) ) GLOBAL_UNIT_ASSIGNED_CONTEXT ( ( #23, #5272, #6017 ) ) REPRESENTATION_CONTEXT ( 'NONE', 'WORKASPACE' ) );
#1146 =( NAMED_UNIT ( * ) PLANE_ANGLE_UNIT ( ) SI_UNIT ( $, .RADIAN. ) );
#1147 = CARTESIAN_POINT ( 'NONE',  ( -5.500000000000000000, 1.900000000000000355, -1.249999999999999778 ) ) ;
#1148 = SURFACE_STYLE_USAGE ( .BOTH. , #3396 ) ;
#1149 = CARTESIAN_POINT ( 'NONE',  ( 2.324011388815848012, 3.789999999999999591, -0.4939749220478088509 ) ) ;
#1150 = LINE ( 'NONE', #4297, #7371 ) ;
#1151 = CARTESIAN_POINT ( 'NONE',  ( 1.548372239900811964, 3.799999999999999822, 0.1155454211852845053 ) ) ;
#1152 = CARTESIAN_POINT ( 'NONE',  ( 3.378996134115336059, 3.790000000000001812, -0.4338664224518342660 ) ) ;
#1153 = CARTESIAN_POINT ( 'NONE',  ( 3.287080069309396002, 3.789999999999999147, 0.1517119343459143455 ) ) ;
#1154 = EDGE_LOOP ( 'NONE', ( #8168, #2330, #6559, #2751 ) ) ;
#1155 =( NAMED_UNIT ( * ) PLANE_ANGLE_UNIT ( ) SI_UNIT ( $, .RADIAN. ) );
#1156 = DIRECTION ( 'NONE',  ( -8.673617379884035472E-17, -0.0000000000000000000, -1.000000000000000000 ) ) ;
#1157 = CARTESIAN_POINT ( 'NONE',  ( 3.544401221919636136, 3.800000000000001155, -0.1076877726835019505 ) ) ;
#1158 = CARTESIAN_POINT ( 'NONE',  ( 2.350184646653020071, 3.800000000000000266, 0.1734214998187547652 ) ) ;
#1159 = CARTESIAN_POINT ( 'NONE',  ( 2.289053561691750893, 3.799999999999999822, -0.5773123683654480809 ) ) ;
#1160 = STYLED_ITEM ( 'NONE', ( #4980 ), #3779 ) ;
#1161 = CARTESIAN_POINT ( 'NONE',  ( -0.8000832813214729944, 3.789999999999999591, 0.07150099606175130962 ) ) ;
#1162 = CARTESIAN_POINT ( 'NONE',  ( 2.099690171579573938, 3.800000000000000266, -0.1569054601312812325 ) ) ;
#1163 = EDGE_CURVE ( 'NONE', #1954, #4010, #255, .T. ) ;
#1164 = ADVANCED_FACE ( 'NONE', ( #5659, #3704 ), #8972, .T. ) ;
#1165 = ORIENTED_EDGE ( 'NONE', *, *, #7174, .T. ) ;
#1166 = CARTESIAN_POINT ( 'NONE',  ( -0.1054380335486315573, 3.790000000000000036, 0.1610432578174366969 ) ) ;
#1167 =( NAMED_UNIT ( * ) PLANE_ANGLE_UNIT ( ) SI_UNIT ( $, .RADIAN. ) );
#1168 = PRESENTATION_STYLE_ASSIGNMENT (( #3669 ) ) ;
#1169 = CARTESIAN_POINT ( 'NONE',  ( 3.491677351066753143, 3.790000000000000036, 0.2636073603815393129 ) ) ;
#1170 = DIRECTION ( 'NONE',  ( -0.4484076232591096556, 0.0000000000000000000, 0.8938291802146069998 ) ) ;
#1171 = ORIENTED_EDGE ( 'NONE', *, *, #5024, .T. ) ;
#1172 = CARTESIAN_POINT ( 'NONE',  ( 3.022767094656496845, 3.799999999999999822, 0.2430945398687187897 ) ) ;
#1173 = CARTESIAN_POINT ( 'NONE',  ( 2.271330561928281089, 3.789999999999999147, 0.1802321294552049480 ) ) ;
#1174 = ADVANCED_FACE ( 'NONE', ( #4272 ), #6779, .T. ) ;
#1175 = LINE ( 'NONE', #6279, #5149 ) ;
#1176 = CARTESIAN_POINT ( 'NONE',  ( -1.586207264317862631, 3.799999999999999822, -0.5569054601312812824 ) ) ;
#1177 = VERTEX_POINT ( 'NONE', #9720 ) ;
#1178 = VERTEX_POINT ( 'NONE', #5886 ) ;
#1179 = CARTESIAN_POINT ( 'NONE',  ( 3.372653239360579036, 3.799999999999998490, -0.4144875875707974555 ) ) ;
#1180 = CARTESIAN_POINT ( 'NONE',  ( 3.389534524690167583, 3.799999999999998934, -0.4514158750403876597 ) ) ;
#1181 = MECHANICAL_DESIGN_GEOMETRIC_PRESENTATION_REPRESENTATION (  '', ( #665 ), #3607 ) ;
#1182 =( NAMED_UNIT ( * ) PLANE_ANGLE_UNIT ( ) SI_UNIT ( $, .RADIAN. ) );
#1183 = VECTOR ( 'NONE', #1156, 1000.000000000000000 ) ;
#1184 = CARTESIAN_POINT ( 'NONE',  ( 2.349901821787536260, 3.790000000000001812, -0.4873901694487444147 ) ) ;
#1185 = FACE_OUTER_BOUND ( 'NONE', #7393, .T. ) ;
#1186 = CARTESIAN_POINT ( 'NONE',  ( 1.502672830731115683, 3.790000000000000924, 0.02511575188014496252 ) ) ;
#1187 = SURFACE_SIDE_STYLE ('',( #6717 ) ) ;
#1188 = EDGE_CURVE ( 'NONE', #5802, #8760, #3819, .T. ) ;
#1189 = CARTESIAN_POINT ( 'NONE',  ( 5.499999999999999112, 0.0000000000000000000, -5.000000000000000888 ) ) ;
#1190 = CARTESIAN_POINT ( 'NONE',  ( 3.438460854128073674, 3.790000000000000036, 0.2583009624386687353 ) ) ;
#1191 = CARTESIAN_POINT ( 'NONE',  ( 2.409929733250182338, 3.789999999999999591, 0.1382796999709349495 ) ) ;
#1192 = CARTESIAN_POINT ( 'NONE',  ( 2.028115916506145755, 3.800000000000000266, -0.1943146323351606364 ) ) ;
#1193 = VECTOR ( 'NONE', #3853, 1000.000000000000000 ) ;
#1194 = DIRECTION ( 'NONE',  ( -0.0000000000000000000, -1.000000000000000000, -0.0000000000000000000 ) ) ;
#1195 = SURFACE_STYLE_FILL_AREA ( #3369 ) ;
#1196 = CARTESIAN_POINT ( 'NONE',  ( 2.271206569469773839, 3.800000000000001155, -0.4939731607068253427 ) ) ;
#1197 = PRESENTATION_LAYER_ASSIGNMENT (  '', '', ( #681 ) ) ;
#1198 = CARTESIAN_POINT ( 'NONE',  ( 1.115074786964188824, 3.790000000000000036, -0.5569054601312812824 ) ) ;
#1199 = CARTESIAN_POINT ( 'NONE',  ( -0.03364316175375998974, 3.799999999999999822, 0.2430945398687187897 ) ) ;
#1200 = FACE_OUTER_BOUND ( 'NONE', #3403, .T. ) ;
#1201 = CARTESIAN_POINT ( 'NONE',  ( 4.999999999999996447, 3.799999999999999822, -5.000000000000000888 ) ) ;
#1202 = PRESENTATION_LAYER_ASSIGNMENT (  '', '', ( #9443 ) ) ;
#1203 = CARTESIAN_POINT ( 'NONE',  ( 3.552557480221095965, 3.789999999999999591, -0.5708242042970157470 ) ) ;
#1204 = VERTEX_POINT ( 'NONE', #9062 ) ;
#1205 = CARTESIAN_POINT ( 'NONE',  ( 3.632487641251072041, 3.789999999999999147, -0.01396876745188510745 ) ) ;
#1206 = EDGE_CURVE ( 'NONE', #9698, #2145, #5535, .T. ) ;
#1207 = PRESENTATION_STYLE_ASSIGNMENT (( #6117 ) ) ;
#1208 = CARTESIAN_POINT ( 'NONE',  ( -0.7474416958469880523, 3.799999999999999822, -0.4335475578034581057 ) ) ;
#1209 = EDGE_LOOP ( 'NONE', ( #798, #2017, #3674, #3272, #6505, #3949, #3156, #4414 ) ) ;
#1210 = EDGE_LOOP ( 'NONE', ( #2849, #6664, #7319 ) ) ;
#1211 = FACE_OUTER_BOUND ( 'NONE', #9389, .T. ) ;
#1212 = COLOUR_RGB ( '',1.000000000000000000, 1.000000000000000000, 1.000000000000000000 ) ;
#1213 = PLANE ( 'NONE',  #2173 ) ;
#1215 = EDGE_CURVE ( 'NONE', #7424, #9368, #3925, .T. ) ;
#1214 = SURFACE_STYLE_USAGE ( .BOTH. , #1947 ) ;
#1216 = VERTEX_POINT ( 'NONE', #1860 ) ;
#1217 = CARTESIAN_POINT ( 'NONE',  ( -0.7853674410105873083, 3.800000000000000266, 0.05485304747391177987 ) ) ;
#1218 = VECTOR ( 'NONE', #2146, 1000.000000000000000 ) ;
#1219 = ORIENTED_EDGE ( 'NONE', *, *, #2248, .F. ) ;
#1220 = ORIENTED_EDGE ( 'NONE', *, *, #3049, .F. ) ;
#1221 = UNCERTAINTY_MEASURE_WITH_UNIT (LENGTH_MEASURE( 1.000000000000000082E-05 ), #1912, 'distance_accuracy_value', 'NONE');
#1222 = SURFACE_STYLE_FILL_AREA ( #4216 ) ;
#1223 = SURFACE_STYLE_FILL_AREA ( #9594 ) ;
#1224 = EDGE_LOOP ( 'NONE', ( #4062, #7955, #850, #2048 ) ) ;
#1225 =( GEOMETRIC_REPRESENTATION_CONTEXT ( 3 ) GLOBAL_UNCERTAINTY_ASSIGNED_CONTEXT ( ( #2891 ) ) GLOBAL_UNIT_ASSIGNED_CONTEXT ( ( #1019, #1819, #7027 ) ) REPRESENTATION_CONTEXT ( 'NONE', 'WORKASPACE' ) );
#1226 = VECTOR ( 'NONE', #1521, 1000.000000000000000 ) ;
#1227 = DIRECTION ( 'NONE',  ( -0.0000000000000000000, 1.000000000000000000, -0.0000000000000000000 ) ) ;
#1228 = PLANE ( 'NONE',  #5506 ) ;
#1229 = EDGE_CURVE ( 'NONE', #1284, #4123, #7420, .T. ) ;
#1230 = DIRECTION ( 'NONE',  ( 0.0000000000000000000, -0.0000000000000000000, -1.000000000000000000 ) ) ;
#1231 = CARTESIAN_POINT ( 'NONE',  ( 3.328974863855834965, 3.799999999999998490, 0.1997334546226613439 ) ) ;
#1232 = DIRECTION ( 'NONE',  ( 0.8937278759727254052, 0.0000000000000000000, 0.4486095002441219393 ) ) ;
#1233 = VECTOR ( 'NONE', #8409, 1000.000000000000000 ) ;
#1234 = FACE_OUTER_BOUND ( 'NONE', #3118, .T. ) ;
#1235 = CARTESIAN_POINT ( 'NONE',  ( 2.108925061061111883, 3.800000000000000266, -0.2971399519715639537 ) ) ;
#1236 = LINE ( 'NONE', #3708, #6993 ) ;
#1237 = ORIENTED_EDGE ( 'NONE', *, *, #5934, .T. ) ;
#1238 = CARTESIAN_POINT ( 'NONE',  ( -1.015749408217476057, 3.790000000000000036, -0.5520117742214274426 ) ) ;
#1239 = CARTESIAN_POINT ( 'NONE',  ( 1.884305556194958431, 3.790000000000000036, -0.1569054601312812325 ) ) ;
#1240 = AXIS2_PLACEMENT_3D ( 'NONE', #9102, #112, #8356 ) ;
#1241 =( NAMED_UNIT ( * ) PLANE_ANGLE_UNIT ( ) SI_UNIT ( $, .RADIAN. ) );
#1242 = UNCERTAINTY_MEASURE_WITH_UNIT (LENGTH_MEASURE( 1.000000000000000082E-05 ), #7431, 'distance_accuracy_value', 'NONE');
#1243 = FACE_OUTER_BOUND ( 'NONE', #1788, .T. ) ;
#1244 = CARTESIAN_POINT ( 'NONE',  ( 3.642849349057077468, 3.789999999999999591, -0.5197577635285900444 ) ) ;
#1245 = CARTESIAN_POINT ( 'NONE',  ( 2.123884878771047813, 3.790000000000001368, 0.04330725146975167306 ) ) ;
#1246 = ORIENTED_EDGE ( 'NONE', *, *, #689, .F. ) ;
#1247 = CARTESIAN_POINT ( 'NONE',  ( 3.619722222861624594, 3.790000000000000036, -0.03254648577230689899 ) ) ;
#1248 = SURFACE_STYLE_FILL_AREA ( #1848 ) ;
#1249 = CARTESIAN_POINT ( 'NONE',  ( 3.602848141103375479, 3.790000000000000480, -0.1561627622483771904 ) ) ;
#1250 = AXIS2_PLACEMENT_3D ( 'NONE', #2450, #989, #7748 ) ;
#1251 = CARTESIAN_POINT ( 'NONE',  ( 1.682382479271881559, 3.790000000000000924, 0.1815560783302572756 ) ) ;
#1252 = VECTOR ( 'NONE', #8101, 1000.000000000000000 ) ;
#1253 = EDGE_LOOP ( 'NONE', ( #6317, #5492, #8454, #6171, #1332, #2898, #3456, #1546, #8957, #7072, #7421, #9269, #9513, #3841, #5594, #4599 ) ) ;
#1254 = CARTESIAN_POINT ( 'NONE',  ( 5.500000000000000000, 1.899999999999999911, 1.249999999999999778 ) ) ;
#1255 = FACE_OUTER_BOUND ( 'NONE', #6071, .T. ) ;
#1256 = CARTESIAN_POINT ( 'NONE',  ( 1.863843979438678744, 3.790000000000000036, -0.3304827822602799947 ) ) ;
#1257 = ORIENTED_EDGE ( 'NONE', *, *, #8310, .T. ) ;
#1258 = EDGE_CURVE ( 'NONE', #7281, #3061, #5768, .T. ) ;
#1259 =( GEOMETRIC_REPRESENTATION_CONTEXT ( 3 ) GLOBAL_UNCERTAINTY_ASSIGNED_CONTEXT ( ( #3434 ) ) GLOBAL_UNIT_ASSIGNED_CONTEXT ( ( #3268, #3230, #2578 ) ) REPRESENTATION_CONTEXT ( 'NONE', 'WORKASPACE' ) );
#1260 = DIRECTION ( 'NONE',  ( 8.673617379884036705E-17, 0.0000000000000000000, -1.000000000000000000 ) ) ;
#1261 = VECTOR ( 'NONE', #3720, 1000.000000000000000 ) ;
#1262 = CARTESIAN_POINT ( 'NONE',  ( 1.573508097834148689, 3.799999999999999378, -0.5524070715046676128 ) ) ;
#1263 =( NAMED_UNIT ( * ) SI_UNIT ( $, .STERADIAN. ) SOLID_ANGLE_UNIT ( ) );
#1264 =( NAMED_UNIT ( * ) PLANE_ANGLE_UNIT ( ) SI_UNIT ( $, .RADIAN. ) );
#1265 = ORIENTED_EDGE ( 'NONE', *, *, #1032, .F. ) ;
#1266 = CARTESIAN_POINT ( 'NONE',  ( 2.130693824616832988, 3.800000000000001155, -0.3740378411686506310 ) ) ;
#1267 = PRESENTATION_LAYER_ASSIGNMENT (  '', '', ( #2000 ) ) ;
#1268 = EDGE_CURVE ( 'NONE', #9117, #8665, #4841, .T. ) ;
#1269 = CARTESIAN_POINT ( 'NONE',  ( 3.424209402348804332, 3.790000000000000036, -0.2907195626953838485 ) ) ;
#1270 = CARTESIAN_POINT ( 'NONE',  ( 1.412510684400086536, 3.790000000000000036, -0.1565849473107684686 ) ) ;
#1271 =( NAMED_UNIT ( * ) PLANE_ANGLE_UNIT ( ) SI_UNIT ( $, .RADIAN. ) );
#1272 = FILL_AREA_STYLE ('',( #3633 ) ) ;
#1273 = DIRECTION ( 'NONE',  ( -0.0000000000000000000, 1.000000000000000000, -0.0000000000000000000 ) ) ;
#1274 = CARTESIAN_POINT ( 'NONE',  ( 3.559115941770798486, 3.800000000000000711, 0.2548479903801273427 ) ) ;
#1275 = ORIENTED_EDGE ( 'NONE', *, *, #7706, .F. ) ;
#1276 = LINE ( 'NONE', #4706, #796 ) ;
#1277 = CARTESIAN_POINT ( 'NONE',  ( 3.544401221919636136, 3.790000000000001368, -0.1076877726835019505 ) ) ;
#1278 = SURFACE_SIDE_STYLE ('',( #8292 ) ) ;
#1279 = PRESENTATION_LAYER_ASSIGNMENT (  '', '', ( #3521 ) ) ;
#1280 = PRODUCT_DEFINITION_SHAPE ( 'NONE', 'NONE',  #7558 ) ;
#1281 = ORIENTED_EDGE ( 'NONE', *, *, #4281, .T. ) ;
#1282 = CARTESIAN_POINT ( 'NONE',  ( 3.378996134115336059, 3.800000000000001599, -0.4338664224518342660 ) ) ;
#1283 = SURFACE_STYLE_FILL_AREA ( #2154 ) ;
#1284 = VERTEX_POINT ( 'NONE', #9330 ) ;
#1285 = EDGE_CURVE ( 'NONE', #7979, #827, #9650, .T. ) ;
#1286 = PRESENTATION_STYLE_ASSIGNMENT (( #514 ) ) ;
#1287 = DIRECTION ( 'NONE',  ( -1.000000000000000000, 0.0000000000000000000, 0.0000000000000000000 ) ) ;
#1288 = DIRECTION ( 'NONE',  ( -1.000000000000000000, 0.0000000000000000000, 0.0000000000000000000 ) ) ;
#1289 = ORIENTED_EDGE ( 'NONE', *, *, #6974, .F. ) ;
#1290 = DIRECTION ( 'NONE',  ( -0.4283511191562794362, 0.0000000000000000000, 0.9036123719369731910 ) ) ;
#1291 = SURFACE_STYLE_USAGE ( .BOTH. , #2181 ) ;
#1292 =( GEOMETRIC_REPRESENTATION_CONTEXT ( 3 ) GLOBAL_UNCERTAINTY_ASSIGNED_CONTEXT ( ( #3600 ) ) GLOBAL_UNIT_ASSIGNED_CONTEXT ( ( #1796, #7065, #7271 ) ) REPRESENTATION_CONTEXT ( 'NONE', 'WORKASPACE' ) );
#1293 = CARTESIAN_POINT ( 'NONE',  ( 2.154599567575464114, 3.790000000000000924, -0.4173030974588872177 ) ) ;
#1294 = CARTESIAN_POINT ( 'NONE',  ( 3.569999999999999396, -0.07000000000000000666, 1.249999999999999778 ) ) ;
#1295 = FACE_OUTER_BOUND ( 'NONE', #6689, .T. ) ;
#1296 = STYLED_ITEM ( 'NONE', ( #2954 ), #7375 ) ;
#1297 = DIRECTION ( 'NONE',  ( -0.4285960263555439465, 0.0000000000000000000, 0.9034962347415942396 ) ) ;
#1298 = DIRECTION ( 'NONE',  ( 1.000000000000000000, 0.0000000000000000000, 0.0000000000000000000 ) ) ;
#1299 =( LENGTH_UNIT ( ) NAMED_UNIT ( * ) SI_UNIT ( .MILLI., .METRE. ) );
#1300 = VERTEX_POINT ( 'NONE', #1723 ) ;
#1301 = ORIENTED_EDGE ( 'NONE', *, *, #2135, .T. ) ;
#1302 = CARTESIAN_POINT ( 'NONE',  ( -5.500000000000000888, 3.799999999999999822, -5.000000000000000888 ) ) ;
#1303 = DIRECTION ( 'NONE',  ( -0.0000000000000000000, 1.000000000000000000, -0.0000000000000000000 ) ) ;
#1304 = CARTESIAN_POINT ( 'NONE',  ( 1.876852556757180990, 3.789999999999999591, -0.4764134731311421289 ) ) ;
#1305 = CARTESIAN_POINT ( 'NONE',  ( -1.137054183362238291, 3.789999999999999591, -0.4747331057305892443 ) ) ;
#1306 = SURFACE_STYLE_USAGE ( .BOTH. , #3571 ) ;
#1307 = DIRECTION ( 'NONE',  ( 1.000000000000000000, -0.0000000000000000000, -0.0000000000000000000 ) ) ;
#1308 = LINE ( 'NONE', #979, #5996 ) ;
#1309 = UNCERTAINTY_MEASURE_WITH_UNIT (LENGTH_MEASURE( 1.000000000000000082E-05 ), #6350, 'distance_accuracy_value', 'NONE');
#1310 = CARTESIAN_POINT ( 'NONE',  ( -2.660726495087093912, 3.790000000000000036, -0.01331571654153768276 ) ) ;
#1311 = CARTESIAN_POINT ( 'NONE',  ( -0.7212579639286225142, 3.799999999999999378, -0.1206901098479175038 ) ) ;
#1312 = MECHANICAL_DESIGN_GEOMETRIC_PRESENTATION_REPRESENTATION (  '', ( #9538 ), #1855 ) ;
#1313 = MECHANICAL_DESIGN_GEOMETRIC_PRESENTATION_REPRESENTATION (  '', ( #7717 ), #9539 ) ;
#1314 = CARTESIAN_POINT ( 'NONE',  ( 1.679978633118034859, 3.799999999999999822, 0.2636073603815393129 ) ) ;
#1315 = VECTOR ( 'NONE', #3477, 1000.000000000000000 ) ;
#1316 = FACE_OUTER_BOUND ( 'NONE', #7094, .T. ) ;
#1317 = ADVANCED_FACE ( 'NONE', ( #7891 ), #201, .F. ) ;
#1318 = AXIS2_PLACEMENT_3D ( 'NONE', #7056, #6435, #6407 ) ;
#1319 = CARTESIAN_POINT ( 'NONE',  ( -0.7414095166604942611, 3.790000000000000480, 0.1265685369533988969 ) ) ;
#1320 = ORIENTED_EDGE ( 'NONE', *, *, #2675, .T. ) ;
#1321 = EDGE_CURVE ( 'NONE', #5836, #3029, #2172, .T. ) ;
#1322 = B_SPLINE_SURFACE_WITH_KNOTS ( 'NONE', 3, 1, ( 
 ( #6906, #1764 ),
 ( #841, #1658 ),
 ( #9009, #9040 ),
 ( #8311, #6023 ),
 ( #6788, #2334 ),
 ( #6124, #8359 ),
 ( #2395, #4658 ),
 ( #812, #5371 ),
 ( #5396, #2425 ),
 ( #6061, #118 ),
 ( #1593, #8273 ),
 ( #55, #874 ),
 ( #148, #6159 ),
 ( #6815, #2362 ),
 ( #1628, #7572 ),
 ( #4598, #6091 ),
 ( #7630, #3110 ),
 ( #8333, #3176 ),
 ( #6879, #89 ),
 ( #3859, #8389 ),
 ( #7537, #3918 ),
 ( #779, #1693 ),
 ( #1561, #5342 ) ),
 .UNSPECIFIED., .F., .F., .F.,
 ( 4, 1, 1, 1, 1, 1, 1, 1, 1, 1, 1, 1, 1, 1, 1, 1, 1, 1, 1, 1, 4 ),
 ( 2, 2 ),
 ( 0.0000000000000000000, 0.07295106587586645819, 0.1415836941865449838, 0.2059264601708668541, 0.2653013571846052909, 0.3205972327139278155, 0.3718165030988101472, 0.4187897697094518090, 0.4616987286157644976, 0.5021335821035652902, 0.5408043152926476083, 0.5781805253279658219, 0.6142968652075136982, 0.6496782432647876249, 0.6842994600896366020, 0.7183589527723605039, 0.7520808646475959369, 0.8176524386023857893, 0.8797220764054370923, 0.9399655597309872768, 1.000000000000000000 ),
 ( 0.0000000000000000000, 1.000000000000000000 ),
 .UNSPECIFIED. ) ;
#1323 = CARTESIAN_POINT ( 'NONE',  ( 1.454835904635678467, 3.799999999999999378, -0.4224663756187394537 ) ) ;
#1324 =( GEOMETRIC_REPRESENTATION_CONTEXT ( 3 ) GLOBAL_UNCERTAINTY_ASSIGNED_CONTEXT ( ( #4442 ) ) GLOBAL_UNIT_ASSIGNED_CONTEXT ( ( #9312, #3284, #2562 ) ) REPRESENTATION_CONTEXT ( 'NONE', 'WORKASPACE' ) );
#1325 = CARTESIAN_POINT ( 'NONE',  ( 3.300765359436435897, 3.799999999999998934, 0.1693892104276903676 ) ) ;
#1327 = CARTESIAN_POINT ( 'NONE',  ( -1.102704885490792597, 3.799999999999999822, -0.5566088628912957414 ) ) ;
#1326 = CARTESIAN_POINT ( 'NONE',  ( 3.480528387703743398, 3.789999999999999591, -0.4950900386038167844 ) ) ;
#1328 = DIRECTION ( 'NONE',  ( 0.0000000000000000000, -1.000000000000000000, 0.0000000000000000000 ) ) ;
#1329 = VECTOR ( 'NONE', #368, 1000.000000000000000 ) ;
#1330 =( NAMED_UNIT ( * ) SI_UNIT ( $, .STERADIAN. ) SOLID_ANGLE_UNIT ( ) );
#1331 = ORIENTED_EDGE ( 'NONE', *, *, #6995, .F. ) ;
#1332 = ORIENTED_EDGE ( 'NONE', *, *, #9120, .F. ) ;
#1333 =( GEOMETRIC_REPRESENTATION_CONTEXT ( 3 ) GLOBAL_UNCERTAINTY_ASSIGNED_CONTEXT ( ( #5439 ) ) GLOBAL_UNIT_ASSIGNED_CONTEXT ( ( #4499, #837, #3772 ) ) REPRESENTATION_CONTEXT ( 'NONE', 'WORKASPACE' ) );
#1334 = VERTEX_POINT ( 'NONE', #4777 ) ;
#1335 = CARTESIAN_POINT ( 'NONE',  ( 2.479282816624943209, 3.789999999999999147, -0.4925144705909382803 ) ) ;
#1336 = CARTESIAN_POINT ( 'NONE',  ( 2.350184646653020071, 3.800000000000000266, 0.1734214998187547652 ) ) ;
#1337 =( NAMED_UNIT ( * ) SI_UNIT ( $, .STERADIAN. ) SOLID_ANGLE_UNIT ( ) );
#1338 = COLOUR_RGB ( '',1.000000000000000000, 1.000000000000000000, 1.000000000000000000 ) ;
#1339 = CARTESIAN_POINT ( 'NONE',  ( 2.419927399085393116, 3.799999999999999822, -0.5433301372367407289 ) ) ;
#1340 =( GEOMETRIC_REPRESENTATION_CONTEXT ( 3 ) GLOBAL_UNCERTAINTY_ASSIGNED_CONTEXT ( ( #4215 ) ) GLOBAL_UNIT_ASSIGNED_CONTEXT ( ( #3291, #6343, #5635 ) ) REPRESENTATION_CONTEXT ( 'NONE', 'WORKASPACE' ) );
#1341 = CARTESIAN_POINT ( 'NONE',  ( 5.569999999999999396, -0.07000000000000000666, -1.250000000000000222 ) ) ;
#1342 = CARTESIAN_POINT ( 'NONE',  ( 2.297767094656497200, 3.790000000000000036, 0.1815560783302572478 ) ) ;
#1343 =( LENGTH_UNIT ( ) NAMED_UNIT ( * ) SI_UNIT ( .MILLI., .METRE. ) );
#1344 = COLOUR_RGB ( '',1.000000000000000000, 1.000000000000000000, 1.000000000000000000 ) ;
#1345 = CARTESIAN_POINT ( 'NONE',  ( -0.7630839830508160393, 3.800000000000001155, -0.3212118340327357879 ) ) ;
#1346 = B_SPLINE_SURFACE_WITH_KNOTS ( 'NONE', 3, 1, ( 
 ( #9522, #7993 ),
 ( #9619, #3537 ),
 ( #6549, #5033 ),
 ( #566, #533 ),
 ( #2091, #2912 ),
 ( #8742, #2869 ),
 ( #2839, #5779 ),
 ( #7301, #8064 ),
 ( #8094, #6580 ),
 ( #8801, #4329 ),
 ( #9565, #5132 ),
 ( #5065, #4263 ),
 ( #1335, #3630 ),
 ( #8839, #9589 ),
 ( #5849, #3658 ),
 ( #4392, #8879 ),
 ( #5882, #5236 ),
 ( #3788, #6707 ),
 ( #8201, #6008 ),
 ( #6775, #2966 ),
 ( #5922, #7389 ),
 ( #3820, #8297 ),
 ( #7495, #13 ),
 ( #5295, #9653 ),
 ( #8933, #5165 ),
 ( #5954, #7523 ),
 ( #3031, #722 ) ),
 .UNSPECIFIED., .F., .F., .F.,
 ( 4, 1, 1, 1, 1, 1, 1, 1, 1, 1, 1, 1, 1, 1, 1, 1, 1, 1, 1, 1, 1, 1, 1, 1, 4 ),
 ( 2, 2 ),
 ( 0.0000000000000000000, 0.03378811616271069213, 0.06719393237387977225, 0.09986241085682558138, 0.1325666121262585317, 0.1651511732547866762, 0.1979131873557926358, 0.2313190035669617506, 0.2650832782673726018, 0.2992553087581144577, 0.3343985665049784561, 0.3699428235093081829, 0.4062835607000613303, 0.4440638196985082220, 0.4829977068727756007, 0.5233544466133047690, 0.5655365896041488760, 0.6096129240658193504, 0.6563908113764171937, 0.7058854949364572473, 0.7583245002617310382, 0.8138317829411501059, 0.8727945590393899611, 0.9347222295400742231, 1.000000000000000000 ),
 ( 0.0000000000000000000, 1.000000000000000000 ),
 .UNSPECIFIED. ) ;
#1347 = VERTEX_POINT ( 'NONE', #2577 ) ;
#1348 = EDGE_LOOP ( 'NONE', ( #6099, #8063, #5815, #7130 ) ) ;
#1349 = LINE ( 'NONE', #39, #3960 ) ;
#1350 = ADVANCED_FACE ( 'NONE', ( #9171 ), #1823, .T. ) ;
#1351 = PRESENTATION_STYLE_ASSIGNMENT (( #316 ) ) ;
#1352 = EDGE_LOOP ( 'NONE', ( #434, #2921, #8309, #3438 ) ) ;
#1354 = PRESENTATION_LAYER_ASSIGNMENT (  '', '', ( #8386 ) ) ;
#1353 =( NAMED_UNIT ( * ) PLANE_ANGLE_UNIT ( ) SI_UNIT ( $, .RADIAN. ) );
#1355 = CARTESIAN_POINT ( 'NONE',  ( -0.8000832813214729944, 3.799999999999999378, 0.07150099606175130962 ) ) ;
#1356 = COLOUR_RGB ( '',1.000000000000000000, 1.000000000000000000, 1.000000000000000000 ) ;
#1357 = VERTEX_POINT ( 'NONE', #4741 ) ;
#1358 = DIRECTION ( 'NONE',  ( 0.0000000000000000000, -1.000000000000000000, -1.084202172485503448E-16 ) ) ;
#1359 = STYLED_ITEM ( 'NONE', ( #7927 ), #3723 ) ;
#1360 = PRESENTATION_STYLE_ASSIGNMENT (( #959 ) ) ;
#1361 = FILL_AREA_STYLE_COLOUR ( '', #4555 ) ;
#1362 = EDGE_CURVE ( 'NONE', #744, #7372, #1742, .T. ) ;
#1363 = CARTESIAN_POINT ( 'NONE',  ( 1.624827834209818356, 3.800000000000000266, -0.5714473343366130997 ) ) ;
#1364 = ORIENTED_EDGE ( 'NONE', *, *, #3418, .F. ) ;
#1365 = FILL_AREA_STYLE ('',( #4127 ) ) ;
#1366 = FACE_OUTER_BOUND ( 'NONE', #8269, .T. ) ;
#1367 = CARTESIAN_POINT ( 'NONE',  ( 2.130522386632408782, 3.800000000000000266, 0.05991275284011745444 ) ) ;
#1368 = CARTESIAN_POINT ( 'NONE',  ( -0.9364262822676659992, 3.800000000000001155, -0.5411494752136910558 ) ) ;
#1369 = CARTESIAN_POINT ( 'NONE',  ( -1.469540597651195935, 3.790000000000000036, 0.2430945398687187897 ) ) ;
#1370 = EDGE_LOOP ( 'NONE', ( #2610, #6878, #5509, #8 ) ) ;
#1371 = VERTEX_POINT ( 'NONE', #4902 ) ;
#1372 = CARTESIAN_POINT ( 'NONE',  ( 2.099690171579573938, 3.790000000000000036, -0.1569054601312812325 ) ) ;
#1373 = MECHANICAL_DESIGN_GEOMETRIC_PRESENTATION_REPRESENTATION (  '', ( #3601 ), #6583 ) ;
#1374 = DIRECTION ( 'NONE',  ( -1.000000000000000000, -0.0000000000000000000, -8.673617379884036705E-17 ) ) ;
#1375 = CARTESIAN_POINT ( 'NONE',  ( 2.028115916506145755, 3.790000000000000480, -0.1943146323351606364 ) ) ;
#1376 = CARTESIAN_POINT ( 'NONE',  ( -1.137054183362238291, 3.789999999999999591, -0.4747331057305892443 ) ) ;
#1377 = CARTESIAN_POINT ( 'NONE',  ( 1.900082049199392831, 3.800000000000000266, -0.4398262286402328525 ) ) ;
#1378 = CARTESIAN_POINT ( 'NONE',  ( 1.679978633118034859, 3.799999999999999822, -0.5774182806441018334 ) ) ;
#1379 = CARTESIAN_POINT ( 'NONE',  ( -0.8631275937410624044, 3.790000000000000480, -0.4231134750096893216 ) ) ;
#1380 = MECHANICAL_DESIGN_GEOMETRIC_PRESENTATION_REPRESENTATION (  '', ( #8603 ), #1915 ) ;
#1381 = ORIENTED_EDGE ( 'NONE', *, *, #1399, .T. ) ;
#1382 = ORIENTED_EDGE ( 'NONE', *, *, #3253, .T. ) ;
#1383 = CARTESIAN_POINT ( 'NONE',  ( 3.425960573184847924, 3.790000000000000036, -0.2891568139374816049 ) ) ;
#1384 = LINE ( 'NONE', #3678, #3174 ) ;
#1385 = DIRECTION ( 'NONE',  ( 0.0000000000000000000, 1.000000000000000000, 3.423796334164751519E-16 ) ) ;
#1386 = CARTESIAN_POINT ( 'NONE',  ( -0.7276989724816781413, 3.800000000000000266, -0.07051422524950042015 ) ) ;
#1387 = DIRECTION ( 'NONE',  ( 0.0000000000000000000, 0.0000000000000000000, 1.000000000000000000 ) ) ;
#1388 = EDGE_CURVE ( 'NONE', #7491, #266, #3225, .T. ) ;
#1389 = ADVANCED_FACE ( 'NONE', ( #471 ), #4964, .F. ) ;
#1390 = CARTESIAN_POINT ( 'NONE',  ( 1.541586010854738564, 3.800000000000000711, -0.5328682805817644974 ) ) ;
#1392 = CARTESIAN_POINT ( 'NONE',  ( -1.027185751795361091, 3.789999999999999591, -0.5531775812937568260 ) ) ;
#1391 = CARTESIAN_POINT ( 'NONE',  ( 1.475407117240397747, 3.790000000000000480, -0.4605388633064053661 ) ) ;
#1393 = CARTESIAN_POINT ( 'NONE',  ( 2.099770461950070555, 3.799999999999999378, -0.1254817473077357026 ) ) ;
#1394 = ADVANCED_FACE ( 'NONE', ( #600 ), #430, .T. ) ;
#1395 = DIRECTION ( 'NONE',  ( 1.000000000000000000, 0.0000000000000000000, 0.0000000000000000000 ) ) ;
#1396 = CARTESIAN_POINT ( 'NONE',  ( 3.094561966451368384, 3.790000000000000036, 0.05847915525333415021 ) ) ;
#1397 = SURFACE_STYLE_USAGE ( .BOTH. , #2151 ) ;
#1398 = MECHANICAL_DESIGN_GEOMETRIC_PRESENTATION_REPRESENTATION (  '', ( #373 ), #5284 ) ;
#1399 = EDGE_CURVE ( 'NONE', #9578, #6846, #1569, .T. ) ;
#1400 = ORIENTED_EDGE ( 'NONE', *, *, #3199, .F. ) ;
#1401 = FILL_AREA_STYLE_COLOUR ( '', #6131 ) ;
#1402 = CARTESIAN_POINT ( 'NONE',  ( -0.4849252130358114310, 3.790000000000000036, 0.2430945398687187897 ) ) ;
#1403 = CARTESIAN_POINT ( 'NONE',  ( 0.3458440177334194399, 3.790000000000000036, -0.5569054601312812824 ) ) ;
#1404 = CARTESIAN_POINT ( 'NONE',  ( 1.942358837204898991, 3.799999999999998490, 0.007348803480033286664 ) ) ;
#1405 = EDGE_CURVE ( 'NONE', #1919, #6762, #5529, .T. ) ;
#1406 = CARTESIAN_POINT ( 'NONE',  ( -1.233643161753760209, 3.799999999999999822, -0.4748541780799992451 ) ) ;
#1407 = CARTESIAN_POINT ( 'NONE',  ( -0.6491715411336018704, 3.799999999999998934, -0.1369210232024520579 ) ) ;
#1408 =( LENGTH_UNIT ( ) NAMED_UNIT ( * ) SI_UNIT ( .MILLI., .METRE. ) );
#1409 = CARTESIAN_POINT ( 'NONE',  ( 2.504135594358767314, 3.790000000000000036, -0.4587483108834662926 ) ) ;
#1410 = CARTESIAN_POINT ( 'NONE',  ( -0.9074931621922620595, 3.790000000000000036, -0.4445312058487608242 ) ) ;
#1411 = B_SPLINE_SURFACE_WITH_KNOTS ( 'NONE', 3, 1, ( 
 ( #5310, #904 ),
 ( #3079, #4567 ),
 ( #2459, #7657 ),
 ( #3801, #25 ),
 ( #5278, #9205 ),
 ( #7042, #275 ),
 ( #8423, #6326 ),
 ( #9237, #6226 ),
 ( #2583, #6298 ),
 ( #6261, #7795 ),
 ( #4082, #4750 ),
 ( #3340, #1768 ),
 ( #7014, #9167 ),
 ( #1733, #242 ),
 ( #8453, #935 ),
 ( #179, #5494 ),
 ( #3989, #6985 ),
 ( #999, #1801 ),
 ( #8559, #4050 ),
 ( #4685, #6947 ),
 ( #2494, #7697 ),
 ( #4716, #2555 ),
 ( #9301, #4813 ),
 ( #212, #309 ),
 ( #2520, #9270 ),
 ( #3308, #8524 ),
 ( #5558, #1064 ) ),
 .UNSPECIFIED., .F., .F., .F.,
 ( 4, 1, 1, 1, 1, 1, 1, 1, 1, 1, 1, 1, 1, 1, 1, 1, 1, 1, 1, 1, 1, 1, 1, 1, 4 ),
 ( 2, 2 ),
 ( 0.0000000000000000000, 0.06859462225874241037, 0.1332460424433008772, 0.1943125864682562765, 0.2512792231169662105, 0.3045134392563467740, 0.3542349066533250768, 0.4004805887739887882, 0.4434107549384918023, 0.4840148686163448510, 0.5232523007732031717, 0.5610423727283605499, 0.5979002393643999547, 0.6335184888561958827, 0.6683143511696512107, 0.7024956712863819064, 0.7366853535134585407, 0.7702931693607892871, 0.8034372550192495632, 0.8359129516660287473, 0.8684602457892904859, 0.9008465382431826152, 0.9334665246307080055, 0.9662575752981230615, 0.9999999999999998890 ),
 ( 0.0000000000000000000, 1.000000000000000000 ),
 .UNSPECIFIED. ) ;
#1412 = ORIENTED_EDGE ( 'NONE', *, *, #9465, .T. ) ;
#1413 = CARTESIAN_POINT ( 'NONE',  ( 3.474611991244373144, 3.790000000000000036, -0.2518294905408348106 ) ) ;
#1414 = CARTESIAN_POINT ( 'NONE',  ( -0.7237299009480101519, 3.799999999999999378, -0.09509850256644200583 ) ) ;
#1415 = ORIENTED_EDGE ( 'NONE', *, *, #6236, .T. ) ;
#1416 =( GEOMETRIC_REPRESENTATION_CONTEXT ( 3 ) GLOBAL_UNCERTAINTY_ASSIGNED_CONTEXT ( ( #8805 ) ) GLOBAL_UNIT_ASSIGNED_CONTEXT ( ( #229, #165, #6895 ) ) REPRESENTATION_CONTEXT ( 'NONE', 'WORKASPACE' ) );
#1417 = CARTESIAN_POINT ( 'NONE',  ( -0.7333025345784440763, 3.799999999999998934, -0.04694186904013437911 ) ) ;
#1418 = EDGE_LOOP ( 'NONE', ( #1219, #208, #5898, #2429 ) ) ;
#1419 = CARTESIAN_POINT ( 'NONE',  ( 3.703774085558618978, 3.790000000000000036, 0.1290033061593627295 ) ) ;
#1420 = EDGE_CURVE ( 'NONE', #3092, #6050, #9177, .T. ) ;
#1421 = UNCERTAINTY_MEASURE_WITH_UNIT (LENGTH_MEASURE( 1.000000000000000082E-05 ), #4566, 'distance_accuracy_value', 'NONE');
#1422 = ORIENTED_EDGE ( 'NONE', *, *, #9268, .T. ) ;
#1423 = ORIENTED_EDGE ( 'NONE', *, *, #6538, .T. ) ;
#1424 = VECTOR ( 'NONE', #320, 1000.000000000000000 ) ;
#1425 = CARTESIAN_POINT ( 'NONE',  ( -5.569999999999999396, 1.900000000000000355, -1.250000000000000222 ) ) ;
#1426 = LINE ( 'NONE', #1189, #1183 ) ;
#1427 = PLANE ( 'NONE',  #2346 ) ;
#1428 = DIRECTION ( 'NONE',  ( -1.000000000000000000, 0.0000000000000000000, 0.0000000000000000000 ) ) ;
#1429 = CARTESIAN_POINT ( 'NONE',  ( 1.412585659978935704, 3.790000000000000036, -0.1694072073643111687 ) ) ;
#1430 = CARTESIAN_POINT ( 'NONE',  ( -0.8971299203270075573, 3.789999999999999591, -0.5303989333554179897 ) ) ;
#1431 = AXIS2_PLACEMENT_3D ( 'NONE', #1996, #1232, #2758 ) ;
#1432 = CARTESIAN_POINT ( 'NONE',  ( -0.8900534181640165077, 3.799999999999999822, -0.5280593062851274277 ) ) ;
#1433 = FILL_AREA_STYLE ('',( #655 ) ) ;
#1434 =( NAMED_UNIT ( * ) SI_UNIT ( $, .STERADIAN. ) SOLID_ANGLE_UNIT ( ) );
#1435 = PRESENTATION_LAYER_ASSIGNMENT (  '', '', ( #9521 ) ) ;
#1436 = CARTESIAN_POINT ( 'NONE',  ( 3.374263288044273335, 3.799999999999998934, -0.3685451713263663276 ) ) ;
#1437 = CARTESIAN_POINT ( 'NONE',  ( 2.032388332408862297, 3.800000000000000266, -0.04914469658553768244 ) ) ;
#1438 = CARTESIAN_POINT ( 'NONE',  ( 3.299988505063772504, 3.800000000000000711, -0.3991835111673161518 ) ) ;
#1439 = CARTESIAN_POINT ( 'NONE',  ( -3.145021366881965541, 3.790000000000000036, 0.2430945398687187897 ) ) ;
#1440 = VECTOR ( 'NONE', #4722, 1000.000000000000000 ) ;
#1441 = ADVANCED_FACE ( 'NONE', ( #4207 ), #1228, .T. ) ;
#1442 = FILL_AREA_STYLE ('',( #4399 ) ) ;
#1443 = ADVANCED_FACE ( 'NONE', ( #2811 ), #2826, .T. ) ;
#1444 = DIRECTION ( 'NONE',  ( 0.0000000000000000000, 0.0000000000000000000, 1.000000000000000000 ) ) ;
#1445 = CARTESIAN_POINT ( 'NONE',  ( 1.951253038902362791, 3.799999999999998490, -0.2609284761034963984 ) ) ;
#1446 = VECTOR ( 'NONE', #7213, 1000.000000000000000 ) ;
#1447 = CARTESIAN_POINT ( 'NONE',  ( -0.9525334825125656435, 3.789999999999999147, -0.4582180933151702162 ) ) ;
#1448 = ADVANCED_BREP_SHAPE_REPRESENTATION ( 'AMDLA1004S', ( #383, #88, #2170, #1885 ), #1340 ) ;
#1449 = DIRECTION ( 'NONE',  ( 0.0000000000000000000, -0.0000000000000000000, 1.000000000000000000 ) ) ;
#1450 = COLOUR_RGB ( '',1.000000000000000000, 1.000000000000000000, 1.000000000000000000 ) ;
#1451 = FILL_AREA_STYLE ('',( #2292 ) ) ;
#1452 = EDGE_CURVE ( 'NONE', #2602, #6730, #2009, .T. ) ;
#1453 = ADVANCED_FACE ( 'NONE', ( #5476 ), #612, .F. ) ;
#1454 = LINE ( 'NONE', #2765, #7651 ) ;
#1455 = CARTESIAN_POINT ( 'NONE',  ( -2.542457264317862897, 3.790000000000000036, 0.2430945398687187897 ) ) ;
#1456 = CARTESIAN_POINT ( 'NONE',  ( -0.7283009371288510225, 3.789999999999999147, -0.2276139079440586688 ) ) ;
#1457 = AXIS2_PLACEMENT_3D ( 'NONE', #4998, #483, #1288 ) ;
#1458 = VECTOR ( 'NONE', #1374, 1000.000000000000000 ) ;
#1459 = ORIENTED_EDGE ( 'NONE', *, *, #3133, .F. ) ;
#1460 = ORIENTED_EDGE ( 'NONE', *, *, #336, .T. ) ;
#1461 = COLOUR_RGB ( '',1.000000000000000000, 1.000000000000000000, 1.000000000000000000 ) ;
#1462 = DIRECTION ( 'NONE',  ( -0.0000000000000000000, 1.000000000000000000, 0.0000000000000000000 ) ) ;
#1463 = PRESENTATION_STYLE_ASSIGNMENT (( #9140 ) ) ;
#1464 = ORIENTED_EDGE ( 'NONE', *, *, #482, .T. ) ;
#1465 = STYLED_ITEM ( 'NONE', ( #1168 ), #8896 ) ;
#1466 = ORIENTED_EDGE ( 'NONE', *, *, #268, .T. ) ;
#1467 = EDGE_CURVE ( 'NONE', #2726, #4889, #1384, .T. ) ;
#1468 = DIRECTION ( 'NONE',  ( 4.179535469590359902E-32, -1.000000000000000000, -4.818676322157801319E-16 ) ) ;
#1469 = ORIENTED_EDGE ( 'NONE', *, *, #3768, .T. ) ;
#1470 = DIRECTION ( 'NONE',  ( -8.673617379884036705E-17, 0.0000000000000000000, 1.000000000000000000 ) ) ;
#1472 = DIRECTION ( 'NONE',  ( 0.0000000000000000000, -0.0000000000000000000, -1.000000000000000000 ) ) ;
#1471 = CARTESIAN_POINT ( 'NONE',  ( 1.673668946307135474, 3.790000000000000036, -0.5773123683654480809 ) ) ;
#1473 = CARTESIAN_POINT ( 'NONE',  ( 3.248408120297522128, 3.790000000000000036, 0.08876761679179567821 ) ) ;
#1474 = PRESENTATION_STYLE_ASSIGNMENT (( #4735 ) ) ;
#1475 = LINE ( 'NONE', #8803, #9198 ) ;
#1476 = ORIENTED_EDGE ( 'NONE', *, *, #6690, .T. ) ;
#1477 = CARTESIAN_POINT ( 'NONE',  ( 1.856428927295072029, 3.790000000000000480, 0.03707810857678111444 ) ) ;
#1478 = VECTOR ( 'NONE', #8039, 1000.000000000000000 ) ;
#1479 = CARTESIAN_POINT ( 'NONE',  ( 3.410561745709046910, 3.799999999999999822, -0.3041333478896275366 ) ) ;
#1480 = CARTESIAN_POINT ( 'NONE',  ( 2.493252878311892573, 3.800000000000000266, -0.2639356661962443118 ) ) ;
#1481 = DIRECTION ( 'NONE',  ( -1.000000000000000000, -0.0000000000000000000, -8.673617379884036705E-17 ) ) ;
#1482 = CARTESIAN_POINT ( 'NONE',  ( 1.771290728582306961, 3.799999999999998490, 0.2459632427422755729 ) ) ;
#1483 = PLANE ( 'NONE',  #7288 ) ;
#1484 = LINE ( 'NONE', #794, #3019 ) ;
#1485 = CARTESIAN_POINT ( 'NONE',  ( -0.9579402735733794083, 3.800000000000001599, 0.2373925479198054633 ) ) ;
#1486 = DIRECTION ( 'NONE',  ( -0.4189977888269744155, 0.0000000000000000000, -0.9079872537420919931 ) ) ;
#1487 = CARTESIAN_POINT ( 'NONE',  ( 1.682382479271881559, 3.800000000000000266, 0.1815560783302572756 ) ) ;
#1488 = CARTESIAN_POINT ( 'NONE',  ( 1.691124269638767608, 3.800000000000000266, -0.4949033076565250155 ) ) ;
#1489 = VECTOR ( 'NONE', #9723, 1000.000000000000000 ) ;
#1490 = B_SPLINE_SURFACE_WITH_KNOTS ( 'NONE', 3, 1, ( 
 ( #9395, #8765 ),
 ( #5804, #2896 ),
 ( #6509, #9610 ),
 ( #7265, #4319 ),
 ( #4382, #5770 ),
 ( #5742, #2176 ),
 ( #5025, #9549 ),
 ( #8119, #8828 ),
 ( #2052, #8084 ),
 ( #8869, #5121 ),
 ( #5840, #2828 ) ),
 .UNSPECIFIED., .F., .F., .F.,
 ( 4, 1, 1, 1, 1, 1, 1, 1, 4 ),
 ( 2, 2 ),
 ( 0.0000000000000000000, 0.1719006646132690275, 0.3306279320958806500, 0.4755488358809167315, 0.6067461903123618772, 0.7250238034674888477, 0.8297423869584567013, 0.9213228203439738362, 1.000000000000000000 ),
 ( 0.0000000000000000000, 1.000000000000000000 ),
 .UNSPECIFIED. ) ;
#1491 = VERTEX_POINT ( 'NONE', #8407 ) ;
#1492 = FILL_AREA_STYLE ('',( #2019 ) ) ;
#1493 = CARTESIAN_POINT ( 'NONE',  ( 1.708940878092556126, 3.799999999999999822, 0.1804612112185774719 ) ) ;
#1494 = FACE_OUTER_BOUND ( 'NONE', #6859, .T. ) ;
#1495 = EDGE_LOOP ( 'NONE', ( #4069, #3319, #7124, #7781 ) ) ;
#1496 = DIRECTION ( 'NONE',  ( -0.0000000000000000000, 1.000000000000000000, -0.0000000000000000000 ) ) ;
#1497 = CARTESIAN_POINT ( 'NONE',  ( -5.000000000000000888, 3.799999999999999822, -5.000000000000000888 ) ) ;
#1498 = LINE ( 'NONE', #7478, #6177 ) ;
#1499 = PRESENTATION_LAYER_ASSIGNMENT (  '', '', ( #3711 ) ) ;
#1500 = ORIENTED_EDGE ( 'NONE', *, *, #613, .F. ) ;
#1501 = ORIENTED_EDGE ( 'NONE', *, *, #998, .T. ) ;
#1502 = CARTESIAN_POINT ( 'NONE',  ( 1.936027179048951163, 3.790000000000000036, -0.3486399996208937035 ) ) ;
#1503 = ORIENTED_EDGE ( 'NONE', *, *, #8332, .T. ) ;
#1504 = CARTESIAN_POINT ( 'NONE',  ( -3.569999999999999396, 1.899999999999999911, -0.3500000000000003109 ) ) ;
#1505 = ORIENTED_EDGE ( 'NONE', *, *, #4561, .F. ) ;
#1506 = CARTESIAN_POINT ( 'NONE',  ( 5.569999999999999396, 1.899999999999999911, 1.250000000000000000 ) ) ;
#1507 = FILL_AREA_STYLE ('',( #556 ) ) ;
#1508 = CARTESIAN_POINT ( 'NONE',  ( 1.708940878092556126, 3.799999999999999822, 0.1804612112185774719 ) ) ;
#1509 = ADVANCED_FACE ( 'NONE', ( #9703 ), #5359, .T. ) ;
#1510 = CARTESIAN_POINT ( 'NONE',  ( 1.604587141200801703, 3.789999999999998259, -0.4759831676715794990 ) ) ;
#1511 = STYLED_ITEM ( 'NONE', ( #2526 ), #1394 ) ;
#1512 = CARTESIAN_POINT ( 'NONE',  ( -0.1054380335486315573, 3.790000000000000036, 0.1610432578174366969 ) ) ;
#1513 = CARTESIAN_POINT ( 'NONE',  ( 2.028115043185061417, 3.800000000000000711, -0.1191220650685185789 ) ) ;
#1514 = ORIENTED_EDGE ( 'NONE', *, *, #2267, .T. ) ;
#1515 = CARTESIAN_POINT ( 'NONE',  ( 1.956100427989829971, 3.799999999999999822, -0.1565849473107684686 ) ) ;
#1516 = CARTESIAN_POINT ( 'NONE',  ( -5.569999999999999396, 1.399999999999999911, -0.3500000000000005329 ) ) ;
#1517 = CARTESIAN_POINT ( 'NONE',  ( -0.6993752712657544945, 3.790000000000000480, 0.06475502329243872091 ) ) ;
#1518 = CARTESIAN_POINT ( 'NONE',  ( 3.442839919392749692, 3.790000000000000924, 0.1737701488940280314 ) ) ;
#1519 = ORIENTED_EDGE ( 'NONE', *, *, #5222, .T. ) ;
#1520 = CARTESIAN_POINT ( 'NONE',  ( -1.469540597651195935, 3.799999999999999822, 0.2430945398687187897 ) ) ;
#1521 = DIRECTION ( 'NONE',  ( -0.0000000000000000000, 1.000000000000000000, -0.0000000000000000000 ) ) ;
#1522 = SURFACE_SIDE_STYLE ('',( #5569 ) ) ;
#1523 = AXIS2_PLACEMENT_3D ( 'NONE', #5003, #1194, #9496 ) ;
#1524 = CARTESIAN_POINT ( 'NONE',  ( 1.779577679350952124, 3.789999999999998703, 0.1502404609883683517 ) ) ;
#1525 = ORIENTED_EDGE ( 'NONE', *, *, #2175, .T. ) ;
#1526 = FACE_BOUND ( 'NONE', #3886, .T. ) ;
#1527 = PRESENTATION_STYLE_ASSIGNMENT (( #7092 ) ) ;
#1528 = ORIENTED_EDGE ( 'NONE', *, *, #9455, .F. ) ;
#1529 = VERTEX_POINT ( 'NONE', #1425 ) ;
#1530 = CARTESIAN_POINT ( 'NONE',  ( 3.514846845758437865, 3.790000000000000036, 0.2631150943902698658 ) ) ;
#1531 = EDGE_CURVE ( 'NONE', #1216, #1553, #4781, .T. ) ;
#1532 = CARTESIAN_POINT ( 'NONE',  ( 2.271206569469773839, 3.800000000000000711, -0.4939731607068253427 ) ) ;
#1533 = VERTEX_POINT ( 'NONE', #3583 ) ;
#1534 = CARTESIAN_POINT ( 'NONE',  ( 1.928423465843850604, 3.790000000000000036, -0.3739576591678854256 ) ) ;
#1535 = B_SPLINE_SURFACE_WITH_KNOTS ( 'NONE', 3, 1, ( 
 ( #942, #6275 ),
 ( #1744, #3286 ),
 ( #7734, #156 ),
 ( #2502, #4760 ),
 ( #2564, #3247 ),
 ( #8461, #9213 ),
 ( #252, #912 ),
 ( #1844, #3318 ),
 ( #7634, #7709 ),
 ( #8538, #4058 ),
 ( #3185, #3997 ),
 ( #9278, #4794 ),
 ( #288, #5532 ),
 ( #5404, #1042 ),
 ( #6309, #8401 ),
 ( #3926, #6168 ),
 ( #1703, #6917 ),
 ( #8429, #2469 ),
 ( #3217, #3967 ),
 ( #9178, #7083 ),
 ( #1109, #8598 ),
 ( #318, #7151 ),
 ( #4146, #4823 ),
 ( #5601, #9382 ),
 ( #6369, #7052 ),
 ( #4116, #5568 ),
 ( #1076, #7810 ) ),
 .UNSPECIFIED., .F., .F., .F.,
 ( 4, 1, 1, 1, 1, 1, 1, 1, 1, 1, 1, 1, 1, 1, 1, 1, 1, 1, 1, 1, 1, 1, 1, 1, 4 ),
 ( 2, 2 ),
 ( 0.0000000000000000000, 0.03378714634699098163, 0.06662165772429337607, 0.09928487809597198732, 0.1313611650426503574, 0.1635851875953421575, 0.1961039269870678281, 0.2289022543238163343, 0.2621580559050067372, 0.2959912222583164221, 0.3302178457247992305, 0.3650598258919538486, 0.4009507373401077213, 0.4376203820767374797, 0.4757075294370919916, 0.5153806916250481818, 0.5564135414931641321, 0.5997648298727306093, 0.6464241555840870568, 0.6964314445175664448, 0.7497815178015574400, 0.8065733069755322004, 0.8674355315653993204, 0.9318867532508740004, 1.000000000000000000 ),
 ( 0.0000000000000000000, 1.000000000000000000 ),
 .UNSPECIFIED. ) ;
#1536 = DIRECTION ( 'NONE',  ( 0.0000000000000000000, -1.000000000000000000, -3.423796334164751026E-16 ) ) ;
#1537 = ORIENTED_EDGE ( 'NONE', *, *, #4167, .T. ) ;
#1538 = PLANE ( 'NONE',  #7418 ) ;
#1539 = CARTESIAN_POINT ( 'NONE',  ( 3.346931938144426244, 3.789999999999999147, -0.2659033339381827177 ) ) ;
#1540 = UNCERTAINTY_MEASURE_WITH_UNIT (LENGTH_MEASURE( 1.000000000000000082E-05 ), #5153, 'distance_accuracy_value', 'NONE');
#1541 = CARTESIAN_POINT ( 'NONE',  ( 5.569999999999999396, 1.900000000000000355, -1.250000000000000222 ) ) ;
#1542 = COLOUR_RGB ( '',1.000000000000000000, 1.000000000000000000, 1.000000000000000000 ) ;
#1543 = CARTESIAN_POINT ( 'NONE',  ( -5.500000000000000000, 1.399999999999999911, -0.3500000000000004774 ) ) ;
#1544 = CARTESIAN_POINT ( 'NONE',  ( 2.289053736734592892, 3.799999999999999822, 0.2635007648480972575 ) ) ;
#1545 = CARTESIAN_POINT ( 'NONE',  ( 3.334377380940880098, 3.790000000000000480, 0.07892490930688116080 ) ) ;
#1546 = ORIENTED_EDGE ( 'NONE', *, *, #9547, .T. ) ;
#1547 = EDGE_CURVE ( 'NONE', #5903, #5050, #5369, .T. ) ;
#1548 = PLANE ( 'NONE',  #1799 ) ;
#1549 = CARTESIAN_POINT ( 'NONE',  ( -0.8112039693918619010, 3.789999999999999147, 0.1881554536679727330 ) ) ;
#1550 = PRESENTATION_STYLE_ASSIGNMENT (( #5829 ) ) ;
#1551 = PLANE ( 'NONE',  #7512 ) ;
#1552 = CARTESIAN_POINT ( 'NONE',  ( 0.3458440177334194399, 3.799999999999999822, -0.5569054601312812824 ) ) ;
#1553 = VERTEX_POINT ( 'NONE', #3163 ) ;
#1554 = CARTESIAN_POINT ( 'NONE',  ( 1.779390334892710479, 3.800000000000000266, -0.4634638939416597103 ) ) ;
#1555 = CARTESIAN_POINT ( 'NONE',  ( 1.884305556194958431, 3.800000000000001599, -0.1569054601312812325 ) ) ;
#1556 = EDGE_CURVE ( 'NONE', #397, #1767, #2501, .T. ) ;
#1557 = COLOUR_RGB ( '',1.000000000000000000, 1.000000000000000000, 1.000000000000000000 ) ;
#1558 = ADVANCED_FACE ( 'NONE', ( #8539 ), #164, .T. ) ;
#1559 = UNCERTAINTY_MEASURE_WITH_UNIT (LENGTH_MEASURE( 1.000000000000000082E-05 ), #2547, 'distance_accuracy_value', 'NONE');
#1560 = ORIENTED_EDGE ( 'NONE', *, *, #5084, .T. ) ;
#1561 = CARTESIAN_POINT ( 'NONE',  ( 2.297767094656497200, 3.790000000000000036, 0.1815560783302572478 ) ) ;
#1562 = ORIENTED_EDGE ( 'NONE', *, *, #6503, .F. ) ;
#1563 = CARTESIAN_POINT ( 'NONE',  ( 1.736081284275001524, 3.789999999999999147, 0.2574684982540236811 ) ) ;
#1564 =( GEOMETRIC_REPRESENTATION_CONTEXT ( 3 ) GLOBAL_UNCERTAINTY_ASSIGNED_CONTEXT ( ( #7362 ) ) GLOBAL_UNIT_ASSIGNED_CONTEXT ( ( #2446, #4646, #9223 ) ) REPRESENTATION_CONTEXT ( 'NONE', 'WORKASPACE' ) );
#1565 = EDGE_CURVE ( 'NONE', #5618, #6499, #1884, .T. ) ;
#1566 = SURFACE_SIDE_STYLE ('',( #4434 ) ) ;
#1567 = SURFACE_STYLE_FILL_AREA ( #4855 ) ;
#1568 = LINE ( 'NONE', #3634, #1446 ) ;
#1569 = LINE ( 'NONE', #4870, #5307 ) ;
#1570 = CARTESIAN_POINT ( 'NONE',  ( 1.942170943294651009, 3.790000000000000036, -0.3213087569115581910 ) ) ;
#1571 = CARTESIAN_POINT ( 'NONE',  ( -2.464412392522991269, 3.790000000000000036, 0.2430945398687187897 ) ) ;
#1572 =( NAMED_UNIT ( * ) PLANE_ANGLE_UNIT ( ) SI_UNIT ( $, .RADIAN. ) );
#1573 = FACE_OUTER_BOUND ( 'NONE', #8684, .T. ) ;
#1574 = CARTESIAN_POINT ( 'NONE',  ( 3.428477223892431258, 3.790000000000000036, -0.1945791446513255307 ) ) ;
#1575 = AXIS2_PLACEMENT_3D ( 'NONE', #4259, #9495, #4163 ) ;
#1576 = DIRECTION ( 'NONE',  ( -0.0000000000000000000, -1.000000000000000000, -1.084202172485503448E-16 ) ) ;
#1577 = DIRECTION ( 'NONE',  ( 0.0000000000000000000, 0.0000000000000000000, -1.000000000000000000 ) ) ;
#1578 = VECTOR ( 'NONE', #3602, 1000.000000000000000 ) ;
#1579 = STYLED_ITEM ( 'NONE', ( #956 ), #8132 ) ;
#1580 = CARTESIAN_POINT ( 'NONE',  ( 2.784305556194957898, 3.790000000000000036, -0.02357212679794789753 ) ) ;
#1581 = ORIENTED_EDGE ( 'NONE', *, *, #9485, .F. ) ;
#1582 = CARTESIAN_POINT ( 'NONE',  ( 2.036256762818804411, 3.800000000000000266, -0.01744779821163040118 ) ) ;
#1583 = CARTESIAN_POINT ( 'NONE',  ( 3.483464292464946155, 3.800000000000001155, 0.1811566773342571102 ) ) ;
#1584 = SURFACE_STYLE_FILL_AREA ( #1507 ) ;
#1585 = FILL_AREA_STYLE_COLOUR ( '', #6245 ) ;
#1586 = CARTESIAN_POINT ( 'NONE',  ( -0.6772757570409608796, 3.799999999999999378, 0.01726672952304868919 ) ) ;
#1587 = CARTESIAN_POINT ( 'NONE',  ( 3.467013133269649661, 3.790000000000000924, 0.1803566575503348091 ) ) ;
#1588 = CARTESIAN_POINT ( 'NONE',  ( 1.869604256533587083, 3.789999999999999591, -0.3096958051587142546 ) ) ;
#1589 = VECTOR ( 'NONE', #8843, 1000.000000000000000 ) ;
#1590 = B_SPLINE_SURFACE_WITH_KNOTS ( 'NONE', 3, 1, ( 
 ( #8335, #91 ),
 ( #5344, #6852 ),
 ( #8945, #1493 ),
 ( #6721, #2264 ),
 ( #7474, #3016 ),
 ( #1524, #4718 ),
 ( #4630, #7700 ),
 ( #9111, #4661 ),
 ( #5495, #2428 ),
 ( #3242, #3178 ),
 ( #7632, #1803 ),
 ( #8391, #9142 ),
 ( #1770, #214 ),
 ( #8362, #6264 ),
 ( #6882, #6194 ) ),
 .UNSPECIFIED., .F., .F., .F.,
 ( 4, 1, 1, 1, 1, 1, 1, 1, 1, 1, 1, 1, 4 ),
 ( 2, 2 ),
 ( 0.0000000000000000000, 0.1128134007444598491, 0.2253938839207307587, 0.3395948145626998538, 0.4596754102248622464, 0.5217351900879325655, 0.5839258387389157923, 0.6481741447653687205, 0.7138810381130672456, 0.7810044549073886788, 0.8514509275565547153, 0.9240506926641784968, 1.000000000000000000 ),
 ( 0.0000000000000000000, 1.000000000000000000 ),
 .UNSPECIFIED. ) ;
#1591 = ORIENTED_EDGE ( 'NONE', *, *, #6416, .T. ) ;
#1592 = EDGE_CURVE ( 'NONE', #194, #9686, #9580, .T. ) ;
#1593 = CARTESIAN_POINT ( 'NONE',  ( 2.130522386632408782, 3.790000000000000480, 0.05991275284011745444 ) ) ;
#1594 = LINE ( 'NONE', #1094, #3373 ) ;
#1595 = CARTESIAN_POINT ( 'NONE',  ( -2.289572648933247745, 3.790000000000000036, 0.2430945398687187897 ) ) ;
#1596 = CARTESIAN_POINT ( 'NONE',  ( 1.673669121349976807, 3.799999999999999822, 0.2635007648480972575 ) ) ;
#1597 =( GEOMETRIC_REPRESENTATION_CONTEXT ( 3 ) GLOBAL_UNCERTAINTY_ASSIGNED_CONTEXT ( ( #7053 ) ) GLOBAL_UNIT_ASSIGNED_CONTEXT ( ( #6497, #4310, #544 ) ) REPRESENTATION_CONTEXT ( 'NONE', 'WORKASPACE' ) );
#1598 = CARTESIAN_POINT ( 'NONE',  ( 1.673534343937753910, 3.790000000000000036, -0.4949026679305904564 ) ) ;
#1599 = EDGE_CURVE ( 'NONE', #9368, #1757, #8185, .T. ) ;
#1600 = LINE ( 'NONE', #555, #5906 ) ;
#1601 = CARTESIAN_POINT ( 'NONE',  ( 1.824447086641288296, 3.790000000000001368, 0.1043437430488225043 ) ) ;
#1602 = B_SPLINE_CURVE_WITH_KNOTS ( 'NONE', 3,
 ( #464, #2063, #7214, #1203, #9444, #4919, #7277, #8001, #1244, #6489, #2813, #6430, #2036, #7899, #7248 ),
 .UNSPECIFIED., .F., .F.,
 ( 4, 1, 1, 1, 1, 1, 1, 1, 1, 1, 1, 1, 4 ),
 ( 0.0000000000000000000, 0.1072327993600873941, 0.2132518127818481268, 0.3188304473075868062, 0.4267935306342739432, 0.4836459507827191029, 0.5436038220211419913, 0.6083076495640840076, 0.6771267602600400393, 0.7506856360204949841, 0.8287134184432869421, 0.9121903482234514637, 1.000000000000000000 ),
 .UNSPECIFIED. ) ;
#1603 = CARTESIAN_POINT ( 'NONE',  ( 3.705405302302031689, 3.789999999999999591, -0.4482382794832075468 ) ) ;
#1604 = ORIENTED_EDGE ( 'NONE', *, *, #4960, .T. ) ;
#1605 = SURFACE_STYLE_FILL_AREA ( #1678 ) ;
#1606 = PRESENTATION_LAYER_ASSIGNMENT (  '', '', ( #4427 ) ) ;
#1607 = LINE ( 'NONE', #4384, #4540 ) ;
#1608 = EDGE_CURVE ( 'NONE', #919, #2239, #8408, .T. ) ;
#1609 = CARTESIAN_POINT ( 'NONE',  ( 1.771138557577874639, 3.790000000000000924, -0.5601909336832866515 ) ) ;
#1610 = CARTESIAN_POINT ( 'NONE',  ( 1.804831862358804440, 3.789999999999999591, 0.2289468894993802461 ) ) ;
#1611 = ORIENTED_EDGE ( 'NONE', *, *, #5394, .F. ) ;
#1612 = SURFACE_SIDE_STYLE ('',( #671 ) ) ;
#1613 = CARTESIAN_POINT ( 'NONE',  ( 1.951253038902362791, 3.799999999999998490, -0.2609284761034963984 ) ) ;
#1614 =( GEOMETRIC_REPRESENTATION_CONTEXT ( 3 ) GLOBAL_UNCERTAINTY_ASSIGNED_CONTEXT ( ( #2008 ) ) GLOBAL_UNIT_ASSIGNED_CONTEXT ( ( #6376, #1182, #2626 ) ) REPRESENTATION_CONTEXT ( 'NONE', 'WORKASPACE' ) );
#1615 = CARTESIAN_POINT ( 'NONE',  ( -5.569999999999999396, -0.07000000000000000666, -1.250000000000000222 ) ) ;
#1616 = CARTESIAN_POINT ( 'NONE',  ( 2.027970275363550900, 3.790000000000000036, -0.1694072073643111687 ) ) ;
#1617 = CARTESIAN_POINT ( 'NONE',  ( 3.467013133269649661, 3.800000000000001599, 0.1803566575503348091 ) ) ;
#1618 = ORIENTED_EDGE ( 'NONE', *, *, #5456, .F. ) ;
#1619 =( NAMED_UNIT ( * ) PLANE_ANGLE_UNIT ( ) SI_UNIT ( $, .RADIAN. ) );
#1620 = CARTESIAN_POINT ( 'NONE',  ( 2.258179779123871800, 3.790000000000000036, -0.5749190937986857763 ) ) ;
#1621 = SURFACE_STYLE_USAGE ( .BOTH. , #9031 ) ;
#1622 = CARTESIAN_POINT ( 'NONE',  ( 2.431410174924656609, 3.790000000000000480, -0.4287360923902946430 ) ) ;
#1623 = CARTESIAN_POINT ( 'NONE',  ( 2.562673106642268106, 3.789999999999998703, -0.2921073294155333011 ) ) ;
#1624 = CARTESIAN_POINT ( 'NONE',  ( 1.816025559540039858, 3.790000000000000036, -0.4287360923902938659 ) ) ;
#1625 = VERTEX_POINT ( 'NONE', #6240 ) ;
#1626 = ORIENTED_EDGE ( 'NONE', *, *, #4693, .F. ) ;
#1627 = EDGE_CURVE ( 'NONE', #8289, #2726, #7586, .T. ) ;
#1628 = CARTESIAN_POINT ( 'NONE',  ( 2.163756855285428493, 3.789999999999999591, 0.1155454211852838253 ) ) ;
#1629 = CARTESIAN_POINT ( 'NONE',  ( 1.955951494379790212, 3.790000000000000924, -0.1443509112099901626 ) ) ;
#1630 = CARTESIAN_POINT ( 'NONE',  ( 1.414362728380048395, 3.800000000000001599, -0.08304316017111332271 ) ) ;
#1631 = CARTESIAN_POINT ( 'NONE',  ( 1.487584097182264253, 3.800000000000000266, -0.2468538579568396452 ) ) ;
#1632 = CARTESIAN_POINT ( 'NONE',  ( -0.4849252130358114310, 3.790000000000000036, 0.2430945398687187897 ) ) ;
#1633 = EDGE_LOOP ( 'NONE', ( #7695, #2970, #8930, #9620 ) ) ;
#1634 = CARTESIAN_POINT ( 'NONE',  ( 3.709946581835984247, 3.800000000000000266, -0.4420016139774352038 ) ) ;
#1635 = PRESENTATION_LAYER_ASSIGNMENT (  '', '', ( #7964 ) ) ;
#1636 = ORIENTED_EDGE ( 'NONE', *, *, #2135, .F. ) ;
#1637 = UNCERTAINTY_MEASURE_WITH_UNIT (LENGTH_MEASURE( 1.000000000000000082E-05 ), #9702, 'distance_accuracy_value', 'NONE');
#1638 = CARTESIAN_POINT ( 'NONE',  ( 2.557743452589515964, 3.790000000000000924, 0.007348803480033435850 ) ) ;
#1639 = CARTESIAN_POINT ( 'NONE',  ( -1.045712049745829209, 3.800000000000000711, 0.2429961407179871413 ) ) ;
#1640 =( GEOMETRIC_REPRESENTATION_CONTEXT ( 3 ) GLOBAL_UNCERTAINTY_ASSIGNED_CONTEXT ( ( #913 ) ) GLOBAL_UNIT_ASSIGNED_CONTEXT ( ( #28, #7603, #6028 ) ) REPRESENTATION_CONTEXT ( 'NONE', 'WORKASPACE' ) );
#1641 = FILL_AREA_STYLE ('',( #9090 ) ) ;
#1642 = ADVANCED_FACE ( 'NONE', ( #6881 ), #5800, .T. ) ;
#1643 = CARTESIAN_POINT ( 'NONE',  ( 1.876852556757180990, 3.799999999999999378, -0.4764134731311421289 ) ) ;
#1644 = CARTESIAN_POINT ( 'NONE',  ( 1.584645889845636146, 3.790000000000000924, -0.4634226253938823481 ) ) ;
#1645 = DIRECTION ( 'NONE',  ( -0.0000000000000000000, 0.0000000000000000000, 1.000000000000000000 ) ) ;
#1646 = ORIENTED_EDGE ( 'NONE', *, *, #9080, .F. ) ;
#1647 = CARTESIAN_POINT ( 'NONE',  ( -5.500000000000000888, 3.799999999999999822, -4.500000000000001776 ) ) ;
#1648 = CARTESIAN_POINT ( 'NONE',  ( -0.7125792913136829165, 3.790000000000000924, -0.3867673685008437556 ) ) ;
#1649 = FILL_AREA_STYLE_COLOUR ( '', #31 ) ;
#1650 = CARTESIAN_POINT ( 'NONE',  ( -0.7763190314723080743, 3.799999999999998490, -0.3417774033433207959 ) ) ;
#1651 =( NAMED_UNIT ( * ) PLANE_ANGLE_UNIT ( ) SI_UNIT ( $, .RADIAN. ) );
#1652 = CARTESIAN_POINT ( 'NONE',  ( 3.527498115277961865, 3.790000000000001812, -0.4908293860856615121 ) ) ;
#1653 = CARTESIAN_POINT ( 'NONE',  ( 1.691124269638767608, 3.790000000000000480, -0.4949033076565250155 ) ) ;
#1654 = PRESENTATION_LAYER_ASSIGNMENT (  '', '', ( #8046 ) ) ;
#1655 = VECTOR ( 'NONE', #3538, 1000.000000000000000 ) ;
#1656 = VECTOR ( 'NONE', #35, 1000.000000000000000 ) ;
#1657 = ORIENTED_EDGE ( 'NONE', *, *, #6608, .T. ) ;
#1658 = CARTESIAN_POINT ( 'NONE',  ( 2.099717473766434139, 3.799999999999999822, -0.1462200432618289969 ) ) ;
#1659 = CARTESIAN_POINT ( 'NONE',  ( 1.900631708129366659, 3.799999999999999378, 0.1251870212943829164 ) ) ;
#1660 = CARTESIAN_POINT ( 'NONE',  ( 1.490088184796733328, 3.800000000000000266, -0.04112354702014003882 ) ) ;
#1661 = PRESENTATION_STYLE_ASSIGNMENT (( #1214 ) ) ;
#1662 =( GEOMETRIC_REPRESENTATION_CONTEXT ( 3 ) GLOBAL_UNCERTAINTY_ASSIGNED_CONTEXT ( ( #7268 ) ) GLOBAL_UNIT_ASSIGNED_CONTEXT ( ( #8638, #3458, #5668 ) ) REPRESENTATION_CONTEXT ( 'NONE', 'WORKASPACE' ) );
#1663 = CARTESIAN_POINT ( 'NONE',  ( 1.484381215943066268, 3.790000000000000480, -0.1884900411267377285 ) ) ;
#1664 = EDGE_CURVE ( 'NONE', #6385, #8666, #3750, .T. ) ;
#1665 = CARTESIAN_POINT ( 'NONE',  ( 3.371754762858815369, 3.790000000000001812, -0.3812197820586986641 ) ) ;
#1666 = B_SPLINE_CURVE_WITH_KNOTS ( 'NONE', 3,
 ( #5366, #9196, #9162, #7623, #7689, #7649, #2418, #3172, #203, #958, #6977, #8382, #8417, #110, #1622, #3914, #5489, #7722, #8476, #6120, #1726, #5459, #4710 ),
 .UNSPECIFIED., .F., .F.,
 ( 4, 1, 1, 1, 1, 1, 1, 1, 1, 1, 1, 1, 1, 1, 1, 1, 1, 1, 1, 1, 4 ),
 ( 0.0000000000000000000, 0.06568119799063891484, 0.1284864641740649516, 0.1881751303280079779, 0.2451061306699864883, 0.2994484245294755098, 0.3508229360093824689, 0.3999416805337779324, 0.4466717436323722201, 0.4912545333734989472, 0.5333763442704372304, 0.5738527549682245210, 0.6125263117194534868, 0.6495971364453290153, 0.6855320415538508350, 0.7201057860682008593, 0.7538376629736510681, 0.8189254160467140942, 0.8804934616501645106, 0.9403113338460573623, 1.000000000000000000 ),
 .UNSPECIFIED. ) ;
#1667 = AXIS2_PLACEMENT_3D ( 'NONE', #250, #317, #8460 ) ;
#1668 = ORIENTED_EDGE ( 'NONE', *, *, #2755, .F. ) ;
#1669 = UNCERTAINTY_MEASURE_WITH_UNIT (LENGTH_MEASURE( 1.000000000000000082E-05 ), #7155, 'distance_accuracy_value', 'NONE');
#1670 = ORIENTED_EDGE ( 'NONE', *, *, #4114, .F. ) ;
#1671 = FILL_AREA_STYLE ('',( #5536 ) ) ;
#1673 =( GEOMETRIC_REPRESENTATION_CONTEXT ( 3 ) GLOBAL_UNCERTAINTY_ASSIGNED_CONTEXT ( ( #4316 ) ) GLOBAL_UNIT_ASSIGNED_CONTEXT ( ( #1299, #3516, #6551 ) ) REPRESENTATION_CONTEXT ( 'NONE', 'WORKASPACE' ) );
#1672 = CARTESIAN_POINT ( 'NONE',  ( 1.717739252117415072, 3.790000000000001812, 0.2609139509444463045 ) ) ;
#1674 = EDGE_LOOP ( 'NONE', ( #2185, #198, #3389, #7192 ) ) ;
#1675 = CARTESIAN_POINT ( 'NONE',  ( 1.954140499948891385, 3.800000000000001599, -0.2278390325579518483 ) ) ;
#1676 = ORIENTED_EDGE ( 'NONE', *, *, #817, .F. ) ;
#1677 = ORIENTED_EDGE ( 'NONE', *, *, #3299, .F. ) ;
#1678 = FILL_AREA_STYLE ('',( #6803 ) ) ;
#1679 = DIRECTION ( 'NONE',  ( -0.0000000000000000000, 0.0000000000000000000, -1.000000000000000000 ) ) ;
#1680 = LINE ( 'NONE', #9452, #3556 ) ;
#1681 = PRESENTATION_STYLE_ASSIGNMENT (( #401 ) ) ;
#1682 = CARTESIAN_POINT ( 'NONE',  ( -0.6527049081169018496, 3.789999999999999147, -0.2137045660241439771 ) ) ;
#1683 = CARTESIAN_POINT ( 'NONE',  ( 2.420216477743419414, 3.799999999999998934, 0.2289468894993796910 ) ) ;
#1684 = CARTESIAN_POINT ( 'NONE',  ( 2.154599567575464114, 3.790000000000000924, -0.4173030974588872177 ) ) ;
#1685 = EDGE_CURVE ( 'NONE', #7809, #6286, #7942, .T. ) ;
#1686 = SURFACE_SIDE_STYLE ('',( #3104 ) ) ;
#1687 = DIRECTION ( 'NONE',  ( 1.000000000000000000, 0.0000000000000000000, 0.0000000000000000000 ) ) ;
#1688 = UNCERTAINTY_MEASURE_WITH_UNIT (LENGTH_MEASURE( 1.000000000000000082E-05 ), #539, 'distance_accuracy_value', 'NONE');
#1689 = CARTESIAN_POINT ( 'NONE',  ( 3.581133204751322019, 3.790000000000000036, -0.4625494461949802294 ) ) ;
#1690 =( NAMED_UNIT ( * ) SI_UNIT ( $, .STERADIAN. ) SOLID_ANGLE_UNIT ( ) );
#1691 =( NAMED_UNIT ( * ) SI_UNIT ( $, .STERADIAN. ) SOLID_ANGLE_UNIT ( ) );
#1692 = FACE_OUTER_BOUND ( 'NONE', #3368, .T. ) ;
#1693 = CARTESIAN_POINT ( 'NONE',  ( 2.288965133376721806, 3.800000000000000266, 0.1811152736735189284 ) ) ;
#1694 = COLOUR_RGB ( '',1.000000000000000000, 1.000000000000000000, 1.000000000000000000 ) ;
#1695 = FILL_AREA_STYLE ('',( #4476 ) ) ;
#1696 = CARTESIAN_POINT ( 'NONE',  ( 1.484305556194958076, 3.800000000000000266, -0.1569054601312812325 ) ) ;
#1697 = VECTOR ( 'NONE', #2962, 1000.000000000000114 ) ;
#1698 = PRESENTATION_LAYER_ASSIGNMENT (  '', '', ( #7376 ) ) ;
#1699 = B_SPLINE_CURVE_WITH_KNOTS ( 'NONE', 3,
 ( #2345, #3087, #3844, #2273, #9638, #6766, #6669, #2955, #3023, #7484, #3716, #8251, #8924, #8369, #6133 ),
 .UNSPECIFIED., .F., .F.,
 ( 4, 1, 1, 1, 1, 1, 1, 1, 1, 1, 1, 1, 4 ),
 ( 0.0000000000000000000, 0.09126360489662495301, 0.1809303110850823681, 0.2700882198317244298, 0.3601561333877257298, 0.4483425324981544224, 0.5326658421383300146, 0.6138337041070489608, 0.6939815272835584414, 0.7727159770890044133, 0.8493351720622472900, 0.9239673265752321729, 1.000000000000000000 ),
 .UNSPECIFIED. ) ;
#1700 = CARTESIAN_POINT ( 'NONE',  ( 1.497994629246758302, 3.789999999999998259, -0.3191883843805204957 ) ) ;
#1701 = EDGE_CURVE ( 'NONE', #7629, #9736, #6097, .T. ) ;
#1702 = CARTESIAN_POINT ( 'NONE',  ( 3.488792735682137547, 3.799999999999999822, -0.4953669985928197961 ) ) ;
#1703 = CARTESIAN_POINT ( 'NONE',  ( 1.455463456028430969, 3.789999999999999591, 0.1091476349899237475 ) ) ;
#1704 = COLOUR_RGB ( '',1.000000000000000000, 1.000000000000000000, 1.000000000000000000 ) ;
#1705 = ORIENTED_EDGE ( 'NONE', *, *, #4011, .T. ) ;
#1706 = DIRECTION ( 'NONE',  ( 0.0000000000000000000, 0.0000000000000000000, 1.000000000000000000 ) ) ;
#1707 = CARTESIAN_POINT ( 'NONE',  ( -0.6556961313112502632, 3.800000000000000266, -0.06085125042514367977 ) ) ;
#1708 = ORIENTED_EDGE ( 'NONE', *, *, #3490, .F. ) ;
#1709 = CARTESIAN_POINT ( 'NONE',  ( 3.508392680984250944, 3.799999999999998934, -0.4946134002385267348 ) ) ;
#1710 = ORIENTED_EDGE ( 'NONE', *, *, #8280, .F. ) ;
#1711 = SURFACE_STYLE_USAGE ( .BOTH. , #4612 ) ;
#1712 = VERTEX_POINT ( 'NONE', #7157 ) ;
#1713 = VECTOR ( 'NONE', #3632, 1000.000000000000000 ) ;
#1714 = DIRECTION ( 'NONE',  ( -0.0000000000000000000, 1.000000000000000000, -0.0000000000000000000 ) ) ;
#1715 = VECTOR ( 'NONE', #3441, 1000.000000000000000 ) ;
#1716 = ORIENTED_EDGE ( 'NONE', *, *, #3315, .T. ) ;
#1717 = PRESENTATION_LAYER_ASSIGNMENT (  '', '', ( #3787 ) ) ;
#1718 = ORIENTED_EDGE ( 'NONE', *, *, #8950, .T. ) ;
#1719 = CARTESIAN_POINT ( 'NONE',  ( 2.046596968604565525, 3.789999999999998703, -0.3532825223361694134 ) ) ;
#1720 = FACE_OUTER_BOUND ( 'NONE', #2260, .T. ) ;
#1721 = DIRECTION ( 'NONE',  ( 0.0000000000000000000, 1.000000000000000000, 0.0000000000000000000 ) ) ;
#1722 = VERTEX_POINT ( 'NONE', #5672 ) ;
#1723 = CARTESIAN_POINT ( 'NONE',  ( 2.499690171579573850, 3.790000000000000036, -0.1569054601312812325 ) ) ;
#1724 = CARTESIAN_POINT ( 'NONE',  ( 2.436310546596483384, 3.789999999999999591, 0.2184132198682124659 ) ) ;
#1725 = LINE ( 'NONE', #4282, #8627 ) ;
#1726 = CARTESIAN_POINT ( 'NONE',  ( 2.324011388815848012, 3.789999999999999591, -0.4939749220478088509 ) ) ;
#1727 = SURFACE_STYLE_USAGE ( .BOTH. , #9283 ) ;
#1728 = SURFACE_STYLE_FILL_AREA ( #5560 ) ;
#1729 = VECTOR ( 'NONE', #6714, 1000.000000000000000 ) ;
#1730 = CARTESIAN_POINT ( 'NONE',  ( 1.794662834509545224, 3.790000000000000480, -0.4512438781424355505 ) ) ;
#1731 = ORIENTED_EDGE ( 'NONE', *, *, #7743, .F. ) ;
#1732 = EDGE_CURVE ( 'NONE', #1081, #3159, #879, .T. ) ;
#1733 = CARTESIAN_POINT ( 'NONE',  ( 1.486830411623736525, 3.790000000000000924, -0.4777132154023931987 ) ) ;
#1734 = CARTESIAN_POINT ( 'NONE',  ( 2.061786702117383463, 3.790000000000000480, 0.08781782683561584202 ) ) ;
#1735 = CARTESIAN_POINT ( 'NONE',  ( 1.530170133893502760, 3.800000000000000711, 0.08984490176883061507 ) ) ;
#1736 = FACE_OUTER_BOUND ( 'NONE', #8498, .T. ) ;
#1737 = CARTESIAN_POINT ( 'NONE',  ( 1.682382479271881337, 3.790000000000000036, -0.4953669985928197961 ) ) ;
#1738 = CARTESIAN_POINT ( 'NONE',  ( 1.412730427800444888, 3.789999999999999591, -0.1191220650685185789 ) ) ;
#1739 = VECTOR ( 'NONE', #4359, 1000.000000000000000 ) ;
#1740 = DIRECTION ( 'NONE',  ( -0.0000000000000000000, 1.000000000000000000, -0.0000000000000000000 ) ) ;
#1741 = CARTESIAN_POINT ( 'NONE',  ( 2.053752721885401478, 3.790000000000000480, 0.06469670046766447247 ) ) ;
#1742 = B_SPLINE_CURVE_WITH_KNOTS ( 'NONE', 3,
 ( #5517, #7784, #6185, #4128, #4933, #5642, #8611, #7163, #7883, #4158, #2693, #9362, #357, #8732, #1153, #2630, #9394, #7920, #6414 ),
 .UNSPECIFIED., .F., .F.,
 ( 4, 1, 1, 1, 1, 1, 1, 1, 1, 1, 1, 1, 1, 1, 1, 1, 4 ),
 ( 0.0000000000000000000, 0.05720826943350780514, 0.1136960596574915217, 0.1691779164171960670, 0.2241592165805416370, 0.2787198783810432290, 0.3337942174469878398, 0.3892414593400015943, 0.4458220733936208435, 0.5037042811090206573, 0.5642938918193636244, 0.6279754158952230991, 0.6950382596840505300, 0.7653727258510126807, 0.8396114430907349879, 0.9175377500777890383, 0.9999999999999998890 ),
 .UNSPECIFIED. ) ;
#1743 = ORIENTED_EDGE ( 'NONE', *, *, #2633, .T. ) ;
#1744 = CARTESIAN_POINT ( 'NONE',  ( 1.673669121349976807, 3.790000000000000036, 0.2635007648480972575 ) ) ;
#1745 = LINE ( 'NONE', #304, #5689 ) ;
#1746 = EDGE_LOOP ( 'NONE', ( #7024, #3511, #880, #9059 ) ) ;
#1747 = EDGE_CURVE ( 'NONE', #7140, #3657, #7347, .T. ) ;
#1748 = CARTESIAN_POINT ( 'NONE',  ( 3.094561966451368384, 3.790000000000000036, 0.2430945398687187897 ) ) ;
#1749 = VECTOR ( 'NONE', #7878, 1000.000000000000227 ) ;
#1750 = CARTESIAN_POINT ( 'NONE',  ( -0.7922684149292588129, 3.800000000000000266, 0.1750910982741324395 ) ) ;
#1751 = CARTESIAN_POINT ( 'NONE',  ( 3.571936781611344536, 3.800000000000001599, -0.4695838680075724025 ) ) ;
#1752 = CARTESIAN_POINT ( 'NONE',  ( 2.450001700301692953, 3.790000000000000036, -0.4010104959359746535 ) ) ;
#1753 = EDGE_CURVE ( 'NONE', #9340, #8156, #7126, .T. ) ;
#1754 = CARTESIAN_POINT ( 'NONE',  ( 2.027895299784701511, 3.790000000000000036, -0.1565849473107684686 ) ) ;
#1755 = EDGE_CURVE ( 'NONE', #4713, #3061, #5118, .T. ) ;
#1756 = COLOUR_RGB ( '',1.000000000000000000, 1.000000000000000000, 1.000000000000000000 ) ;
#1757 = VERTEX_POINT ( 'NONE', #2074 ) ;
#1758 = CARTESIAN_POINT ( 'NONE',  ( -0.6736469917367923221, 3.790000000000000924, -0.3057606555928848446 ) ) ;
#1759 = PRESENTATION_STYLE_ASSIGNMENT (( #321 ) ) ;
#1760 = CARTESIAN_POINT ( 'NONE',  ( 3.720202992092394023, 3.790000000000000036, 0.04710095012512902773 ) ) ;
#1761 = FILL_AREA_STYLE ('',( #7009 ) ) ;
#1762 = CARTESIAN_POINT ( 'NONE',  ( 2.451719098787100037, 3.800000000000002043, 0.2063785621625762456 ) ) ;
#1763 = DIRECTION ( 'NONE',  ( -0.0000000000000000000, 0.0000000000000000000, 1.000000000000000000 ) ) ;
#1764 = CARTESIAN_POINT ( 'NONE',  ( 2.099690171579573938, 3.799999999999999822, -0.1569054601312812325 ) ) ;
#1765 = EDGE_CURVE ( 'NONE', #1371, #7055, #889, .T. ) ;
#1766 = VERTEX_POINT ( 'NONE', #9542 ) ;
#1767 = VERTEX_POINT ( 'NONE', #6593 ) ;
#1768 = CARTESIAN_POINT ( 'NONE',  ( 1.464535164229295194, 3.799999999999999822, -0.4422207073430278190 ) ) ;
#1769 = CARTESIAN_POINT ( 'NONE',  ( 2.080761409485745617, 3.800000000000000711, 0.1289973745304057451 ) ) ;
#1770 = CARTESIAN_POINT ( 'NONE',  ( 1.847899786279060486, 3.790000000000000480, 0.06071763165408215757 ) ) ;
#1771 = UNCERTAINTY_MEASURE_WITH_UNIT (LENGTH_MEASURE( 1.000000000000000082E-05 ), #3331, 'distance_accuracy_value', 'NONE');
#1772 = B_SPLINE_CURVE_WITH_KNOTS ( 'NONE', 3,
 ( #7460, #1438, #8096, #7426, #5851, #2938, #628, #2914, #5101, #7361, #9590, #8904, #6682, #8129, #5167 ),
 .UNSPECIFIED., .F., .F.,
 ( 4, 1, 1, 1, 1, 1, 1, 1, 1, 1, 1, 1, 4 ),
 ( 0.0000000000000000000, 0.08378537065371000070, 0.1657798879221421551, 0.2462800078932629866, 0.3274609277363899618, 0.4087969540320683381, 0.4897152412309878078, 0.5713760321300508371, 0.6555233211112770908, 0.7410194827999712075, 0.8265467605037596366, 0.9119888516548338986, 1.000000000000000000 ),
 .UNSPECIFIED. ) ;
#1773 = CARTESIAN_POINT ( 'NONE',  ( 1.833009161081260663, 3.799999999999999822, 0.09088717523767125828 ) ) ;
#1774 = SURFACE_STYLE_USAGE ( .BOTH. , #7729 ) ;
#1775 = CARTESIAN_POINT ( 'NONE',  ( -0.03364316175375998974, 3.790000000000000036, 0.2430945398687187897 ) ) ;
#1776 = CARTESIAN_POINT ( 'NONE',  ( -0.03364316175375998974, 3.790000000000000036, 0.2430945398687187897 ) ) ;
#1777 = CARTESIAN_POINT ( 'NONE',  ( 3.648071134994826714, 3.800000000000001155, 0.03931838960591380050 ) ) ;
#1778 = MECHANICAL_DESIGN_GEOMETRIC_PRESENTATION_REPRESENTATION (  '', ( #4947 ), #2770 ) ;
#1779 = FACE_BOUND ( 'NONE', #4461, .T. ) ;
#1780 = CARTESIAN_POINT ( 'NONE',  ( 0.1663568382462400908, 3.790000000000000036, -0.01331571654153768276 ) ) ;
#1781 = STYLED_ITEM ( 'NONE', ( #9302 ), #8141 ) ;
#1782 = SURFACE_STYLE_FILL_AREA ( #9321 ) ;
#1783 = EDGE_LOOP ( 'NONE', ( #532, #3128, #4389, #8272 ) ) ;
#1784 = CARTESIAN_POINT ( 'NONE',  ( 1.682382479271881559, 3.790000000000000480, -0.4953669985928199071 ) ) ;
#1785 = CARTESIAN_POINT ( 'NONE',  ( -2.839572648933247123, 3.790000000000000036, -0.4009759729517941573 ) ) ;
#1786 = CARTESIAN_POINT ( 'NONE',  ( 3.408352775204452012, 3.799999999999999822, -0.2101320291180460431 ) ) ;
#1787 = CARTESIAN_POINT ( 'NONE',  ( 2.173985595542400340, 3.800000000000001155, -0.4410855361367138072 ) ) ;
#1788 = EDGE_LOOP ( 'NONE', ( #5673, #4054, #3051, #2952 ) ) ;
#1789 = CARTESIAN_POINT ( 'NONE',  ( 2.061309025387530802, 3.790000000000000924, -0.4013057577851021906 ) ) ;
#1790 = VECTOR ( 'NONE', #9463, 1000.000000000000000 ) ;
#1791 = CARTESIAN_POINT ( 'NONE',  ( 2.099715896616195732, 3.789999999999999147, -0.1676445191832757198 ) ) ;
#1792 = ORIENTED_EDGE ( 'NONE', *, *, #4628, .T. ) ;
#1793 = EDGE_CURVE ( 'NONE', #1830, #2726, #5820, .T. ) ;
#1794 = CARTESIAN_POINT ( 'NONE',  ( 2.504983220408684375, 3.790000000000000036, 0.1441964596211582073 ) ) ;
#1795 = FACE_OUTER_BOUND ( 'NONE', #6490, .T. ) ;
#1796 =( LENGTH_UNIT ( ) NAMED_UNIT ( * ) SI_UNIT ( .MILLI., .METRE. ) );
#1797 = CARTESIAN_POINT ( 'NONE',  ( 3.338719515753362899, 3.789999999999999591, -0.5058764542547719012 ) ) ;
#1798 = CARTESIAN_POINT ( 'NONE',  ( 3.438460854128073674, 3.799999999999999822, 0.2583009624386687353 ) ) ;
#1799 = AXIS2_PLACEMENT_3D ( 'NONE', #2324, #7565, #3101 ) ;
#1800 = EDGE_LOOP ( 'NONE', ( #2774, #1289, #2120, #5987 ) ) ;
#1801 = CARTESIAN_POINT ( 'NONE',  ( 1.541586010854738564, 3.800000000000000711, -0.5328682805817644974 ) ) ;
#1802 = CARTESIAN_POINT ( 'NONE',  ( 2.103130200689170781, 3.799999999999999822, 0.1645680294739878535 ) ) ;
#1803 = CARTESIAN_POINT ( 'NONE',  ( 1.833009161081260663, 3.799999999999999822, 0.09088717523767125828 ) ) ;
#1804 = AXIS2_PLACEMENT_3D ( 'NONE', #4505, #2198, #3014 ) ;
#1805 = CARTESIAN_POINT ( 'NONE',  ( 1.851947568210547734, 3.800000000000000266, 0.04979883414189240076 ) ) ;
#1806 = CARTESIAN_POINT ( 'NONE',  ( 3.569999999999999396, 1.399999999999999911, -0.3500000000000005329 ) ) ;
#1807 = CARTESIAN_POINT ( 'NONE',  ( 1.438368106500786725, 3.789999999999998703, 0.06469670046766413940 ) ) ;
#1808 = VECTOR ( 'NONE', #9466, 1000.000000000000000 ) ;
#1809 = EDGE_CURVE ( 'NONE', #8741, #5669, #9110, .T. ) ;
#1810 = CARTESIAN_POINT ( 'NONE',  ( 2.295363248502650499, 3.790000000000000036, 0.2636073603815393129 ) ) ;
#1811 = CARTESIAN_POINT ( 'NONE',  ( 3.641596040529572864, 3.789999999999999147, 0.005800962839374324172 ) ) ;
#1812 = ORIENTED_EDGE ( 'NONE', *, *, #3148, .F. ) ;
#1813 = ORIENTED_EDGE ( 'NONE', *, *, #1188, .F. ) ;
#1814 = CARTESIAN_POINT ( 'NONE',  ( 3.531741453630855787, 3.799999999999999822, -0.2110721267979479565 ) ) ;
#1816 =( GEOMETRIC_REPRESENTATION_CONTEXT ( 3 ) GLOBAL_UNCERTAINTY_ASSIGNED_CONTEXT ( ( #3451 ) ) GLOBAL_UNIT_ASSIGNED_CONTEXT ( ( #8617, #9365, #4838 ) ) REPRESENTATION_CONTEXT ( 'NONE', 'WORKASPACE' ) );
#1815 = DIRECTION ( 'NONE',  ( -8.673617379884036705E-17, 0.0000000000000000000, -1.000000000000000000 ) ) ;
#1817 = LINE ( 'NONE', #3970, #2862 ) ;
#1818 = LINE ( 'NONE', #358, #1065 ) ;
#1819 =( NAMED_UNIT ( * ) PLANE_ANGLE_UNIT ( ) SI_UNIT ( $, .RADIAN. ) );
#1820 = SURFACE_STYLE_USAGE ( .BOTH. , #3400 ) ;
#1821 = COLOUR_RGB ( '',1.000000000000000000, 1.000000000000000000, 1.000000000000000000 ) ;
#1822 = CARTESIAN_POINT ( 'NONE',  ( 2.090791732625012500, 3.790000000000000036, -0.4605388633064055326 ) ) ;
#1823 = PLANE ( 'NONE',  #2163 ) ;
#1824 = EDGE_CURVE ( 'NONE', #2544, #3719, #7699, .T. ) ;
#1825 = CARTESIAN_POINT ( 'NONE',  ( 2.492962935836564142, 3.800000000000002043, 0.1617964017768510065 ) ) ;
#1826 = FILL_AREA_STYLE_COLOUR ( '', #9572 ) ;
#1827 = CARTESIAN_POINT ( 'NONE',  ( -0.7208226489332473230, 3.790000000000000036, -0.1469695626953838041 ) ) ;
#1828 = CARTESIAN_POINT ( 'NONE',  ( 3.491677351066753143, 3.799999999999999822, 0.2636073603815393129 ) ) ;
#1829 = CARTESIAN_POINT ( 'NONE',  ( 3.589453792449146086, 3.799999999999999378, 0.1534414701081699972 ) ) ;
#1830 = VERTEX_POINT ( 'NONE', #5049 ) ;
#1831 = COLOUR_RGB ( '',1.000000000000000000, 1.000000000000000000, 1.000000000000000000 ) ;
#1832 = CARTESIAN_POINT ( 'NONE',  ( 2.053752721885401478, 3.800000000000000266, 0.06469670046766447247 ) ) ;
#1833 =( LENGTH_UNIT ( ) NAMED_UNIT ( * ) SI_UNIT ( .MILLI., .METRE. ) );
#1834 =( NAMED_UNIT ( * ) SI_UNIT ( $, .STERADIAN. ) SOLID_ANGLE_UNIT ( ) );
#1835 = B_SPLINE_CURVE_WITH_KNOTS ( 'NONE', 3,
 ( #5951, #4357, #8929, #7296, #5811, #587, #2866, #1368, #4386, #9557, #1432 ),
 .UNSPECIFIED., .F., .F.,
 ( 4, 1, 1, 1, 1, 1, 1, 1, 4 ),
 ( 0.0000000000000000000, 0.1642892164747621342, 0.3174059112304905006, 0.4588436116410192778, 0.5893665423053098262, 0.7078313187781726246, 0.8157700306990042227, 0.9128799029021251732, 1.000000000000000000 ),
 .UNSPECIFIED. ) ;
#1836 = FILL_AREA_STYLE ('',( #3384 ) ) ;
#1837 = CARTESIAN_POINT ( 'NONE',  ( 2.492463863378274969, 3.799999999999999378, -0.04804218787586589379 ) ) ;
#1838 =( LENGTH_UNIT ( ) NAMED_UNIT ( * ) SI_UNIT ( .MILLI., .METRE. ) );
#1839 = CARTESIAN_POINT ( 'NONE',  ( 1.542230129548662454, 3.789999999999999147, 0.2196965566099910450 ) ) ;
#1840 = PRESENTATION_STYLE_ASSIGNMENT (( #2585 ) ) ;
#1841 = SURFACE_STYLE_USAGE ( .BOTH. , #3996 ) ;
#1842 = VERTEX_POINT ( 'NONE', #3169 ) ;
#1843 = MECHANICAL_DESIGN_GEOMETRIC_PRESENTATION_REPRESENTATION (  '', ( #3352 ), #7150 ) ;
#1844 = CARTESIAN_POINT ( 'NONE',  ( 1.573905384339234548, 3.789999999999999147, 0.2389261544143911620 ) ) ;
#1845 = VECTOR ( 'NONE', #7050, 1000.000000000000000 ) ;
#1846 = MECHANICAL_DESIGN_GEOMETRIC_PRESENTATION_REPRESENTATION (  '', ( #3167 ), #2848 ) ;
#1847 = CARTESIAN_POINT ( 'NONE',  ( -0.6975539977243765399, 3.799999999999998490, -0.3610960422795534974 ) ) ;
#1848 = FILL_AREA_STYLE ('',( #5702 ) ) ;
#1849 = COLOUR_RGB ( '',1.000000000000000000, 1.000000000000000000, 1.000000000000000000 ) ;
#1850 = CARTESIAN_POINT ( 'NONE',  ( 2.458280959448897907, 3.790000000000000480, -0.3852882731344189904 ) ) ;
#1851 = ORIENTED_EDGE ( 'NONE', *, *, #2701, .F. ) ;
#1852 = CARTESIAN_POINT ( 'NONE',  ( 3.639954452419932984, 3.800000000000002487, -0.1218986022255804241 ) ) ;
#1853 = VECTOR ( 'NONE', #3786, 1000.000000000000000 ) ;
#1854 = ORIENTED_EDGE ( 'NONE', *, *, #124, .F. ) ;
#1855 =( GEOMETRIC_REPRESENTATION_CONTEXT ( 3 ) GLOBAL_UNCERTAINTY_ASSIGNED_CONTEXT ( ( #9232 ) ) GLOBAL_UNIT_ASSIGNED_CONTEXT ( ( #4562, #6838, #5244 ) ) REPRESENTATION_CONTEXT ( 'NONE', 'WORKASPACE' ) );
#1856 = STYLED_ITEM ( 'NONE', ( #6822 ), #5950 ) ;
#1857 = CARTESIAN_POINT ( 'NONE',  ( 2.240212449594434219, 3.790000000000000480, -0.5714473343366130997 ) ) ;
#1858 = CARTESIAN_POINT ( 'NONE',  ( 3.569999999999999396, 1.399999999999999911, 0.3499999999999996447 ) ) ;
#1859 = ORIENTED_EDGE ( 'NONE', *, *, #7978, .T. ) ;
#1860 = CARTESIAN_POINT ( 'NONE',  ( -1.575790597651195890, 3.790000000000000036, -0.5569054601312812824 ) ) ;
#1861 = CARTESIAN_POINT ( 'NONE',  ( 2.551433700303507912, 3.789999999999999591, 0.03449039170126975973 ) ) ;
#1862 = DIRECTION ( 'NONE',  ( 0.0000000000000000000, 0.0000000000000000000, 1.000000000000000000 ) ) ;
#1863 = UNCERTAINTY_MEASURE_WITH_UNIT (LENGTH_MEASURE( 1.000000000000000082E-05 ), #6233, 'distance_accuracy_value', 'NONE');
#1864 =( LENGTH_UNIT ( ) NAMED_UNIT ( * ) SI_UNIT ( .MILLI., .METRE. ) );
#1865 = FILL_AREA_STYLE_COLOUR ( '', #2781 ) ;
#1866 = LINE ( 'NONE', #1916, #3273 ) ;
#1867 = SURFACE_STYLE_USAGE ( .BOTH. , #3952 ) ;
#1868 = MECHANICAL_DESIGN_GEOMETRIC_PRESENTATION_REPRESENTATION (  '', ( #750 ), #2803 ) ;
#1869 = VECTOR ( 'NONE', #2058, 1000.000000000000000 ) ;
#1870 = EDGE_CURVE ( 'NONE', #1002, #9534, #1498, .T. ) ;
#1871 = PRESENTATION_LAYER_ASSIGNMENT (  '', '', ( #9550 ) ) ;
#1872 = ORIENTED_EDGE ( 'NONE', *, *, #2458, .F. ) ;
#1873 = CARTESIAN_POINT ( 'NONE',  ( 2.115389422544560194, 3.799999999999999822, 0.1804486976128943654 ) ) ;
#1874 = SURFACE_STYLE_FILL_AREA ( #3351 ) ;
#1875 = CARTESIAN_POINT ( 'NONE',  ( 3.442839919392749692, 3.800000000000000711, 0.1737701488940280314 ) ) ;
#1876 = SURFACE_SIDE_STYLE ('',( #9665 ) ) ;
#1877 = SURFACE_STYLE_USAGE ( .BOTH. , #7118 ) ;
#1878 = CARTESIAN_POINT ( 'NONE',  ( 3.682862221301265393, 3.799999999999999378, 0.1658382005809326543 ) ) ;
#1879 = DIRECTION ( 'NONE',  ( -1.000000000000000000, 0.0000000000000000000, 0.0000000000000000000 ) ) ;
#1880 = EDGE_LOOP ( 'NONE', ( #1901, #4936, #6167, #2301, #2043, #1859, #4231, #9116 ) ) ;
#1881 = CARTESIAN_POINT ( 'NONE',  ( -1.915694443805042058, 3.790000000000000036, 0.09950479627897516888 ) ) ;
#1882 = SURFACE_STYLE_USAGE ( .BOTH. , #2685 ) ;
#1883 = UNCERTAINTY_MEASURE_WITH_UNIT (LENGTH_MEASURE( 1.000000000000000082E-05 ), #2246, 'distance_accuracy_value', 'NONE');
#1884 = LINE ( 'NONE', #1785, #6648 ) ;
#1885 = AXIS2_PLACEMENT_3D ( 'NONE', #4151, #2656, #1917 ) ;
#1886 = CARTESIAN_POINT ( 'NONE',  ( 1.487655888297272133, 3.790000000000000480, -0.06723864106931326523 ) ) ;
#1887 = VECTOR ( 'NONE', #5948, 1000.000000000000000 ) ;
#1888 = CARTESIAN_POINT ( 'NONE',  ( 2.495949819766633659, 3.789999999999998703, -0.2390418438729721429 ) ) ;
#1889 = ORIENTED_EDGE ( 'NONE', *, *, #3439, .T. ) ;
#1890 = EDGE_CURVE ( 'NONE', #4702, #9357, #6232, .T. ) ;
#1891 = CARTESIAN_POINT ( 'NONE',  ( 3.668782658367812033, 3.800000000000002043, -0.08975031582274436981 ) ) ;
#1892 = EDGE_LOOP ( 'NONE', ( #4252, #1966, #4490, #545 ) ) ;
#1893 = FILL_AREA_STYLE ('',( #7882 ) ) ;
#1894 = CARTESIAN_POINT ( 'NONE',  ( 2.375288708386110059, 3.790000000000000924, 0.1627998907984856969 ) ) ;
#1895 = DIRECTION ( 'NONE',  ( 0.0000000000000000000, 0.0000000000000000000, 1.000000000000000000 ) ) ;
#1896 = SURFACE_SIDE_STYLE ('',( #7994 ) ) ;
#1897 =( LENGTH_UNIT ( ) NAMED_UNIT ( * ) SI_UNIT ( .MILLI., .METRE. ) );
#1898 = FILL_AREA_STYLE ('',( #5612 ) ) ;
#1899 = DIRECTION ( 'NONE',  ( -0.0000000000000000000, 1.000000000000000000, -0.0000000000000000000 ) ) ;
#1900 = AXIS2_PLACEMENT_3D ( 'NONE', #7745, #6210, #9254 ) ;
#1901 = ORIENTED_EDGE ( 'NONE', *, *, #7073, .T. ) ;
#1902 = FILL_AREA_STYLE ('',( #6903 ) ) ;
#1903 = EDGE_CURVE ( 'NONE', #2827, #3029, #8652, .T. ) ;
#1904 = CARTESIAN_POINT ( 'NONE',  ( 2.499599019307690018, 3.790000000000000036, -0.1472884595004207153 ) ) ;
#1905 = SURFACE_SIDE_STYLE ('',( #2772 ) ) ;
#1906 = CARTESIAN_POINT ( 'NONE',  ( 2.471813542679687004, 3.799999999999999822, 0.03707810857678106586 ) ) ;
#1907 = SURFACE_SIDE_STYLE ('',( #7535 ) ) ;
#1908 = CARTESIAN_POINT ( 'NONE',  ( 3.600466961642832864, 3.799999999999999822, -0.5509637860648892715 ) ) ;
#1909 = DIRECTION ( 'NONE',  ( 0.0000000000000000000, -1.000000000000000000, 0.0000000000000000000 ) ) ;
#1910 = VECTOR ( 'NONE', #8802, 1000.000000000000000 ) ;
#1911 = SURFACE_SIDE_STYLE ('',( #411 ) ) ;
#1912 =( LENGTH_UNIT ( ) NAMED_UNIT ( * ) SI_UNIT ( .MILLI., .METRE. ) );
#1913 = VERTEX_POINT ( 'NONE', #1702 ) ;
#1914 = PRESENTATION_LAYER_ASSIGNMENT (  '', '', ( #3601 ) ) ;
#1915 =( GEOMETRIC_REPRESENTATION_CONTEXT ( 3 ) GLOBAL_UNCERTAINTY_ASSIGNED_CONTEXT ( ( #6246 ) ) GLOBAL_UNIT_ASSIGNED_CONTEXT ( ( #7454, #5, #5257 ) ) REPRESENTATION_CONTEXT ( 'NONE', 'WORKASPACE' ) );
#1916 = CARTESIAN_POINT ( 'NONE',  ( 1.679978633118034859, 3.790000000000000036, 0.2636073603815393129 ) ) ;
#1917 = DIRECTION ( 'NONE',  ( 1.000000000000000000, 0.0000000000000000000, 0.0000000000000000000 ) ) ;
#1918 = CARTESIAN_POINT ( 'NONE',  ( 3.483900451636830375, 3.799999999999999822, -0.1540517545194285687 ) ) ;
#1919 = VERTEX_POINT ( 'NONE', #5402 ) ;
#1920 = SURFACE_STYLE_FILL_AREA ( #5251 ) ;
#1921 = COLOUR_RGB ( '',1.000000000000000000, 1.000000000000000000, 1.000000000000000000 ) ;
#1922 = CARTESIAN_POINT ( 'NONE',  ( 2.205522451700121955, 3.790000000000000924, -0.5602241840206921841 ) ) ;
#1923 = PLANE ( 'NONE',  #2412 ) ;
#1924 = CARTESIAN_POINT ( 'NONE',  ( -0.6556961313112502632, 3.790000000000000480, -0.06085125042514367977 ) ) ;
#1925 = EDGE_CURVE ( 'NONE', #7205, #1722, #9221, .T. ) ;
#1926 = CARTESIAN_POINT ( 'NONE',  ( 1.412510684400086536, 3.799999999999999822, -0.1565849473107684686 ) ) ;
#1927 = ORIENTED_EDGE ( 'NONE', *, *, #6856, .F. ) ;
#1928 = CARTESIAN_POINT ( 'NONE',  ( 3.619722222861624594, 3.790000000000000036, -0.03254648577230689899 ) ) ;
#1929 = CARTESIAN_POINT ( 'NONE',  ( 2.306625991034953582, 3.799999999999999378, 0.1811908712876173222 ) ) ;
#1930 = CARTESIAN_POINT ( 'NONE',  ( 2.222680436362505230, 3.799999999999999378, -0.5663705693600158408 ) ) ;
#1931 = FACE_OUTER_BOUND ( 'NONE', #8440, .T. ) ;
#1932 = SURFACE_SIDE_STYLE ('',( #7935 ) ) ;
#1933 = VECTOR ( 'NONE', #5645, 1000.000000000000000 ) ;
#1934 = DIRECTION ( 'NONE',  ( -1.106624225500766454E-13, 1.000000000000000000, 2.011115616392131875E-12 ) ) ;
#1935 = SURFACE_SIDE_STYLE ('',( #5503 ) ) ;
#1936 = CARTESIAN_POINT ( 'NONE',  ( 1.604679910837925938, 3.799999999999998490, 0.1622370331663033904 ) ) ;
#1937 = CARTESIAN_POINT ( 'NONE',  ( -5.569999999999999396, 1.399999999999999911, -0.3500000000000005329 ) ) ;
#1938 = MECHANICAL_DESIGN_GEOMETRIC_PRESENTATION_REPRESENTATION (  '', ( #4293 ), #7936 ) ;
#1939 = PLANE ( 'NONE',  #7029 ) ;
#1940 = CARTESIAN_POINT ( 'NONE',  ( -1.575790597651195890, 3.799999999999999822, -0.5569054601312812824 ) ) ;
#1941 = EDGE_CURVE ( 'NONE', #777, #5274, #6857, .T. ) ;
#1942 =( LENGTH_UNIT ( ) NAMED_UNIT ( * ) SI_UNIT ( .MILLI., .METRE. ) );
#1943 = CARTESIAN_POINT ( 'NONE',  ( 2.288918959322370217, 3.800000000000000266, -0.4949026679305904564 ) ) ;
#1944 = FACE_OUTER_BOUND ( 'NONE', #3875, .T. ) ;
#1945 = PRESENTATION_STYLE_ASSIGNMENT (( #4042 ) ) ;
#1946 = CARTESIAN_POINT ( 'NONE',  ( 0.6472863254257275045, 3.799999999999999822, 0.2430945398687187897 ) ) ;
#1948 = STYLED_ITEM ( 'NONE', ( #997 ), #36 ) ;
#1947 = SURFACE_SIDE_STYLE ('',( #7039 ) ) ;
#1949 = CARTESIAN_POINT ( 'NONE',  ( 2.306508885023383471, 3.799999999999999822, -0.4949033076565250155 ) ) ;
#1950 = ADVANCED_FACE ( 'NONE', ( #9352 ), #3119, .T. ) ;
#1951 = CARTESIAN_POINT ( 'NONE',  ( 2.130693824616832988, 3.800000000000000711, -0.3740378411686506310 ) ) ;
#1952 = ORIENTED_EDGE ( 'NONE', *, *, #5766, .F. ) ;
#1953 = CARTESIAN_POINT ( 'NONE',  ( 1.522384825800950692, 3.789999999999999591, 0.07536445915493754366 ) ) ;
#1954 = VERTEX_POINT ( 'NONE', #847 ) ;
#1955 = ORIENTED_EDGE ( 'NONE', *, *, #2002, .T. ) ;
#1956 = CARTESIAN_POINT ( 'NONE',  ( 2.314391013575472833, 3.800000000000002043, 0.2633303734483951053 ) ) ;
#1957 =( NAMED_UNIT ( * ) PLANE_ANGLE_UNIT ( ) SI_UNIT ( $, .RADIAN. ) );
#1958 = FACE_OUTER_BOUND ( 'NONE', #8339, .T. ) ;
#1959 = CARTESIAN_POINT ( 'NONE',  ( 2.375288708386110059, 3.790000000000000924, 0.1627998907984856969 ) ) ;
#1960 = DIRECTION ( 'NONE',  ( -1.000000000000000000, 0.0000000000000000000, 0.0000000000000000000 ) ) ;
#1961 = CARTESIAN_POINT ( 'NONE',  ( 2.297767094656497200, 3.790000000000000036, -0.4953669985928197961 ) ) ;
#1962 = CARTESIAN_POINT ( 'NONE',  ( 2.200030505230249567, 3.799999999999999822, -0.4634226253938829032 ) ) ;
#1963 = ORIENTED_EDGE ( 'NONE', *, *, #5973, .T. ) ;
#1964 = LINE ( 'NONE', #9551, #1218 ) ;
#1965 = ORIENTED_EDGE ( 'NONE', *, *, #3510, .T. ) ;
#1966 = ORIENTED_EDGE ( 'NONE', *, *, #5709, .F. ) ;
#1967 = DIRECTION ( 'NONE',  ( -0.0000000000000000000, 1.000000000000000000, -0.0000000000000000000 ) ) ;
#1968 = CARTESIAN_POINT ( 'NONE',  ( 3.354480548747163393, 3.800000000000000266, 0.1061838899763158789 ) ) ;
#1969 = FACE_OUTER_BOUND ( 'NONE', #1978, .T. ) ;
#1970 = SURFACE_SIDE_STYLE ('',( #6271 ) ) ;
#1971 = DIRECTION ( 'NONE',  ( -0.4283511191562794362, 0.0000000000000000000, 0.9036123719369731910 ) ) ;
#1972 = DIRECTION ( 'NONE',  ( 0.1316564214269280719, 0.0000000000000000000, 0.9912954083909877312 ) ) ;
#1973 = VECTOR ( 'NONE', #3007, 1000.000000000000000 ) ;
#1974 = CARTESIAN_POINT ( 'NONE',  ( 0.6472863254257275045, 3.790000000000000036, 0.2430945398687187897 ) ) ;
#1975 = CARTESIAN_POINT ( 'NONE',  ( -0.8624954909431520322, 3.789999999999998703, -0.5175582320623165478 ) ) ;
#1976 = MECHANICAL_DESIGN_GEOMETRIC_PRESENTATION_REPRESENTATION (  '', ( #9521 ), #5322 ) ;
#1977 = VECTOR ( 'NONE', #736, 1000.000000000000000 ) ;
#1978 = EDGE_LOOP ( 'NONE', ( #3777, #2807, #9004, #7984 ) ) ;
#1979 = LINE ( 'NONE', #7557, #510 ) ;
#1980 = PRESENTATION_STYLE_ASSIGNMENT (( #6198 ) ) ;
#1981 = SURFACE_STYLE_USAGE ( .BOTH. , #2623 ) ;
#1982 = LINE ( 'NONE', #4413, #8739 ) ;
#1983 = CARTESIAN_POINT ( 'NONE',  ( 3.441965031470165304, 3.799999999999999822, -0.4887228078601899006 ) ) ;
#1984 = SURFACE_STYLE_FILL_AREA ( #2909 ) ;
#1985 = VERTEX_POINT ( 'NONE', #911 ) ;
#1986 = EDGE_CURVE ( 'NONE', #9686, #6465, #9098, .T. ) ;
#1987 = DIRECTION ( 'NONE',  ( -0.4285960263555438909, 0.0000000000000000000, 0.9034962347415942396 ) ) ;
#1988 = UNCERTAINTY_MEASURE_WITH_UNIT (LENGTH_MEASURE( 1.000000000000000082E-05 ), #1833, 'distance_accuracy_value', 'NONE');
#1989 =( GEOMETRIC_REPRESENTATION_CONTEXT ( 3 ) GLOBAL_UNCERTAINTY_ASSIGNED_CONTEXT ( ( #4015 ) ) GLOBAL_UNIT_ASSIGNED_CONTEXT ( ( #9363, #1994, #8705 ) ) REPRESENTATION_CONTEXT ( 'NONE', 'WORKASPACE' ) );
#1990 = EDGE_LOOP ( 'NONE', ( #2332, #4393, #236, #1043 ) ) ;
#1991 = CARTESIAN_POINT ( 'NONE',  ( 1.487655888297272133, 3.790000000000000480, -0.06723864106931326523 ) ) ;
#1992 = LINE ( 'NONE', #4187, #1749 ) ;
#1993 =( LENGTH_UNIT ( ) NAMED_UNIT ( * ) SI_UNIT ( .MILLI., .METRE. ) );
#1994 =( NAMED_UNIT ( * ) PLANE_ANGLE_UNIT ( ) SI_UNIT ( $, .RADIAN. ) );
#1995 =( LENGTH_UNIT ( ) NAMED_UNIT ( * ) SI_UNIT ( .MILLI., .METRE. ) );
#1996 = CARTESIAN_POINT ( 'NONE',  ( -1.915694443805042058, 3.790000000000000036, 0.09950479627897516888 ) ) ;
#1997 = CARTESIAN_POINT ( 'NONE',  ( 2.240212449594434219, 3.800000000000000266, -0.5714473343366130997 ) ) ;
#1998 = CARTESIAN_POINT ( 'NONE',  ( 0.5290170946564967114, 3.799999999999999822, -0.01331571654153768276 ) ) ;
#1999 = DIRECTION ( 'NONE',  ( -0.0000000000000000000, -1.000000000000000000, -1.084202172485503448E-16 ) ) ;
#2000 = STYLED_ITEM ( 'NONE', ( #1550 ), #8815 ) ;
#2001 = ORIENTED_EDGE ( 'NONE', *, *, #2935, .F. ) ;
#2002 = EDGE_CURVE ( 'NONE', #9507, #9340, #1117, .T. ) ;
#2003 = VERTEX_POINT ( 'NONE', #7577 ) ;
#2004 = ORIENTED_EDGE ( 'NONE', *, *, #3075, .T. ) ;
#2005 = ADVANCED_FACE ( 'NONE', ( #8179 ), #878, .T. ) ;
#2006 = CARTESIAN_POINT ( 'NONE',  ( -0.4131303412409393916, 3.799999999999999822, 0.1610432578174366969 ) ) ;
#2007 = PLANE ( 'NONE',  #8968 ) ;
#2008 = UNCERTAINTY_MEASURE_WITH_UNIT (LENGTH_MEASURE( 1.000000000000000082E-05 ), #6376, 'distance_accuracy_value', 'NONE');
#2009 = LINE ( 'NONE', #9609, #5128 ) ;
#2010 = DIRECTION ( 'NONE',  ( 0.0000000000000000000, 1.000000000000000000, 0.0000000000000000000 ) ) ;
#2011 =( LENGTH_UNIT ( ) NAMED_UNIT ( * ) SI_UNIT ( .MILLI., .METRE. ) );
#2012 = CARTESIAN_POINT ( 'NONE',  ( 2.099690171579573938, 3.790000000000000036, -0.1569054601312812325 ) ) ;
#2013 = ADVANCED_FACE ( 'NONE', ( #4884 ), #9176, .F. ) ;
#2014 = CARTESIAN_POINT ( 'NONE',  ( -0.7125792913136829165, 3.790000000000000924, -0.3867673685008437556 ) ) ;
#2015 = MECHANICAL_DESIGN_GEOMETRIC_PRESENTATION_REPRESENTATION (  '', ( #2375 ), #3689 ) ;
#2016 = FACE_OUTER_BOUND ( 'NONE', #8482, .T. ) ;
#2017 = ORIENTED_EDGE ( 'NONE', *, *, #2142, .F. ) ;
#2018 = ORIENTED_EDGE ( 'NONE', *, *, #7285, .T. ) ;
#2019 = FILL_AREA_STYLE_COLOUR ( '', #4482 ) ;
#2020 = CARTESIAN_POINT ( 'NONE',  ( 3.372653239360579036, 3.799999999999998490, -0.4144875875707974555 ) ) ;
#2021 = CARTESIAN_POINT ( 'NONE',  ( -0.7599542725479195848, 3.789999999999999591, 0.01743637154173188764 ) ) ;
#2022 = CARTESIAN_POINT ( 'NONE',  ( 3.608620712354077664, 3.799999999999998934, -0.04674822798295977244 ) ) ;
#2023 = VERTEX_POINT ( 'NONE', #4793 ) ;
#2024 = CARTESIAN_POINT ( 'NONE',  ( 1.497747553103865314, 3.799999999999999378, 0.005029526254132453238 ) ) ;
#2025 = CARTESIAN_POINT ( 'NONE',  ( -0.6772757570409608796, 3.789999999999999591, 0.01726672952304868919 ) ) ;
#2026 = VERTEX_POINT ( 'NONE', #1881 ) ;
#2027 = CARTESIAN_POINT ( 'NONE',  ( 3.389135384824799591, 3.800000000000001599, 0.2412062470975882555 ) ) ;
#2028 = SURFACE_STYLE_USAGE ( .BOTH. , #4226 ) ;
#2029 =( GEOMETRIC_REPRESENTATION_CONTEXT ( 3 ) GLOBAL_UNCERTAINTY_ASSIGNED_CONTEXT ( ( #6022 ) ) GLOBAL_UNIT_ASSIGNED_CONTEXT ( ( #235, #1651, #2487 ) ) REPRESENTATION_CONTEXT ( 'NONE', 'WORKASPACE' ) );
#2030 = ORIENTED_EDGE ( 'NONE', *, *, #7945, .T. ) ;
#2031 = CARTESIAN_POINT ( 'NONE',  ( 3.344401710041112086, 3.790000000000000036, -0.2689246909005120756 ) ) ;
#2032 = DIRECTION ( 'NONE',  ( -0.0000000000000000000, 0.0000000000000000000, -1.000000000000000000 ) ) ;
#2033 = LINE ( 'NONE', #1066, #9729 ) ;
#2034 = DIRECTION ( 'NONE',  ( -1.000000000000000000, -0.0000000000000000000, -0.0000000000000000000 ) ) ;
#2035 = CARTESIAN_POINT ( 'NONE',  ( 3.022767094656496845, 3.799999999999999822, -0.3710080242338454348 ) ) ;
#2036 = CARTESIAN_POINT ( 'NONE',  ( 3.696546819987994947, 3.790000000000000036, -0.4604038796556674251 ) ) ;
#2037 = DIRECTION ( 'NONE',  ( 0.0000000000000000000, 0.0000000000000000000, -1.000000000000000000 ) ) ;
#2038 = LINE ( 'NONE', #7908, #2845 ) ;
#2039 = CARTESIAN_POINT ( 'NONE',  ( 3.447770948294911708, 3.800000000000000711, -0.2718680685047344392 ) ) ;
#2040 =( NAMED_UNIT ( * ) PLANE_ANGLE_UNIT ( ) SI_UNIT ( $, .RADIAN. ) );
#2041 =( GEOMETRIC_REPRESENTATION_CONTEXT ( 3 ) GLOBAL_UNCERTAINTY_ASSIGNED_CONTEXT ( ( #204 ) ) GLOBAL_UNIT_ASSIGNED_CONTEXT ( ( #5151, #647, #5905 ) ) REPRESENTATION_CONTEXT ( 'NONE', 'WORKASPACE' ) );
#2042 = ORIENTED_EDGE ( 'NONE', *, *, #4121, .T. ) ;
#2043 = ORIENTED_EDGE ( 'NONE', *, *, #359, .T. ) ;
#2044 = SURFACE_STYLE_USAGE ( .BOTH. , #7218 ) ;
#2045 = CARTESIAN_POINT ( 'NONE',  ( 3.488792735682137547, 3.790000000000000036, -0.4953669985928197961 ) ) ;
#2046 = PRESENTATION_LAYER_ASSIGNMENT (  '', '', ( #2233 ) ) ;
#2047 = ORIENTED_EDGE ( 'NONE', *, *, #7469, .T. ) ;
#2048 = ORIENTED_EDGE ( 'NONE', *, *, #3578, .T. ) ;
#2049 = ADVANCED_FACE ( 'NONE', ( #2104 ), #4720, .T. ) ;
#2050 = CARTESIAN_POINT ( 'NONE',  ( 0.0000000000000000000, 3.799999999999999822, 0.0000000000000000000 ) ) ;
#2051 = EDGE_CURVE ( 'NONE', #8355, #4784, #9115, .T. ) ;
#2052 = CARTESIAN_POINT ( 'NONE',  ( -0.9314875290058229895, 3.790000000000000480, 0.1460214375437843271 ) ) ;
#2053 = UNCERTAINTY_MEASURE_WITH_UNIT (LENGTH_MEASURE( 1.000000000000000082E-05 ), #1118, 'distance_accuracy_value', 'NONE');
#2054 = SURFACE_STYLE_USAGE ( .BOTH. , #7195 ) ;
#2055 = CARTESIAN_POINT ( 'NONE',  ( -0.9939439554337481386, 3.800000000000000266, -0.5499845467487024520 ) ) ;
#2056 = CARTESIAN_POINT ( 'NONE',  ( 2.040604857381409953, 3.800000000000000266, -0.3260288635621578224 ) ) ;
#2057 = CARTESIAN_POINT ( 'NONE',  ( 2.101167261606363468, 3.789999999999999147, -0.2186761852187052990 ) ) ;
#2058 = DIRECTION ( 'NONE',  ( -1.000000000000000000, 0.0000000000000000000, 0.0000000000000000000 ) ) ;
#2059 = DIRECTION ( 'NONE',  ( -0.1319106486351626084, 0.0000000000000000000, -0.9912616106642335723 ) ) ;
#2060 = CARTESIAN_POINT ( 'NONE',  ( -0.9522361594800774487, 3.799999999999999822, 0.1500437120023123960 ) ) ;
#2061 = CARTESIAN_POINT ( 'NONE',  ( 0.04472222286162463173, 3.799999999999999822, 0.2430945398687187897 ) ) ;
#2062 = DIRECTION ( 'NONE',  ( 0.0000000000000000000, 0.0000000000000000000, 1.000000000000000000 ) ) ;
#2063 = CARTESIAN_POINT ( 'NONE',  ( 3.506232779120217913, 3.790000000000000036, -0.5770931259928603341 ) ) ;
#2064 =( NAMED_UNIT ( * ) PLANE_ANGLE_UNIT ( ) SI_UNIT ( $, .RADIAN. ) );
#2065 = CARTESIAN_POINT ( 'NONE',  ( -0.7240674387289940395, 3.800000000000001599, -0.2016754735382939590 ) ) ;
#2066 = ORIENTED_EDGE ( 'NONE', *, *, #8436, .T. ) ;
#2067 = LINE ( 'NONE', #106, #4511 ) ;
#2068 = EDGE_CURVE ( 'NONE', #6762, #4420, #5111, .T. ) ;
#2069 = CARTESIAN_POINT ( 'NONE',  ( 3.338719515753362899, 3.789999999999999591, -0.5058764542547719012 ) ) ;
#2071 = EDGE_CURVE ( 'NONE', #9686, #4239, #8402, .T. ) ;
#2070 = DIRECTION ( 'NONE',  ( 0.0000000000000000000, 0.0000000000000000000, 1.000000000000000000 ) ) ;
#2072 = ORIENTED_EDGE ( 'NONE', *, *, #5043, .T. ) ;
#2073 = LINE ( 'NONE', #2771, #9070 ) ;
#2074 = CARTESIAN_POINT ( 'NONE',  ( 2.099690171579573938, 3.799999999999999822, -0.1569054601312812325 ) ) ;
#2075 = ORIENTED_EDGE ( 'NONE', *, *, #3942, .F. ) ;
#2076 = ORIENTED_EDGE ( 'NONE', *, *, #3552, .T. ) ;
#2077 = LINE ( 'NONE', #7121, #2314 ) ;
#2078 = ORIENTED_EDGE ( 'NONE', *, *, #515, .T. ) ;
#2079 = MECHANICAL_DESIGN_GEOMETRIC_PRESENTATION_REPRESENTATION (  '', ( #3462 ), #4748 ) ;
#2080 =( LENGTH_UNIT ( ) NAMED_UNIT ( * ) SI_UNIT ( .MILLI., .METRE. ) );
#2081 = EDGE_CURVE ( 'NONE', #3419, #8034, #5403, .T. ) ;
#2082 =( NAMED_UNIT ( * ) SI_UNIT ( $, .STERADIAN. ) SOLID_ANGLE_UNIT ( ) );
#2083 = CARTESIAN_POINT ( 'NONE',  ( 3.405169038430731820, 3.799999999999999378, 0.2480950088343179261 ) ) ;
#2085 = FILL_AREA_STYLE_COLOUR ( '', #4637 ) ;
#2084 = SURFACE_STYLE_USAGE ( .BOTH. , #2662 ) ;
#2086 = CARTESIAN_POINT ( 'NONE',  ( 2.271330561928281089, 3.799999999999998934, 0.1802321294552049480 ) ) ;
#2087 =( NAMED_UNIT ( * ) PLANE_ANGLE_UNIT ( ) SI_UNIT ( $, .RADIAN. ) );
#2088 = VERTEX_POINT ( 'NONE', #1176 ) ;
#2089 = CARTESIAN_POINT ( 'NONE',  ( 2.137897785685643370, 3.800000000000000711, -0.3895421529915990000 ) ) ;
#2090 = ORIENTED_EDGE ( 'NONE', *, *, #1701, .T. ) ;
#2091 = CARTESIAN_POINT ( 'NONE',  ( 2.351359030066202838, 3.789999999999999591, -0.5714175968243343506 ) ) ;
#2092 = CARTESIAN_POINT ( 'NONE',  ( -1.141816238676836903, 3.799999999999999822, 0.1610432578174366969 ) ) ;
#2093 = DIRECTION ( 'NONE',  ( 0.0000000000000000000, -1.000000000000000000, 0.0000000000000000000 ) ) ;
#2094 =( GEOMETRIC_REPRESENTATION_CONTEXT ( 3 ) GLOBAL_UNCERTAINTY_ASSIGNED_CONTEXT ( ( #9413 ) ) GLOBAL_UNIT_ASSIGNED_CONTEXT ( ( #5855, #2159, #9622 ) ) REPRESENTATION_CONTEXT ( 'NONE', 'WORKASPACE' ) );
#2095 = LINE ( 'NONE', #5775, #8296 ) ;
#2096 = CARTESIAN_POINT ( 'NONE',  ( 1.043279915169317285, 3.790000000000000036, -0.4748541780799992451 ) ) ;
#2097 = CARTESIAN_POINT ( 'NONE',  ( 2.288965133376721806, 3.790000000000000480, 0.1811152736735189284 ) ) ;
#2098 = ADVANCED_FACE ( 'NONE', ( #1366 ), #5765, .T. ) ;
#2099 = CARTESIAN_POINT ( 'NONE',  ( 3.424209402348804332, 3.790000000000000036, -0.2907195626953838485 ) ) ;
#2100 = VECTOR ( 'NONE', #6567, 1000.000000000000000 ) ;
#2101 = FILL_AREA_STYLE ('',( #5013 ) ) ;
#2102 = AXIS2_PLACEMENT_3D ( 'NONE', #6670, #3683, #2179 ) ;
#2103 = COLOUR_RGB ( '',1.000000000000000000, 1.000000000000000000, 1.000000000000000000 ) ;
#2104 = FACE_OUTER_BOUND ( 'NONE', #1154, .T. ) ;
#2105 = DIRECTION ( 'NONE',  ( 0.8576722029112575640, 0.0000000000000000000, -0.5141968420297333697 ) ) ;
#2106 = CARTESIAN_POINT ( 'NONE',  ( -0.7908140242404595455, 3.790000000000000924, -0.3612272568586085697 ) ) ;
#2107 = ORIENTED_EDGE ( 'NONE', *, *, #7256, .T. ) ;
#2108 = ORIENTED_EDGE ( 'NONE', *, *, #4561, .T. ) ;
#2109 = DIRECTION ( 'NONE',  ( 0.0000000000000000000, 0.0000000000000000000, 1.000000000000000000 ) ) ;
#2110 = EDGE_CURVE ( 'NONE', #2385, #1177, #9682, .T. ) ;
#2111 = VECTOR ( 'NONE', #4829, 999.9999999999998863 ) ;
#2112 = AXIS2_PLACEMENT_3D ( 'NONE', #2731, #8005, #511 ) ;
#2113 = VECTOR ( 'NONE', #5092, 1000.000000000000114 ) ;
#2114 = CARTESIAN_POINT ( 'NONE',  ( -0.9285726215184478827, 3.789999999999999591, 0.2325748787438218501 ) ) ;
#2115 = CARTESIAN_POINT ( 'NONE',  ( 1.464535164229295194, 3.799999999999999822, -0.4422207073430278190 ) ) ;
#2116 = FILL_AREA_STYLE_COLOUR ( '', #2432 ) ;
#2117 = CARTESIAN_POINT ( 'NONE',  ( 2.448393776465875415, 3.789999999999998259, 0.09088717523767153583 ) ) ;
#2118 = CARTESIAN_POINT ( 'NONE',  ( 2.154267697975941420, 3.799999999999999822, 0.1032240122543448269 ) ) ;
#2119 = ADVANCED_FACE ( 'NONE', ( #6754 ), #9153, .T. ) ;
#2120 = ORIENTED_EDGE ( 'NONE', *, *, #2863, .T. ) ;
#2121 = CARTESIAN_POINT ( 'NONE',  ( 3.648408120297522483, 3.790000000000000036, 0.04597915525333414605 ) ) ;
#2122 = DIRECTION ( 'NONE',  ( 0.0000000000000000000, -0.0000000000000000000, 1.000000000000000000 ) ) ;
#2123 = CARTESIAN_POINT ( 'NONE',  ( 3.398901560097624230, 3.799999999999999822, -0.3176308813003988485 ) ) ;
#2124 = MECHANICAL_DESIGN_GEOMETRIC_PRESENTATION_REPRESENTATION (  '', ( #9443 ), #5596 ) ;
#2125 = EDGE_CURVE ( 'NONE', #4866, #5341, #3391, .T. ) ;
#2126 = PLANE ( 'NONE',  #3813 ) ;
#2127 = CARTESIAN_POINT ( 'NONE',  ( 2.409929733250182338, 3.799999999999999378, 0.1382796999709349495 ) ) ;
#2128 = DIRECTION ( 'NONE',  ( -0.0000000000000000000, 1.000000000000000000, -0.0000000000000000000 ) ) ;
#2129 = CARTESIAN_POINT ( 'NONE',  ( 2.557555558679265317, 3.800000000000000711, -0.3213087569115580244 ) ) ;
#2130 = CARTESIAN_POINT ( 'NONE',  ( 1.863898201240328012, 3.790000000000000480, -0.4925144705909383913 ) ) ;
#2131 = ORIENTED_EDGE ( 'NONE', *, *, #7437, .F. ) ;
#2132 = CARTESIAN_POINT ( 'NONE',  ( -2.833643161753760520, 3.790000000000000036, -0.5569054601312812824 ) ) ;
#2133 = CARTESIAN_POINT ( 'NONE',  ( 3.437726880128067375, 3.790000000000000036, -0.2793658450293675655 ) ) ;
#2134 = CARTESIAN_POINT ( 'NONE',  ( -0.7763190314723080743, 3.799999999999998490, -0.3417774033433207959 ) ) ;
#2135 = EDGE_CURVE ( 'NONE', #1842, #1029, #289, .T. ) ;
#2136 =( NAMED_UNIT ( * ) SI_UNIT ( $, .STERADIAN. ) SOLID_ANGLE_UNIT ( ) );
#2137 = CARTESIAN_POINT ( 'NONE',  ( -0.7719561706126703005, 3.799999999999999378, 0.03679403911668790994 ) ) ;
#2138 = COLOUR_RGB ( '',1.000000000000000000, 1.000000000000000000, 1.000000000000000000 ) ;
#2139 = DIRECTION ( 'NONE',  ( -0.0000000000000000000, 1.000000000000000000, -0.0000000000000000000 ) ) ;
#2140 = SURFACE_STYLE_FILL_AREA ( #6891 ) ;
#2141 = ORIENTED_EDGE ( 'NONE', *, *, #9248, .F. ) ;
#2142 = EDGE_CURVE ( 'NONE', #1842, #5793, #7105, .T. ) ;
#2143 = LINE ( 'NONE', #5895, #104 ) ;
#2144 = SURFACE_STYLE_USAGE ( .BOTH. , #6598 ) ;
#2145 = VERTEX_POINT ( 'NONE', #6751 ) ;
#2146 = DIRECTION ( 'NONE',  ( 1.000000000000000000, -0.0000000000000000000, -8.673617379884036705E-17 ) ) ;
#2147 = CARTESIAN_POINT ( 'NONE',  ( 3.467074540218500811, 3.790000000000000036, -0.1661056940779699342 ) ) ;
#2148 = CARTESIAN_POINT ( 'NONE',  ( -0.9120943638902609951, 3.790000000000000036, -0.5353464648400437786 ) ) ;
#2149 = SURFACE_STYLE_USAGE ( .BOTH. , #9684 ) ;
#2150 = CARTESIAN_POINT ( 'NONE',  ( 1.884214403923073933, 3.789999999999999591, -0.1472884595004206876 ) ) ;
#2151 = SURFACE_SIDE_STYLE ('',( #9339 ) ) ;
#2152 = LINE ( 'NONE', #1780, #2266 ) ;
#2153 =( GEOMETRIC_REPRESENTATION_CONTEXT ( 3 ) GLOBAL_UNCERTAINTY_ASSIGNED_CONTEXT ( ( #8914 ) ) GLOBAL_UNIT_ASSIGNED_CONTEXT ( ( #844, #8244, #9076 ) ) REPRESENTATION_CONTEXT ( 'NONE', 'WORKASPACE' ) );
#2154 = FILL_AREA_STYLE ('',( #5066 ) ) ;
#2155 = CARTESIAN_POINT ( 'NONE',  ( -1.923226495087093424, 3.790000000000000036, 0.2430945398687187897 ) ) ;
#2156 = CARTESIAN_POINT ( 'NONE',  ( 1.889598605024068290, 3.799999999999999378, 0.1441964596211580407 ) ) ;
#2157 = VERTEX_POINT ( 'NONE', #6718 ) ;
#2158 = ORIENTED_EDGE ( 'NONE', *, *, #2071, .T. ) ;
#2159 =( NAMED_UNIT ( * ) PLANE_ANGLE_UNIT ( ) SI_UNIT ( $, .RADIAN. ) );
#2160 = CARTESIAN_POINT ( 'NONE',  ( 3.344401710041112086, 3.799999999999999822, -0.2689246909005120756 ) ) ;
#2161 =( NAMED_UNIT ( * ) PLANE_ANGLE_UNIT ( ) SI_UNIT ( $, .RADIAN. ) );
#2162 = CARTESIAN_POINT ( 'NONE',  ( -0.6491906129889672972, 3.790000000000000480, -0.1581951595955160550 ) ) ;
#2163 = AXIS2_PLACEMENT_3D ( 'NONE', #6940, #7033, #3266 ) ;
#2164 = COLOUR_RGB ( '',1.000000000000000000, 1.000000000000000000, 1.000000000000000000 ) ;
#2165 = ADVANCED_FACE ( 'NONE', ( #8516 ), #7466, .T. ) ;
#2166 = CARTESIAN_POINT ( 'NONE',  ( 3.447770948294911708, 3.790000000000000924, -0.2718680685047344392 ) ) ;
#2167 =( GEOMETRIC_REPRESENTATION_CONTEXT ( 3 ) GLOBAL_UNCERTAINTY_ASSIGNED_CONTEXT ( ( #4711 ) ) GLOBAL_UNIT_ASSIGNED_CONTEXT ( ( #3512, #4844, #5591 ) ) REPRESENTATION_CONTEXT ( 'NONE', 'WORKASPACE' ) );
#2168 = CARTESIAN_POINT ( 'NONE',  ( 5.569999999999999396, 1.900000000000000355, -0.3500000000000004774 ) ) ;
#2169 = CARTESIAN_POINT ( 'NONE',  ( 1.759904093001494196, 3.790000000000000924, 0.1627998907984854193 ) ) ;
#2170 = MANIFOLD_SOLID_BREP ( 'Mirror8', #8107 ) ;
#2171 = PRESENTATION_STYLE_ASSIGNMENT (( #2404 ) ) ;
#2172 = LINE ( 'NONE', #991, #9636 ) ;
#2173 = AXIS2_PLACEMENT_3D ( 'NONE', #472, #4277, #2105 ) ;
#2174 = DIRECTION ( 'NONE',  ( 0.0000000000000000000, -0.0000000000000000000, 1.000000000000000000 ) ) ;
#2175 = EDGE_CURVE ( 'NONE', #7905, #5355, #6044, .T. ) ;
#2176 = CARTESIAN_POINT ( 'NONE',  ( -1.003205936435493717, 3.800000000000001155, 0.1561679446733620080 ) ) ;
#2177 = PRESENTATION_LAYER_ASSIGNMENT (  '', '', ( #1134 ) ) ;
#2178 = CIRCLE ( 'NONE', #5386, 0.4999999999999995559 ) ;
#2180 = PLANE ( 'NONE',  #7830 ) ;
#2179 = DIRECTION ( 'NONE',  ( -1.000000000000000000, 0.0000000000000000000, -0.0000000000000000000 ) ) ;
#2181 = SURFACE_SIDE_STYLE ('',( #7588 ) ) ;
#2182 =( LENGTH_UNIT ( ) NAMED_UNIT ( * ) SI_UNIT ( .MILLI., .METRE. ) );
#2183 = CARTESIAN_POINT ( 'NONE',  ( 1.882588018092081095, 3.799999999999998934, -0.1005098644305472133 ) ) ;
#2184 = SURFACE_SIDE_STYLE ('',( #5451 ) ) ;
#2185 = ORIENTED_EDGE ( 'NONE', *, *, #6608, .F. ) ;
#2186 = ORIENTED_EDGE ( 'NONE', *, *, #4256, .F. ) ;
#2187 = ORIENTED_EDGE ( 'NONE', *, *, #268, .F. ) ;
#2188 = SURFACE_SIDE_STYLE ('',( #563 ) ) ;
#2189 = CARTESIAN_POINT ( 'NONE',  ( 1.753939196529848754, 3.799999999999999378, 0.2524855378229050040 ) ) ;
#2190 = PRESENTATION_STYLE_ASSIGNMENT (( #4559 ) ) ;
#2191 = CARTESIAN_POINT ( 'NONE',  ( -1.618258546369144790, 3.799999999999999822, -0.3325464857723068879 ) ) ;
#2192 = CARTESIAN_POINT ( 'NONE',  ( -0.6494548431019259160, 3.789999999999999591, -0.1174351285856989197 ) ) ;
#2193 = CARTESIAN_POINT ( 'NONE',  ( 1.717700201718249664, 3.799999999999998046, -0.5749538535322042954 ) ) ;
#2194 = CARTESIAN_POINT ( 'NONE',  ( 3.545780294989803849, 3.799999999999998934, -0.4845324539536109976 ) ) ;
#2195 = UNCERTAINTY_MEASURE_WITH_UNIT (LENGTH_MEASURE( 1.000000000000000082E-05 ), #5035, 'distance_accuracy_value', 'NONE');
#2196 = SURFACE_STYLE_USAGE ( .BOTH. , #5209 ) ;
#2197 = ORIENTED_EDGE ( 'NONE', *, *, #7894, .F. ) ;
#2198 = DIRECTION ( 'NONE',  ( 1.000000000000000000, 0.0000000000000000000, -1.734723475976807341E-16 ) ) ;
#2199 = FACE_OUTER_BOUND ( 'NONE', #337, .T. ) ;
#2200 = VERTEX_POINT ( 'NONE', #9663 ) ;
#2202 = STYLED_ITEM ( 'NONE', ( #3739 ), #519 ) ;
#2201 = CARTESIAN_POINT ( 'NONE',  ( -0.8069003966597135813, 3.790000000000001368, -0.3790455232778090489 ) ) ;
#2203 = CARTESIAN_POINT ( 'NONE',  ( -0.7237299009480101519, 3.799999999999999378, -0.09509850256644200583 ) ) ;
#2204 = CARTESIAN_POINT ( 'NONE',  ( -5.569999999999999396, 1.399999999999999911, 0.3499999999999996447 ) ) ;
#2205 = COLOUR_RGB ( '',1.000000000000000000, 1.000000000000000000, 1.000000000000000000 ) ;
#2206 = ORIENTED_EDGE ( 'NONE', *, *, #6432, .T. ) ;
#2207 = ADVANCED_FACE ( 'NONE', ( #7923 ), #2561, .T. ) ;
#2208 = LINE ( 'NONE', #5144, #6634 ) ;
#2209 = CARTESIAN_POINT ( 'NONE',  ( 1.928423465843850604, 3.799999999999999822, -0.3739576591678854256 ) ) ;
#2210 = PRESENTATION_STYLE_ASSIGNMENT (( #8090 ) ) ;
#2211 = EDGE_CURVE ( 'NONE', #7913, #5218, #981, .T. ) ;
#2212 = PLANE ( 'NONE',  #4459 ) ;
#2213 = ORIENTED_EDGE ( 'NONE', *, *, #8868, .T. ) ;
#2214 = CARTESIAN_POINT ( 'NONE',  ( 1.548372239900811964, 3.789999999999999591, 0.1155454211852845053 ) ) ;
#2216 = FILL_AREA_STYLE_COLOUR ( '', #2787 ) ;
#2215 = CARTESIAN_POINT ( 'NONE',  ( 1.526632180392236471, 3.789999999999999591, -0.5210176971794607814 ) ) ;
#2217 = PRESENTATION_STYLE_ASSIGNMENT (( #2196 ) ) ;
#2218 = ADVANCED_FACE ( 'NONE', ( #6280 ), #8449, .T. ) ;
#2219 =( LENGTH_UNIT ( ) NAMED_UNIT ( * ) SI_UNIT ( .MILLI., .METRE. ) );
#2220 = SURFACE_STYLE_USAGE ( .BOTH. , #6675 ) ;
#2221 = LINE ( 'NONE', #5554, #3402 ) ;
#2222 = VERTEX_POINT ( 'NONE', #3204 ) ;
#2223 = CARTESIAN_POINT ( 'NONE',  ( 3.655368788574169248, 3.799999999999998490, -0.1055413038643951695 ) ) ;
#2224 = CARTESIAN_POINT ( 'NONE',  ( 2.484988871918202502, 3.799999999999998934, -0.3096958051587143101 ) ) ;
#2225 = CARTESIAN_POINT ( 'NONE',  ( 2.456179636510497311, 3.800000000000001599, 0.07635858660544021792 ) ) ;
#2226 = DIRECTION ( 'NONE',  ( 0.4190581774617470057, 0.0000000000000000000, 0.9079593845004517716 ) ) ;
#2227 = CARTESIAN_POINT ( 'NONE',  ( 1.880131375055913434, 3.790000000000000480, -0.07374269096409047375 ) ) ;
#2228 = CARTESIAN_POINT ( 'NONE',  ( 5.569999999999999396, 1.399999999999999911, 0.3499999999999996447 ) ) ;
#2229 = CARTESIAN_POINT ( 'NONE',  ( -5.500000000000000888, 0.0000000000000000000, -4.500000000000001776 ) ) ;
#2230 = FILL_AREA_STYLE_COLOUR ( '', #8639 ) ;
#2231 = CARTESIAN_POINT ( 'NONE',  ( 1.877868262927276044, 3.799999999999999822, -0.2639356661962441453 ) ) ;
#2232 =( NAMED_UNIT ( * ) PLANE_ANGLE_UNIT ( ) SI_UNIT ( $, .RADIAN. ) );
#2233 = STYLED_ITEM ( 'NONE', ( #4138 ), #5959 ) ;
#2234 = ORIENTED_EDGE ( 'NONE', *, *, #9253, .T. ) ;
#2235 = CARTESIAN_POINT ( 'NONE',  ( -0.9315598284204266166, 3.790000000000000036, -0.4524182806441018334 ) ) ;
#2236 = CARTESIAN_POINT ( 'NONE',  ( 3.711325453318744305, 3.790000000000000480, 0.1095950518862168488 ) ) ;
#2237 = EDGE_CURVE ( 'NONE', #8259, #3061, #2443, .T. ) ;
#2238 = VERTEX_POINT ( 'NONE', #6944 ) ;
#2239 = VERTEX_POINT ( 'NONE', #2490 ) ;
#2240 =( NAMED_UNIT ( * ) PLANE_ANGLE_UNIT ( ) SI_UNIT ( $, .RADIAN. ) );
#2241 = CARTESIAN_POINT ( 'NONE',  ( 3.569999999999999396, 1.899999999999999911, 1.250000000000000000 ) ) ;
#2243 =( NAMED_UNIT ( * ) PLANE_ANGLE_UNIT ( ) SI_UNIT ( $, .RADIAN. ) );
#2242 = CARTESIAN_POINT ( 'NONE',  ( 1.590137836315506092, 3.790000000000000036, -0.5602241840206924062 ) ) ;
#2244 = CARTESIAN_POINT ( 'NONE',  ( 3.248408120297522128, 3.790000000000000036, 0.08876761679179567821 ) ) ;
#2245 = ADVANCED_FACE ( 'NONE', ( #9204 ), #4681, .T. ) ;
#2246 =( LENGTH_UNIT ( ) NAMED_UNIT ( * ) SI_UNIT ( .MILLI., .METRE. ) );
#2247 = FACE_OUTER_BOUND ( 'NONE', #1880, .T. ) ;
#2248 = EDGE_CURVE ( 'NONE', #6623, #8073, #747, .T. ) ;
#2249 = EDGE_LOOP ( 'NONE', ( #6610, #1792, #9679, #3566, #5261, #3045 ) ) ;
#2250 = CARTESIAN_POINT ( 'NONE',  ( -5.500000000000000000, 1.900000000000000355, -1.249999999999999778 ) ) ;
#2251 = CARTESIAN_POINT ( 'NONE',  ( 2.222844925835732344, 3.799999999999999822, 0.2527246732528871109 ) ) ;
#2252 = SURFACE_SIDE_STYLE ('',( #2539 ) ) ;
#2253 = CARTESIAN_POINT ( 'NONE',  ( 1.951195626069403000, 3.800000000000000266, -0.05273532938663545028 ) ) ;
#2254 = DIRECTION ( 'NONE',  ( 0.0000000000000000000, -4.818676322157801319E-16, 1.000000000000000000 ) ) ;
#2255 = CARTESIAN_POINT ( 'NONE',  ( -0.6993752712657544945, 3.800000000000000266, 0.06475502329243872091 ) ) ;
#2256 = CARTESIAN_POINT ( 'NONE',  ( 1.956100427989829971, 3.790000000000000036, -0.1565849473107684686 ) ) ;
#2257 = CARTESIAN_POINT ( 'NONE',  ( 1.522513170301027063, 3.799999999999999378, -0.3895421529915992775 ) ) ;
#2258 = CARTESIAN_POINT ( 'NONE',  ( -0.9234503498128678878, 3.790000000000000480, -0.4497606601941956939 ) ) ;
#2259 = EDGE_CURVE ( 'NONE', #4580, #1216, #8637, .T. ) ;
#2260 = EDGE_LOOP ( 'NONE', ( #5296, #8371, #6920, #6134 ) ) ;
#2261 = ADVANCED_FACE ( 'NONE', ( #4065 ), #2573, .T. ) ;
#2262 = FACE_OUTER_BOUND ( 'NONE', #7839, .T. ) ;
#2263 = CARTESIAN_POINT ( 'NONE',  ( 3.531741453630855787, 3.790000000000000036, -0.2110721267979479565 ) ) ;
#2264 = CARTESIAN_POINT ( 'NONE',  ( 1.734800031268405762, 3.800000000000000711, 0.1734214998187550427 ) ) ;
#2265 = STYLED_ITEM ( 'NONE', ( #5104 ), #3036 ) ;
#2266 = VECTOR ( 'NONE', #3395, 1000.000000000000000 ) ;
#2267 = EDGE_CURVE ( 'NONE', #3117, #9507, #7531, .T. ) ;
#2268 = CARTESIAN_POINT ( 'NONE',  ( 1.682382479271881559, 3.790000000000000924, 0.1815560783302572756 ) ) ;
#2269 = EDGE_LOOP ( 'NONE', ( #9499, #4854, #9347, #7735 ) ) ;
#2270 = ORIENTED_EDGE ( 'NONE', *, *, #3299, .T. ) ;
#2271 = LINE ( 'NONE', #2756, #1808 ) ;
#2272 = CARTESIAN_POINT ( 'NONE',  ( 2.566580241454019085, 3.790000000000000480, -0.05273532938663548497 ) ) ;
#2273 = CARTESIAN_POINT ( 'NONE',  ( 3.533068408557002549, 3.799999999999999378, 0.1772521092274686183 ) ) ;
#2274 = CARTESIAN_POINT ( 'NONE',  ( 3.316925927135973229, 3.789999999999998259, -0.3121850026264190170 ) ) ;
#2275 = CARTESIAN_POINT ( 'NONE',  ( -1.469540597651195935, 3.790000000000000036, 0.2430945398687187897 ) ) ;
#2276 = UNCERTAINTY_MEASURE_WITH_UNIT (LENGTH_MEASURE( 1.000000000000000082E-05 ), #7267, 'distance_accuracy_value', 'NONE');
#2277 = STYLED_ITEM ( 'NONE', ( #3835 ), #5076 ) ;
#2278 = ORIENTED_EDGE ( 'NONE', *, *, #6910, .F. ) ;
#2279 = VERTEX_POINT ( 'NONE', #5616 ) ;
#2280 = CARTESIAN_POINT ( 'NONE',  ( 1.530508830318332070, 3.790000000000000924, -0.4039395849288013873 ) ) ;
#2281 = DIRECTION ( 'NONE',  ( -0.0000000000000000000, 1.000000000000000000, -0.0000000000000000000 ) ) ;
#2282 = PRESENTATION_LAYER_ASSIGNMENT (  '', '', ( #665 ) ) ;
#2283 = CARTESIAN_POINT ( 'NONE',  ( 3.668782658367812033, 3.800000000000000266, -0.08975031582274436981 ) ) ;
#2284 = LINE ( 'NONE', #3323, #9285 ) ;
#2285 = CARTESIAN_POINT ( 'NONE',  ( 2.450001700301692953, 3.799999999999999822, -0.4010104959359746535 ) ) ;
#2286 = CARTESIAN_POINT ( 'NONE',  ( 2.403768688732015768, 3.799999999999999378, 0.2383671981594534806 ) ) ;
#2287 = CARTESIAN_POINT ( 'NONE',  ( 1.947490485884540545, 3.799999999999999378, -0.02169293796749991940 ) ) ;
#2288 = DIRECTION ( 'NONE',  ( -0.0000000000000000000, 1.000000000000000000, -0.0000000000000000000 ) ) ;
#2289 = CARTESIAN_POINT ( 'NONE',  ( -1.057521366881964964, 3.799999999999999822, 0.2430945398687187897 ) ) ;
#2290 = DIRECTION ( 'NONE',  ( -0.0000000000000000000, 1.000000000000000000, -0.0000000000000000000 ) ) ;
#2291 = VECTOR ( 'NONE', #2737, 1000.000000000000114 ) ;
#2292 = FILL_AREA_STYLE_COLOUR ( '', #3957 ) ;
#2293 = EDGE_CURVE ( 'NONE', #7439, #7207, #4614, .T. ) ;
#2294 = UNCERTAINTY_MEASURE_WITH_UNIT (LENGTH_MEASURE( 1.000000000000000082E-05 ), #1995, 'distance_accuracy_value', 'NONE');
#2295 =( NAMED_UNIT ( * ) PLANE_ANGLE_UNIT ( ) SI_UNIT ( $, .RADIAN. ) );
#2296 = CARTESIAN_POINT ( 'NONE',  ( 1.590384535574846270, 3.800000000000000711, 0.2467327106665011816 ) ) ;
#2297 = PRESENTATION_LAYER_ASSIGNMENT (  '', '', ( #7159 ) ) ;
#2298 = ORIENTED_EDGE ( 'NONE', *, *, #9710, .F. ) ;
#2299 = VECTOR ( 'NONE', #3767, 1000.000000000000000 ) ;
#2300 = VERTEX_POINT ( 'NONE', #3374 ) ;
#2301 = ORIENTED_EDGE ( 'NONE', *, *, #3762, .T. ) ;
#2302 = CARTESIAN_POINT ( 'NONE',  ( 3.491677351066753143, 3.790000000000000036, 0.2636073603815393129 ) ) ;
#2303 = COLOUR_RGB ( '',1.000000000000000000, 1.000000000000000000, 1.000000000000000000 ) ;
#2304 = PRESENTATION_LAYER_ASSIGNMENT (  '', '', ( #750 ) ) ;
#2305 = EDGE_CURVE ( 'NONE', #6971, #4073, #729, .T. ) ;
#2306 = CARTESIAN_POINT ( 'NONE',  ( 1.919992154589167388, 3.790000000000000036, -0.3975607811808380410 ) ) ;
#2307 =( NAMED_UNIT ( * ) SI_UNIT ( $, .STERADIAN. ) SOLID_ANGLE_UNIT ( ) );
#2308 = EDGE_LOOP ( 'NONE', ( #1122, #6963, #7467, #1464 ) ) ;
#2309 = CARTESIAN_POINT ( 'NONE',  ( 2.784305556194957898, 3.799999999999999822, -0.02357212679794789753 ) ) ;
#2310 = B_SPLINE_CURVE_WITH_KNOTS ( 'NONE', 3,
 ( #2031, #2678, #6425, #3421, #1097, #8657, #4264, #4204, #6454, #7115, #8625 ),
 .UNSPECIFIED., .F., .F.,
 ( 4, 1, 1, 1, 1, 1, 1, 1, 4 ),
 ( 0.0000000000000000000, 0.1335067689985166006, 0.2625589787303701517, 0.3882644471488777560, 0.5126673546814276561, 0.6337222699657593106, 0.7553938601370945305, 0.8775529450912776808, 1.000000000000000000 ),
 .UNSPECIFIED. ) ;
#2311 = ORIENTED_EDGE ( 'NONE', *, *, #7300, .T. ) ;
#2312 = CARTESIAN_POINT ( 'NONE',  ( 3.428477223892431258, 3.799999999999999822, -0.1945791446513255307 ) ) ;
#2313 = ADVANCED_FACE ( 'NONE', ( #4733 ), #2519, .T. ) ;
#2314 = VECTOR ( 'NONE', #3541, 1000.000000000000000 ) ;
#2315 = VERTEX_POINT ( 'NONE', #1127 ) ;
#2316 = CARTESIAN_POINT ( 'NONE',  ( 3.475491453630855876, 3.799999999999999822, -0.1601105883364094817 ) ) ;
#2317 = CARTESIAN_POINT ( 'NONE',  ( 3.569999999999999396, -0.07000000000000000666, -1.250000000000000222 ) ) ;
#2318 = LINE ( 'NONE', #5931, #1973 ) ;
#2319 = PRESENTATION_LAYER_ASSIGNMENT (  '', '', ( #8200 ) ) ;
#2320 = CARTESIAN_POINT ( 'NONE',  ( 3.622382587633699025, 3.799999999999999378, -0.1387050234835562612 ) ) ;
#2321 = DIRECTION ( 'NONE',  ( 0.0000000000000000000, 0.0000000000000000000, 1.000000000000000000 ) ) ;
#2322 = DIRECTION ( 'NONE',  ( -0.0000000000000000000, 1.000000000000000000, -0.0000000000000000000 ) ) ;
#2323 =( NAMED_UNIT ( * ) SI_UNIT ( $, .STERADIAN. ) SOLID_ANGLE_UNIT ( ) );
#2324 = CARTESIAN_POINT ( 'NONE',  ( -2.843899572010170740, 3.790000000000000036, -0.5569054601312812824 ) ) ;
#2325 = CARTESIAN_POINT ( 'NONE',  ( -0.7743657107995683964, 3.799999999999998934, 0.1603500661947875883 ) ) ;
#2326 = CARTESIAN_POINT ( 'NONE',  ( 0.9671581202975220171, 3.790000000000000036, -0.5569054601312812824 ) ) ;
#2327 = DIRECTION ( 'NONE',  ( -0.0000000000000000000, 1.000000000000000000, -0.0000000000000000000 ) ) ;
#2328 = CARTESIAN_POINT ( 'NONE',  ( 1.883933790026164123, 3.800000000000000266, -0.1853307715138228506 ) ) ;
#2329 = CARTESIAN_POINT ( 'NONE',  ( -5.569999999999999396, 1.399999999999999911, 0.3499999999999996447 ) ) ;
#2330 = ORIENTED_EDGE ( 'NONE', *, *, #9253, .F. ) ;
#2331 = PRESENTATION_STYLE_ASSIGNMENT (( #6601 ) ) ;
#2332 = ORIENTED_EDGE ( 'NONE', *, *, #8247, .F. ) ;
#2333 = EDGE_CURVE ( 'NONE', #5578, #7796, #64, .T. ) ;
#2334 = CARTESIAN_POINT ( 'NONE',  ( 2.103040503681885554, 3.799999999999999378, -0.06723864106931314033 ) ) ;
#2335 = CARTESIAN_POINT ( 'NONE',  ( 1.717739252117415072, 3.800000000000001599, 0.2609139509444463045 ) ) ;
#2336 = FILL_AREA_STYLE ('',( #781 ) ) ;
#2337 = FACE_OUTER_BOUND ( 'NONE', #2560, .T. ) ;
#2338 = COLOUR_RGB ( '',1.000000000000000000, 1.000000000000000000, 1.000000000000000000 ) ;
#2339 = CARTESIAN_POINT ( 'NONE',  ( 1.833009161081260663, 3.790000000000000036, 0.09088717523767125828 ) ) ;
#2340 = EDGE_LOOP ( 'NONE', ( #3024, #9396, #3934, #6434 ) ) ;
#2341 = CARTESIAN_POINT ( 'NONE',  ( 3.579108501112663987, 3.800000000000001599, -0.5615211936026194284 ) ) ;
#2342 = COLOUR_RGB ( '',1.000000000000000000, 1.000000000000000000, 1.000000000000000000 ) ;
#2343 = DIRECTION ( 'NONE',  ( 1.000000000000000000, 0.0000000000000000000, 0.0000000000000000000 ) ) ;
#2344 = VERTEX_POINT ( 'NONE', #4969 ) ;
#2345 = CARTESIAN_POINT ( 'NONE',  ( 3.491677351066753143, 3.799999999999999822, 0.1815560783302572478 ) ) ;
#2346 = AXIS2_PLACEMENT_3D ( 'NONE', #7551, #4419, #1536 ) ;
#2347 = FILL_AREA_STYLE_COLOUR ( '', #6678 ) ;
#2348 = ADVANCED_FACE ( 'NONE', ( #9706 ), #6066, .T. ) ;
#2349 = CARTESIAN_POINT ( 'NONE',  ( 3.362702026773934261, 3.790000000000000480, -0.2488004990550933548 ) ) ;
#2350 = COLOUR_RGB ( '',1.000000000000000000, 1.000000000000000000, 1.000000000000000000 ) ;
#2351 = CARTESIAN_POINT ( 'NONE',  ( 1.558600980157784921, 3.790000000000001368, -0.4410855361367141958 ) ) ;
#2352 = AXIS2_PLACEMENT_3D ( 'NONE', #5068, #8714, #3564 ) ;
#2353 = CARTESIAN_POINT ( 'NONE',  ( 3.709946581835984247, 3.790000000000000036, -0.4420016139774352038 ) ) ;
#2354 = CARTESIAN_POINT ( 'NONE',  ( 2.128560855481010705, 3.800000000000000711, 0.1949911916237331844 ) ) ;
#2355 = ORIENTED_EDGE ( 'NONE', *, *, #5394, .T. ) ;
#2356 = SURFACE_STYLE_USAGE ( .BOTH. , #3138 ) ;
#2357 = CARTESIAN_POINT ( 'NONE',  ( -1.022768217690783077, 3.790000000000000480, 0.2428049650926126790 ) ) ;
#2358 = EDGE_LOOP ( 'NONE', ( #3667, #9441, #513, #3554 ) ) ;
#2359 = CARTESIAN_POINT ( 'NONE',  ( 3.633576452357696329, 3.790000000000000480, -0.4075746317194185453 ) ) ;
#2360 = SURFACE_STYLE_USAGE ( .BOTH. , #9068 ) ;
#2361 = FILL_AREA_STYLE ('',( #4439 ) ) ;
#2362 = CARTESIAN_POINT ( 'NONE',  ( 2.154267697975941420, 3.799999999999999822, 0.1032240122543448269 ) ) ;
#2363 = FILL_AREA_STYLE ('',( #4544 ) ) ;
#2364 = ORIENTED_EDGE ( 'NONE', *, *, #7350, .T. ) ;
#2365 = AXIS2_PLACEMENT_3D ( 'NONE', #7089, #7154, #7811 ) ;
#2366 = CARTESIAN_POINT ( 'NONE',  ( 1.508661315248178481, 3.789999999999999591, -0.3574397987871505977 ) ) ;
#2367 = EDGE_CURVE ( 'NONE', #4824, #6078, #126, .T. ) ;
#2368 = CARTESIAN_POINT ( 'NONE',  ( 3.389643234176168196, 3.790000000000000036, -0.3306644213137816535 ) ) ;
#2369 = B_SPLINE_CURVE_WITH_KNOTS ( 'NONE', 3,
 ( #8069, #8910, #2328, #4469, #635, #2231, #5208, #700, #5962, #7399, #5991, #735, #5892, #7435, #3738, #7503, #4438, #1554, #5139, #7465, #9662, #1488, #5271 ),
 .UNSPECIFIED., .F., .F.,
 ( 4, 1, 1, 1, 1, 1, 1, 1, 1, 1, 1, 1, 1, 1, 1, 1, 1, 1, 1, 1, 4 ),
 ( 0.0000000000000000000, 0.06568119799063883157, 0.1284864641740648128, 0.1881751303280078114, 0.2451061306699864606, 0.2994484245294754543, 0.3508229360093823579, 0.3999416805337777658, 0.4466717436323720536, 0.4912545333734980035, 0.5333763442704362312, 0.5738527549682235218, 0.6125263117194523765, 0.6495971364453290153, 0.6855320415538496137, 0.7201057860682009704, 0.7538376629736496248, 0.8189254160467140942, 0.8804934616501646216, 0.9403113338460573623, 1.000000000000000000 ),
 .UNSPECIFIED. ) ;
#2370 = CARTESIAN_POINT ( 'NONE',  ( 3.600466961642832864, 3.790000000000000036, -0.5509637860648892715 ) ) ;
#2371 = UNCERTAINTY_MEASURE_WITH_UNIT (LENGTH_MEASURE( 1.000000000000000082E-05 ), #6041, 'distance_accuracy_value', 'NONE');
#2372 = LINE ( 'NONE', #2767, #6676 ) ;
#2373 = CARTESIAN_POINT ( 'NONE',  ( 1.412510684400086536, 3.790000000000000036, -0.1565849473107684686 ) ) ;
#2375 = STYLED_ITEM ( 'NONE', ( #1360 ), #585 ) ;
#2374 = CARTESIAN_POINT ( 'NONE',  ( -0.7264525577128847500, 3.800000000000000711, 0.1074199148251074043 ) ) ;
#2376 = VECTOR ( 'NONE', #5228, 1000.000000000000000 ) ;
#2377 = ORIENTED_EDGE ( 'NONE', *, *, #5084, .F. ) ;
#2378 = CARTESIAN_POINT ( 'NONE',  ( 3.324729164347034249, 3.800000000000000711, -0.2973682562471666735 ) ) ;
#2379 = CARTESIAN_POINT ( 'NONE',  ( 3.079978633118034992, 3.799999999999999822, -0.5774182806441018334 ) ) ;
#2380 = CARTESIAN_POINT ( 'NONE',  ( -3.569999999999999396, -0.07000000000000000666, 1.249999999999999778 ) ) ;
#2381 = LINE ( 'NONE', #1147, #6339 ) ;
#2382 = CARTESIAN_POINT ( 'NONE',  ( 3.459990879992474788, 3.800000000000000711, -0.2625909675962110890 ) ) ;
#2383 = DIRECTION ( 'NONE',  ( -0.0000000000000000000, 1.000000000000000000, -0.0000000000000000000 ) ) ;
#2384 = CARTESIAN_POINT ( 'NONE',  ( 3.375310928442229130, 3.799999999999999378, 0.1293523829498002542 ) ) ;
#2385 = VERTEX_POINT ( 'NONE', #7383 ) ;
#2386 = EDGE_CURVE ( 'NONE', #1757, #4101, #4666, .T. ) ;
#2387 = CARTESIAN_POINT ( 'NONE',  ( -0.7208226489332473230, 3.799999999999999822, -0.1469695626953838041 ) ) ;
#2388 = CARTESIAN_POINT ( 'NONE',  ( -3.569999999999999396, 1.399999999999999911, 0.3499999999999996447 ) ) ;
#2389 = CARTESIAN_POINT ( 'NONE',  ( 3.600678501599979597, 3.790000000000001812, -0.4444324427293025459 ) ) ;
#2390 = CARTESIAN_POINT ( 'NONE',  ( 3.648408120297522483, 3.799999999999999822, 0.04597915525333414605 ) ) ;
#2391 = PRESENTATION_LAYER_ASSIGNMENT (  '', '', ( #5678 ) ) ;
#2392 = VECTOR ( 'NONE', #1078, 1000.000000000000000 ) ;
#2393 = ADVANCED_FACE ( 'NONE', ( #4096 ), #2901, .F. ) ;
#2394 = ORIENTED_EDGE ( 'NONE', *, *, #4081, .T. ) ;
#2395 = CARTESIAN_POINT ( 'NONE',  ( 2.109084902701580777, 3.789999999999998259, -0.01708925844646945469 ) ) ;
#2396 = VERTEX_POINT ( 'NONE', #5060 ) ;
#2397 = CARTESIAN_POINT ( 'NONE',  ( 1.889598605024068290, 3.799999999999999378, 0.1441964596211580407 ) ) ;
#2398 = CARTESIAN_POINT ( 'NONE',  ( 1.420872147434188326, 3.800000000000001155, -0.01744779821163019648 ) ) ;
#2399 = PRESENTATION_LAYER_ASSIGNMENT (  '', '', ( #1359 ) ) ;
#2400 = CARTESIAN_POINT ( 'NONE',  ( 1.515309209232216681, 3.800000000000001155, -0.3740378411686507421 ) ) ;
#2401 = EDGE_CURVE ( 'NONE', #4169, #6345, #7712, .T. ) ;
#2402 = FILL_AREA_STYLE_COLOUR ( '', #4770 ) ;
#2403 = CARTESIAN_POINT ( 'NONE',  ( 3.506232779120217913, 3.800000000000000266, -0.5770931259928603341 ) ) ;
#2404 = SURFACE_STYLE_USAGE ( .BOTH. , #8823 ) ;
#2405 = COLOUR_RGB ( '',1.000000000000000000, 1.000000000000000000, 1.000000000000000000 ) ;
#2406 = CARTESIAN_POINT ( 'NONE',  ( 2.526314654068355203, 3.790000000000000480, 0.1049202445333096562 ) ) ;
#2407 = CARTESIAN_POINT ( 'NONE',  ( -0.6519986867291961419, 3.800000000000000266, -0.08871720958959508629 ) ) ;
#2408 = DIRECTION ( 'NONE',  ( -0.0000000000000000000, 0.0000000000000000000, -1.000000000000000000 ) ) ;
#2409 = MECHANICAL_DESIGN_GEOMETRIC_PRESENTATION_REPRESENTATION (  '', ( #7533 ), #7844 ) ;
#2410 = CARTESIAN_POINT ( 'NONE',  ( 1.485782646221747605, 3.789999999999999147, -0.2186761852187053268 ) ) ;
#2411 =( LENGTH_UNIT ( ) NAMED_UNIT ( * ) SI_UNIT ( .MILLI., .METRE. ) );
#2412 = AXIS2_PLACEMENT_3D ( 'NONE', #5091, #4103, #583 ) ;
#2413 = CARTESIAN_POINT ( 'NONE',  ( 3.408352775204452012, 3.790000000000000036, -0.2101320291180460431 ) ) ;
#2414 = CARTESIAN_POINT ( 'NONE',  ( 5.499999999999999112, 3.799999999999999822, -5.000000000000000888 ) ) ;
#2415 = CARTESIAN_POINT ( 'NONE',  ( 2.784305556194957898, 3.799999999999999822, -0.02357212679794789753 ) ) ;
#2416 = CARTESIAN_POINT ( 'NONE',  ( -0.8069003966597135813, 3.800000000000001155, -0.3790455232778090489 ) ) ;
#2417 =( NAMED_UNIT ( * ) SI_UNIT ( $, .STERADIAN. ) SOLID_ANGLE_UNIT ( ) );
#2418 = CARTESIAN_POINT ( 'NONE',  ( 2.489276370633699553, 3.790000000000000924, -0.2874214496715564726 ) ) ;
#2419 = SURFACE_SIDE_STYLE ('',( #7451 ) ) ;
#2420 = CARTESIAN_POINT ( 'NONE',  ( 2.571050391914381894, 3.790000000000000036, -0.1928172289829195585 ) ) ;
#2421 = CARTESIAN_POINT ( 'NONE',  ( 1.857690888016053421, 3.790000000000000480, -0.3501078295086467729 ) ) ;
#2422 = ORIENTED_EDGE ( 'NONE', *, *, #3454, .T. ) ;
#2423 = VERTEX_POINT ( 'NONE', #6672 ) ;
#2424 = EDGE_CURVE ( 'NONE', #7394, #9072, #6191, .T. ) ;
#2425 = CARTESIAN_POINT ( 'NONE',  ( 2.118057446115730880, 3.799999999999999378, 0.02511575188014500762 ) ) ;
#2426 = LINE ( 'NONE', #6014, #3938 ) ;
#2427 = CARTESIAN_POINT ( 'NONE',  ( 1.699006398190857414, 3.789999999999999591, 0.2633303734483950498 ) ) ;
#2428 = CARTESIAN_POINT ( 'NONE',  ( 1.815111755245947256, 3.799999999999999378, 0.1166635821150875801 ) ) ;
#2429 = ORIENTED_EDGE ( 'NONE', *, *, #5152, .T. ) ;
#2430 = EDGE_LOOP ( 'NONE', ( #8534, #8759, #5663, #9138, #4795, #3252, #2435 ) ) ;
#2431 = CARTESIAN_POINT ( 'NONE',  ( 1.484331281231579425, 3.800000000000000266, -0.1676445191832757475 ) ) ;
#2432 = COLOUR_RGB ( '',1.000000000000000000, 1.000000000000000000, 1.000000000000000000 ) ;
#2433 = DIRECTION ( 'NONE',  ( -1.000000000000000000, -0.0000000000000000000, -0.0000000000000000000 ) ) ;
#2434 = B_SPLINE_CURVE_WITH_KNOTS ( 'NONE', 3,
 ( #1071, #247, #6367, #7047, #9345, #1908, #7728, #7120, #283, #6333, #3280, #2588, #6305, #8531, #2647 ),
 .UNSPECIFIED., .F., .F.,
 ( 4, 1, 1, 1, 1, 1, 1, 1, 1, 1, 1, 1, 4 ),
 ( 0.0000000000000000000, 0.1072327993600873941, 0.2132518127818481268, 0.3188304473075868062, 0.4267935306342739432, 0.4836459507827191029, 0.5436038220211419913, 0.6083076495640840076, 0.6771267602600400393, 0.7506856360204949841, 0.8287134184432869421, 0.9121903482234514637, 1.000000000000000000 ),
 .UNSPECIFIED. ) ;
#2435 = ORIENTED_EDGE ( 'NONE', *, *, #1592, .F. ) ;
#2436 = SURFACE_STYLE_FILL_AREA ( #3941 ) ;
#2437 = COLOUR_RGB ( '',1.000000000000000000, 1.000000000000000000, 1.000000000000000000 ) ;
#2438 = ORIENTED_EDGE ( 'NONE', *, *, #1941, .F. ) ;
#2439 = AXIS2_PLACEMENT_3D ( 'NONE', #1506, #8318, #3088 ) ;
#2440 = EDGE_CURVE ( 'NONE', #4200, #4190, #2817, .T. ) ;
#2441 = CARTESIAN_POINT ( 'NONE',  ( -0.9315598284204266166, 3.790000000000000036, -0.4524182806441018334 ) ) ;
#2442 = DIRECTION ( 'NONE',  ( 0.0000000000000000000, 1.000000000000000000, 1.084202172485503448E-16 ) ) ;
#2443 = LINE ( 'NONE', #113, #400 ) ;
#2444 = CARTESIAN_POINT ( 'NONE',  ( 1.955953022519863804, 3.799999999999999822, -0.1688725777424255337 ) ) ;
#2445 = CARTESIAN_POINT ( 'NONE',  ( 3.186869658759061252, 3.790000000000000036, 0.05847915525333415021 ) ) ;
#2446 =( LENGTH_UNIT ( ) NAMED_UNIT ( * ) SI_UNIT ( .MILLI., .METRE. ) );
#2447 = VECTOR ( 'NONE', #4335, 1000.000000000000000 ) ;
#2448 = EDGE_CURVE ( 'NONE', #9014, #1533, #3528, .T. ) ;
#2449 = FILL_AREA_STYLE ('',( #859 ) ) ;
#2450 = CARTESIAN_POINT ( 'NONE',  ( -1.233643161753760209, 3.790000000000000036, -0.4748541780799992451 ) ) ;
#2451 = ORIENTED_EDGE ( 'NONE', *, *, #7378, .F. ) ;
#2452 = VECTOR ( 'NONE', #4115, 1000.000000000000000 ) ;
#2453 = SURFACE_STYLE_USAGE ( .BOTH. , #1686 ) ;
#2454 = CARTESIAN_POINT ( 'NONE',  ( 3.300578795363713347, 3.790000000000000924, -0.4159304971638932980 ) ) ;
#2455 = CARTESIAN_POINT ( 'NONE',  ( 2.571485043374445834, 3.790000000000000036, -0.1565849473107684686 ) ) ;
#2456 =( NAMED_UNIT ( * ) PLANE_ANGLE_UNIT ( ) SI_UNIT ( $, .RADIAN. ) );
#2457 = AXIS2_PLACEMENT_3D ( 'NONE', #9338, #9133, #3444 ) ;
#2458 = EDGE_CURVE ( 'NONE', #4891, #452, #8542, .T. ) ;
#2459 = CARTESIAN_POINT ( 'NONE',  ( 1.412731301121529226, 3.790000000000000036, -0.1943146323351605809 ) ) ;
#2460 = CARTESIAN_POINT ( 'NONE',  ( 1.820925931211867743, 3.800000000000000266, 0.2184132198682121606 ) ) ;
#2461 = PRESENTATION_STYLE_ASSIGNMENT (( #3892 ) ) ;
#2462 = PLANE ( 'NONE',  #8537 ) ;
#2463 = B_SPLINE_CURVE_WITH_KNOTS ( 'NONE', 3,
 ( #2812, #538, #7247, #8035, #3540, #5010, #503, #5756, #1339, #2841, #6520, #8771, #4301, #9526, #8066, #3603, #9568, #5069, #569, #6586, #2129, #8845, #2875, #8100, #4365, #6458, #3734 ),
 .UNSPECIFIED., .F., .F.,
 ( 4, 1, 1, 1, 1, 1, 1, 1, 1, 1, 1, 1, 1, 1, 1, 1, 1, 1, 1, 1, 1, 1, 1, 1, 4 ),
 ( 0.0000000000000000000, 0.03378811616271069213, 0.06719393237387977225, 0.09986241085682558138, 0.1325666121262585317, 0.1651511732547866762, 0.1979131873557926358, 0.2313190035669617506, 0.2650832782673726018, 0.2992553087581144577, 0.3343985665049784561, 0.3699428235093081829, 0.4062835607000613303, 0.4440638196985082220, 0.4829977068727756007, 0.5233544466133047690, 0.5655365896041488760, 0.6096129240658193504, 0.6563908113764171937, 0.7058854949364572473, 0.7583245002617310382, 0.8138317829411501059, 0.8727945590393899611, 0.9347222295400742231, 1.000000000000000000 ),
 .UNSPECIFIED. ) ;
#2464 = COLOUR_RGB ( '',1.000000000000000000, 1.000000000000000000, 1.000000000000000000 ) ;
#2465 = CARTESIAN_POINT ( 'NONE',  ( 1.604587141200801703, 3.799999999999998490, -0.4759831676715794990 ) ) ;
#2466 = ORIENTED_EDGE ( 'NONE', *, *, #6571, .T. ) ;
#2467 = CARTESIAN_POINT ( 'NONE',  ( 1.412510684400086536, 3.790000000000000036, -0.1565849473107684686 ) ) ;
#2468 = EDGE_LOOP ( 'NONE', ( #2076, #7939, #9512, #973, #5045, #6196, #869, #5429 ) ) ;
#2469 = CARTESIAN_POINT ( 'NONE',  ( 1.446402086732767600, 3.800000000000000711, 0.08781782683561602243 ) ) ;
#2470 = PRESENTATION_LAYER_ASSIGNMENT (  '', '', ( #96 ) ) ;
#2471 = CARTESIAN_POINT ( 'NONE',  ( 0.1663568382462400908, 3.799999999999999822, -0.01331571654153768276 ) ) ;
#2472 = MECHANICAL_DESIGN_GEOMETRIC_PRESENTATION_REPRESENTATION (  '', ( #1296 ), #1640 ) ;
#2473 =( NAMED_UNIT ( * ) PLANE_ANGLE_UNIT ( ) SI_UNIT ( $, .RADIAN. ) );
#2474 = CARTESIAN_POINT ( 'NONE',  ( 1.888750978974151673, 3.799999999999999822, -0.4587483108834661816 ) ) ;
#2475 = ORIENTED_EDGE ( 'NONE', *, *, #7607, .T. ) ;
#2476 = ORIENTED_EDGE ( 'NONE', *, *, #2333, .F. ) ;
#2477 = CARTESIAN_POINT ( 'NONE',  ( 1.661227995689288806, 3.790000000000000924, 0.2632905792624020691 ) ) ;
#2478 = CARTESIAN_POINT ( 'NONE',  ( 3.709946581835984247, 3.799999999999999822, -0.4420016139774352038 ) ) ;
#2479 = CARTESIAN_POINT ( 'NONE',  ( 5.499999999999999112, 3.799999999999999822, -4.500000000000001776 ) ) ;
#2480 = B_SPLINE_SURFACE_WITH_KNOTS ( 'NONE', 3, 1, ( 
 ( #5785, #7364 ),
 ( #4401, #1407 ),
 ( #2192, #7396 ),
 ( #2943, #9064 ),
 ( #46, #4533 ),
 ( #769, #6054 ),
 ( #9100, #9693 ),
 ( #803, #1586 ),
 ( #7567, #84 ),
 ( #1517, #2255 ),
 ( #8264, #5336 ),
 ( #835, #5302 ),
 ( #6781, #8975 ),
 ( #3881, #6013 ),
 ( #9002, #2325 ),
 ( #7529, #4498 ),
 ( #1549, #6811 ),
 ( #5267, #4591 ),
 ( #8353, #7463 ),
 ( #731, #3070 ),
 ( #3039, #3102 ),
 ( #9721, #18 ),
 ( #5960, #1485 ),
 ( #6713, #6746 ),
 ( #2357, #3004 ),
 ( #8326, #3854 ),
 ( #8303, #2289 ) ),
 .UNSPECIFIED., .F., .F., .F.,
 ( 4, 1, 1, 1, 1, 1, 1, 1, 1, 1, 1, 1, 1, 1, 1, 1, 1, 1, 1, 1, 1, 1, 1, 1, 4 ),
 ( 2, 2 ),
 ( 0.0000000000000000000, 0.04608068338724802954, 0.09080679960761635361, 0.1342952705290697546, 0.1770243856662443993, 0.2188227336826558678, 0.2602441163273735980, 0.3010798671134451432, 0.3416138942851573157, 0.3815834185517463784, 0.4201195913296169593, 0.4580746185423139050, 0.4947384876076567628, 0.5311946228937139969, 0.5669336984503784427, 0.6027126507379956255, 0.6383266061284350590, 0.6748532488548245611, 0.7134673707840597512, 0.7544418038483806654, 0.7978153607124994773, 0.8439894562081109441, 0.8930715698796480861, 0.9449633461781440369, 1.000000000000000000 ),
 ( 0.0000000000000000000, 1.000000000000000000 ),
 .UNSPECIFIED. ) ;
#2481 = CARTESIAN_POINT ( 'NONE',  ( 3.352567499437803633, 3.790000000000000480, -0.2591738843964321304 ) ) ;
#2482 = FILL_AREA_STYLE_COLOUR ( '', #7311 ) ;
#2483 = SURFACE_SIDE_STYLE ('',( #8824 ) ) ;
#2484 = ADVANCED_FACE ( 'NONE', ( #542 ), #5361, .T. ) ;
#2485 = EDGE_CURVE ( 'NONE', #7372, #9183, #782, .T. ) ;
#2486 = CARTESIAN_POINT ( 'NONE',  ( 2.386675343966922380, 3.790000000000000036, 0.2459632427422754619 ) ) ;
#2487 =( NAMED_UNIT ( * ) SI_UNIT ( $, .STERADIAN. ) SOLID_ANGLE_UNIT ( ) );
#2488 = CARTESIAN_POINT ( 'NONE',  ( 3.300578795363713347, 3.800000000000000711, -0.4159304971638932980 ) ) ;
#2489 = CARTESIAN_POINT ( 'NONE',  ( 3.300765359436435897, 3.799999999999998934, 0.1693892104276903676 ) ) ;
#2490 = CARTESIAN_POINT ( 'NONE',  ( 0.7253311972205992442, 3.790000000000000036, 0.2430945398687187897 ) ) ;
#2491 =( GEOMETRIC_REPRESENTATION_CONTEXT ( 3 ) GLOBAL_UNCERTAINTY_ASSIGNED_CONTEXT ( ( #6756 ) ) GLOBAL_UNIT_ASSIGNED_CONTEXT ( ( #4551, #5288, #6701 ) ) REPRESENTATION_CONTEXT ( 'NONE', 'WORKASPACE' ) );
#2492 = LINE ( 'NONE', #627, #9136 ) ;
#2493 = ORIENTED_EDGE ( 'NONE', *, *, #6361, .F. ) ;
#2494 = CARTESIAN_POINT ( 'NONE',  ( 1.590137836315506092, 3.790000000000000036, -0.5602241840206924062 ) ) ;
#2495 = STYLED_ITEM ( 'NONE', ( #6935 ), #8864 ) ;
#2496 = CARTESIAN_POINT ( 'NONE',  ( 5.569999999999999396, 1.899999999999999911, 0.3499999999999996447 ) ) ;
#2497 = CARTESIAN_POINT ( 'NONE',  ( 1.513176240096394842, 3.789999999999998259, 0.1949911916237324072 ) ) ;
#2498 = B_SPLINE_SURFACE_WITH_KNOTS ( 'NONE', 3, 1, ( 
 ( #1928, #332 ),
 ( #5646, #7887 ),
 ( #3336, #4874 ),
 ( #3440, #7754 ),
 ( #8650, #9397 ),
 ( #3302, #6322 ),
 ( #402, #1157 ),
 ( #4780, #271 ),
 ( #6293, #7037 ),
 ( #2580, #7789 ),
 ( #8552, #9297 ) ),
 .UNSPECIFIED., .F., .F., .F.,
 ( 4, 1, 1, 1, 1, 1, 1, 1, 4 ),
 ( 2, 2 ),
 ( 0.0000000000000000000, 0.09027921465001402523, 0.1895299184469575460, 0.2991978724002871126, 0.4189258867738201997, 0.5483762854012461663, 0.6881363695386812918, 0.8390835016589193174, 1.000000000000000000 ),
 ( 0.0000000000000000000, 1.000000000000000000 ),
 .UNSPECIFIED. ) ;
#2499 = EDGE_CURVE ( 'NONE', #7372, #7578, #9479, .T. ) ;
#2500 =( LENGTH_UNIT ( ) NAMED_UNIT ( * ) SI_UNIT ( .MILLI., .METRE. ) );
#2501 = B_SPLINE_CURVE_WITH_KNOTS ( 'NONE', 3,
 ( #7613, #6928, #825, #6108, #9055, #9637, #852, #7639, #3900, #4582, #3220, #9124, #5381, #1643, #2474, #6667, #7677, #6074, #2209, #134, #888, #6138, #1613, #1675, #6892, #2444, #3190 ),
 .UNSPECIFIED., .F., .F.,
 ( 4, 1, 1, 1, 1, 1, 1, 1, 1, 1, 1, 1, 1, 1, 1, 1, 1, 1, 1, 1, 1, 1, 1, 1, 4 ),
 ( 0.0000000000000000000, 0.03378811616271067825, 0.06719393237387974449, 0.09986241085682553975, 0.1325666121262585040, 0.1651511732547865929, 0.1979131873557925525, 0.2313190035669616673, 0.2650832782673737120, 0.2992553087581156235, 0.3343985665049784561, 0.3699428235093081829, 0.4062835607000613303, 0.4440638196985081665, 0.4829977068727754896, 0.5233544466133046580, 0.5655365896041494311, 0.6096129240658192394, 0.6563908113764171937, 0.7058854949364575804, 0.7583245002617313713, 0.8138317829411501059, 0.8727945590393900721, 0.9347222295400742231, 1.000000000000000000 ),
 .UNSPECIFIED. ) ;
#2502 = CARTESIAN_POINT ( 'NONE',  ( 1.642793155588842646, 3.790000000000000036, 0.2611160120651015992 ) ) ;
#2503 = ORIENTED_EDGE ( 'NONE', *, *, #2743, .T. ) ;
#2504 = ORIENTED_EDGE ( 'NONE', *, *, #3832, .T. ) ;
#2505 = VECTOR ( 'NONE', #4827, 1000.000000000000000 ) ;
#2506 = CARTESIAN_POINT ( 'NONE',  ( -3.569999999999999396, 1.399999999999999911, -0.3500000000000005329 ) ) ;
#2507 = CARTESIAN_POINT ( 'NONE',  ( -0.8112039693918619010, 3.799999999999998934, 0.1881554536679727330 ) ) ;
#2508 = DIRECTION ( 'NONE',  ( 0.0000000000000000000, -1.000000000000000000, -1.141265444721583757E-16 ) ) ;
#2509 = CARTESIAN_POINT ( 'NONE',  ( 2.394774950277323899, 3.789999999999998703, -0.4634638939416588221 ) ) ;
#2510 = EDGE_LOOP ( 'NONE', ( #7998, #4314, #5908, #6607 ) ) ;
#2511 = DIRECTION ( 'NONE',  ( -0.9079593845004517716, 0.0000000000000000000, 0.4190581774617469502 ) ) ;
#2512 = CARTESIAN_POINT ( 'NONE',  ( -2.843899572010170740, 3.799999999999999822, -0.5569054601312812824 ) ) ;
#2513 = CARTESIAN_POINT ( 'NONE',  ( 2.029736127007227164, 3.799999999999998046, -0.2306082648075719055 ) ) ;
#2514 = DIRECTION ( 'NONE',  ( -0.0000000000000000000, 1.000000000000000000, -0.0000000000000000000 ) ) ;
#2515 = LINE ( 'NONE', #5334, #7889 ) ;
#2516 = CARTESIAN_POINT ( 'NONE',  ( 2.571485043374445834, 3.800000000000001599, -0.1565849473107684686 ) ) ;
#2517 = ORIENTED_EDGE ( 'NONE', *, *, #6199, .T. ) ;
#2518 = CARTESIAN_POINT ( 'NONE',  ( 3.299988505063772504, 3.790000000000000924, -0.3991835111673161518 ) ) ;
#2519 = PLANE ( 'NONE',  #3429 ) ;
#2520 = CARTESIAN_POINT ( 'NONE',  ( 1.661227475496130035, 3.790000000000000480, -0.5771035300248318345 ) ) ;
#2521 = DIRECTION ( 'NONE',  ( -0.0000000000000000000, 1.000000000000000000, -0.0000000000000000000 ) ) ;
#2522 = DIRECTION ( 'NONE',  ( -0.0000000000000000000, 1.000000000000000000, -0.0000000000000000000 ) ) ;
#2523 = VECTOR ( 'NONE', #108, 1000.000000000000000 ) ;
#2524 = AXIS2_PLACEMENT_3D ( 'NONE', #2496, #1909, #5565 ) ;
#2525 = B_SPLINE_CURVE_WITH_KNOTS ( 'NONE', 3,
 ( #339, #7075, #9374, #4885, #9304, #7897, #7829, #1137, #8658, #4787, #4172, #7178, #371, #4109, #9272 ),
 .UNSPECIFIED., .F., .F.,
 ( 4, 1, 1, 1, 1, 1, 1, 1, 1, 1, 1, 1, 4 ),
 ( 0.0000000000000000000, 0.09126360489662495301, 0.1809303110850823681, 0.2700882198317244298, 0.3601561333877257298, 0.4483425324981544224, 0.5326658421383300146, 0.6138337041070489608, 0.6939815272835584414, 0.7727159770890044133, 0.8493351720622472900, 0.9239673265752321729, 1.000000000000000000 ),
 .UNSPECIFIED. ) ;
#2526 = PRESENTATION_STYLE_ASSIGNMENT (( #6443 ) ) ;
#2527 = CARTESIAN_POINT ( 'NONE',  ( 2.499419647634240960, 3.799999999999999822, -0.1283638900843636355 ) ) ;
#2528 =( NAMED_UNIT ( * ) SI_UNIT ( $, .STERADIAN. ) SOLID_ANGLE_UNIT ( ) );
#2529 = CARTESIAN_POINT ( 'NONE',  ( 2.027895299784701511, 3.799999999999999822, -0.1565849473107684686 ) ) ;
#2530 = CARTESIAN_POINT ( 'NONE',  ( 3.619722222861624594, 3.790000000000000036, -0.03254648577230689899 ) ) ;
#2531 = PRESENTATION_STYLE_ASSIGNMENT (( #8870 ) ) ;
#2532 = ORIENTED_EDGE ( 'NONE', *, *, #1664, .T. ) ;
#2533 = VECTOR ( 'NONE', #8999, 1000.000000000000000 ) ;
#2534 = DIRECTION ( 'NONE',  ( 1.000000000000000000, 0.0000000000000000000, 0.0000000000000000000 ) ) ;
#2535 = CARTESIAN_POINT ( 'NONE',  ( -0.6736469917367923221, 3.800000000000000711, -0.3057606555928848446 ) ) ;
#2536 = CARTESIAN_POINT ( 'NONE',  ( 3.495380193786379763, 3.790000000000000036, -0.4951137173968873650 ) ) ;
#2537 = CARTESIAN_POINT ( 'NONE',  ( 2.499564414040617244, 3.790000000000000036, -0.1665209052782624100 ) ) ;
#2538 = CARTESIAN_POINT ( 'NONE',  ( 3.094561966451368384, 3.790000000000000036, -0.5774182806441018334 ) ) ;
#2539 = SURFACE_STYLE_FILL_AREA ( #2872 ) ;
#2540 = VECTOR ( 'NONE', #4047, 1000.000000000000000 ) ;
#2541 = CARTESIAN_POINT ( 'NONE',  ( 3.390698142856266362, 3.800000000000000266, -0.2243729461700540440 ) ) ;
#2542 = COLOUR_RGB ( '',1.000000000000000000, 1.000000000000000000, 1.000000000000000000 ) ;
#2543 =( GEOMETRIC_REPRESENTATION_CONTEXT ( 3 ) GLOBAL_UNCERTAINTY_ASSIGNED_CONTEXT ( ( #75 ) ) GLOBAL_UNIT_ASSIGNED_CONTEXT ( ( #4943, #6453, #7208 ) ) REPRESENTATION_CONTEXT ( 'NONE', 'WORKASPACE' ) );
#2544 = VERTEX_POINT ( 'NONE', #8960 ) ;
#2545 = CARTESIAN_POINT ( 'NONE',  ( 2.172745818100318083, 3.790000000000000480, -0.5432567312496370260 ) ) ;
#2546 = ORIENTED_EDGE ( 'NONE', *, *, #9256, .T. ) ;
#2547 =( LENGTH_UNIT ( ) NAMED_UNIT ( * ) SI_UNIT ( .MILLI., .METRE. ) );
#2548 = CARTESIAN_POINT ( 'NONE',  ( 2.571336109764406075, 3.800000000000001155, -0.1443509112099901626 ) ) ;
#2549 = FILL_AREA_STYLE_COLOUR ( '', #6153 ) ;
#2550 = VECTOR ( 'NONE', #8687, 1000.000000000000114 ) ;
#2551 = VERTEX_POINT ( 'NONE', #4489 ) ;
#2552 = FILL_AREA_STYLE ('',( #4136 ) ) ;
#2553 = SURFACE_STYLE_FILL_AREA ( #8328 ) ;
#2554 = EDGE_CURVE ( 'NONE', #492, #2315, #3245, .T. ) ;
#2555 = CARTESIAN_POINT ( 'NONE',  ( 1.607295820977890477, 3.800000000000000711, -0.5663705693600160629 ) ) ;
#2556 = CARTESIAN_POINT ( 'NONE',  ( 2.091478980530145027, 3.790000000000000036, 0.1474952883693587680 ) ) ;
#2557 = DIRECTION ( 'NONE',  ( -0.5658830507187149195, 0.0000000000000000000, 0.8244855201331798833 ) ) ;
#2558 = FACE_OUTER_BOUND ( 'NONE', #5662, .T. ) ;
#2559 = COLOUR_RGB ( '',1.000000000000000000, 1.000000000000000000, 1.000000000000000000 ) ;
#2560 = EDGE_LOOP ( 'NONE', ( #8028, #389, #6144, #6315 ) ) ;
#2561 = B_SPLINE_SURFACE_WITH_KNOTS ( 'NONE', 3, 1, ( 
 ( #3042, #1555 ),
 ( #664, #3074 ),
 ( #3798, #5933 ),
 ( #9007, #6785 ),
 ( #3829, #9035 ),
 ( #806, #6058 ),
 ( #8942, #4470 ),
 ( #1588, #6876 ),
 ( #5461, #9135 ),
 ( #2421, #3108 ),
 ( #5339, #3145 ),
 ( #207, #6122 ),
 ( #143, #6088 ),
 ( #8357, #3987 ),
 ( #1624, #868 ),
 ( #931, #5393 ),
 ( #1730, #5370 ),
 ( #901, #7569 ),
 ( #838, #7626 ),
 ( #960, #4625 ),
 ( #3883, #7652 ),
 ( #1653, #9103 ),
 ( #6190, #6843 ) ),
 .UNSPECIFIED., .F., .F., .F.,
 ( 4, 1, 1, 1, 1, 1, 1, 1, 1, 1, 1, 1, 1, 1, 1, 1, 1, 1, 1, 1, 4 ),
 ( 2, 2 ),
 ( 0.0000000000000000000, 0.06568119799063883157, 0.1284864641740648128, 0.1881751303280078114, 0.2451061306699864606, 0.2994484245294754543, 0.3508229360093823579, 0.3999416805337777658, 0.4466717436323720536, 0.4912545333734980035, 0.5333763442704362312, 0.5738527549682235218, 0.6125263117194523765, 0.6495971364453290153, 0.6855320415538496137, 0.7201057860682009704, 0.7538376629736496248, 0.8189254160467140942, 0.8804934616501646216, 0.9403113338460573623, 1.000000000000000000 ),
 ( 0.0000000000000000000, 1.000000000000000000 ),
 .UNSPECIFIED. ) ;
#2562 =( NAMED_UNIT ( * ) SI_UNIT ( $, .STERADIAN. ) SOLID_ANGLE_UNIT ( ) );
#2563 = ORIENTED_EDGE ( 'NONE', *, *, #5413, .T. ) ;
#2564 = CARTESIAN_POINT ( 'NONE',  ( 1.624900025659711700, 3.789999999999999591, 0.2576198970451349934 ) ) ;
#2565 = COLOUR_RGB ( '',1.000000000000000000, 1.000000000000000000, 1.000000000000000000 ) ;
#2566 = CARTESIAN_POINT ( 'NONE',  ( 2.489276370633699553, 3.790000000000000924, -0.2874214496715564726 ) ) ;
#2567 = EDGE_LOOP ( 'NONE', ( #5196, #4175, #4214, #5970 ) ) ;
#2568 = EDGE_CURVE ( 'NONE', #3565, #5378, #7733, .T. ) ;
#2569 = CARTESIAN_POINT ( 'NONE',  ( 3.428477223892431258, 3.799999999999999822, -0.1945791446513255307 ) ) ;
#2570 = CARTESIAN_POINT ( 'NONE',  ( 3.557236395273349672, 3.790000000000001368, -0.1925201219287734078 ) ) ;
#2571 = VECTOR ( 'NONE', #374, 1000.000000000000000 ) ;
#2572 = ORIENTED_EDGE ( 'NONE', *, *, #1133, .F. ) ;
#2573 = B_SPLINE_SURFACE_WITH_KNOTS ( 'NONE', 3, 1, ( 
 ( #6324, #994 ),
 ( #3339, #4840 ),
 ( #4018, #2639 ),
 ( #7069, #9234 ),
 ( #2581, #4782 ),
 ( #3414, #1027 ),
 ( #8554, #1829 ),
 ( #5587, #1060 ),
 ( #4747, #306 ),
 ( #7723, #3269 ),
 ( #240, #8522 ),
 ( #9265, #274 ),
 ( #364, #6294 ),
 ( #4811, #6254 ),
 ( #5522, #8619 ) ),
 .UNSPECIFIED., .F., .F., .F.,
 ( 4, 1, 1, 1, 1, 1, 1, 1, 1, 1, 1, 1, 4 ),
 ( 2, 2 ),
 ( 0.0000000000000000000, 0.09126360489662495301, 0.1809303110850823681, 0.2700882198317244298, 0.3601561333877257298, 0.4483425324981544224, 0.5326658421383300146, 0.6138337041070489608, 0.6939815272835584414, 0.7727159770890044133, 0.8493351720622472900, 0.9239673265752321729, 1.000000000000000000 ),
 ( 0.0000000000000000000, 1.000000000000000000 ),
 .UNSPECIFIED. ) ;
#2574 = CARTESIAN_POINT ( 'NONE',  ( 2.295363248502650499, 3.799999999999999822, -0.5774182806441018334 ) ) ;
#2575 = ORIENTED_EDGE ( 'NONE', *, *, #3109, .F. ) ;
#2576 = CARTESIAN_POINT ( 'NONE',  ( -1.141816238676836903, 3.790000000001856328, 0.1610432578174366969 ) ) ;
#2577 = CARTESIAN_POINT ( 'NONE',  ( 0.9671581202975220171, 3.799999999999999822, -0.5569054601312812824 ) ) ;
#2578 =( NAMED_UNIT ( * ) SI_UNIT ( $, .STERADIAN. ) SOLID_ANGLE_UNIT ( ) );
#2579 = UNCERTAINTY_MEASURE_WITH_UNIT (LENGTH_MEASURE( 1.000000000000000082E-05 ), #7321, 'distance_accuracy_value', 'NONE');
#2580 = CARTESIAN_POINT ( 'NONE',  ( 3.483900451636830375, 3.790000000000000036, -0.1540517545194285687 ) ) ;
#2581 = CARTESIAN_POINT ( 'NONE',  ( 3.552949963360673813, 3.790000000000000480, 0.1715350511901055919 ) ) ;
#2582 = VECTOR ( 'NONE', #3758, 1000.000000000000227 ) ;
#2583 = CARTESIAN_POINT ( 'NONE',  ( 1.438026708103370854, 3.790000000000000036, -0.3783475752762977540 ) ) ;
#2584 =( NAMED_UNIT ( * ) SI_UNIT ( $, .STERADIAN. ) SOLID_ANGLE_UNIT ( ) );
#2585 = SURFACE_STYLE_USAGE ( .BOTH. , #1970 ) ;
#2586 = ORIENTED_EDGE ( 'NONE', *, *, #3124, .T. ) ;
#2587 = B_SPLINE_CURVE_WITH_KNOTS ( 'NONE', 3,
 ( #8830, #1326, #7820, #4353, #4156, #3406, #399, #1152, #5058, #8055, #3589 ),
 .UNSPECIFIED., .F., .F.,
 ( 4, 1, 1, 1, 1, 1, 1, 1, 4 ),
 ( 0.0000000000000000000, 0.1430730837303647585, 0.2759029640930108496, 0.4023708562739964356, 0.5284136450935934537, 0.6503563791869526600, 0.7658950861246939246, 0.8807741308440212302, 0.9999999999999998890 ),
 .UNSPECIFIED. ) ;
#2588 = CARTESIAN_POINT ( 'NONE',  ( 3.682776701402694641, 3.800000000000000266, -0.4774453781389554896 ) ) ;
#2589 = CARTESIAN_POINT ( 'NONE',  ( 3.703774085558618978, 3.799999999999999822, 0.1290033061593627295 ) ) ;
#2590 = CARTESIAN_POINT ( 'NONE',  ( -0.8900534181640165077, 3.799999999999999822, -0.5280593062851274277 ) ) ;
#2591 = DIRECTION ( 'NONE',  ( 0.4285842068721729126, 0.0000000000000000000, -0.9035018415143106774 ) ) ;
#2592 = AXIS2_PLACEMENT_3D ( 'NONE', #333, #1095, #6357 ) ;
#2593 = UNCERTAINTY_MEASURE_WITH_UNIT (LENGTH_MEASURE( 1.000000000000000082E-05 ), #2080, 'distance_accuracy_value', 'NONE');
#2594 = CARTESIAN_POINT ( 'NONE',  ( 0.5290170946564967114, 3.790000000000000036, -0.01331571654153768276 ) ) ;
#2595 = CARTESIAN_POINT ( 'NONE',  ( -0.6495115390037301539, 3.800000000000000711, -0.1806350370198903377 ) ) ;
#2596 = EDGE_LOOP ( 'NONE', ( #1246, #3830, #2158, #9491 ) ) ;
#2597 = CARTESIAN_POINT ( 'NONE',  ( 2.458280959448897907, 3.800000000000000266, -0.3852882731344189904 ) ) ;
#2598 = CARTESIAN_POINT ( 'NONE',  ( 3.655368788574169248, 3.800000000000000266, -0.1055413038643951695 ) ) ;
#2599 = SURFACE_STYLE_FILL_AREA ( #2363 ) ;
#2600 = CARTESIAN_POINT ( 'NONE',  ( 2.127748938344365737, 3.790000000000000480, -0.5080095256448758922 ) ) ;
#2601 = CARTESIAN_POINT ( 'NONE',  ( 2.463284401663674128, 3.789999999999999591, 0.06071763165408175511 ) ) ;
#2602 = VERTEX_POINT ( 'NONE', #5564 ) ;
#2603 = EDGE_CURVE ( 'NONE', #4965, #5154, #2434, .T. ) ;
#2604 = CARTESIAN_POINT ( 'NONE',  ( 2.557743452589515964, 3.790000000000000924, 0.007348803480033435850 ) ) ;
#2605 = FILL_AREA_STYLE ('',( #2549 ) ) ;
#2606 = CARTESIAN_POINT ( 'NONE',  ( 3.328974863855834965, 3.799999999999998490, 0.1997334546226613439 ) ) ;
#2607 = DIRECTION ( 'NONE',  ( 1.000000000000000000, 0.0000000000000000000, 0.0000000000000000000 ) ) ;
#2608 = STYLED_ITEM ( 'NONE', ( #129 ), #6004 ) ;
#2609 =( LENGTH_UNIT ( ) NAMED_UNIT ( * ) SI_UNIT ( .MILLI., .METRE. ) );
#2610 = ORIENTED_EDGE ( 'NONE', *, *, #2051, .F. ) ;
#2611 = PLANE ( 'NONE',  #474 ) ;
#2612 = CARTESIAN_POINT ( 'NONE',  ( 2.091478980530145027, 3.799999999999999822, 0.1474952883693587680 ) ) ;
#2613 = PLANE ( 'NONE',  #8027 ) ;
#2614 = CARTESIAN_POINT ( 'NONE',  ( 2.499599019307690018, 3.790000000000000036, -0.1472884595004207153 ) ) ;
#2615 = DIRECTION ( 'NONE',  ( -0.9034962347415942396, 0.0000000000000000000, -0.4285960263555438909 ) ) ;
#2616 = STYLED_ITEM ( 'NONE', ( #3320 ), #9038 ) ;
#2617 = CARTESIAN_POINT ( 'NONE',  ( 1.882588018092081095, 3.799999999999998934, -0.1005098644305472133 ) ) ;
#2618 =( NAMED_UNIT ( * ) PLANE_ANGLE_UNIT ( ) SI_UNIT ( $, .RADIAN. ) );
#2619 = EDGE_CURVE ( 'NONE', #5669, #8675, #4211, .T. ) ;
#2620 = CARTESIAN_POINT ( 'NONE',  ( -0.8364367200706169792, 3.790000000000000924, -0.5044025060432844043 ) ) ;
#2621 = CARTESIAN_POINT ( 'NONE',  ( -1.305438033548631749, 3.790000000000000036, -0.5569054601312812824 ) ) ;
#2622 = ORIENTED_EDGE ( 'NONE', *, *, #9582, .T. ) ;
#2623 = SURFACE_SIDE_STYLE ('',( #1222 ) ) ;
#2625 = EDGE_CURVE ( 'NONE', #1553, #4627, #78, .T. ) ;
#2624 = CARTESIAN_POINT ( 'NONE',  ( -5.500000000000000000, 1.899999999999999911, 1.249999999999999778 ) ) ;
#2626 =( NAMED_UNIT ( * ) SI_UNIT ( $, .STERADIAN. ) SOLID_ANGLE_UNIT ( ) );
#2627 = APPLICATION_PROTOCOL_DEFINITION ( 'draft international standard', 'automotive_design', 1998, #5538 ) ;
#2628 = CARTESIAN_POINT ( 'NONE',  ( 2.484988871918202502, 3.799999999999998934, -0.3096958051587143101 ) ) ;
#2629 =( NAMED_UNIT ( * ) SI_UNIT ( $, .STERADIAN. ) SOLID_ANGLE_UNIT ( ) );
#2630 = CARTESIAN_POINT ( 'NONE',  ( 3.273850718558197315, 3.790000000000001812, 0.1322858352836445983 ) ) ;
#2631 =( LENGTH_UNIT ( ) NAMED_UNIT ( * ) SI_UNIT ( .MILLI., .METRE. ) );
#2632 = PRESENTATION_STYLE_ASSIGNMENT (( #1981 ) ) ;
#2633 = EDGE_CURVE ( 'NONE', #9251, #9585, #6536, .T. ) ;
#2634 = PLANE ( 'NONE',  #3618 ) ;
#2635 = FILL_AREA_STYLE_COLOUR ( '', #4418 ) ;
#2636 = SURFACE_SIDE_STYLE ('',( #7096 ) ) ;
#2637 = VECTOR ( 'NONE', #9276, 1000.000000000000000 ) ;
#2638 = DIRECTION ( 'NONE',  ( 1.000000000000000000, 0.0000000000000000000, 0.0000000000000000000 ) ) ;
#2639 = CARTESIAN_POINT ( 'NONE',  ( 3.512597038737320876, 3.799999999999999822, 0.1809734354101878162 ) ) ;
#2640 = CARTESIAN_POINT ( 'NONE',  ( 3.694557363670644357, 3.800000000000000266, 0.1479163947727218931 ) ) ;
#2641 = FILL_AREA_STYLE ('',( #7862 ) ) ;
#2642 = DIRECTION ( 'NONE',  ( 0.0000000000000000000, 0.0000000000000000000, -1.000000000000000000 ) ) ;
#2643 = CARTESIAN_POINT ( 'NONE',  ( 3.397022776110675935, 3.800000000000002043, 0.1482956075303329957 ) ) ;
#2644 = MECHANICAL_DESIGN_GEOMETRIC_PRESENTATION_REPRESENTATION (  '', ( #7456 ), #7635 ) ;
#2645 = CARTESIAN_POINT ( 'NONE',  ( 2.471813542679687004, 3.790000000000000036, 0.03707810857678106586 ) ) ;
#2646 =( NAMED_UNIT ( * ) PLANE_ANGLE_UNIT ( ) SI_UNIT ( $, .RADIAN. ) );
#2647 = CARTESIAN_POINT ( 'NONE',  ( 3.709946581835984247, 3.799999999999999822, -0.4420016139774352038 ) ) ;
#2648 = DIRECTION ( 'NONE',  ( -0.0000000000000000000, 1.000000000000000000, -0.0000000000000000000 ) ) ;
#2649 = CARTESIAN_POINT ( 'NONE',  ( 3.540423948101122154, 3.790000000000000924, -0.2047541017580125355 ) ) ;
#2650 = VERTEX_POINT ( 'NONE', #7765 ) ;
#2651 = ORIENTED_EDGE ( 'NONE', *, *, #5286, .T. ) ;
#2652 = VECTOR ( 'NONE', #3692, 1000.000000000000114 ) ;
#2653 = FACE_OUTER_BOUND ( 'NONE', #2340, .T. ) ;
#2654 = STYLED_ITEM ( 'NONE', ( #4261 ), #1389 ) ;
#2655 = CARTESIAN_POINT ( 'NONE',  ( 1.115074786964188824, 3.790000000000000036, 0.2430945398687187897 ) ) ;
#2656 = DIRECTION ( 'NONE',  ( 0.0000000000000000000, 0.0000000000000000000, 1.000000000000000000 ) ) ;
#2657 = ORIENTED_EDGE ( 'NONE', *, *, #970, .T. ) ;
#2658 = UNCERTAINTY_MEASURE_WITH_UNIT (LENGTH_MEASURE( 1.000000000000000082E-05 ), #7780, 'distance_accuracy_value', 'NONE');
#2659 = LINE ( 'NONE', #8662, #8383 ) ;
#2660 = MECHANICAL_DESIGN_GEOMETRIC_PRESENTATION_REPRESENTATION (  '', ( #8046 ), #8547 ) ;
#2661 = DIRECTION ( 'NONE',  ( -0.0000000000000000000, 1.000000000000000000, -0.0000000000000000000 ) ) ;
#2662 = SURFACE_SIDE_STYLE ('',( #8606 ) ) ;
#2663 = VERTEX_POINT ( 'NONE', #9308 ) ;
#2664 =( NAMED_UNIT ( * ) PLANE_ANGLE_UNIT ( ) SI_UNIT ( $, .RADIAN. ) );
#2665 = PLANE ( 'NONE',  #4705 ) ;
#2666 = SURFACE_STYLE_FILL_AREA ( #1451 ) ;
#2667 = CARTESIAN_POINT ( 'NONE',  ( -1.305438033548631749, 3.799999999999999822, -0.5569054601312812824 ) ) ;
#2668 =( NAMED_UNIT ( * ) SI_UNIT ( $, .STERADIAN. ) SOLID_ANGLE_UNIT ( ) );
#2669 = CARTESIAN_POINT ( 'NONE',  ( 2.467332183595162043, 3.799999999999998934, 0.04979883414189231056 ) ) ;
#2670 = CARTESIAN_POINT ( 'NONE',  ( -0.9131303412409393916, 3.790000000000000036, 0.1406906937148726111 ) ) ;
#2671 = VECTOR ( 'NONE', #2281, 1000.000000000000000 ) ;
#2672 = CARTESIAN_POINT ( 'NONE',  ( 3.720052789092632484, 3.800000000000000266, 0.05427314786126399837 ) ) ;
#2673 =( GEOMETRIC_REPRESENTATION_CONTEXT ( 3 ) GLOBAL_UNCERTAINTY_ASSIGNED_CONTEXT ( ( #5224 ) ) GLOBAL_UNIT_ASSIGNED_CONTEXT ( ( #2784, #4248, #2136 ) ) REPRESENTATION_CONTEXT ( 'NONE', 'WORKASPACE' ) );
#2674 = LINE ( 'NONE', #1294, #294 ) ;
#2675 = EDGE_CURVE ( 'NONE', #2315, #7286, #9244, .T. ) ;
#2676 = ADVANCED_FACE ( 'NONE', ( #6313 ), #5468, .T. ) ;
#2677 = CARTESIAN_POINT ( 'NONE',  ( 2.499690171579573850, 3.790000000000000036, -0.1569054601312812325 ) ) ;
#2678 = CARTESIAN_POINT ( 'NONE',  ( 3.340865128273992291, 3.790000000000000036, -0.2736334993243292879 ) ) ;
#2679 = DIRECTION ( 'NONE',  ( 0.0000000000000000000, 0.0000000000000000000, 1.000000000000000000 ) ) ;
#2680 = DIRECTION ( 'NONE',  ( -0.0000000000000000000, 0.0000000000000000000, -1.000000000000000000 ) ) ;
#2681 = CARTESIAN_POINT ( 'NONE',  ( 5.499999999999999112, 0.0000000000000000000, -4.500000000000001776 ) ) ;
#2682 = CARTESIAN_POINT ( 'NONE',  ( 2.154267697975941420, 3.790000000000000036, 0.1032240122543448269 ) ) ;
#2683 = CARTESIAN_POINT ( 'NONE',  ( 3.557236395273349672, 3.790000000000001368, -0.1925201219287734078 ) ) ;
#2684 = PRESENTATION_LAYER_ASSIGNMENT (  '', '', ( #5164 ) ) ;
#2685 = SURFACE_SIDE_STYLE ('',( #9414 ) ) ;
#2686 = VECTOR ( 'NONE', #4003, 1000.000000000000000 ) ;
#2687 = CARTESIAN_POINT ( 'NONE',  ( -1.923226495087093424, 3.799999999999999822, 0.2430945398687187897 ) ) ;
#2688 = LINE ( 'NONE', #2776, #5945 ) ;
#2689 = CARTESIAN_POINT ( 'NONE',  ( 2.349901821787536260, 3.800000000000001599, -0.4873901694487444147 ) ) ;
#2690 = UNCERTAINTY_MEASURE_WITH_UNIT (LENGTH_MEASURE( 1.000000000000000082E-05 ), #578, 'distance_accuracy_value', 'NONE');
#2691 = MECHANICAL_DESIGN_GEOMETRIC_PRESENTATION_REPRESENTATION (  '', ( #1948 ), #839 ) ;
#2692 = CARTESIAN_POINT ( 'NONE',  ( 1.490088184796733328, 3.790000000000000480, -0.04112354702014003882 ) ) ;
#2693 = CARTESIAN_POINT ( 'NONE',  ( 3.343356456525288678, 3.789999999999999591, 0.2125273966656758273 ) ) ;
#2694 = DIRECTION ( 'NONE',  ( -1.000000000000000000, 0.0000000000000000000, 0.0000000000000000000 ) ) ;
#2695 = DIRECTION ( 'NONE',  ( 0.0000000000000000000, -0.0000000000000000000, 1.000000000000000000 ) ) ;
#2696 = CARTESIAN_POINT ( 'NONE',  ( 3.260803468802988991, 3.799999999999999378, 0.1112167258530219471 ) ) ;
#2697 = CARTESIAN_POINT ( 'NONE',  ( 2.420653616702963529, 3.799999999999999822, 0.1280820660708406333 ) ) ;
#2698 = STYLED_ITEM ( 'NONE', ( #1101 ), #3735 ) ;
#2699 = CARTESIAN_POINT ( 'NONE',  ( -0.9058278584804655420, 3.790000000000000480, 0.1381189089736760689 ) ) ;
#2700 = CARTESIAN_POINT ( 'NONE',  ( 2.288918959322370217, 3.790000000000000480, -0.4949026679305904564 ) ) ;
#2701 = EDGE_CURVE ( 'NONE', #1284, #9607, #8411, .T. ) ;
#2702 = SURFACE_SIDE_STYLE ('',( #1728 ) ) ;
#2703 = CARTESIAN_POINT ( 'NONE',  ( 2.476710597269963454, 3.800000000000000266, 0.02258444817827516896 ) ) ;
#2704 = UNCERTAINTY_MEASURE_WITH_UNIT (LENGTH_MEASURE( 1.000000000000000082E-05 ), #9409, 'distance_accuracy_value', 'NONE');
#2705 = CARTESIAN_POINT ( 'NONE',  ( 3.340865128273992291, 3.799999999999999822, -0.2736334993243292879 ) ) ;
#2706 =( NAMED_UNIT ( * ) PLANE_ANGLE_UNIT ( ) SI_UNIT ( $, .RADIAN. ) );
#2707 = DIRECTION ( 'NONE',  ( -0.0000000000000000000, 1.000000000000000000, -0.0000000000000000000 ) ) ;
#2708 = LINE ( 'NONE', #9566, #8431 ) ;
#2709 = B_SPLINE_SURFACE_WITH_KNOTS ( 'NONE', 3, 1, ( 
 ( #7716, #7843 ),
 ( #8607, #4067 ),
 ( #2570, #5511 ),
 ( #4124, #297 ),
 ( #1020, #4831 ),
 ( #3360, #5605 ),
 ( #6283, #1852 ),
 ( #323, #2598 ),
 ( #1052, #1891 ),
 ( #6346, #9289 ),
 ( #4802, #9358 ),
 ( #4864, #4100 ),
 ( #354, #3329 ),
 ( #8575, #7028 ),
 ( #5577, #7778 ) ),
 .UNSPECIFIED., .F., .F., .F.,
 ( 4, 1, 1, 1, 1, 1, 1, 1, 1, 1, 1, 1, 4 ),
 ( 2, 2 ),
 ( 0.0000000000000000000, 0.09697231038151708782, 0.1877734389628690492, 0.2723961390136936944, 0.3513209973752893789, 0.4243347744514681108, 0.4919087840005271217, 0.5542332197968002916, 0.6112676582441546325, 0.7163478449915541280, 0.8145400858216156337, 0.9084954561491855873, 1.000000000000000000 ),
 ( 0.0000000000000000000, 1.000000000000000000 ),
 .UNSPECIFIED. ) ;
#2710 = CARTESIAN_POINT ( 'NONE',  ( 3.531741453630855787, 3.790000000000000036, -0.2110721267979479565 ) ) ;
#2711 = FACE_OUTER_BOUND ( 'NONE', #8178, .T. ) ;
#2712 = ORIENTED_EDGE ( 'NONE', *, *, #376, .T. ) ;
#2713 = CARTESIAN_POINT ( 'NONE',  ( 3.464591371151894528, 3.800000000000000266, -0.4945559473554231866 ) ) ;
#2714 = CARTESIAN_POINT ( 'NONE',  ( 3.421600705741424164, 3.800000000000000266, -0.4795383826474238220 ) ) ;
#2715 = MECHANICAL_DESIGN_GEOMETRIC_PRESENTATION_REPRESENTATION (  '', ( #2233 ), #6719 ) ;
#2716 = CARTESIAN_POINT ( 'NONE',  ( 1.877868262927276044, 3.790000000000000036, -0.2639356661962441453 ) ) ;
#2717 = ADVANCED_FACE ( 'NONE', ( #2016 ), #1939, .T. ) ;
#2718 = VERTEX_POINT ( 'NONE', #2681 ) ;
#2719 = SURFACE_STYLE_FILL_AREA ( #1695 ) ;
#2720 = VECTOR ( 'NONE', #4730, 1000.000000000000000 ) ;
#2721 = CARTESIAN_POINT ( 'NONE',  ( 1.515137771247793363, 3.800000000000000711, 0.05991275284011749608 ) ) ;
#2722 = EDGE_CURVE ( 'NONE', #5502, #4976, #1602, .T. ) ;
#2723 = CARTESIAN_POINT ( 'NONE',  ( 5.569999999999999396, 1.899999999999999911, 0.3499999999999996447 ) ) ;
#2724 = ORIENTED_EDGE ( 'NONE', *, *, #190, .T. ) ;
#2725 = CARTESIAN_POINT ( 'NONE',  ( 3.473626356087214262, 3.799999999999999378, 0.2632583073560063047 ) ) ;
#2726 = VERTEX_POINT ( 'NONE', #1172 ) ;
#2727 = CARTESIAN_POINT ( 'NONE',  ( 2.430496370630562897, 3.800000000000000266, 0.1166635821150879132 ) ) ;
#2728 = CARTESIAN_POINT ( 'NONE',  ( 2.188892713218763664, 3.799999999999998490, -0.5524070715046679458 ) ) ;
#2729 = SURFACE_STYLE_FILL_AREA ( #8754 ) ;
#2730 = CARTESIAN_POINT ( 'NONE',  ( 2.130693824616832988, 3.790000000000000924, -0.3740378411686506310 ) ) ;
#2731 = CARTESIAN_POINT ( 'NONE',  ( 3.569999999999999396, 1.399999999999999911, -0.3500000000000003109 ) ) ;
#2732 = CARTESIAN_POINT ( 'NONE',  ( 2.487992236921264144, 3.790000000000000924, -0.02348787548307911671 ) ) ;
#2733 = PRESENTATION_LAYER_ASSIGNMENT (  '', '', ( #2930 ) ) ;
#2734 = CARTESIAN_POINT ( 'NONE',  ( -2.984444443805042368, 3.790000000000000036, -0.09536699859281973224 ) ) ;
#2735 = CARTESIAN_POINT ( 'NONE',  ( 2.394962294735568431, 3.800000000000000711, 0.1502404609883683795 ) ) ;
#2736 = CARTESIAN_POINT ( 'NONE',  ( 3.094561966451368384, 3.790000000000000036, 0.05847915525333415021 ) ) ;
#2737 = DIRECTION ( 'NONE',  ( 0.4966865118376859733, 0.0000000000000000000, -0.8679300138597076941 ) ) ;
#2738 = AXIS2_PLACEMENT_3D ( 'NONE', #2050, #428, #2793 ) ;
#2739 = DIRECTION ( 'NONE',  ( -0.0000000000000000000, 0.0000000000000000000, -1.000000000000000000 ) ) ;
#2740 = CARTESIAN_POINT ( 'NONE',  ( 2.099717473766434139, 3.790000000000000036, -0.1462200432618289969 ) ) ;
#2741 = EDGE_CURVE ( 'NONE', #7629, #7286, #2688, .T. ) ;
#2742 =( NAMED_UNIT ( * ) SI_UNIT ( $, .STERADIAN. ) SOLID_ANGLE_UNIT ( ) );
#2743 = EDGE_CURVE ( 'NONE', #4889, #1357, #774, .T. ) ;
#2744 = VECTOR ( 'NONE', #6780, 1000.000000000000000 ) ;
#2745 = DIRECTION ( 'NONE',  ( -0.0000000000000000000, -1.000000000000000000, -0.0000000000000000000 ) ) ;
#2747 = PRESENTATION_LAYER_ASSIGNMENT (  '', '', ( #1948 ) ) ;
#2746 = CARTESIAN_POINT ( 'NONE',  ( 3.480528387703743398, 3.799999999999999378, -0.4950900386038167844 ) ) ;
#2748 = CARTESIAN_POINT ( 'NONE',  ( -0.8159516507631511262, 3.799999999999999822, 0.08671722207408669170 ) ) ;
#2749 = FACE_OUTER_BOUND ( 'NONE', #1031, .T. ) ;
#2750 = VECTOR ( 'NONE', #559, 1000.000000000000000 ) ;
#2751 = ORIENTED_EDGE ( 'NONE', *, *, #8920, .T. ) ;
#2752 = AXIS2_PLACEMENT_3D ( 'NONE', #4863, #6441, #1987 ) ;
#2753 = ORIENTED_EDGE ( 'NONE', *, *, #1986, .T. ) ;
#2754 = CARTESIAN_POINT ( 'NONE',  ( -0.6491715411336018704, 3.789999999999999147, -0.1369210232024520579 ) ) ;
#2755 = EDGE_CURVE ( 'NONE', #4420, #524, #646, .T. ) ;
#2756 = CARTESIAN_POINT ( 'NONE',  ( -2.256239315599914086, 3.790000000000000036, -0.5569054601312812824 ) ) ;
#2757 = CARTESIAN_POINT ( 'NONE',  ( 3.328974863855834965, 3.789999999999998703, 0.1997334546226613439 ) ) ;
#2758 = DIRECTION ( 'NONE',  ( 0.4486095002441218837, 0.0000000000000000000, -0.8937278759727252941 ) ) ;
#2759 = COLOUR_RGB ( '',1.000000000000000000, 1.000000000000000000, 1.000000000000000000 ) ;
#2760 = CARTESIAN_POINT ( 'NONE',  ( 2.027970275363550900, 3.799999999999999822, -0.1694072073643111687 ) ) ;
#2761 = PRESENTATION_STYLE_ASSIGNMENT (( #8618 ) ) ;
#2762 = CARTESIAN_POINT ( 'NONE',  ( 2.118200721941086329, 3.789999999999999147, -0.3392498686304547539 ) ) ;
#2763 = ORIENTED_EDGE ( 'NONE', *, *, #1685, .T. ) ;
#2764 = ORIENTED_EDGE ( 'NONE', *, *, #5777, .T. ) ;
#2765 = CARTESIAN_POINT ( 'NONE',  ( -1.541655982266580738, 3.799999999999999822, 0.2430945398687187897 ) ) ;
#2766 = ORIENTED_EDGE ( 'NONE', *, *, #7664, .F. ) ;
#2767 = CARTESIAN_POINT ( 'NONE',  ( 3.709946581835984247, 3.790000000000000036, -0.4420016139774352038 ) ) ;
#2768 = FILL_AREA_STYLE_COLOUR ( '', #1338 ) ;
#2769 = LINE ( 'NONE', #8295, #2671 ) ;
#2770 =( GEOMETRIC_REPRESENTATION_CONTEXT ( 3 ) GLOBAL_UNCERTAINTY_ASSIGNED_CONTEXT ( ( #4299 ) ) GLOBAL_UNIT_ASSIGNED_CONTEXT ( ( #6557, #2161, #8849 ) ) REPRESENTATION_CONTEXT ( 'NONE', 'WORKASPACE' ) );
#2771 = CARTESIAN_POINT ( 'NONE',  ( -5.500000000000000888, 0.0000000000000000000, -5.000000000000000888 ) ) ;
#2772 = SURFACE_STYLE_FILL_AREA ( #4815 ) ;
#2773 = LINE ( 'NONE', #5011, #620 ) ;
#2774 = ORIENTED_EDGE ( 'NONE', *, *, #9194, .F. ) ;
#2775 = DIRECTION ( 'NONE',  ( 0.0000000000000000000, 0.0000000000000000000, 1.000000000000000000 ) ) ;
#2776 = CARTESIAN_POINT ( 'NONE',  ( 1.884305556194958431, 3.790000000000000036, -0.1569054601312812325 ) ) ;
#2777 = CARTESIAN_POINT ( 'NONE',  ( 3.514846845758437865, 3.799999999999999822, 0.2631150943902698658 ) ) ;
#2778 = CARTESIAN_POINT ( 'NONE',  ( 3.510872811582554931, 3.790000000000000480, -0.2258731314161079584 ) ) ;
#2779 = CARTESIAN_POINT ( 'NONE',  ( -0.6844936187850543252, 3.790000000000000036, -0.3340480174352129517 ) ) ;
#2780 = PRESENTATION_LAYER_ASSIGNMENT (  '', '', ( #4406 ) ) ;
#2781 = COLOUR_RGB ( '',1.000000000000000000, 1.000000000000000000, 1.000000000000000000 ) ;
#2782 = UNCERTAINTY_MEASURE_WITH_UNIT (LENGTH_MEASURE( 1.000000000000000082E-05 ), #3850, 'distance_accuracy_value', 'NONE');
#2783 = COLOUR_RGB ( '',1.000000000000000000, 1.000000000000000000, 1.000000000000000000 ) ;
#2784 =( LENGTH_UNIT ( ) NAMED_UNIT ( * ) SI_UNIT ( .MILLI., .METRE. ) );
#2785 = CARTESIAN_POINT ( 'NONE',  ( 3.378996134115336059, 3.790000000000001812, -0.4338664224518342660 ) ) ;
#2786 = CARTESIAN_POINT ( 'NONE',  ( -0.8512514634985121065, 3.790000000000000480, 0.1127853994455231823 ) ) ;
#2787 = COLOUR_RGB ( '',1.000000000000000000, 1.000000000000000000, 1.000000000000000000 ) ;
#2788 = CARTESIAN_POINT ( 'NONE',  ( 1.880565204382019795, 3.790000000000000924, -0.2390418438729723649 ) ) ;
#2789 = ORIENTED_EDGE ( 'NONE', *, *, #6700, .T. ) ;
#2790 = EDGE_CURVE ( 'NONE', #8365, #5006, #9697, .T. ) ;
#2791 = AXIS2_PLACEMENT_3D ( 'NONE', #331, #4130, #360 ) ;
#2792 = ORIENTED_EDGE ( 'NONE', *, *, #9370, .T. ) ;
#2793 = DIRECTION ( 'NONE',  ( 0.0000000000000000000, -0.0000000000000000000, 1.000000000000000000 ) ) ;
#2794 = VECTOR ( 'NONE', #9456, 1000.000000000000000 ) ;
#2795 = CARTESIAN_POINT ( 'NONE',  ( -0.7574496613254433353, 3.790000000000000924, 0.1442207911333214243 ) ) ;
#2796 = CARTESIAN_POINT ( 'NONE',  ( 1.475407117240397747, 3.800000000000000266, -0.4605388633064053661 ) ) ;
#2797 = EDGE_LOOP ( 'NONE', ( #5939, #379, #3062, #7387 ) ) ;
#2798 =( LENGTH_UNIT ( ) NAMED_UNIT ( * ) SI_UNIT ( .MILLI., .METRE. ) );
#2799 = CARTESIAN_POINT ( 'NONE',  ( 2.046596968604565525, 3.799999999999998490, -0.3532825223361694134 ) ) ;
#2800 = CARTESIAN_POINT ( 'NONE',  ( 2.184747354028515165, 3.800000000000000711, -0.4514595827786480609 ) ) ;
#2801 = SURFACE_SIDE_STYLE ('',( #3620 ) ) ;
#2802 = VECTOR ( 'NONE', #1303, 1000.000000000000000 ) ;
#2803 =( GEOMETRIC_REPRESENTATION_CONTEXT ( 3 ) GLOBAL_UNCERTAINTY_ASSIGNED_CONTEXT ( ( #1637 ) ) GLOBAL_UNIT_ASSIGNED_CONTEXT ( ( #9702, #2295, #5865 ) ) REPRESENTATION_CONTEXT ( 'NONE', 'WORKASPACE' ) );
#2804 = ORIENTED_EDGE ( 'NONE', *, *, #6113, .T. ) ;
#2805 = EDGE_CURVE ( 'NONE', #186, #7809, #6302, .T. ) ;
#2806 = ORIENTED_EDGE ( 'NONE', *, *, #5583, .T. ) ;
#2807 = ORIENTED_EDGE ( 'NONE', *, *, #3578, .F. ) ;
#2808 = CARTESIAN_POINT ( 'NONE',  ( -2.833643161753760520, 3.790000000000000036, -0.5569054601312812824 ) ) ;
#2809 = CARTESIAN_POINT ( 'NONE',  ( 5.500000000000000000, 1.900000000000000355, -1.249999999999999778 ) ) ;
#2810 = CARTESIAN_POINT ( 'NONE',  ( 0.3561004279898300484, 3.790000000000000036, -0.5569054601312812824 ) ) ;
#2811 = FACE_OUTER_BOUND ( 'NONE', #1892, .T. ) ;
#2812 = CARTESIAN_POINT ( 'NONE',  ( 2.295363248502650499, 3.799999999999999822, -0.5774182806441018334 ) ) ;
#2813 = CARTESIAN_POINT ( 'NONE',  ( 3.669285626604028572, 3.789999999999999147, -0.4930821070324917232 ) ) ;
#2814 = CARTESIAN_POINT ( 'NONE',  ( 1.954140499948891385, 3.790000000000001812, -0.2278390325579518483 ) ) ;
#2815 = CARTESIAN_POINT ( 'NONE',  ( -0.6527049081169018496, 3.799999999999998934, -0.2137045660241439771 ) ) ;
#2816 = PRESENTATION_LAYER_ASSIGNMENT (  '', '', ( #4000 ) ) ;
#2817 = LINE ( 'NONE', #8194, #2113 ) ;
#2818 = ORIENTED_EDGE ( 'NONE', *, *, #7786, .T. ) ;
#2819 = VERTEX_POINT ( 'NONE', #2228 ) ;
#2820 = CARTESIAN_POINT ( 'NONE',  ( 3.396321820637040467, 3.790000000000000036, -0.5533265405615452881 ) ) ;
#2821 =( NAMED_UNIT ( * ) PLANE_ANGLE_UNIT ( ) SI_UNIT ( $, .RADIAN. ) );
#2822 = CARTESIAN_POINT ( 'NONE',  ( 1.115074786964188824, 3.790000000000000036, -0.5569054601312812824 ) ) ;
#2823 = ADVANCED_FACE ( 'NONE', ( #9112 ), #8133, .F. ) ;
#2824 = ORIENTED_EDGE ( 'NONE', *, *, #4486, .T. ) ;
#2825 = LINE ( 'NONE', #3876, #209 ) ;
#2826 = PLANE ( 'NONE',  #105 ) ;
#2827 = VERTEX_POINT ( 'NONE', #596 ) ;
#2828 = CARTESIAN_POINT ( 'NONE',  ( -0.9131303412409393916, 3.799999999999999822, 0.1406906937148726111 ) ) ;
#2829 = CARTESIAN_POINT ( 'NONE',  ( 3.389135384824799591, 3.790000000000001812, 0.2412062470975882555 ) ) ;
#2830 = DIRECTION ( 'NONE',  ( -0.4188422247446084157, 0.0000000000000000000, -0.9080590238365492395 ) ) ;
#2831 = CARTESIAN_POINT ( 'NONE',  ( 2.288965133376721806, 3.800000000000000266, 0.1811152736735189284 ) ) ;
#2832 = STYLED_ITEM ( 'NONE', ( #7681 ), #4409 ) ;
#2833 = CARTESIAN_POINT ( 'NONE',  ( -0.4131303412409393916, 3.799999999999999822, -0.5569054601312812824 ) ) ;
#2834 = CARTESIAN_POINT ( 'NONE',  ( 2.297767094656497200, 3.800000000000000266, -0.4953669985928197961 ) ) ;
#2835 = CARTESIAN_POINT ( 'NONE',  ( 3.371754762858815369, 3.790000000000001812, -0.3812197820586986641 ) ) ;
#2836 = STYLED_ITEM ( 'NONE', ( #5859 ), #7339 ) ;
#2837 = VECTOR ( 'NONE', #6728, 1000.000000000000000 ) ;
#2838 = ORIENTED_EDGE ( 'NONE', *, *, #5921, .T. ) ;
#2839 = CARTESIAN_POINT ( 'NONE',  ( 2.386523172962490058, 3.789999999999998703, -0.5601909336832864295 ) ) ;
#2840 = DIRECTION ( 'NONE',  ( 1.000000000000000000, 0.0000000000000000000, 0.0000000000000000000 ) ) ;
#2841 = CARTESIAN_POINT ( 'NONE',  ( 2.435774321947083987, 3.800000000000001155, -0.5326732509952263328 ) ) ;
#2842 = CARTESIAN_POINT ( 'NONE',  ( 0.0000000000000000000, 3.790000000000000036, 0.0000000000000000000 ) ) ;
#2843 = CARTESIAN_POINT ( 'NONE',  ( 1.936027179048951163, 3.790000000000000036, -0.3486399996208937035 ) ) ;
#2844 = CARTESIAN_POINT ( 'NONE',  ( -1.031243040128246857, 3.790000000000000036, -0.4695296158033397393 ) ) ;
#2845 = VECTOR ( 'NONE', #5763, 1000.000000000000000 ) ;
#2846 = CARTESIAN_POINT ( 'NONE',  ( 3.523434932913200424, 3.789999999999999591, -0.1248005219266900140 ) ) ;
#2847 = CARTESIAN_POINT ( 'NONE',  ( -0.7240674387289940395, 3.790000000000001812, -0.2016754735382939590 ) ) ;
#2848 =( GEOMETRIC_REPRESENTATION_CONTEXT ( 3 ) GLOBAL_UNCERTAINTY_ASSIGNED_CONTEXT ( ( #9645 ) ) GLOBAL_UNIT_ASSIGNED_CONTEXT ( ( #1054, #9260, #925 ) ) REPRESENTATION_CONTEXT ( 'NONE', 'WORKASPACE' ) );
#2849 = ORIENTED_EDGE ( 'NONE', *, *, #4429, .F. ) ;
#2850 = ADVANCED_FACE ( 'NONE', ( #7240, #8757 ), #4333, .T. ) ;
#2851 = FACE_OUTER_BOUND ( 'NONE', #5547, .T. ) ;
#2852 = SURFACE_STYLE_USAGE ( .BOTH. , #5795 ) ;
#2853 = CARTESIAN_POINT ( 'NONE',  ( 3.313450432146549218, 3.790000000000000480, -0.4637515823432455941 ) ) ;
#2854 = CARTESIAN_POINT ( 'NONE',  ( 3.248408120297522128, 3.790000000000000036, 0.08876761679179567821 ) ) ;
#2855 = STYLED_ITEM ( 'NONE', ( #8061 ), #2942 ) ;
#2856 = AXIS2_PLACEMENT_3D ( 'NONE', #152, #8692, #6402 ) ;
#2857 =( NAMED_UNIT ( * ) PLANE_ANGLE_UNIT ( ) SI_UNIT ( $, .RADIAN. ) );
#2858 = ORIENTED_EDGE ( 'NONE', *, *, #1870, .F. ) ;
#2859 = ORIENTED_EDGE ( 'NONE', *, *, #7686, .T. ) ;
#2860 = AXIS2_PLACEMENT_3D ( 'NONE', #7508, #3047, #4410 ) ;
#2861 = CARTESIAN_POINT ( 'NONE',  ( -1.045712049745829209, 3.790000000000000924, 0.2429961407179871413 ) ) ;
#2862 = VECTOR ( 'NONE', #222, 1000.000000000000000 ) ;
#2863 = EDGE_CURVE ( 'NONE', #871, #1919, #2927, .T. ) ;
#2864 = SURFACE_SIDE_STYLE ('',( #6037 ) ) ;
#2865 = LINE ( 'NONE', #1302, #4954 ) ;
#2866 = CARTESIAN_POINT ( 'NONE',  ( -0.9636625355508945390, 3.800000000000000266, -0.5460638533495413283 ) ) ;
#2867 = ORIENTED_EDGE ( 'NONE', *, *, #7104, .F. ) ;
#2868 = CARTESIAN_POINT ( 'NONE',  ( 1.880131375055913434, 3.800000000000000266, -0.07374269096409047375 ) ) ;
#2869 = CARTESIAN_POINT ( 'NONE',  ( 2.369123176055570656, 3.800000000000000266, -0.5664070883482975605 ) ) ;
#2870 = LINE ( 'NONE', #8595, #5644 ) ;
#2871 = CARTESIAN_POINT ( 'NONE',  ( -1.103242257156187955, 3.800000000000000266, 0.1608774803179862933 ) ) ;
#2872 = FILL_AREA_STYLE ('',( #8203 ) ) ;
#2873 = DIRECTION ( 'NONE',  ( 1.000000000000000000, 0.0000000000000000000, 0.0000000000000000000 ) ) ;
#2874 = VECTOR ( 'NONE', #2904, 1000.000000000000000 ) ;
#2875 = CARTESIAN_POINT ( 'NONE',  ( 2.566637654286980208, 3.799999999999999822, -0.2609284761034967315 ) ) ;
#2876 = DIRECTION ( 'NONE',  ( 1.000000000000000000, 0.0000000000000000000, -0.0000000000000000000 ) ) ;
#2877 = CARTESIAN_POINT ( 'NONE',  ( 1.820389706562468124, 3.789999999999998703, -0.5326732509952263328 ) ) ;
#2878 = MECHANICAL_DESIGN_GEOMETRIC_PRESENTATION_REPRESENTATION (  '', ( #4724 ), #4182 ) ;
#2879 = CARTESIAN_POINT ( 'NONE',  ( -0.9382686618768081299, 3.790000000000000480, -0.4542734641575456034 ) ) ;
#2880 = CARTESIAN_POINT ( 'NONE',  ( 5.569999999999999396, 1.899999999999999911, 1.250000000000000000 ) ) ;
#2881 = VECTOR ( 'NONE', #3298, 1000.000000000000000 ) ;
#2882 = CARTESIAN_POINT ( 'NONE',  ( -0.7344229225091342128, 3.799999999999999822, -0.2525232097483113836 ) ) ;
#2883 = ORIENTED_EDGE ( 'NONE', *, *, #5347, .T. ) ;
#2884 = PRESENTATION_STYLE_ASSIGNMENT (( #9372 ) ) ;
#2885 = SURFACE_SIDE_STYLE ('',( #2729 ) ) ;
#2886 = CARTESIAN_POINT ( 'NONE',  ( -0.4131303412409393916, 3.790000000000000036, -0.5569054601312812824 ) ) ;
#2887 = CARTESIAN_POINT ( 'NONE',  ( -0.9058278584804655420, 3.790000000000000480, 0.1381189089736760689 ) ) ;
#2888 = ORIENTED_EDGE ( 'NONE', *, *, #940, .T. ) ;
#2889 = CARTESIAN_POINT ( 'NONE',  ( -0.9525334825125656435, 3.799999999999998934, -0.4582180933151702162 ) ) ;
#2890 = ORIENTED_EDGE ( 'NONE', *, *, #6760, .F. ) ;
#2891 = UNCERTAINTY_MEASURE_WITH_UNIT (LENGTH_MEASURE( 1.000000000000000082E-05 ), #1019, 'distance_accuracy_value', 'NONE');
#2892 = COLOUR_RGB ( '',1.000000000000000000, 1.000000000000000000, 1.000000000000000000 ) ;
#2893 = LINE ( 'NONE', #2974, #5326 ) ;
#2894 = ADVANCED_FACE ( 'NONE', ( #3278 ), #2480, .T. ) ;
#2895 = EDGE_CURVE ( 'NONE', #2650, #8365, #5937, .T. ) ;
#2896 = CARTESIAN_POINT ( 'NONE',  ( -1.128621182507690390, 3.799999999999999822, 0.1609865500747926503 ) ) ;
#2897 = ORIENTED_EDGE ( 'NONE', *, *, #9450, .F. ) ;
#2898 = ORIENTED_EDGE ( 'NONE', *, *, #1755, .T. ) ;
#2900 = PLANE ( 'NONE',  #4454 ) ;
#2899 = CARTESIAN_POINT ( 'NONE',  ( 1.438026708103370854, 3.790000000000000036, -0.3783475752762977540 ) ) ;
#2901 = PLANE ( 'NONE',  #8097 ) ;
#2902 = SURFACE_STYLE_FILL_AREA ( #4772 ) ;
#2903 = ADVANCED_FACE ( 'NONE', ( #5114 ), #3826, .T. ) ;
#2904 = DIRECTION ( 'NONE',  ( -0.4285960263555439465, 0.0000000000000000000, 0.9034962347415942396 ) ) ;
#2905 = SURFACE_STYLE_FILL_AREA ( #4756 ) ;
#2906 = FACE_OUTER_BOUND ( 'NONE', #7520, .T. ) ;
#2907 = ORIENTED_EDGE ( 'NONE', *, *, #9678, .T. ) ;
#2908 = CARTESIAN_POINT ( 'NONE',  ( 1.872607621536647837, 3.789999999999999591, -0.02348787548307907508 ) ) ;
#2909 = FILL_AREA_STYLE ('',( #5846 ) ) ;
#2910 = VECTOR ( 'NONE', #6576, 1000.000000000000114 ) ;
#2911 = ORIENTED_EDGE ( 'NONE', *, *, #8310, .F. ) ;
#2912 = CARTESIAN_POINT ( 'NONE',  ( 2.351359030066202838, 3.799999999999999822, -0.5714175968243343506 ) ) ;
#2913 = CARTESIAN_POINT ( 'NONE',  ( -1.128621182507690390, 3.799999999999999822, 0.1609865500747926503 ) ) ;
#2914 = CARTESIAN_POINT ( 'NONE',  ( 3.355187167036842055, 3.800000000000001155, -0.5243023941363791351 ) ) ;
#2915 =( GEOMETRIC_REPRESENTATION_CONTEXT ( 3 ) GLOBAL_UNCERTAINTY_ASSIGNED_CONTEXT ( ( #5927 ) ) GLOBAL_UNIT_ASSIGNED_CONTEXT ( ( #5647, #1264, #7200 ) ) REPRESENTATION_CONTEXT ( 'NONE', 'WORKASPACE' ) );
#2916 = CARTESIAN_POINT ( 'NONE',  ( 1.736081284275001524, 3.799999999999998934, 0.2574684982540236811 ) ) ;
#2917 = CARTESIAN_POINT ( 'NONE',  ( 2.032427633821668689, 3.790000000000001812, -0.2646563308636123990 ) ) ;
#2918 = PLANE ( 'NONE',  #5867 ) ;
#2919 = CARTESIAN_POINT ( 'NONE',  ( 3.316036325425727682, 3.790000000000000036, 0.04822274499692388167 ) ) ;
#2920 = CARTESIAN_POINT ( 'NONE',  ( -0.8631275937410624044, 3.800000000000000266, -0.4231134750096893216 ) ) ;
#2921 = ORIENTED_EDGE ( 'NONE', *, *, #1229, .F. ) ;
#2922 = CARTESIAN_POINT ( 'NONE',  ( -0.7599542725479195848, 3.799999999999999378, 0.01743637154173188764 ) ) ;
#2923 = DIRECTION ( 'NONE',  ( 0.4966865118376859733, 0.0000000000000000000, -0.8679300138597076941 ) ) ;
#2924 = VERTEX_POINT ( 'NONE', #6084 ) ;
#2925 = EDGE_CURVE ( 'NONE', #5917, #1334, #8876, .T. ) ;
#2926 = VECTOR ( 'NONE', #8784, 1000.000000000000000 ) ;
#2927 = LINE ( 'NONE', #3694, #1252 ) ;
#2928 = CARTESIAN_POINT ( 'NONE',  ( 1.673668946307135474, 3.799999999999999822, -0.5773123683654480809 ) ) ;
#2929 = FILL_AREA_STYLE ('',( #2085 ) ) ;
#2930 = STYLED_ITEM ( 'NONE', ( #5242 ), #2098 ) ;
#2931 =( NAMED_UNIT ( * ) SI_UNIT ( $, .STERADIAN. ) SOLID_ANGLE_UNIT ( ) );
#2932 = COLOUR_RGB ( '',1.000000000000000000, 1.000000000000000000, 1.000000000000000000 ) ;
#2933 = CARTESIAN_POINT ( 'NONE',  ( 1.867637244575802269, 3.789999999999999147, 0.0001013277027345159647 ) ) ;
#2934 =( GEOMETRIC_REPRESENTATION_CONTEXT ( 3 ) GLOBAL_UNCERTAINTY_ASSIGNED_CONTEXT ( ( #6841 ) ) GLOBAL_UNIT_ASSIGNED_CONTEXT ( ( #5592, #5654, #7177 ) ) REPRESENTATION_CONTEXT ( 'NONE', 'WORKASPACE' ) );
#2935 = EDGE_CURVE ( 'NONE', #9738, #7205, #67, .T. ) ;
#2936 = DIRECTION ( 'NONE',  ( -0.0000000000000000000, 1.000000000000000000, -0.0000000000000000000 ) ) ;
#2937 = SURFACE_STYLE_USAGE ( .BOTH. , #2188 ) ;
#2938 = CARTESIAN_POINT ( 'NONE',  ( 3.324489263657766536, 3.799999999999999822, -0.4857699443374663972 ) ) ;
#2939 = ORIENTED_EDGE ( 'NONE', *, *, #7743, .T. ) ;
#2940 = CARTESIAN_POINT ( 'NONE',  ( 1.788384073347401015, 3.800000000000001155, 0.2383671981594531197 ) ) ;
#2941 =( LENGTH_UNIT ( ) NAMED_UNIT ( * ) SI_UNIT ( .MILLI., .METRE. ) );
#2942 = ADVANCED_FACE ( 'NONE', ( #1494 ), #4620, .T. ) ;
#2943 = CARTESIAN_POINT ( 'NONE',  ( -0.6519986867291961419, 3.790000000000000480, -0.08871720958959508629 ) ) ;
#2944 = CARTESIAN_POINT ( 'NONE',  ( 1.919992154589167388, 3.799999999999999822, -0.3975607811808380410 ) ) ;
#2945 = CARTESIAN_POINT ( 'NONE',  ( 2.525608844218675930, 3.790000000000001812, -0.4193163166873630776 ) ) ;
#2946 = EDGE_CURVE ( 'NONE', #7662, #7394, #2221, .T. ) ;
#2947 = ADVANCED_FACE ( 'NONE', ( #3270 ), #898, .F. ) ;
#2948 =( NAMED_UNIT ( * ) SI_UNIT ( $, .STERADIAN. ) SOLID_ANGLE_UNIT ( ) );
#2949 = CARTESIAN_POINT ( 'NONE',  ( -0.8706244931345733518, 3.800000000000000266, 0.1237664439597056798 ) ) ;
#2950 = CARTESIAN_POINT ( 'NONE',  ( -1.098745702318208117, 3.800000000000000266, -0.4735658754489029953 ) ) ;
#2951 = VECTOR ( 'NONE', #3473, 1000.000000000000000 ) ;
#2952 = ORIENTED_EDGE ( 'NONE', *, *, #1599, .T. ) ;
#2953 = CARTESIAN_POINT ( 'NONE',  ( 3.720202992092394023, 3.790000000000000036, 0.04710095012512902773 ) ) ;
#2954 = PRESENTATION_STYLE_ASSIGNMENT (( #8982 ) ) ;
#2955 = CARTESIAN_POINT ( 'NONE',  ( 3.604906751383234020, 3.799999999999999822, 0.1414766295350703418 ) ) ;
#2956 = ORIENTED_EDGE ( 'NONE', *, *, #6797, .T. ) ;
#2957 = CARTESIAN_POINT ( 'NONE',  ( 1.538883082591327334, 3.800000000000000266, 0.1032240122543442024 ) ) ;
#2959 = DIRECTION ( 'NONE',  ( -1.000000000000000000, 0.0000000000000000000, 0.0000000000000000000 ) ) ;
#2958 = CARTESIAN_POINT ( 'NONE',  ( 1.557361202715703330, 3.790000000000000924, -0.5432567312496368039 ) ) ;
#2960 = DIRECTION ( 'NONE',  ( -0.0000000000000000000, 1.000000000000000000, -0.0000000000000000000 ) ) ;
#2961 = AXIS2_PLACEMENT_3D ( 'NONE', #2204, #1387, #5183 ) ;
#2962 = DIRECTION ( 'NONE',  ( -0.1313519925438847158, 0.0000000000000000000, 0.9913357927840349415 ) ) ;
#2963 =( NAMED_UNIT ( * ) PLANE_ANGLE_UNIT ( ) SI_UNIT ( $, .RADIAN. ) );
#2964 = LINE ( 'NONE', #2624, #8799 ) ;
#2965 = PRESENTATION_LAYER_ASSIGNMENT (  '', '', ( #9156 ) ) ;
#2966 = CARTESIAN_POINT ( 'NONE',  ( 2.551411794433566804, 3.799999999999999822, -0.3486399996208937591 ) ) ;
#2967 = CARTESIAN_POINT ( 'NONE',  ( 2.431410174924656609, 3.800000000000000266, -0.4287360923902946430 ) ) ;
#2968 = DIRECTION ( 'NONE',  ( -0.0000000000000000000, 1.000000000000000000, -0.0000000000000000000 ) ) ;
#2969 = CARTESIAN_POINT ( 'NONE',  ( -3.569999999999999396, 4.592425496802573972E-16, -1.250000000000000222 ) ) ;
#2970 = ORIENTED_EDGE ( 'NONE', *, *, #1055, .F. ) ;
#2971 = EDGE_LOOP ( 'NONE', ( #7211, #1021, #138, #3198 ) ) ;
#2972 = DIRECTION ( 'NONE',  ( 0.0000000000000000000, 1.000000000000000000, 0.0000000000000000000 ) ) ;
#2973 = FILL_AREA_STYLE_COLOUR ( '', #1756 ) ;
#2974 = CARTESIAN_POINT ( 'NONE',  ( -2.464412392522991269, 3.790000000000000036, 0.2430945398687187897 ) ) ;
#2975 = CARTESIAN_POINT ( 'NONE',  ( 3.611318592979229081, 3.790000000000000036, -0.4336289848938640334 ) ) ;
#2976 = DIRECTION ( 'NONE',  ( 0.0000000000000000000, 1.000000000000000000, 0.0000000000000000000 ) ) ;
#2977 = SURFACE_SIDE_STYLE ('',( #2666 ) ) ;
#2978 = FACE_OUTER_BOUND ( 'NONE', #6765, .T. ) ;
#2979 = EDGE_CURVE ( 'NONE', #3791, #2279, #6166, .T. ) ;
#2980 = ADVANCED_FACE ( 'NONE', ( #4545 ), #6873, .T. ) ;
#2981 = CARTESIAN_POINT ( 'NONE',  ( 3.510872811582554931, 3.790000000000000480, -0.2258731314161079584 ) ) ;
#2982 = DIRECTION ( 'NONE',  ( -1.000000000000000000, 0.0000000000000000000, 0.0000000000000000000 ) ) ;
#2983 = AXIS2_PLACEMENT_3D ( 'NONE', #8905, #730, #5170 ) ;
#2984 = CARTESIAN_POINT ( 'NONE',  ( -0.9758110742898242762, 3.800000000000002043, -0.4625210356058304662 ) ) ;
#2985 = VECTOR ( 'NONE', #290, 1000.000000000000000 ) ;
#2986 = LINE ( 'NONE', #829, #7763 ) ;
#2987 = COLOUR_RGB ( '',1.000000000000000000, 1.000000000000000000, 1.000000000000000000 ) ;
#2988 = AXIS2_PLACEMENT_3D ( 'NONE', #9217, #4668, #9280 ) ;
#2989 = EDGE_CURVE ( 'NONE', #1334, #8666, #2095, .T. ) ;
#2990 = FILL_AREA_STYLE_COLOUR ( '', #1921 ) ;
#2991 = CARTESIAN_POINT ( 'NONE',  ( 3.340865128273992291, 3.790000000000000036, -0.2736334993243292879 ) ) ;
#2993 =( NAMED_UNIT ( * ) PLANE_ANGLE_UNIT ( ) SI_UNIT ( $, .RADIAN. ) );
#2992 = PLANE ( 'NONE',  #7401 ) ;
#2994 = ADVANCED_FACE ( 'NONE', ( #1243 ), #5735, .T. ) ;
#2995 = UNCERTAINTY_MEASURE_WITH_UNIT (LENGTH_MEASURE( 1.000000000000000082E-05 ), #6269, 'distance_accuracy_value', 'NONE');
#2996 = CARTESIAN_POINT ( 'NONE',  ( 1.884305556194958431, 3.799999999999999822, -0.1569054601312812325 ) ) ;
#2997 = SURFACE_STYLE_FILL_AREA ( #5240 ) ;
#2998 = CARTESIAN_POINT ( 'NONE',  ( 3.581158127824551229, 3.799999999999998046, -0.1741393950653568334 ) ) ;
#2999 = ORIENTED_EDGE ( 'NONE', *, *, #1420, .F. ) ;
#3000 = CARTESIAN_POINT ( 'NONE',  ( 2.173224243451696847, 3.799999999999999822, 0.2299355100815985709 ) ) ;
#3001 = PRESENTATION_STYLE_ASSIGNMENT (( #659 ) ) ;
#3002 = PRESENTATION_STYLE_ASSIGNMENT (( #5584 ) ) ;
#3003 = CARTESIAN_POINT ( 'NONE',  ( -2.984444443805042368, 3.790000000000000036, -0.09536699859281970448 ) ) ;
#3004 = CARTESIAN_POINT ( 'NONE',  ( -1.022768217690783077, 3.800000000000000266, 0.2428049650926126790 ) ) ;
#3005 = DIRECTION ( 'NONE',  ( -0.0000000000000000000, -0.0000000000000000000, 1.000000000000000000 ) ) ;
#3006 = CARTESIAN_POINT ( 'NONE',  ( 1.484331281231579425, 3.799999999999999822, -0.1676445191832757475 ) ) ;
#3007 = DIRECTION ( 'NONE',  ( 0.0000000000000000000, -4.818676322157801319E-16, 1.000000000000000000 ) ) ;
#3008 = FILL_AREA_STYLE ('',( #9726 ) ) ;
#3009 = ORIENTED_EDGE ( 'NONE', *, *, #178, .T. ) ;
#3010 = VERTEX_POINT ( 'NONE', #8227 ) ;
#3011 = ORIENTED_EDGE ( 'NONE', *, *, #8427, .T. ) ;
#3012 = UNCERTAINTY_MEASURE_WITH_UNIT (LENGTH_MEASURE( 1.000000000000000082E-05 ), #3303, 'distance_accuracy_value', 'NONE');
#3013 = LINE ( 'NONE', #1806, #8161 ) ;
#3014 = DIRECTION ( 'NONE',  ( -1.734723475976807341E-16, 0.0000000000000000000, -1.000000000000000000 ) ) ;
#3015 = ORIENTED_EDGE ( 'NONE', *, *, #6596, .F. ) ;
#3016 = CARTESIAN_POINT ( 'NONE',  ( 1.759904093001494196, 3.800000000000000711, 0.1627998907984854193 ) ) ;
#3017 = LINE ( 'NONE', #4822, #8730 ) ;
#3018 = CARTESIAN_POINT ( 'NONE',  ( 2.295363248502650499, 3.790000000000000036, -0.5774182806441018334 ) ) ;
#3019 = VECTOR ( 'NONE', #6045, 1000.000000000000000 ) ;
#3020 = AXIS2_PLACEMENT_3D ( 'NONE', #7576, #4601, #8396 ) ;
#3021 = FACE_OUTER_BOUND ( 'NONE', #9462, .T. ) ;
#3022 = CARTESIAN_POINT ( 'NONE',  ( 1.788038307896880230, 3.789999999999999591, -0.5523995926297620152 ) ) ;
#3023 = CARTESIAN_POINT ( 'NONE',  ( 3.618265862967116053, 3.800000000000000711, 0.1280809253719411289 ) ) ;
#3024 = ORIENTED_EDGE ( 'NONE', *, *, #6700, .F. ) ;
#3025 =( LENGTH_UNIT ( ) NAMED_UNIT ( * ) SI_UNIT ( .MILLI., .METRE. ) );
#3026 = CARTESIAN_POINT ( 'NONE',  ( 1.541586010854738564, 3.790000000000000924, -0.5328682805817644974 ) ) ;
#3027 = PRESENTATION_STYLE_ASSIGNMENT (( #8040 ) ) ;
#3028 = ADVANCED_FACE ( 'NONE', ( #2337 ), #8988, .T. ) ;
#3029 = VERTEX_POINT ( 'NONE', #9560 ) ;
#3030 = STYLED_ITEM ( 'NONE', ( #7772 ), #1317 ) ;
#3031 = CARTESIAN_POINT ( 'NONE',  ( 2.571485043374445834, 3.790000000000000036, -0.1565849473107684686 ) ) ;
#3032 = CARTESIAN_POINT ( 'NONE',  ( 2.027969884231890951, 3.799999999999999822, -0.1438694420551717701 ) ) ;
#3033 =( NAMED_UNIT ( * ) SI_UNIT ( $, .STERADIAN. ) SOLID_ANGLE_UNIT ( ) );
#3034 = VERTEX_POINT ( 'NONE', #5845 ) ;
#3035 = CARTESIAN_POINT ( 'NONE',  ( 1.686343183315141880, 3.799999999999999378, 0.2635147117056074184 ) ) ;
#3036 = ADVANCED_FACE ( 'NONE', ( #404 ), #5161, .T. ) ;
#3037 = VECTOR ( 'NONE', #4548, 1000.000000000000000 ) ;
#3038 = CARTESIAN_POINT ( 'NONE',  ( -1.575790597651195890, 3.790000000000000036, -0.5569054601312812824 ) ) ;
#3039 = CARTESIAN_POINT ( 'NONE',  ( -0.9012231456508300598, 3.790000000000000480, 0.2265015311333027082 ) ) ;
#3040 = CARTESIAN_POINT ( 'NONE',  ( 3.322326208225849342, 3.789999999999999591, 0.05875174727054856272 ) ) ;
#3041 = DIRECTION ( 'NONE',  ( 0.0000000000000000000, 0.0000000000000000000, 1.000000000000000000 ) ) ;
#3042 = CARTESIAN_POINT ( 'NONE',  ( 1.884305556194958431, 3.790000000000000036, -0.1569054601312812325 ) ) ;
#3043 = AXIS2_PLACEMENT_3D ( 'NONE', #1123, #6384, #2694 ) ;
#3044 = ORIENTED_EDGE ( 'NONE', *, *, #8050, .T. ) ;
#3045 = ORIENTED_EDGE ( 'NONE', *, *, #3615, .T. ) ;
#3046 = ADVANCED_FACE ( 'NONE', ( #3392 ), #6579, .T. ) ;
#3047 = DIRECTION ( 'NONE',  ( -0.0000000000000000000, 0.0000000000000000000, 1.000000000000000000 ) ) ;
#3048 = CARTESIAN_POINT ( 'NONE',  ( 1.542230129548662454, 3.799999999999998934, 0.2196965566099910450 ) ) ;
#3049 = EDGE_CURVE ( 'NONE', #417, #2157, #3152, .T. ) ;
#3050 = CARTESIAN_POINT ( 'NONE',  ( 1.794545117865567141, 3.789999999999999591, 0.1382796999709349495 ) ) ;
#3051 = ORIENTED_EDGE ( 'NONE', *, *, #1215, .T. ) ;
#3052 = CARTESIAN_POINT ( 'NONE',  ( 3.600466961642832864, 3.800000000000000266, -0.5509637860648892715 ) ) ;
#3053 = CARTESIAN_POINT ( 'NONE',  ( 2.145893445702946600, 3.800000000000000711, -0.4039395849288020535 ) ) ;
#3054 = ORIENTED_EDGE ( 'NONE', *, *, #2935, .T. ) ;
#3055 = CARTESIAN_POINT ( 'NONE',  ( 1.686341028200170067, 3.790000000000000036, -0.5773067800325212273 ) ) ;
#3056 = CARTESIAN_POINT ( 'NONE',  ( -0.4849252130358114310, 3.790000000000000036, -0.5569054601312812824 ) ) ;
#3057 = CARTESIAN_POINT ( 'NONE',  ( 3.299690171579573672, 3.790000000000000036, -0.3907195626953838818 ) ) ;
#3058 = CARTESIAN_POINT ( 'NONE',  ( 3.344401710041112086, 3.790000000000000036, -0.2689246909005120756 ) ) ;
#3059 = CARTESIAN_POINT ( 'NONE',  ( 0.7253311972205992442, 3.790000000000000036, 0.2430945398687187897 ) ) ;
#3060 = CARTESIAN_POINT ( 'NONE',  ( 5.569999999999999396, -0.07000000000000000666, -1.250000000000000222 ) ) ;
#3061 = VERTEX_POINT ( 'NONE', #8089 ) ;
#3062 = ORIENTED_EDGE ( 'NONE', *, *, #7894, .T. ) ;
#3063 = ORIENTED_EDGE ( 'NONE', *, *, #2979, .F. ) ;
#3064 = CARTESIAN_POINT ( 'NONE',  ( 3.419493634246514091, 3.799999999999999378, -0.2953545195982206217 ) ) ;
#3065 = CARTESIAN_POINT ( 'NONE',  ( 2.499564414040617244, 3.799999999999999822, -0.1665209052782624100 ) ) ;
#3066 = PLANE ( 'NONE',  #5260 ) ;
#3067 = CARTESIAN_POINT ( 'NONE',  ( 2.288918959322370217, 3.790000000000000480, -0.4949026679305904564 ) ) ;
#3068 = EDGE_CURVE ( 'NONE', #4239, #6533, #9092, .T. ) ;
#3069 = CARTESIAN_POINT ( 'NONE',  ( 2.090791732625012500, 3.790000000000000036, -0.4605388633064055326 ) ) ;
#3070 = CARTESIAN_POINT ( 'NONE',  ( -0.8758445906834821937, 3.799999999999999378, 0.2192223047627752941 ) ) ;
#3071 = CARTESIAN_POINT ( 'NONE',  ( 3.316036325425727682, 3.790000000000000036, 0.04822274499692388167 ) ) ;
#3072 = CARTESIAN_POINT ( 'NONE',  ( 1.515309209232216681, 3.800000000000000711, -0.3740378411686507421 ) ) ;
#3073 =( LENGTH_UNIT ( ) NAMED_UNIT ( * ) SI_UNIT ( .MILLI., .METRE. ) );
#3074 = CARTESIAN_POINT ( 'NONE',  ( 1.884179798656001603, 3.800000000000002043, -0.1665209052782623822 ) ) ;
#3075 = EDGE_CURVE ( 'NONE', #5082, #1204, #995, .T. ) ;
#3076 = VECTOR ( 'NONE', #6175, 1000.000000000000000 ) ;
#3077 = ORIENTED_EDGE ( 'NONE', *, *, #4608, .T. ) ;
#3078 = ADVANCED_FACE ( 'NONE', ( #4877 ), #6076, .F. ) ;
#3079 = CARTESIAN_POINT ( 'NONE',  ( 1.412585659978935704, 3.790000000000000036, -0.1694072073643111687 ) ) ;
#3080 = CARTESIAN_POINT ( 'NONE',  ( 1.500004807159944775, 3.800000000000000711, 0.1804486976128947817 ) ) ;
#3081 = STYLED_ITEM ( 'NONE', ( #1474 ), #3677 ) ;
#3082 = CARTESIAN_POINT ( 'NONE',  ( 1.682382479271881337, 3.800000000000000266, -0.4953669985928197961 ) ) ;
#3083 = CARTESIAN_POINT ( 'NONE',  ( 3.682776701402694641, 3.790000000000000480, -0.4774453781389554896 ) ) ;
#3084 = ORIENTED_EDGE ( 'NONE', *, *, #507, .T. ) ;
#3085 = PRESENTATION_STYLE_ASSIGNMENT (( #5995 ) ) ;
#3086 = CARTESIAN_POINT ( 'NONE',  ( 2.544427912229963340, 3.790000000000000480, 0.05984903665336747253 ) ) ;
#3087 = CARTESIAN_POINT ( 'NONE',  ( 3.498691490612237498, 3.800000000000000266, 0.1813607246131793138 ) ) ;
#3088 = DIRECTION ( 'NONE',  ( 0.0000000000000000000, 1.000000000000000000, 1.100712865467517079E-16 ) ) ;
#3089 = CARTESIAN_POINT ( 'NONE',  ( 3.352567499437803633, 3.800000000000000266, -0.2591738843964321304 ) ) ;
#3090 = PRESENTATION_LAYER_ASSIGNMENT (  '', '', ( #853 ) ) ;
#3091 = EDGE_LOOP ( 'NONE', ( #1716, #3188, #3445, #7861, #2311, #2466, #7946 ) ) ;
#3092 = VERTEX_POINT ( 'NONE', #9615 ) ;
#3093 = CARTESIAN_POINT ( 'NONE',  ( 1.673534343937753910, 3.790000000000000036, -0.4949026679305904564 ) ) ;
#3094 = AXIS2_PLACEMENT_3D ( 'NONE', #8442, #7719, #7031 ) ;
#3095 = CARTESIAN_POINT ( 'NONE',  ( 3.447770948294911708, 3.800000000000000711, -0.2718680685047344392 ) ) ;
#3096 = LINE ( 'NONE', #4063, #8245 ) ;
#3097 = CARTESIAN_POINT ( 'NONE',  ( -0.8807974777508961184, 3.790000000000000480, -0.5245322878522425958 ) ) ;
#3098 = CARTESIAN_POINT ( 'NONE',  ( 3.491677351066753143, 3.790000000000000036, 0.1815560783302572478 ) ) ;
#3099 = DIRECTION ( 'NONE',  ( -0.6040849710794060634, 0.0000000000000000000, -0.7969199129874928733 ) ) ;
#3100 = VECTOR ( 'NONE', #4903, 1000.000000000000000 ) ;
#3101 = DIRECTION ( 'NONE',  ( 1.000000000000000000, 0.0000000000000000000, 0.0000000000000000000 ) ) ;
#3102 = CARTESIAN_POINT ( 'NONE',  ( -0.9012231456508300598, 3.800000000000000266, 0.2265015311333027082 ) ) ;
#3103 = CARTESIAN_POINT ( 'NONE',  ( -3.569999999999999396, 1.899999999999999911, 1.250000000000000000 ) ) ;
#3104 = SURFACE_STYLE_FILL_AREA ( #5301 ) ;
#3105 = CARTESIAN_POINT ( 'NONE',  ( 1.569362738643898858, 3.799999999999999822, -0.4514595827786482829 ) ) ;
#3106 = ORIENTED_EDGE ( 'NONE', *, *, #8590, .T. ) ;
#3107 = CARTESIAN_POINT ( 'NONE',  ( 2.566637654286980208, 3.790000000000000036, -0.2609284761034967315 ) ) ;
#3108 = CARTESIAN_POINT ( 'NONE',  ( 1.857690888016053421, 3.800000000000002043, -0.3501078295086467729 ) ) ;
#3109 = EDGE_CURVE ( 'NONE', #3657, #5539, #1349, .T. ) ;
#3110 = CARTESIAN_POINT ( 'NONE',  ( 2.184795905200767940, 3.799999999999998490, 0.1372665214499442510 ) ) ;
#3111 = VECTOR ( 'NONE', #4455, 1000.000000000000000 ) ;
#3112 =( NAMED_UNIT ( * ) PLANE_ANGLE_UNIT ( ) SI_UNIT ( $, .RADIAN. ) );
#3113 = SURFACE_SIDE_STYLE ('',( #2599 ) ) ;
#3114 = MECHANICAL_DESIGN_GEOMETRIC_PRESENTATION_REPRESENTATION (  '', ( #551 ), #5281 ) ;
#3115 = LINE ( 'NONE', #693, #8483 ) ;
#3116 = CARTESIAN_POINT ( 'NONE',  ( 1.629662421576184350, 3.790000000000000924, -0.4874147027430334456 ) ) ;
#3117 = VERTEX_POINT ( 'NONE', #2379 ) ;
#3118 = EDGE_LOOP ( 'NONE', ( #8840, #5248, #2213, #3776 ) ) ;
#3119 = PLANE ( 'NONE',  #8558 ) ;
#3120 = B_SPLINE_CURVE_WITH_KNOTS ( 'NONE', 3,
 ( #8238, #6688, #8267, #9006, #8209, #5246, #6749, #4536, #21, #772, #6016, #8136, #4404, #9624, #1409, #6654, #2945, #6152, #5392, #7599, #866, #1623, #3107, #6842, #2420, #6057, #2455 ),
 .UNSPECIFIED., .F., .F.,
 ( 4, 1, 1, 1, 1, 1, 1, 1, 1, 1, 1, 1, 1, 1, 1, 1, 1, 1, 1, 1, 1, 1, 1, 1, 4 ),
 ( 0.0000000000000000000, 0.03378811616271069213, 0.06719393237387977225, 0.09986241085682558138, 0.1325666121262585317, 0.1651511732547866762, 0.1979131873557926358, 0.2313190035669617506, 0.2650832782673726018, 0.2992553087581144577, 0.3343985665049784561, 0.3699428235093081829, 0.4062835607000613303, 0.4440638196985082220, 0.4829977068727756007, 0.5233544466133047690, 0.5655365896041488760, 0.6096129240658193504, 0.6563908113764171937, 0.7058854949364572473, 0.7583245002617310382, 0.8138317829411501059, 0.8727945590393899611, 0.9347222295400742231, 1.000000000000000000 ),
 .UNSPECIFIED. ) ;
#3121 = CARTESIAN_POINT ( 'NONE',  ( 3.552557480221095965, 3.799999999999999822, -0.5708242042970157470 ) ) ;
#3122 = VECTOR ( 'NONE', #3562, 1000.000000000000000 ) ;
#3123 = PRESENTATION_LAYER_ASSIGNMENT (  '', '', ( #2616 ) ) ;
#3124 = EDGE_CURVE ( 'NONE', #8790, #6385, #1979, .T. ) ;
#3125 = CARTESIAN_POINT ( 'NONE',  ( 2.480150727105950637, 3.790000000000000036, 0.1781115233935070263 ) ) ;
#3126 = EDGE_LOOP ( 'NONE', ( #7654, #5458, #9449, #6585 ) ) ;
#3127 = CARTESIAN_POINT ( 'NONE',  ( 3.310808822647691496, 3.800000000000000711, -0.3273840573840389179 ) ) ;
#3128 = ORIENTED_EDGE ( 'NONE', *, *, #6797, .F. ) ;
#3129 = DIRECTION ( 'NONE',  ( -1.000000000000000000, 0.0000000000000000000, 0.0000000000000000000 ) ) ;
#3130 = SURFACE_STYLE_FILL_AREA ( #1898 ) ;
#3131 = CARTESIAN_POINT ( 'NONE',  ( 1.508661315248178481, 3.789999999999999591, -0.3574397987871505977 ) ) ;
#3132 = LINE ( 'NONE', #7068, #5442 ) ;
#3133 = EDGE_CURVE ( 'NONE', #2396, #4345, #3503, .T. ) ;
#3134 = CARTESIAN_POINT ( 'NONE',  ( 3.531741453630855787, 3.799999999999999822, -0.2110721267979479565 ) ) ;
#3135 = CARTESIAN_POINT ( 'NONE',  ( -0.6975539977243765399, 3.789999999999998703, -0.3610960422795534974 ) ) ;
#3136 = CARTESIAN_POINT ( 'NONE',  ( 2.504983220408684375, 3.799999999999999822, 0.1441964596211582073 ) ) ;
#3137 = ORIENTED_EDGE ( 'NONE', *, *, #5416, .F. ) ;
#3138 = SURFACE_SIDE_STYLE ('',( #3354 ) ) ;
#3139 = VERTEX_POINT ( 'NONE', #6773 ) ;
#3140 = CARTESIAN_POINT ( 'NONE',  ( -0.7283009371288510225, 3.799999999999998934, -0.2276139079440586688 ) ) ;
#3141 = COLOUR_RGB ( '',1.000000000000000000, 1.000000000000000000, 1.000000000000000000 ) ;
#3142 = CARTESIAN_POINT ( 'NONE',  ( 0.3458440177334194399, 3.790000000000000036, -0.5569054601312812824 ) ) ;
#3143 = SURFACE_STYLE_USAGE ( .BOTH. , #172 ) ;
#3144 = COLOUR_RGB ( '',1.000000000000000000, 1.000000000000000000, 1.000000000000000000 ) ;
#3145 = CARTESIAN_POINT ( 'NONE',  ( 1.850648511894583903, 3.800000000000002931, -0.3683479791088288269 ) ) ;
#3146 = ORIENTED_EDGE ( 'NONE', *, *, #673, .F. ) ;
#3147 = EDGE_LOOP ( 'NONE', ( #3821, #1812, #2956, #5610 ) ) ;
#3148 = EDGE_CURVE ( 'NONE', #5897, #1767, #5794, .T. ) ;
#3149 = FILL_AREA_STYLE ('',( #7601 ) ) ;
#3150 = CARTESIAN_POINT ( 'NONE',  ( 1.910930038683739562, 3.800000000000000266, 0.1049202445333099337 ) ) ;
#3151 = DIRECTION ( 'NONE',  ( 0.0000000000000000000, 0.0000000000000000000, 1.000000000000000000 ) ) ;
#3152 = LINE ( 'NONE', #588, #1111 ) ;
#3153 = CARTESIAN_POINT ( 'NONE',  ( 1.485782646221747605, 3.789999999999999147, -0.2186761852187053268 ) ) ;
#3154 = FACE_OUTER_BOUND ( 'NONE', #2510, .T. ) ;
#3155 = CARTESIAN_POINT ( 'NONE',  ( 1.840795021125879671, 3.789999999999999591, 0.07635858660544002363 ) ) ;
#3156 = ORIENTED_EDGE ( 'NONE', *, *, #5943, .F. ) ;
#3157 = VECTOR ( 'NONE', #2591, 1000.000000000000000 ) ;
#3158 = MECHANICAL_DESIGN_GEOMETRIC_PRESENTATION_REPRESENTATION (  '', ( #2277 ), #6957 ) ;
#3159 = VERTEX_POINT ( 'NONE', #2316 ) ;
#3160 = CARTESIAN_POINT ( 'NONE',  ( 1.947288491257654242, 3.790000000000001368, -0.2921073294155335232 ) ) ;
#3161 = CARTESIAN_POINT ( 'NONE',  ( -1.057521366881964964, 3.799999999999999822, 0.2430945398687187897 ) ) ;
#3162 = CARTESIAN_POINT ( 'NONE',  ( -1.137054183362238291, 3.799999999999999378, -0.4747331057305892443 ) ) ;
#3163 = CARTESIAN_POINT ( 'NONE',  ( -1.469540597651195935, 3.790000000000000036, 0.2430945398687187897 ) ) ;
#3164 = VECTOR ( 'NONE', #8114, 1000.000000000000227 ) ;
#3165 = CARTESIAN_POINT ( 'NONE',  ( 1.484305556194958076, 3.790000000000000036, -0.1569054601312812325 ) ) ;
#3166 = FILL_AREA_STYLE_COLOUR ( '', #4408 ) ;
#3167 = STYLED_ITEM ( 'NONE', ( #1945 ), #1350 ) ;
#3168 = CARTESIAN_POINT ( 'NONE',  ( 2.562875101269155742, 3.799999999999998934, -0.02169293796749992634 ) ) ;
#3169 = CARTESIAN_POINT ( 'NONE',  ( -5.569999999999999396, 1.399999999999999911, 0.3499999999999996447 ) ) ;
#3170 = CARTESIAN_POINT ( 'NONE',  ( -0.8428905424844457261, 3.799999999999999378, -0.4101617776637027646 ) ) ;
#3171 = CARTESIAN_POINT ( 'NONE',  ( 3.720202992092394023, 3.799999999999999822, 0.04710095012512902773 ) ) ;
#3172 = CARTESIAN_POINT ( 'NONE',  ( 2.484988871918202502, 3.789999999999999147, -0.3096958051587143101 ) ) ;
#3173 = CARTESIAN_POINT ( 'NONE',  ( 3.355187167036842055, 3.800000000000001155, -0.5243023941363791351 ) ) ;
#3174 = VECTOR ( 'NONE', #8015, 1000.000000000000000 ) ;
#3175 = CARTESIAN_POINT ( 'NONE',  ( -1.305438033548631749, 3.790000000000000036, 0.2430945398687187897 ) ) ;
#3176 = CARTESIAN_POINT ( 'NONE',  ( 2.199996760639216564, 3.800000000000000266, 0.1495469454566811518 ) ) ;
#3177 = CARTESIAN_POINT ( 'NONE',  ( 1.850887759997223769, 3.800000000000000266, 0.1928538371424286524 ) ) ;
#3178 = CARTESIAN_POINT ( 'NONE',  ( 1.824447086641288296, 3.800000000000001155, 0.1043437430488225043 ) ) ;
#3179 = VERTEX_POINT ( 'NONE', #103 ) ;
#3180 = AXIS2_PLACEMENT_3D ( 'NONE', #8885, #667, #7404 ) ;
#3181 =( LENGTH_UNIT ( ) NAMED_UNIT ( * ) SI_UNIT ( .MILLI., .METRE. ) );
#3182 = EDGE_CURVE ( 'NONE', #2239, #3010, #4753, .T. ) ;
#3183 = CARTESIAN_POINT ( 'NONE',  ( 1.779577679350952124, 3.789999999999998703, 0.1502404609883683517 ) ) ;
#3184 = B_SPLINE_CURVE_WITH_KNOTS ( 'NONE', 3,
 ( #4179, #7835, #9446, #4890, #1205, #7215, #5566 ),
 .UNSPECIFIED., .F., .F.,
 ( 4, 1, 1, 1, 4 ),
 ( 0.0000000000000000000, 0.2347233736739014753, 0.4771583189289861915, 0.7285562842030526287, 1.000000000000000000 ),
 .UNSPECIFIED. ) ;
#3185 = CARTESIAN_POINT ( 'NONE',  ( 1.527370207025271931, 3.790000000000001368, 0.2079658861806452375 ) ) ;
#3186 = LINE ( 'NONE', #8686, #1039 ) ;
#3187 = CARTESIAN_POINT ( 'NONE',  ( 1.942358837204898991, 3.789999999999998703, 0.007348803480033286664 ) ) ;
#3188 = ORIENTED_EDGE ( 'NONE', *, *, #9734, .T. ) ;
#3189 = CARTESIAN_POINT ( 'NONE',  ( 3.600678501599979597, 3.790000000000001812, -0.4444324427293025459 ) ) ;
#3190 = CARTESIAN_POINT ( 'NONE',  ( 1.956100427989829971, 3.799999999999999822, -0.1565849473107684686 ) ) ;
#3191 = UNCERTAINTY_MEASURE_WITH_UNIT (LENGTH_MEASURE( 1.000000000000000082E-05 ), #23, 'distance_accuracy_value', 'NONE');
#3192 = CARTESIAN_POINT ( 'NONE',  ( 5.500000000000000000, 3.799999999999999822, 4.499999999999999112 ) ) ;
#3193 = DIRECTION ( 'NONE',  ( 0.4190581774617469502, 0.0000000000000000000, 0.9079593845004517716 ) ) ;
#3194 = DIRECTION ( 'NONE',  ( 1.000000000000000000, 0.0000000000000000000, 0.0000000000000000000 ) ) ;
#3195 = AXIS2_PLACEMENT_3D ( 'NONE', #9123, #6962, #2442 ) ;
#3196 = CARTESIAN_POINT ( 'NONE',  ( 2.029736127007227164, 3.789999999999998259, -0.2306082648075719055 ) ) ;
#3197 = CARTESIAN_POINT ( 'NONE',  ( -1.541655982266580738, 3.790000000000000036, 0.2430945398687187897 ) ) ;
#3198 = ORIENTED_EDGE ( 'NONE', *, *, #673, .T. ) ;
#3199 = EDGE_CURVE ( 'NONE', #9736, #6723, #251, .T. ) ;
#3200 = CARTESIAN_POINT ( 'NONE',  ( 2.127748938344365737, 3.790000000000000480, -0.5080095256448758922 ) ) ;
#3201 = CARTESIAN_POINT ( 'NONE',  ( -2.698547007907606154, 3.799999999999999822, -0.09536699859281973224 ) ) ;
#3202 = FILL_AREA_STYLE_COLOUR ( '', #8978 ) ;
#3203 = CARTESIAN_POINT ( 'NONE',  ( 3.648071134994826714, 3.800000000000001155, 0.03931838960591380050 ) ) ;
#3204 = CARTESIAN_POINT ( 'NONE',  ( -3.569999999999999396, 1.899999999999999911, 1.250000000000000000 ) ) ;
#3205 = EDGE_LOOP ( 'NONE', ( #4276, #6464, #7579, #5994 ) ) ;
#3206 = FACE_OUTER_BOUND ( 'NONE', #8331, .T. ) ;
#3207 =( LENGTH_UNIT ( ) NAMED_UNIT ( * ) SI_UNIT ( .MILLI., .METRE. ) );
#3208 = ORIENTED_EDGE ( 'NONE', *, *, #376, .F. ) ;
#3209 = EDGE_LOOP ( 'NONE', ( #5805, #3285, #4564, #6036, #5217 ) ) ;
#3210 = CARTESIAN_POINT ( 'NONE',  ( 1.954157598910256199, 3.799999999999999378, -0.08564916785487805551 ) ) ;
#3211 = CARTESIAN_POINT ( 'NONE',  ( 3.022767094656496845, 3.790000000000000036, -0.3710080242338454348 ) ) ;
#3212 =( GEOMETRIC_REPRESENTATION_CONTEXT ( 3 ) GLOBAL_UNCERTAINTY_ASSIGNED_CONTEXT ( ( #9215 ) ) GLOBAL_UNIT_ASSIGNED_CONTEXT ( ( #7852, #4131, #3334 ) ) REPRESENTATION_CONTEXT ( 'NONE', 'WORKASPACE' ) );
#3213 = B_SPLINE_CURVE_WITH_KNOTS ( 'NONE', 3,
 ( #1926, #5875, #7379, #8051, #7290, #3586, #3650, #3621, #8789, #582, #1323, #2115, #2796, #614, #5055, #9583, #554, #1390, #6572, #1262, #6636, #4350, #1363, #3553, #4286, #2928, #8155 ),
 .UNSPECIFIED., .F., .F.,
 ( 4, 1, 1, 1, 1, 1, 1, 1, 1, 1, 1, 1, 1, 1, 1, 1, 1, 1, 1, 1, 1, 1, 1, 1, 4 ),
 ( 0.0000000000000000000, 0.06859462225874241037, 0.1332460424433008772, 0.1943125864682562765, 0.2512792231169662105, 0.3045134392563467740, 0.3542349066533250768, 0.4004805887739887882, 0.4434107549384918023, 0.4840148686163448510, 0.5232523007732031717, 0.5610423727283605499, 0.5979002393643999547, 0.6335184888561958827, 0.6683143511696512107, 0.7024956712863819064, 0.7366853535134585407, 0.7702931693607892871, 0.8034372550192495632, 0.8359129516660287473, 0.8684602457892904859, 0.9008465382431826152, 0.9334665246307080055, 0.9662575752981230615, 0.9999999999999998890 ),
 .UNSPECIFIED. ) ;
#3214 = CARTESIAN_POINT ( 'NONE',  ( 1.502816106556470244, 3.800000000000000711, -0.3392498686304550315 ) ) ;
#3215 = FACE_OUTER_BOUND ( 'NONE', #3205, .T. ) ;
#3216 = DIRECTION ( 'NONE',  ( 0.9913987771987146091, 0.0000000000000000000, 0.1308757600508718144 ) ) ;
#3217 = CARTESIAN_POINT ( 'NONE',  ( 1.438368106500786725, 3.789999999999998703, 0.06469670046766413940 ) ) ;
#3218 = CARTESIAN_POINT ( 'NONE',  ( 1.877578320451948501, 3.789999999999999591, 0.1617964017768511453 ) ) ;
#3219 = VECTOR ( 'NONE', #8504, 1000.000000000000000 ) ;
#3220 = CARTESIAN_POINT ( 'NONE',  ( 1.835753047213001476, 3.800000000000000711, -0.5207915878645380525 ) ) ;
#3221 = CARTESIAN_POINT ( 'NONE',  ( 1.642793155588842646, 3.790000000000000036, 0.2611160120651015992 ) ) ;
#3222 = PLANE ( 'NONE',  #7259 ) ;
#3223 = SURFACE_SIDE_STYLE ('',( #2902 ) ) ;
#3224 = VECTOR ( 'NONE', #2775, 1000.000000000000000 ) ;
#3225 = LINE ( 'NONE', #1090, #22 ) ;
#3226 =( GEOMETRIC_REPRESENTATION_CONTEXT ( 3 ) GLOBAL_UNCERTAINTY_ASSIGNED_CONTEXT ( ( #8628 ) ) GLOBAL_UNIT_ASSIGNED_CONTEXT ( ( #6546, #2087, #8795 ) ) REPRESENTATION_CONTEXT ( 'NONE', 'WORKASPACE' ) );
#3227 = CARTESIAN_POINT ( 'NONE',  ( -0.6844936187850543252, 3.790000000000000036, -0.3340480174352129517 ) ) ;
#3228 = CARTESIAN_POINT ( 'NONE',  ( 2.333123867502030713, 3.799999999999999822, 0.2609139509444463045 ) ) ;
#3229 = CARTESIAN_POINT ( 'NONE',  ( 2.105771856740985104, 3.789999999999999591, -0.2729754930126632728 ) ) ;
#3230 =( NAMED_UNIT ( * ) PLANE_ANGLE_UNIT ( ) SI_UNIT ( $, .RADIAN. ) );
#3231 = CARTESIAN_POINT ( 'NONE',  ( 3.355187167036842055, 3.790000000000001368, -0.5243023941363791351 ) ) ;
#3232 = LINE ( 'NONE', #1512, #32 ) ;
#3233 = CARTESIAN_POINT ( 'NONE',  ( 3.273850718558197315, 3.800000000000001599, 0.1322858352836445983 ) ) ;
#3234 =( NAMED_UNIT ( * ) PLANE_ANGLE_UNIT ( ) SI_UNIT ( $, .RADIAN. ) );
#3235 = EDGE_LOOP ( 'NONE', ( #71, #4736, #3009, #4059 ) ) ;
#3236 = LINE ( 'NONE', #8169, #480 ) ;
#3237 = ORIENTED_EDGE ( 'NONE', *, *, #9139, .F. ) ;
#3238 = EDGE_CURVE ( 'NONE', #6398, #348, #1484, .T. ) ;
#3239 = VECTOR ( 'NONE', #3659, 1000.000000000000000 ) ;
#3240 = LINE ( 'NONE', #270, #9316 ) ;
#3241 = FILL_AREA_STYLE ('',( #1000 ) ) ;
#3242 = CARTESIAN_POINT ( 'NONE',  ( 1.824447086641288296, 3.790000000000001368, 0.1043437430488225043 ) ) ;
#3243 = ORIENTED_EDGE ( 'NONE', *, *, #4429, .T. ) ;
#3244 = CARTESIAN_POINT ( 'NONE',  ( 1.446402086732767600, 3.790000000000000924, 0.08781782683561602243 ) ) ;
#3245 = B_SPLINE_CURVE_WITH_KNOTS ( 'NONE', 3,
 ( #716, #7455, #1508, #6733, #7487, #6704, #4143, #7805, #1003, #1037, #1773, #6229, #4025, #1805, #7018 ),
 .UNSPECIFIED., .F., .F.,
 ( 4, 1, 1, 1, 1, 1, 1, 1, 1, 1, 1, 1, 4 ),
 ( 0.0000000000000000000, 0.1128134007444598491, 0.2253938839207307587, 0.3395948145626998538, 0.4596754102248622464, 0.5217351900879325655, 0.5839258387389157923, 0.6481741447653687205, 0.7138810381130672456, 0.7810044549073886788, 0.8514509275565547153, 0.9240506926641784968, 1.000000000000000000 ),
 .UNSPECIFIED. ) ;
#3246 = EDGE_LOOP ( 'NONE', ( #1423, #1708, #5448, #7628 ) ) ;
#3247 = CARTESIAN_POINT ( 'NONE',  ( 1.624900025659711700, 3.799999999999999378, 0.2576198970451349934 ) ) ;
#3248 = ORIENTED_EDGE ( 'NONE', *, *, #927, .T. ) ;
#3249 = MECHANICAL_DESIGN_GEOMETRIC_PRESENTATION_REPRESENTATION (  '', ( #7414 ), #4233 ) ;
#3250 = VECTOR ( 'NONE', #4395, 1000.000000000000000 ) ;
#3251 = ORIENTED_EDGE ( 'NONE', *, *, #1664, .F. ) ;
#3252 = ORIENTED_EDGE ( 'NONE', *, *, #2071, .F. ) ;
#3253 = EDGE_CURVE ( 'NONE', #8665, #7979, #9451, .T. ) ;
#3254 = CARTESIAN_POINT ( 'NONE',  ( 1.771290728582306961, 3.789999999999998703, 0.2459632427422755729 ) ) ;
#3255 = CARTESIAN_POINT ( 'NONE',  ( 3.611318592979229081, 3.790000000000000036, -0.4336289848938640334 ) ) ;
#3256 = VECTOR ( 'NONE', #6154, 1000.000000000000000 ) ;
#3257 = CARTESIAN_POINT ( 'NONE',  ( 2.394774950277323899, 3.799999999999998490, -0.4634638939416588221 ) ) ;
#3258 = EDGE_LOOP ( 'NONE', ( #7479, #6289, #5862, #3647 ) ) ;
#3259 = CARTESIAN_POINT ( 'NONE',  ( 1.624900025659711700, 3.789999999999999591, 0.2576198970451349934 ) ) ;
#3260 = EDGE_CURVE ( 'NONE', #7610, #1913, #9675, .T. ) ;
#3261 = CARTESIAN_POINT ( 'NONE',  ( 3.475491453630855876, 3.799999999999999822, -0.1601105883364094817 ) ) ;
#3262 = CARTESIAN_POINT ( 'NONE',  ( 1.115074786964188824, 3.790000000000000036, 0.2430945398687187897 ) ) ;
#3263 = LINE ( 'NONE', #2445, #1233 ) ;
#3264 =( NAMED_UNIT ( * ) SI_UNIT ( $, .STERADIAN. ) SOLID_ANGLE_UNIT ( ) );
#3265 = VERTEX_POINT ( 'NONE', #8966 ) ;
#3266 = DIRECTION ( 'NONE',  ( 1.000000000000000000, 0.0000000000000000000, 0.0000000000000000000 ) ) ;
#3267 = ADVANCED_FACE ( 'NONE', ( #2558 ), #3222, .T. ) ;
#3268 =( LENGTH_UNIT ( ) NAMED_UNIT ( * ) SI_UNIT ( .MILLI., .METRE. ) );
#3269 = CARTESIAN_POINT ( 'NONE',  ( 3.629193660582460623, 3.799999999999999378, 0.1131363185966454965 ) ) ;
#3270 = FACE_OUTER_BOUND ( 'NONE', #4967, .T. ) ;
#3271 = AXIS2_PLACEMENT_3D ( 'NONE', #8198, #5129, #2122 ) ;
#3272 = ORIENTED_EDGE ( 'NONE', *, *, #3124, .F. ) ;
#3273 = VECTOR ( 'NONE', #5671, 1000.000000000000000 ) ;
#3274 = VERTEX_POINT ( 'NONE', #136 ) ;
#3275 = CARTESIAN_POINT ( 'NONE',  ( 2.276612611073904446, 3.799999999999999822, 0.2632905792624019581 ) ) ;
#3276 = CARTESIAN_POINT ( 'NONE',  ( 1.522384825800950692, 3.799999999999999378, 0.07536445915493754366 ) ) ;
#3277 = B_SPLINE_CURVE_WITH_KNOTS ( 'NONE', 3,
 ( #6871, #7618, #7526, #3851, #4588, #3168, #3823, #895, #9027, #6146, #5299, #81, #3136, #8350, #8377, #3877, #4618, #3909, #1683, #2286, #7497, #1023, #6183, #3228, #5485, #5516, #4041 ),
 .UNSPECIFIED., .F., .F.,
 ( 4, 1, 1, 1, 1, 1, 1, 1, 1, 1, 1, 1, 1, 1, 1, 1, 1, 1, 1, 1, 1, 1, 1, 1, 4 ),
 ( 0.0000000000000000000, 0.06506328961727922411, 0.1267731664665229518, 0.1855157632260792111, 0.2407646791677151010, 0.2929797960235981935, 0.3422503727797676087, 0.3889192861856605732, 0.4327756640583106940, 0.4746284326311180357, 0.5147746906379533360, 0.5536058934984422475, 0.5914264064311732794, 0.6280281199460675534, 0.6638036341103205062, 0.6989843361316639969, 0.7335914893067050357, 0.7676284691511404690, 0.8012083477865922232, 0.8342638397266239902, 0.8669806947287772569, 0.8997197415181612534, 0.9327019124985386211, 0.9661758834327492940, 1.000000000000000000 ),
 .UNSPECIFIED. ) ;
#3278 = FACE_OUTER_BOUND ( 'NONE', #4507, .T. ) ;
#3279 = VERTEX_POINT ( 'NONE', #8508 ) ;
#3280 = CARTESIAN_POINT ( 'NONE',  ( 3.669285626604028572, 3.799999999999998934, -0.4930821070324917232 ) ) ;
#3281 = CARTESIAN_POINT ( 'NONE',  ( 3.711325453318744305, 3.790000000000000480, 0.1095950518862168488 ) ) ;
#3282 = DIRECTION ( 'NONE',  ( 0.0000000000000000000, 0.0000000000000000000, -1.000000000000000000 ) ) ;
#3283 = EDGE_LOOP ( 'NONE', ( #119, #4799, #9618, #7196 ) ) ;
#3284 =( NAMED_UNIT ( * ) PLANE_ANGLE_UNIT ( ) SI_UNIT ( $, .RADIAN. ) );
#3285 = ORIENTED_EDGE ( 'NONE', *, *, #6103, .T. ) ;
#3286 = CARTESIAN_POINT ( 'NONE',  ( 1.673669121349976807, 3.799999999999999822, 0.2635007648480972575 ) ) ;
#3287 = PRESENTATION_LAYER_ASSIGNMENT (  '', '', ( #2277 ) ) ;
#3288 = CARTESIAN_POINT ( 'NONE',  ( 2.369323811914463729, 3.789999999999999147, 0.2524855378229049485 ) ) ;
#3289 = CARTESIAN_POINT ( 'NONE',  ( 3.186869658759061252, 3.790000000000000036, 0.05847915525333415021 ) ) ;
#3290 = STYLED_ITEM ( 'NONE', ( #610 ), #7968 ) ;
#3291 =( LENGTH_UNIT ( ) NAMED_UNIT ( * ) SI_UNIT ( .MILLI., .METRE. ) );
#3292 = FILL_AREA_STYLE ('',( #8573 ) ) ;
#3293 = ORIENTED_EDGE ( 'NONE', *, *, #1701, .F. ) ;
#3294 = DIRECTION ( 'NONE',  ( 0.0000000000000000000, -1.000000000000000000, 0.0000000000000000000 ) ) ;
#3295 = CARTESIAN_POINT ( 'NONE',  ( 3.346931938144426244, 3.799999999999998934, -0.2659033339381827177 ) ) ;
#3296 = CARTESIAN_POINT ( 'NONE',  ( 2.102215027008351722, 3.789999999999999591, -0.4777132154023924770 ) ) ;
#3297 = CARTESIAN_POINT ( 'NONE',  ( 2.306625991034953582, 3.789999999999999591, 0.1811908712876173222 ) ) ;
#3298 = DIRECTION ( 'NONE',  ( -1.000000000000000000, -0.0000000000000000000, -8.673617379884036705E-17 ) ) ;
#3299 = EDGE_CURVE ( 'NONE', #7101, #5082, #3263, .T. ) ;
#3300 = CARTESIAN_POINT ( 'NONE',  ( 2.571485043374445834, 3.790000000000000036, -0.1565849473107684686 ) ) ;
#3301 = UNCERTAINTY_MEASURE_WITH_UNIT (LENGTH_MEASURE( 1.000000000000000082E-05 ), #2411, 'distance_accuracy_value', 'NONE');
#3302 = CARTESIAN_POINT ( 'NONE',  ( 3.563631642226060769, 3.789999999999999591, -0.09162199058337816560 ) ) ;
#3303 =( LENGTH_UNIT ( ) NAMED_UNIT ( * ) SI_UNIT ( .MILLI., .METRE. ) );
#3304 = AXIS2_PLACEMENT_3D ( 'NONE', #7983, #4872, #1124 ) ;
#3305 = FACE_BOUND ( 'NONE', #6569, .T. ) ;
#3306 = EDGE_LOOP ( 'NONE', ( #821, #7228, #7910, #9151 ) ) ;
#3307 = ORIENTED_EDGE ( 'NONE', *, *, #5863, .F. ) ;
#3308 = CARTESIAN_POINT ( 'NONE',  ( 1.673668946307135474, 3.790000000000000036, -0.5773123683654480809 ) ) ;
#3309 = CARTESIAN_POINT ( 'NONE',  ( 2.258177770973458287, 3.799999999999998934, 0.2611160120651015992 ) ) ;
#3310 = COLOUR_RGB ( '',1.000000000000000000, 1.000000000000000000, 1.000000000000000000 ) ;
#3311 = STYLED_ITEM ( 'NONE', ( #3668 ), #8961 ) ;
#3312 = CARTESIAN_POINT ( 'NONE',  ( 1.854017094656496445, 3.799999999999999822, 0.04421633474051362561 ) ) ;
#3313 =( LENGTH_UNIT ( ) NAMED_UNIT ( * ) SI_UNIT ( .MILLI., .METRE. ) );
#3314 = COLOUR_RGB ( '',1.000000000000000000, 1.000000000000000000, 1.000000000000000000 ) ;
#3315 = EDGE_CURVE ( 'NONE', #8853, #6303, #5335, .T. ) ;
#3316 = CARTESIAN_POINT ( 'NONE',  ( 2.157614744933277429, 3.790000000000000036, 0.2196965566099916556 ) ) ;
#3317 = FACE_OUTER_BOUND ( 'NONE', #1746, .T. ) ;
#3318 = CARTESIAN_POINT ( 'NONE',  ( 1.573905384339234548, 3.799999999999998934, 0.2389261544143911620 ) ) ;
#3319 = ORIENTED_EDGE ( 'NONE', *, *, #778, .F. ) ;
#3320 = PRESENTATION_STYLE_ASSIGNMENT (( #7962 ) ) ;
#3321 = UNCERTAINTY_MEASURE_WITH_UNIT (LENGTH_MEASURE( 1.000000000000000082E-05 ), #2011, 'distance_accuracy_value', 'NONE');
#3322 = VECTOR ( 'NONE', #5603, 1000.000000000000000 ) ;
#3323 = CARTESIAN_POINT ( 'NONE',  ( -2.213130341240939991, 3.790000000000000036, -0.3338285370543582209 ) ) ;
#3325 = PRESENTATION_LAYER_ASSIGNMENT (  '', '', ( #4986 ) ) ;
#3324 = CARTESIAN_POINT ( 'NONE',  ( 5.500000000000000000, 4.592425496802573972E-16, -1.250000000000000444 ) ) ;
#3326 = FILL_AREA_STYLE ('',( #2116 ) ) ;
#3327 = DIRECTION ( 'NONE',  ( -0.1313519925438847435, 0.0000000000000000000, 0.9913357927840349415 ) ) ;
#3328 = ORIENTED_EDGE ( 'NONE', *, *, #5487, .T. ) ;
#3329 = CARTESIAN_POINT ( 'NONE',  ( 3.718642519593255535, 3.800000000000001155, 0.01640470566474432762 ) ) ;
#3330 = EDGE_LOOP ( 'NONE', ( #6849, #5670, #8243, #7225, #8204, #9224, #495, #8574 ) ) ;
#3331 =( LENGTH_UNIT ( ) NAMED_UNIT ( * ) SI_UNIT ( .MILLI., .METRE. ) );
#3332 = EDGE_CURVE ( 'NONE', #8156, #6657, #7566, .T. ) ;
#3333 = CARTESIAN_POINT ( 'NONE',  ( 2.480150727105950637, 3.800000000000001599, 0.1781115233935070263 ) ) ;
#3334 =( NAMED_UNIT ( * ) SI_UNIT ( $, .STERADIAN. ) SOLID_ANGLE_UNIT ( ) );
#3335 = ORIENTED_EDGE ( 'NONE', *, *, #2293, .T. ) ;
#3336 = CARTESIAN_POINT ( 'NONE',  ( 3.608620712354077664, 3.789999999999999147, -0.04674822798295977244 ) ) ;
#3337 = ORIENTED_EDGE ( 'NONE', *, *, #5241, .F. ) ;
#3338 = CARTESIAN_POINT ( 'NONE',  ( 3.405169038430731820, 3.799999999999999378, 0.2480950088343179261 ) ) ;
#3339 = CARTESIAN_POINT ( 'NONE',  ( 3.498691490612237498, 3.790000000000000480, 0.1813607246131793138 ) ) ;
#3340 = CARTESIAN_POINT ( 'NONE',  ( 1.464535164229295194, 3.790000000000000036, -0.4422207073430278190 ) ) ;
#3341 = PRESENTATION_STYLE_ASSIGNMENT (( #1882 ) ) ;
#3342 = CARTESIAN_POINT ( 'NONE',  ( 2.295363248502650499, 3.799999999999999822, 0.2636073603815393129 ) ) ;
#3343 = CARTESIAN_POINT ( 'NONE',  ( 3.419483564252930208, 3.799999999999998046, 0.1632096387869315934 ) ) ;
#3344 = VECTOR ( 'NONE', #9592, 1000.000000000000227 ) ;
#3345 = AXIS2_PLACEMENT_3D ( 'NONE', #8581, #7752, #3560 ) ;
#3346 = DIRECTION ( 'NONE',  ( 0.4966865118376859733, 0.0000000000000000000, -0.8679300138597075831 ) ) ;
#3347 = B_SPLINE_CURVE_WITH_KNOTS ( 'NONE', 3,
 ( #6132, #4094, #2713, #8697, #4119, #8601, #9354, #9415, #1179, #4825, #4184 ),
 .UNSPECIFIED., .F., .F.,
 ( 4, 1, 1, 1, 1, 1, 1, 1, 4 ),
 ( 0.0000000000000000000, 0.1430730837303647585, 0.2759029640930108496, 0.4023708562739964356, 0.5284136450935934537, 0.6503563791869526600, 0.7658950861246939246, 0.8807741308440212302, 0.9999999999999998890 ),
 .UNSPECIFIED. ) ;
#3348 = ORIENTED_EDGE ( 'NONE', *, *, #1062, .F. ) ;
#3349 = CARTESIAN_POINT ( 'NONE',  ( -2.698547007907606154, 3.790000000000000036, -0.09536699859281973224 ) ) ;
#3350 = CARTESIAN_POINT ( 'NONE',  ( 1.455463456028430969, 3.789999999999999591, 0.1091476349899237475 ) ) ;
#3351 = FILL_AREA_STYLE ('',( #2402 ) ) ;
#3352 = STYLED_ITEM ( 'NONE', ( #7315 ), #7471 ) ;
#3353 = FILL_AREA_STYLE_COLOUR ( '', #1694 ) ;
#3354 = SURFACE_STYLE_FILL_AREA ( #861 ) ;
#3355 = CARTESIAN_POINT ( 'NONE',  ( 1.484305556194958076, 3.790000000000000036, -0.1569054601312812325 ) ) ;
#3356 = CARTESIAN_POINT ( 'NONE',  ( -0.9131303412409393916, 3.790000000000000036, 0.1406906937148726111 ) ) ;
#3357 = SURFACE_SIDE_STYLE ('',( #1248 ) ) ;
#3358 = ORIENTED_EDGE ( 'NONE', *, *, #9450, .T. ) ;
#3359 = CARTESIAN_POINT ( 'NONE',  ( 2.420951306536639258, 3.790000000000000036, -0.4405382854319108143 ) ) ;
#3360 = CARTESIAN_POINT ( 'NONE',  ( 3.622382587633699025, 3.789999999999999591, -0.1387050234835562612 ) ) ;
#3361 = AXIS2_PLACEMENT_3D ( 'NONE', #3142, #5989, #5205 ) ;
#3362 = STYLED_ITEM ( 'NONE', ( #8478 ), #5853 ) ;
#3363 = VERTEX_POINT ( 'NONE', #6141 ) ;
#3364 = CARTESIAN_POINT ( 'NONE',  ( 2.222680436362505230, 3.789999999999999591, -0.5663705693600158408 ) ) ;
#3365 = LINE ( 'NONE', #9501, #9541 ) ;
#3366 = EDGE_LOOP ( 'NONE', ( #8556, #4270, #502, #3947 ) ) ;
#3367 =( LENGTH_UNIT ( ) NAMED_UNIT ( * ) SI_UNIT ( .MILLI., .METRE. ) );
#3368 = EDGE_LOOP ( 'NONE', ( #8444, #117, #7084, #2001 ) ) ;
#3369 = FILL_AREA_STYLE ('',( #6290 ) ) ;
#3370 = ORIENTED_EDGE ( 'NONE', *, *, #2367, .F. ) ;
#3371 = DIRECTION ( 'NONE',  ( 1.000000000000000000, -0.0000000000000000000, -8.673617379884036705E-17 ) ) ;
#3372 = CARTESIAN_POINT ( 'NONE',  ( -1.233643161753760209, 3.790000000000000036, -0.4748541780799992451 ) ) ;
#3373 = VECTOR ( 'NONE', #4045, 1000.000000000000000 ) ;
#3374 = CARTESIAN_POINT ( 'NONE',  ( -0.4131303412409393916, 3.790000000000000036, -0.5569054601312812824 ) ) ;
#3375 =( NAMED_UNIT ( * ) SI_UNIT ( $, .STERADIAN. ) SOLID_ANGLE_UNIT ( ) );
#3376 = EDGE_CURVE ( 'NONE', #7101, #6657, #4068, .T. ) ;
#3377 = LINE ( 'NONE', #8054, #392 ) ;
#3378 = STYLED_ITEM ( 'NONE', ( #4309 ), #2013 ) ;
#3379 = ORIENTED_EDGE ( 'NONE', *, *, #2401, .F. ) ;
#3380 = CARTESIAN_POINT ( 'NONE',  ( 2.142754822409887350, 3.799999999999999822, 0.2079658861806445158 ) ) ;
#3381 = CARTESIAN_POINT ( 'NONE',  ( 1.673580517992105943, 3.799999999999999378, 0.1811152736735189284 ) ) ;
#3382 = SURFACE_STYLE_USAGE ( .BOTH. , #1876 ) ;
#3383 = LINE ( 'NONE', #3372, #621 ) ;
#3384 = FILL_AREA_STYLE_COLOUR ( '', #7885 ) ;
#3385 = CARTESIAN_POINT ( 'NONE',  ( 1.884305556194958431, 3.799999999999999822, -0.1569054601312812325 ) ) ;
#3386 = DIRECTION ( 'NONE',  ( 0.0000000000000000000, 1.000000000000000000, 0.0000000000000000000 ) ) ;
#3387 = CARTESIAN_POINT ( 'NONE',  ( 3.683223622587274093, 3.789999999999999147, -0.06950515566475941320 ) ) ;
#3388 = AXIS2_PLACEMENT_3D ( 'NONE', #6086, #733, #699 ) ;
#3389 = ORIENTED_EDGE ( 'NONE', *, *, #6668, .T. ) ;
#3390 =( LENGTH_UNIT ( ) NAMED_UNIT ( * ) SI_UNIT ( .MILLI., .METRE. ) );
#3391 = LINE ( 'NONE', #8239, #759 ) ;
#3392 = FACE_OUTER_BOUND ( 'NONE', #7453, .T. ) ;
#3393 = PRESENTATION_LAYER_ASSIGNMENT (  '', '', ( #6180 ) ) ;
#3394 = DIRECTION ( 'NONE',  ( -0.0000000000000000000, 1.000000000000000000, -0.0000000000000000000 ) ) ;
#3395 = DIRECTION ( 'NONE',  ( -0.0000000000000000000, 1.000000000000000000, -0.0000000000000000000 ) ) ;
#3396 = SURFACE_SIDE_STYLE ('',( #7230 ) ) ;
#3397 = CARTESIAN_POINT ( 'NONE',  ( 2.479228594823294607, 3.789999999999999147, -0.3304827822602797727 ) ) ;
#3398 = ORIENTED_EDGE ( 'NONE', *, *, #8557, .F. ) ;
#3399 = EDGE_CURVE ( 'NONE', #3482, #8053, #8509, .T. ) ;
#3400 = SURFACE_SIDE_STYLE ('',( #7095 ) ) ;
#3401 = UNCERTAINTY_MEASURE_WITH_UNIT (LENGTH_MEASURE( 1.000000000000000082E-05 ), #6720, 'distance_accuracy_value', 'NONE');
#3402 = VECTOR ( 'NONE', #7071, 1000.000000000000227 ) ;
#3403 = EDGE_LOOP ( 'NONE', ( #907, #1505, #1171, #786 ) ) ;
#3404 = SURFACE_STYLE_USAGE ( .BOTH. , #7846 ) ;
#3405 = COLOUR_RGB ( '',1.000000000000000000, 1.000000000000000000, 1.000000000000000000 ) ;
#3406 = CARTESIAN_POINT ( 'NONE',  ( 3.404102976585719809, 3.790000000000000036, -0.4666663876541276013 ) ) ;
#3407 =( LENGTH_UNIT ( ) NAMED_UNIT ( * ) SI_UNIT ( .MILLI., .METRE. ) );
#3408 = CARTESIAN_POINT ( 'NONE',  ( 3.569999999999999396, 1.899999999999999911, 1.250000000000000000 ) ) ;
#3409 = CARTESIAN_POINT ( 'NONE',  ( 2.301727798699757965, 3.800000000000002043, 0.2635147117056074739 ) ) ;
#3410 = CARTESIAN_POINT ( 'NONE',  ( 5.569999999999999396, 1.900000000000000355, -0.3500000000000004774 ) ) ;
#3411 = FILL_AREA_STYLE ('',( #4743 ) ) ;
#3412 = SURFACE_SIDE_STYLE ('',( #8151 ) ) ;
#3413 = VECTOR ( 'NONE', #9458, 1000.000000000000000 ) ;
#3414 = CARTESIAN_POINT ( 'NONE',  ( 3.571831937699081916, 3.790000000000001368, 0.1633474097024513461 ) ) ;
#3415 = STYLED_ITEM ( 'NONE', ( #2210 ), #4449 ) ;
#3416 = FILL_AREA_STYLE_COLOUR ( '', #9576 ) ;
#3417 = SURFACE_STYLE_FILL_AREA ( #8691 ) ;
#3418 = EDGE_CURVE ( 'NONE', #4784, #5578, #3839, .T. ) ;
#3419 = VERTEX_POINT ( 'NONE', #949 ) ;
#3420 = DIRECTION ( 'NONE',  ( 0.0000000000000000000, 0.0000000000000000000, -1.000000000000000000 ) ) ;
#3421 = CARTESIAN_POINT ( 'NONE',  ( 3.324729164347034249, 3.790000000000000924, -0.2973682562471666735 ) ) ;
#3422 = CARTESIAN_POINT ( 'NONE',  ( 0.0000000000000000000, 3.789999999999999147, 0.0000000000000000000 ) ) ;
#3423 = ORIENTED_EDGE ( 'NONE', *, *, #5729, .F. ) ;
#3424 = PLANE ( 'NONE',  #7481 ) ;
#3425 = CARTESIAN_POINT ( 'NONE',  ( 1.867637244575802269, 3.799999999999998934, 0.0001013277027345159647 ) ) ;
#3426 = CARTESIAN_POINT ( 'NONE',  ( 2.145554749278118845, 3.790000000000000480, 0.08984490176883026813 ) ) ;
#3427 = CARTESIAN_POINT ( 'NONE',  ( 3.581158127824551229, 3.789999999999998259, -0.1741393950653568334 ) ) ;
#3428 = CARTESIAN_POINT ( 'NONE',  ( 3.496805556194958697, 3.790000000000000036, -0.5774182806441018334 ) ) ;
#3429 = AXIS2_PLACEMENT_3D ( 'NONE', #3442, #7926, #1960 ) ;
#3430 = ORIENTED_EDGE ( 'NONE', *, *, #9465, .F. ) ;
#3431 = DIRECTION ( 'NONE',  ( -1.000000000000000000, 0.0000000000000000000, 0.0000000000000000000 ) ) ;
#3432 = PLANE ( 'NONE',  #6437 ) ;
#3433 = CARTESIAN_POINT ( 'NONE',  ( 2.324011388815848012, 3.799999999999999378, -0.4939749220478088509 ) ) ;
#3434 = UNCERTAINTY_MEASURE_WITH_UNIT (LENGTH_MEASURE( 1.000000000000000082E-05 ), #3268, 'distance_accuracy_value', 'NONE');
#3435 = PRESENTATION_STYLE_ASSIGNMENT (( #2937 ) ) ;
#3436 = CARTESIAN_POINT ( 'NONE',  ( 1.484385846565454692, 3.789999999999999591, -0.1254817473077356749 ) ) ;
#3437 = SURFACE_STYLE_USAGE ( .BOTH. , #9553 ) ;
#3438 = ORIENTED_EDGE ( 'NONE', *, *, #4247, .T. ) ;
#3439 = EDGE_CURVE ( 'NONE', #5154, #3719, #166, .T. ) ;
#3440 = CARTESIAN_POINT ( 'NONE',  ( 3.595693280904245892, 3.789999999999999147, -0.06106713894877497523 ) ) ;
#3441 = DIRECTION ( 'NONE',  ( -0.0000000000000000000, 1.000000000000000000, -0.0000000000000000000 ) ) ;
#3442 = CARTESIAN_POINT ( 'NONE',  ( -1.907040597651196157, 3.790000000000000036, 0.2430945398687187897 ) ) ;
#3443 = VECTOR ( 'NONE', #8668, 1000.000000000000000 ) ;
#3444 = DIRECTION ( 'NONE',  ( 0.0000000000000000000, -0.0000000000000000000, -1.000000000000000000 ) ) ;
#3445 = ORIENTED_EDGE ( 'NONE', *, *, #689, .T. ) ;
#3446 = DIRECTION ( 'NONE',  ( 0.0000000000000000000, -2.011115616392131875E-12, 1.000000000000000000 ) ) ;
#3447 =( GEOMETRIC_REPRESENTATION_CONTEXT ( 3 ) GLOBAL_UNCERTAINTY_ASSIGNED_CONTEXT ( ( #3616 ) ) GLOBAL_UNIT_ASSIGNED_CONTEXT ( ( #3572, #9571, #8776 ) ) REPRESENTATION_CONTEXT ( 'NONE', 'WORKASPACE' ) );
#3448 = CARTESIAN_POINT ( 'NONE',  ( 3.094561966451368384, 3.790000000000000036, -0.5774182806441018334 ) ) ;
#3449 = CARTESIAN_POINT ( 'NONE',  ( 1.655945946543664338, 3.799999999999998046, 0.1802321294552048370 ) ) ;
#3450 = CARTESIAN_POINT ( 'NONE',  ( 2.483021859960419242, 3.800000000000000266, 0.0001013277027347003469 ) ) ;
#3451 = UNCERTAINTY_MEASURE_WITH_UNIT (LENGTH_MEASURE( 1.000000000000000082E-05 ), #8617, 'distance_accuracy_value', 'NONE');
#3452 = PLANE ( 'NONE',  #5345 ) ;
#3453 = MECHANICAL_DESIGN_GEOMETRIC_PRESENTATION_REPRESENTATION (  '', ( #7804 ), #3627 ) ;
#3454 = EDGE_CURVE ( 'NONE', #3159, #3992, #6916, .T. ) ;
#3455 = CARTESIAN_POINT ( 'NONE',  ( 3.569999999999999396, 1.900000000000000355, -1.249999999999999556 ) ) ;
#3456 = ORIENTED_EDGE ( 'NONE', *, *, #1258, .F. ) ;
#3457 = ORIENTED_EDGE ( 'NONE', *, *, #3376, .F. ) ;
#3458 =( NAMED_UNIT ( * ) PLANE_ANGLE_UNIT ( ) SI_UNIT ( $, .RADIAN. ) );
#3459 =( LENGTH_UNIT ( ) NAMED_UNIT ( * ) SI_UNIT ( .MILLI., .METRE. ) );
#3460 = CARTESIAN_POINT ( 'NONE',  ( -5.569999999999999396, -0.07000000000000000666, 1.249999999999999778 ) ) ;
#3461 = ORIENTED_EDGE ( 'NONE', *, *, #233, .F. ) ;
#3462 = STYLED_ITEM ( 'NONE', ( #4647 ), #2994 ) ;
#3463 = CARTESIAN_POINT ( 'NONE',  ( 1.538883082591327334, 3.790000000000000036, 0.1032240122543442024 ) ) ;
#3464 = SURFACE_SIDE_STYLE ('',( #1195 ) ) ;
#3465 = FILL_AREA_STYLE_COLOUR ( '', #3809 ) ;
#3466 = COLOUR_RGB ( '',1.000000000000000000, 1.000000000000000000, 1.000000000000000000 ) ;
#3467 = CARTESIAN_POINT ( 'NONE',  ( 3.273850718558197315, 3.790000000000001812, 0.1322858352836445983 ) ) ;
#3468 = FACE_OUTER_BOUND ( 'NONE', #8400, .T. ) ;
#3469 = CARTESIAN_POINT ( 'NONE',  ( 2.463284401663674128, 3.799999999999999378, 0.06071763165408175511 ) ) ;
#3470 = CARTESIAN_POINT ( 'NONE',  ( 2.027895299784701511, 3.799999999999999822, -0.1565849473107684686 ) ) ;
#3471 = LINE ( 'NONE', #8881, #6823 ) ;
#3472 = ADVANCED_FACE ( 'NONE', ( #8974 ), #5483, .T. ) ;
#3473 = DIRECTION ( 'NONE',  ( -0.0000000000000000000, -1.000000000000000000, -1.141265444721583757E-16 ) ) ;
#3474 = CARTESIAN_POINT ( 'NONE',  ( 0.3501709408103427235, 3.799999999999999822, -0.4009759729517941573 ) ) ;
#3475 = CARTESIAN_POINT ( 'NONE',  ( 2.487992236921264144, 3.790000000000000924, -0.02348787548307911671 ) ) ;
#3476 = VECTOR ( 'NONE', #5751, 1000.000000000000000 ) ;
#3477 = DIRECTION ( 'NONE',  ( 0.0000000000000000000, -1.000000000000000000, 0.0000000000000000000 ) ) ;
#3478 = FILL_AREA_STYLE_COLOUR ( '', #3977 ) ;
#3479 = ORIENTED_EDGE ( 'NONE', *, *, #1467, .F. ) ;
#3480 = CARTESIAN_POINT ( 'NONE',  ( 3.491677351066753143, 3.790000000000000036, 0.2636073603815393129 ) ) ;
#3481 = CARTESIAN_POINT ( 'NONE',  ( -0.8119052085353823944, 3.790000000000000036, -0.4894966542148598831 ) ) ;
#3482 = VERTEX_POINT ( 'NONE', #4771 ) ;
#3483 = STYLED_ITEM ( 'NONE', ( #6087 ), #7441 ) ;
#3484 = ORIENTED_EDGE ( 'NONE', *, *, #1747, .F. ) ;
#3485 = ORIENTED_EDGE ( 'NONE', *, *, #8764, .T. ) ;
#3486 = CARTESIAN_POINT ( 'NONE',  ( 3.569999999999999396, 1.900000000000000355, -0.3500000000000004774 ) ) ;
#3487 = ORIENTED_EDGE ( 'NONE', *, *, #178, .F. ) ;
#3488 = CARTESIAN_POINT ( 'NONE',  ( 1.708626773431231483, 3.789999999999999591, -0.4939749220478086289 ) ) ;
#3489 = ORIENTED_EDGE ( 'NONE', *, *, #2485, .T. ) ;
#3490 = EDGE_CURVE ( 'NONE', #4891, #5705, #6625, .T. ) ;
#3491 = CIRCLE ( 'NONE', #8393, 0.4999999999999995559 ) ;
#3492 = VERTEX_POINT ( 'NONE', #7504 ) ;
#3493 = ORIENTED_EDGE ( 'NONE', *, *, #4792, .F. ) ;
#3494 = PRESENTATION_LAYER_ASSIGNMENT (  '', '', ( #8481 ) ) ;
#3495 = PRESENTATION_STYLE_ASSIGNMENT (( #1306 ) ) ;
#3496 = CARTESIAN_POINT ( 'NONE',  ( 1.673580517992105943, 3.799999999999999822, 0.1811152736735189284 ) ) ;
#3497 = CARTESIAN_POINT ( 'NONE',  ( -0.6490277771383753391, 3.790000000000000036, -0.1468093062851274222 ) ) ;
#3498 = FILL_AREA_STYLE_COLOUR ( '', #1557 ) ;
#3499 = UNCERTAINTY_MEASURE_WITH_UNIT (LENGTH_MEASURE( 1.000000000000000082E-05 ), #1408, 'distance_accuracy_value', 'NONE');
#3500 = CARTESIAN_POINT ( 'NONE',  ( 3.287080069309396002, 3.789999999999999147, 0.1517119343459143455 ) ) ;
#3501 = CARTESIAN_POINT ( 'NONE',  ( 2.439831702025903049, 3.799999999999999822, 0.1043437430488219075 ) ) ;
#3502 = CARTESIAN_POINT ( 'NONE',  ( 2.276612090880746564, 3.800000000000000266, -0.5771035300248318345 ) ) ;
#3503 = LINE ( 'NONE', #1541, #8285 ) ;
#3504 = CARTESIAN_POINT ( 'NONE',  ( -0.7333025345784440763, 3.789999999999999147, -0.04694186904013437911 ) ) ;
#3505 = SURFACE_STYLE_FILL_AREA ( #7060 ) ;
#3506 = COLOUR_RGB ( '',1.000000000000000000, 1.000000000000000000, 1.000000000000000000 ) ;
#3507 = CARTESIAN_POINT ( 'NONE',  ( 2.118200721941086329, 3.799999999999999378, -0.3392498686304547539 ) ) ;
#3508 = MECHANICAL_DESIGN_GEOMETRIC_PRESENTATION_REPRESENTATION (  '', ( #1465 ), #438 ) ;
#3509 = FACE_OUTER_BOUND ( 'NONE', #227, .T. ) ;
#3510 = EDGE_CURVE ( 'NONE', #7893, #7849, #1725, .T. ) ;
#3511 = ORIENTED_EDGE ( 'NONE', *, *, #1755, .F. ) ;
#3512 =( LENGTH_UNIT ( ) NAMED_UNIT ( * ) SI_UNIT ( .MILLI., .METRE. ) );
#3513 = DIRECTION ( 'NONE',  ( 4.954714773454658573E-14, 1.000000000000000000, -2.594525721059792005E-12 ) ) ;
#3514 = VECTOR ( 'NONE', #1307, 1000.000000000000000 ) ;
#3515 = CARTESIAN_POINT ( 'NONE',  ( 3.488792735682137547, 3.790000000000000036, -0.4953669985928197961 ) ) ;
#3516 =( NAMED_UNIT ( * ) PLANE_ANGLE_UNIT ( ) SI_UNIT ( $, .RADIAN. ) );
#3517 = CARTESIAN_POINT ( 'NONE',  ( 2.102968712566879006, 3.800000000000000711, -0.2468538579568398117 ) ) ;
#3518 = CARTESIAN_POINT ( 'NONE',  ( 2.109084902701580777, 3.789999999999998259, -0.01708925844646945469 ) ) ;
#3519 = ORIENTED_EDGE ( 'NONE', *, *, #8050, .F. ) ;
#3520 = CARTESIAN_POINT ( 'NONE',  ( -0.7292440446920015473, 3.790000000000000036, -0.4110130800401582407 ) ) ;
#3521 = STYLED_ITEM ( 'NONE', ( #7561 ), #683 ) ;
#3522 = UNCERTAINTY_MEASURE_WITH_UNIT (LENGTH_MEASURE( 1.000000000000000082E-05 ), #8181, 'distance_accuracy_value', 'NONE');
#3523 = PLANE ( 'NONE',  #6854 ) ;
#3524 = CARTESIAN_POINT ( 'NONE',  ( 3.371485043374446100, 3.790000000000000036, -0.3940849473107685408 ) ) ;
#3525 = DIRECTION ( 'NONE',  ( -0.0000000000000000000, 1.000000000000000000, -0.0000000000000000000 ) ) ;
#3526 = CARTESIAN_POINT ( 'NONE',  ( 3.544401221919636136, 3.800000000000001155, -0.1076877726835019505 ) ) ;
#3527 = CARTESIAN_POINT ( 'NONE',  ( 1.584612145254601367, 3.799999999999999822, 0.1495469454566803469 ) ) ;
#3528 = LINE ( 'NONE', #9683, #3763 ) ;
#3529 = CARTESIAN_POINT ( 'NONE',  ( -0.6993752712657544945, 3.790000000000000480, 0.06475502329243872091 ) ) ;
#3530 = FILL_AREA_STYLE ('',( #5682 ) ) ;
#3531 = ORIENTED_EDGE ( 'NONE', *, *, #4881, .T. ) ;
#3532 = CARTESIAN_POINT ( 'NONE',  ( 3.455864188801919479, 3.790000000000000924, 0.2612054432595094511 ) ) ;
#3533 = CARTESIAN_POINT ( 'NONE',  ( 2.448393776465875415, 3.789999999999998259, 0.09088717523767153583 ) ) ;
#3534 =( GEOMETRIC_REPRESENTATION_CONTEXT ( 3 ) GLOBAL_UNCERTAINTY_ASSIGNED_CONTEXT ( ( #6946 ) ) GLOBAL_UNIT_ASSIGNED_CONTEXT ( ( #1838, #2618, #2528 ) ) REPRESENTATION_CONTEXT ( 'NONE', 'WORKASPACE' ) );
#3535 = EDGE_LOOP ( 'NONE', ( #3063, #4428, #3966, #4202 ) ) ;
#3536 = CARTESIAN_POINT ( 'NONE',  ( 2.102968712566879006, 3.790000000000000924, -0.2468538579568398117 ) ) ;
#3537 = CARTESIAN_POINT ( 'NONE',  ( 2.301725643584785708, 3.800000000000000266, -0.5773067800325213383 ) ) ;
#3538 = DIRECTION ( 'NONE',  ( 0.0000000000000000000, 1.836970198721029688E-16, -1.000000000000000000 ) ) ;
#3539 =( NAMED_UNIT ( * ) PLANE_ANGLE_UNIT ( ) SI_UNIT ( $, .RADIAN. ) );
#3540 = CARTESIAN_POINT ( 'NONE',  ( 2.351359030066202838, 3.799999999999999378, -0.5714175968243343506 ) ) ;
#3541 = DIRECTION ( 'NONE',  ( -1.000000000000000000, 0.0000000000000000000, 0.0000000000000000000 ) ) ;
#3542 = STYLED_ITEM ( 'NONE', ( #4963 ), #1174 ) ;
#3543 = EDGE_LOOP ( 'NONE', ( #6778, #5797, #9716, #5022 ) ) ;
#3544 = CARTESIAN_POINT ( 'NONE',  ( 1.673580517992105943, 3.789999999999999591, 0.1811152736735189284 ) ) ;
#3545 = CARTESIAN_POINT ( 'NONE',  ( 3.371485043374446100, 3.799999999999999822, -0.3940849473107685408 ) ) ;
#3546 = STYLED_ITEM ( 'NONE', ( #3341 ), #5914 ) ;
#3547 = CARTESIAN_POINT ( 'NONE',  ( 1.682382479271881559, 3.800000000000000266, -0.4953669985928199071 ) ) ;
#3548 = EDGE_LOOP ( 'NONE', ( #176, #5828, #1459, #2018 ) ) ;
#3549 = VECTOR ( 'NONE', #3431, 1000.000000000000000 ) ;
#3550 = DIRECTION ( 'NONE',  ( -1.000000000000000000, 0.0000000000000000000, -8.673617379884036705E-17 ) ) ;
#3551 = CARTESIAN_POINT ( 'NONE',  ( -0.7922684149292588129, 3.790000000000000480, 0.1750910982741324395 ) ) ;
#3552 = EDGE_CURVE ( 'NONE', #810, #524, #395, .T. ) ;
#3553 = CARTESIAN_POINT ( 'NONE',  ( 1.642795163739255937, 3.799999999999999822, -0.5749190937986857763 ) ) ;
#3554 = ORIENTED_EDGE ( 'NONE', *, *, #439, .T. ) ;
#3555 = DIRECTION ( 'NONE',  ( -0.0000000000000000000, 0.0000000000000000000, 1.000000000000000000 ) ) ;
#3556 = VECTOR ( 'NONE', #5602, 1000.000000000000000 ) ;
#3557 = VERTEX_POINT ( 'NONE', #2317 ) ;
#3558 = CARTESIAN_POINT ( 'NONE',  ( -0.8706244931345733518, 3.790000000000000480, 0.1237664439597056798 ) ) ;
#3559 = CARTESIAN_POINT ( 'NONE',  ( 2.099765831327681020, 3.800000000000000711, -0.1884900411267376730 ) ) ;
#3560 = DIRECTION ( 'NONE',  ( -1.000000000000000000, 0.0000000000000000000, 0.0000000000000000000 ) ) ;
#3561 = PRESENTATION_STYLE_ASSIGNMENT (( #2144 ) ) ;
#3562 = DIRECTION ( 'NONE',  ( -0.0000000000000000000, 1.000000000000000000, -0.0000000000000000000 ) ) ;
#3563 = CARTESIAN_POINT ( 'NONE',  ( 2.297767094656497200, 3.799999999999999378, 0.1815560783302572478 ) ) ;
#3564 = DIRECTION ( 'NONE',  ( 0.0000000000000000000, 1.000000000000000000, 1.100712865467517079E-16 ) ) ;
#3565 = VERTEX_POINT ( 'NONE', #9023 ) ;
#3566 = ORIENTED_EDGE ( 'NONE', *, *, #5741, .T. ) ;
#3567 = DIRECTION ( 'NONE',  ( -0.4489997666093132334, 0.0000000000000000000, -0.8935318738493788215 ) ) ;
#3568 = CARTESIAN_POINT ( 'NONE',  ( 3.022767094656496845, 3.799999999999999822, 0.05847915525333415021 ) ) ;
#3569 = CARTESIAN_POINT ( 'NONE',  ( 1.954140499948891385, 3.800000000000001599, -0.2278390325579518483 ) ) ;
#3570 = CARTESIAN_POINT ( 'NONE',  ( 3.571936781611344536, 3.800000000000000711, -0.4695838680075724025 ) ) ;
#3571 = SURFACE_SIDE_STYLE ('',( #8038 ) ) ;
#3572 =( LENGTH_UNIT ( ) NAMED_UNIT ( * ) SI_UNIT ( .MILLI., .METRE. ) );
#3573 = LINE ( 'NONE', #2373, #4255 ) ;
#3574 = CARTESIAN_POINT ( 'NONE',  ( 0.0000000000000000000, 3.790000000000000036, 0.0000000000000000000 ) ) ;
#3575 = VECTOR ( 'NONE', #2607, 1000.000000000000000 ) ;
#3576 = CARTESIAN_POINT ( 'NONE',  ( 3.569999999999999396, 1.399999999999999911, -0.3500000000000003109 ) ) ;
#3578 = EDGE_CURVE ( 'NONE', #4627, #625, #2769, .T. ) ;
#3577 = SURFACE_STYLE_USAGE ( .BOTH. , #5047 ) ;
#3579 =( NAMED_UNIT ( * ) SI_UNIT ( $, .STERADIAN. ) SOLID_ANGLE_UNIT ( ) );
#3580 = COLOUR_RGB ( '',1.000000000000000000, 1.000000000000000000, 1.000000000000000000 ) ;
#3581 = AXIS2_PLACEMENT_3D ( 'NONE', #264, #1679, #7641 ) ;
#3582 = VECTOR ( 'NONE', #5300, 1000.000000000000000 ) ;
#3583 = CARTESIAN_POINT ( 'NONE',  ( -2.289572648933247745, 3.799999999999999822, 0.2430945398687188175 ) ) ;
#3584 = ORIENTED_EDGE ( 'NONE', *, *, #4294, .T. ) ;
#3585 = EDGE_CURVE ( 'NONE', #1096, #9158, #406, .T. ) ;
#3586 = CARTESIAN_POINT ( 'NONE',  ( 1.420731560802830806, 3.800000000000001155, -0.2964604602438241088 ) ) ;
#3587 =( NAMED_UNIT ( * ) PLANE_ANGLE_UNIT ( ) SI_UNIT ( $, .RADIAN. ) );
#3588 = VECTOR ( 'NONE', #5581, 1000.000000000000114 ) ;
#3589 = CARTESIAN_POINT ( 'NONE',  ( 3.371485043374446100, 3.790000000000000036, -0.3940849473107685408 ) ) ;
#3590 = CARTESIAN_POINT ( 'NONE',  ( -5.000000000000000888, 0.0000000000000000000, -4.500000000000001776 ) ) ;
#3591 = LINE ( 'NONE', #2353, #9067 ) ;
#3592 = DIRECTION ( 'NONE',  ( 0.0000000000000000000, 0.0000000000000000000, 1.000000000000000000 ) ) ;
#3593 = CARTESIAN_POINT ( 'NONE',  ( 2.105771856740985104, 3.789999999999999591, -0.2729754930126632728 ) ) ;
#3594 = FILL_AREA_STYLE ('',( #8164 ) ) ;
#3595 = EDGE_LOOP ( 'NONE', ( #4295, #5827, #6466, #5090 ) ) ;
#3596 =( NAMED_UNIT ( * ) PLANE_ANGLE_UNIT ( ) SI_UNIT ( $, .RADIAN. ) );
#3597 = ORIENTED_EDGE ( 'NONE', *, *, #6068, .T. ) ;
#3598 = DIRECTION ( 'NONE',  ( -0.0000000000000000000, 1.000000000000000000, -0.0000000000000000000 ) ) ;
#3599 = FILL_AREA_STYLE ('',( #2768 ) ) ;
#3600 = UNCERTAINTY_MEASURE_WITH_UNIT (LENGTH_MEASURE( 1.000000000000000082E-05 ), #1796, 'distance_accuracy_value', 'NONE');
#3601 = STYLED_ITEM ( 'NONE', ( #8529 ), #2717 ) ;
#3602 = DIRECTION ( 'NONE',  ( 0.0000000000000000000, 1.000000000000000000, 0.0000000000000000000 ) ) ;
#3603 = CARTESIAN_POINT ( 'NONE',  ( 2.515466664584009138, 3.799999999999999378, -0.4398262286402327970 ) ) ;
#3604 = DIRECTION ( 'NONE',  ( 0.0000000000000000000, -0.0000000000000000000, 1.000000000000000000 ) ) ;
#3605 = CARTESIAN_POINT ( 'NONE',  ( 3.424209402348804332, 3.799999999999999822, -0.2907195626953838485 ) ) ;
#3606 = CARTESIAN_POINT ( 'NONE',  ( -0.7209399717593040213, 3.799999999999999822, -0.1563257867633933984 ) ) ;
#3607 =( GEOMETRIC_REPRESENTATION_CONTEXT ( 3 ) GLOBAL_UNCERTAINTY_ASSIGNED_CONTEXT ( ( #2195 ) ) GLOBAL_UNIT_ASSIGNED_CONTEXT ( ( #5035, #3539, #497 ) ) REPRESENTATION_CONTEXT ( 'NONE', 'WORKASPACE' ) );
#3608 = FACE_OUTER_BOUND ( 'NONE', #4616, .T. ) ;
#3609 = EDGE_LOOP ( 'NONE', ( #5778, #2858, #7816, #5545 ) ) ;
#3610 = CARTESIAN_POINT ( 'NONE',  ( 1.515137771247793363, 3.790000000000000480, 0.05991275284011749608 ) ) ;
#3611 = DIRECTION ( 'NONE',  ( -0.0000000000000000000, 1.000000000000000000, -0.0000000000000000000 ) ) ;
#3612 = FACE_OUTER_BOUND ( 'NONE', #740, .T. ) ;
#3613 = CARTESIAN_POINT ( 'NONE',  ( 3.094561966451368384, 3.799999999999999822, 0.2430945398687187897 ) ) ;
#3614 = ORIENTED_EDGE ( 'NONE', *, *, #4372, .F. ) ;
#3615 = EDGE_CURVE ( 'NONE', #5580, #4972, #157, .T. ) ;
#3616 = UNCERTAINTY_MEASURE_WITH_UNIT (LENGTH_MEASURE( 1.000000000000000082E-05 ), #3572, 'distance_accuracy_value', 'NONE');
#3617 = FILL_AREA_STYLE ('',( #8078 ) ) ;
#3618 = AXIS2_PLACEMENT_3D ( 'NONE', #4161, #7165, #2695 ) ;
#3619 =( NAMED_UNIT ( * ) SI_UNIT ( $, .STERADIAN. ) SOLID_ANGLE_UNIT ( ) );
#3620 = SURFACE_STYLE_FILL_AREA ( #4873 ) ;
#3621 = CARTESIAN_POINT ( 'NONE',  ( 1.431212353219952549, 3.800000000000000711, -0.3532825223361693023 ) ) ;
#3622 = EDGE_LOOP ( 'NONE', ( #3746, #1562, #6545, #296 ) ) ;
#3623 = CARTESIAN_POINT ( 'NONE',  ( 2.109084902701580777, 3.799999999999998046, -0.01708925844646945469 ) ) ;
#3624 = CARTESIAN_POINT ( 'NONE',  ( -0.7209696329712177443, 3.790000000000000036, -0.1380963096804154744 ) ) ;
#3625 = CARTESIAN_POINT ( 'NONE',  ( 1.854017094656496445, 3.790000000000000036, 0.04421633474051362561 ) ) ;
#3626 =( NAMED_UNIT ( * ) PLANE_ANGLE_UNIT ( ) SI_UNIT ( $, .RADIAN. ) );
#3627 =( GEOMETRIC_REPRESENTATION_CONTEXT ( 3 ) GLOBAL_UNCERTAINTY_ASSIGNED_CONTEXT ( ( #9724 ) ) GLOBAL_UNIT_ASSIGNED_CONTEXT ( ( #7302, #567, #8029 ) ) REPRESENTATION_CONTEXT ( 'NONE', 'WORKASPACE' ) );
#3628 = EDGE_CURVE ( 'NONE', #452, #3557, #8175, .T. ) ;
#3629 = ORIENTED_EDGE ( 'NONE', *, *, #5413, .F. ) ;
#3630 = CARTESIAN_POINT ( 'NONE',  ( 2.479282816624943209, 3.799999999999999378, -0.4925144705909382803 ) ) ;
#3631 = PLANE ( 'NONE',  #9119 ) ;
#3632 = DIRECTION ( 'NONE',  ( -1.000000000000000000, 0.0000000000000000000, 0.0000000000000000000 ) ) ;
#3633 = FILL_AREA_STYLE_COLOUR ( '', #4390 ) ;
#3634 = CARTESIAN_POINT ( 'NONE',  ( 3.496805556194958697, 3.790000000000000036, -0.5774182806441018334 ) ) ;
#3635 = CARTESIAN_POINT ( 'NONE',  ( -5.500000000000000888, 3.799999999999999822, -5.000000000000000888 ) ) ;
#3636 = CARTESIAN_POINT ( 'NONE',  ( 5.569999999999999396, -0.07000000000000000666, 1.249999999999999778 ) ) ;
#3637 = CARTESIAN_POINT ( 'NONE',  ( -0.6646428256576036864, 3.789999999999998703, -0.2763126217663648965 ) ) ;
#3638 = EDGE_CURVE ( 'NONE', #6286, #6277, #5437, .T. ) ;
#3639 = VERTEX_POINT ( 'NONE', #2479 ) ;
#3640 = ADVANCED_FACE ( 'NONE', ( #5674 ), #8438, .T. ) ;
#3641 = ORIENTED_EDGE ( 'NONE', *, *, #6995, .T. ) ;
#3642 = CARTESIAN_POINT ( 'NONE',  ( -0.7208226489332473230, 3.790000000000000036, -0.1469695626953838041 ) ) ;
#3643 = CARTESIAN_POINT ( 'NONE',  ( -0.9315598284204266166, 3.790000000000000036, -0.4524182806441018334 ) ) ;
#3644 = CARTESIAN_POINT ( 'NONE',  ( -0.7495608486830364070, 3.799999999999999822, -0.003029647583314454794 ) ) ;
#3645 = CARTESIAN_POINT ( 'NONE',  ( -0.9758110742898242762, 3.790000000000002256, -0.4625210356058304662 ) ) ;
#3646 = CARTESIAN_POINT ( 'NONE',  ( 1.734800031268405762, 3.790000000000000924, 0.1734214998187550427 ) ) ;
#3647 = ORIENTED_EDGE ( 'NONE', *, *, #5900, .T. ) ;
#3648 = VECTOR ( 'NONE', #3973, 1000.000000000000000 ) ;
#3649 = CARTESIAN_POINT ( 'NONE',  ( 1.115074786964188824, 3.790000000000000036, -0.5569054601312812824 ) ) ;
#3650 = CARTESIAN_POINT ( 'NONE',  ( 1.425220241996792536, 3.799999999999998934, -0.3260288635621580444 ) ) ;
#3651 = CARTESIAN_POINT ( 'NONE',  ( 1.412731301121529226, 3.790000000000000036, -0.1943146323351605809 ) ) ;
#3652 = CARTESIAN_POINT ( 'NONE',  ( 2.199996760639216564, 3.800000000000000266, 0.1495469454566811518 ) ) ;
#3653 = STYLED_ITEM ( 'NONE', ( #1105 ), #4503 ) ;
#3654 = DIRECTION ( 'NONE',  ( -0.0000000000000000000, 1.000000000000000000, -0.0000000000000000000 ) ) ;
#3655 = CARTESIAN_POINT ( 'NONE',  ( 3.389643234176168196, 3.799999999999999822, -0.3306644213137816535 ) ) ;
#3656 = MECHANICAL_DESIGN_GEOMETRIC_PRESENTATION_REPRESENTATION (  '', ( #9156 ), #4145 ) ;
#3657 = VERTEX_POINT ( 'NONE', #985 ) ;
#3658 = CARTESIAN_POINT ( 'NONE',  ( 2.504135594358767314, 3.800000000000000266, -0.4587483108834662926 ) ) ;
#3659 = DIRECTION ( 'NONE',  ( -0.4489997666093132334, 0.0000000000000000000, -0.8935318738493788215 ) ) ;
#3660 = CARTESIAN_POINT ( 'NONE',  ( 5.569999999999999396, 1.399999999999999911, -0.3500000000000005329 ) ) ;
#3661 = SURFACE_SIDE_STYLE ('',( #8186 ) ) ;
#3662 = CARTESIAN_POINT ( 'NONE',  ( 1.820389706562468124, 3.799999999999998490, -0.5326732509952263328 ) ) ;
#3663 = CARTESIAN_POINT ( 'NONE',  ( -3.569999999999999396, 1.399999999999999911, -0.3500000000000003109 ) ) ;
#3664 = LINE ( 'NONE', #8571, #3549 ) ;
#3665 = CARTESIAN_POINT ( 'NONE',  ( -0.6736469917367923221, 3.800000000000000711, -0.3057606555928848446 ) ) ;
#3666 = MECHANICAL_DESIGN_GEOMETRIC_PRESENTATION_REPRESENTATION (  '', ( #5328 ), #7336 ) ;
#3667 = ORIENTED_EDGE ( 'NONE', *, *, #1547, .F. ) ;
#3668 = PRESENTATION_STYLE_ASSIGNMENT (( #8361 ) ) ;
#3669 = SURFACE_STYLE_USAGE ( .BOTH. , #3774 ) ;
#3670 = CARTESIAN_POINT ( 'NONE',  ( -0.7344229225091342128, 3.790000000000000036, -0.2525232097483113836 ) ) ;
#3671 = STYLED_ITEM ( 'NONE', ( #2884 ), #5232 ) ;
#3672 = CARTESIAN_POINT ( 'NONE',  ( -0.7208226489332473230, 3.799999999999999822, -0.1469695626953838041 ) ) ;
#3673 = PRESENTATION_STYLE_ASSIGNMENT (( #3780 ) ) ;
#3674 = ORIENTED_EDGE ( 'NONE', *, *, #752, .F. ) ;
#3675 =( GEOMETRIC_REPRESENTATION_CONTEXT ( 3 ) GLOBAL_UNCERTAINTY_ASSIGNED_CONTEXT ( ( #6647 ) ) GLOBAL_UNIT_ASSIGNED_CONTEXT ( ( #7692, #3234, #9201 ) ) REPRESENTATION_CONTEXT ( 'NONE', 'WORKASPACE' ) );
#3676 = VERTEX_POINT ( 'NONE', #6112 ) ;
#3677 = ADVANCED_FACE ( 'NONE', ( #6504 ), #5384, .T. ) ;
#3678 = CARTESIAN_POINT ( 'NONE',  ( 3.022767094656496845, 3.799999999999999822, 0.2430945398687187897 ) ) ;
#3679 = LINE ( 'NONE', #8616, #6937 ) ;
#3680 = EDGE_CURVE ( 'NONE', #3029, #2157, #5213, .T. ) ;
#3681 = FILL_AREA_STYLE ('',( #8017 ) ) ;
#3682 = FACE_OUTER_BOUND ( 'NONE', #8922, .T. ) ;
#3683 = DIRECTION ( 'NONE',  ( 0.0000000000000000000, 0.0000000000000000000, -1.000000000000000000 ) ) ;
#3684 = DIRECTION ( 'NONE',  ( 0.0000000000000000000, 0.0000000000000000000, 1.000000000000000000 ) ) ;
#3685 = ADVANCED_FACE ( 'NONE', ( #1969 ), #950, .T. ) ;
#3686 = CARTESIAN_POINT ( 'NONE',  ( 5.569999999999999396, 1.899999999999999911, 1.250000000000000000 ) ) ;
#3687 = CARTESIAN_POINT ( 'NONE',  ( 1.884214403923073933, 3.799999999999999378, -0.1472884595004206876 ) ) ;
#3688 = CARTESIAN_POINT ( 'NONE',  ( 3.377485991806066234, 3.790000000000001368, -0.3559025794592514114 ) ) ;
#3689 =( GEOMETRIC_REPRESENTATION_CONTEXT ( 3 ) GLOBAL_UNCERTAINTY_ASSIGNED_CONTEXT ( ( #1110 ) ) GLOBAL_UNIT_ASSIGNED_CONTEXT ( ( #930, #8354, #5490 ) ) REPRESENTATION_CONTEXT ( 'NONE', 'WORKASPACE' ) );
#3690 = DIRECTION ( 'NONE',  ( 0.4494802773921303674, 0.0000000000000000000, 0.8932902553120646294 ) ) ;
#3691 = FILL_AREA_STYLE_COLOUR ( '', #2138 ) ;
#3692 = DIRECTION ( 'NONE',  ( -0.1313519925438847158, 0.0000000000000000000, 0.9913357927840349415 ) ) ;
#3693 = CARTESIAN_POINT ( 'NONE',  ( -5.569999999999999396, 1.899999999999999911, 1.250000000000000000 ) ) ;
#3694 = CARTESIAN_POINT ( 'NONE',  ( 0.1663568382462400908, 3.790000000000000036, -0.01331571654153768276 ) ) ;
#3695 = CARTESIAN_POINT ( 'NONE',  ( 1.942170943294651009, 3.799999999999999822, -0.3213087569115581910 ) ) ;
#3696 = CARTESIAN_POINT ( 'NONE',  ( 3.495380193786379763, 3.799999999999999822, -0.4951137173968873650 ) ) ;
#3697 = CARTESIAN_POINT ( 'NONE',  ( 3.531741453630855787, 3.799999999999999822, -0.2110721267979479565 ) ) ;
#3698 = CARTESIAN_POINT ( 'NONE',  ( -1.618258546369144790, 3.790000000000000036, -0.3325464857723068879 ) ) ;
#3699 = VECTOR ( 'NONE', #7100, 1000.000000000000114 ) ;
#3700 = LINE ( 'NONE', #591, #3476 ) ;
#3701 = SURFACE_SIDE_STYLE ('',( #5044 ) ) ;
#3702 = CARTESIAN_POINT ( 'NONE',  ( 1.884305556194958431, 3.799999999999999822, -0.1569054601312812325 ) ) ;
#3703 = CARTESIAN_POINT ( 'NONE',  ( -0.7209696329712177443, 3.799999999999999822, -0.1380963096804154744 ) ) ;
#3704 = FACE_OUTER_BOUND ( 'NONE', #1370, .T. ) ;
#3705 = ORIENTED_EDGE ( 'NONE', *, *, #5803, .F. ) ;
#3706 = ORIENTED_EDGE ( 'NONE', *, *, #1556, .T. ) ;
#3707 = ORIENTED_EDGE ( 'NONE', *, *, #7137, .T. ) ;
#3708 = CARTESIAN_POINT ( 'NONE',  ( 3.569999999999999396, -0.07000000000000000666, -1.250000000000000222 ) ) ;
#3709 = LINE ( 'NONE', #6613, #263 ) ;
#3710 = LINE ( 'NONE', #9263, #6615 ) ;
#3711 = STYLED_ITEM ( 'NONE', ( #7556 ), #4229 ) ;
#3712 = ORIENTED_EDGE ( 'NONE', *, *, #4294, .F. ) ;
#3713 = ORIENTED_EDGE ( 'NONE', *, *, #9311, .T. ) ;
#3714 = EDGE_CURVE ( 'NONE', #7055, #2650, #5932, .T. ) ;
#3715 = PRESENTATION_STYLE_ASSIGNMENT (( #1727 ) ) ;
#3716 = CARTESIAN_POINT ( 'NONE',  ( 3.637577668648372953, 3.799999999999999822, 0.09706382748640528246 ) ) ;
#3717 = ORIENTED_EDGE ( 'NONE', *, *, #2863, .F. ) ;
#3718 = FILL_AREA_STYLE_COLOUR ( '', #4806 ) ;
#3719 = VERTEX_POINT ( 'NONE', #3905 ) ;
#3720 = DIRECTION ( 'NONE',  ( 0.0000000000000000000, 0.0000000000000000000, -1.000000000000000000 ) ) ;
#3721 = VECTOR ( 'NONE', #2433, 1000.000000000000000 ) ;
#3722 = UNCERTAINTY_MEASURE_WITH_UNIT (LENGTH_MEASURE( 1.000000000000000082E-05 ), #9406, 'distance_accuracy_value', 'NONE');
#3723 = ADVANCED_FACE ( 'NONE', ( #8856 ), #2709, .T. ) ;
#3724 = VECTOR ( 'NONE', #8030, 1000.000000000000000 ) ;
#3725 = VECTOR ( 'NONE', #4242, 1000.000000000000000 ) ;
#3726 = SURFACE_STYLE_FILL_AREA ( #3411 ) ;
#3727 =( NAMED_UNIT ( * ) SI_UNIT ( $, .STERADIAN. ) SOLID_ANGLE_UNIT ( ) );
#3728 = LINE ( 'NONE', #2919, #1226 ) ;
#3729 = CARTESIAN_POINT ( 'NONE',  ( 3.697979695620528418, 3.799999999999999822, -0.04464090783062524270 ) ) ;
#3730 = CARTESIAN_POINT ( 'NONE',  ( 2.498378065364806666, 3.800000000000000266, -0.2128777842365949247 ) ) ;
#3731 = PLANE ( 'NONE',  #8106 ) ;
#3732 = CARTESIAN_POINT ( 'NONE',  ( 1.929043296845347477, 3.799999999999998934, 0.05984903665336745171 ) ) ;
#3733 = ADVANCED_FACE ( 'NONE', ( #8738 ), #8544, .T. ) ;
#3734 = CARTESIAN_POINT ( 'NONE',  ( 2.571485043374445834, 3.799999999999999822, -0.1565849473107684686 ) ) ;
#3735 = ADVANCED_FACE ( 'NONE', ( #3021 ), #9267, .T. ) ;
#3736 = CARTESIAN_POINT ( 'NONE',  ( -2.839572648933247123, 3.799999999999999822, -0.4009759729517941573 ) ) ;
#3737 = CARTESIAN_POINT ( 'NONE',  ( 0.3561004279898300484, 3.799999999999999822, -0.5569054601312812824 ) ) ;
#3738 = CARTESIAN_POINT ( 'NONE',  ( 1.816025559540039858, 3.799999999999999822, -0.4287360923902938659 ) ) ;
#3739 = PRESENTATION_STYLE_ASSIGNMENT (( #20 ) ) ;
#3740 = MECHANICAL_DESIGN_GEOMETRIC_PRESENTATION_REPRESENTATION (  '', ( #3546 ), #7343 ) ;
#3741 = ORIENTED_EDGE ( 'NONE', *, *, #7564, .F. ) ;
#3742 = PRESENTATION_STYLE_ASSIGNMENT (( #5308 ) ) ;
#3743 = ADVANCED_FACE ( 'NONE', ( #1736 ), #4113, .F. ) ;
#3744 = UNCERTAINTY_MEASURE_WITH_UNIT (LENGTH_MEASURE( 1.000000000000000082E-05 ), #361, 'distance_accuracy_value', 'NONE');
#3745 = CARTESIAN_POINT ( 'NONE',  ( -2.660726495087093912, 3.799999999999999822, -0.01331571654153768276 ) ) ;
#3746 = ORIENTED_EDGE ( 'NONE', *, *, #3814, .F. ) ;
#3747 = PRESENTATION_STYLE_ASSIGNMENT (( #8572 ) ) ;
#3748 = CARTESIAN_POINT ( 'NONE',  ( 3.618754553502099292, 3.790000000000000480, 0.2276588057009266419 ) ) ;
#3749 = EDGE_CURVE ( 'NONE', #6040, #5925, #3013, .T. ) ;
#3750 = LINE ( 'NONE', #6281, #4093 ) ;
#3751 = EDGE_LOOP ( 'NONE', ( #1604, #2078, #694, #862, #1320 ) ) ;
#3752 = ORIENTED_EDGE ( 'NONE', *, *, #249, .F. ) ;
#3753 = SURFACE_SIDE_STYLE ('',( #6461 ) ) ;
#3754 = ORIENTED_EDGE ( 'NONE', *, *, #9045, .T. ) ;
#3755 =( NAMED_UNIT ( * ) SI_UNIT ( $, .STERADIAN. ) SOLID_ANGLE_UNIT ( ) );
#3757 = CARTESIAN_POINT ( 'NONE',  ( 0.0000000000000000000, 3.790000000000000036, 0.0000000000000000000 ) ) ;
#3756 = DIRECTION ( 'NONE',  ( -0.0000000000000000000, 0.0000000000000000000, 1.000000000000000000 ) ) ;
#3758 = DIRECTION ( 'NONE',  ( 0.8576722029112575640, 0.0000000000000000000, -0.5141968420297333697 ) ) ;
#3759 = CARTESIAN_POINT ( 'NONE',  ( 1.854017094656496445, 3.799999999999999822, 0.04421633474051362561 ) ) ;
#3760 = DIRECTION ( 'NONE',  ( 0.4285842068721729126, 0.0000000000000000000, -0.9035018415143106774 ) ) ;
#3761 = MECHANICAL_DESIGN_GEOMETRIC_PRESENTATION_REPRESENTATION (  '', ( #3311 ), #4240 ) ;
#3762 = EDGE_CURVE ( 'NONE', #4572, #4519, #3491, .T. ) ;
#3763 = VECTOR ( 'NONE', #2960, 1000.000000000000000 ) ;
#3764 = CARTESIAN_POINT ( 'NONE',  ( 3.639954452419932984, 3.800000000000000711, -0.1218986022255804241 ) ) ;
#3765 = CARTESIAN_POINT ( 'NONE',  ( 2.142754822409887350, 3.799999999999999822, 0.2079658861806445158 ) ) ;
#3766 = CARTESIAN_POINT ( 'NONE',  ( -5.569999999999999396, -0.07000000000000000666, 1.249999999999999778 ) ) ;
#3767 = DIRECTION ( 'NONE',  ( 1.000000000000000000, 0.0000000000000000000, 0.0000000000000000000 ) ) ;
#3768 = EDGE_CURVE ( 'NONE', #3092, #4597, #867, .T. ) ;
#3769 = CARTESIAN_POINT ( 'NONE',  ( -3.569999999999999396, -0.07000000000000000666, -1.250000000000000222 ) ) ;
#3770 = CARTESIAN_POINT ( 'NONE',  ( 0.4911965818359836367, 3.790000000000000036, -0.09536699859281973224 ) ) ;
#3771 = EDGE_LOOP ( 'NONE', ( #6517, #3858, #2047, #7655 ) ) ;
#3772 =( NAMED_UNIT ( * ) SI_UNIT ( $, .STERADIAN. ) SOLID_ANGLE_UNIT ( ) );
#3773 = DIRECTION ( 'NONE',  ( -1.000000000000000000, -0.0000000000000000000, -8.673617379884036705E-17 ) ) ;
#3774 = SURFACE_SIDE_STYLE ('',( #4356 ) ) ;
#3775 = CARTESIAN_POINT ( 'NONE',  ( 1.487745585304555584, 3.800000000000000266, 0.1645680294739878535 ) ) ;
#3776 = ORIENTED_EDGE ( 'NONE', *, *, #6224, .T. ) ;
#3777 = ORIENTED_EDGE ( 'NONE', *, *, #5275, .F. ) ;
#3778 = CARTESIAN_POINT ( 'NONE',  ( 3.669285626604028572, 3.789999999999999147, -0.4930821070324917232 ) ) ;
#3779 = ADVANCED_FACE ( 'NONE', ( #396 ), #6030, .T. ) ;
#3780 = SURFACE_STYLE_USAGE ( .BOTH. , #2 ) ;
#3781 = LINE ( 'NONE', #7260, #1790 ) ;
#3782 = EDGE_LOOP ( 'NONE', ( #1275, #8147, #3044, #9246 ) ) ;
#3783 = CARTESIAN_POINT ( 'NONE',  ( 1.420731560802830806, 3.790000000000001368, -0.2964604602438241088 ) ) ;
#3784 = ADVANCED_FACE ( 'NONE', ( #158 ), #7900, .T. ) ;
#3785 =( GEOMETRIC_REPRESENTATION_CONTEXT ( 3 ) GLOBAL_UNCERTAINTY_ASSIGNED_CONTEXT ( ( #8787 ) ) GLOBAL_UNIT_ASSIGNED_CONTEXT ( ( #7986, #9398, #1263 ) ) REPRESENTATION_CONTEXT ( 'NONE', 'WORKASPACE' ) );
#3786 = DIRECTION ( 'NONE',  ( 1.734723475976807094E-16, 0.0000000000000000000, 1.000000000000000000 ) ) ;
#3787 = STYLED_ITEM ( 'NONE', ( #2190 ), #7912 ) ;
#3788 = CARTESIAN_POINT ( 'NONE',  ( 2.535376769973782363, 3.790000000000001812, -0.3975607811808377079 ) ) ;
#3789 = CARTESIAN_POINT ( 'NONE',  ( 2.473075503400668396, 3.799999999999999378, -0.3501078295086469949 ) ) ;
#3790 = CARTESIAN_POINT ( 'NONE',  ( 3.316036325425727682, 3.800000000000000711, 0.04822274499692388167 ) ) ;
#3791 = VERTEX_POINT ( 'NONE', #6522 ) ;
#3792 = DIRECTION ( 'NONE',  ( 4.179535469590359902E-32, 1.000000000000000000, 4.818676322157801319E-16 ) ) ;
#3793 = CARTESIAN_POINT ( 'NONE',  ( 1.043279915169317285, 3.790000000000000036, 0.2430945398687187897 ) ) ;
#3794 = VECTOR ( 'NONE', #7127, 1000.000000000000000 ) ;
#3795 = CARTESIAN_POINT ( 'NONE',  ( -1.923226495087093424, 3.790000000000000036, 0.2430945398687187897 ) ) ;
#3796 = CARTESIAN_POINT ( 'NONE',  ( 1.548510426508025173, 3.799999999999998934, -0.4297378208532539046 ) ) ;
#3797 = ORIENTED_EDGE ( 'NONE', *, *, #4011, .F. ) ;
#3798 = CARTESIAN_POINT ( 'NONE',  ( 1.883933790026164123, 3.790000000000000480, -0.1853307715138228506 ) ) ;
#3799 = EDGE_CURVE ( 'NONE', #3179, #2145, #501, .T. ) ;
#3800 = ORIENTED_EDGE ( 'NONE', *, *, #2142, .T. ) ;
#3801 = CARTESIAN_POINT ( 'NONE',  ( 1.414351511622612634, 3.789999999999999591, -0.2306082648075719888 ) ) ;
#3802 = ORIENTED_EDGE ( 'NONE', *, *, #6503, .T. ) ;
#3803 = DIRECTION ( 'NONE',  ( -0.0000000000000000000, 0.0000000000000000000, -1.000000000000000000 ) ) ;
#3804 = CARTESIAN_POINT ( 'NONE',  ( 1.642793155588842646, 3.799999999999999822, 0.2611160120651015992 ) ) ;
#3805 = STYLED_ITEM ( 'NONE', ( #5750 ), #6698 ) ;
#3806 = LINE ( 'NONE', #6172, #8589 ) ;
#3807 = FILL_AREA_STYLE ('',( #4574 ) ) ;
#3808 = CARTESIAN_POINT ( 'NONE',  ( 3.656042047303650122, 3.800000000000001599, -0.5072185072815457163 ) ) ;
#3809 = COLOUR_RGB ( '',1.000000000000000000, 1.000000000000000000, 1.000000000000000000 ) ;
#3810 = CARTESIAN_POINT ( 'NONE',  ( -0.9382686618768081299, 3.800000000000000266, -0.4542734641575456034 ) ) ;
#3811 = VECTOR ( 'NONE', #8973, 1000.000000000000000 ) ;
#3812 = UNCERTAINTY_MEASURE_WITH_UNIT (LENGTH_MEASURE( 1.000000000000000082E-05 ), #3025, 'distance_accuracy_value', 'NONE');
#3813 = AXIS2_PLACEMENT_3D ( 'NONE', #2808, #6550, #593 ) ;
#3814 = EDGE_CURVE ( 'NONE', #576, #5466, #6626, .T. ) ;
#3815 = CARTESIAN_POINT ( 'NONE',  ( 1.804542783700777253, 3.790000000000000924, -0.5433301372367405069 ) ) ;
#3816 = CARTESIAN_POINT ( 'NONE',  ( 5.569999999999999396, 1.399999999999999911, -0.3500000000000005329 ) ) ;
#3817 = CARTESIAN_POINT ( 'NONE',  ( 3.450982042714459297, 3.790000000000000480, -0.1775678797339264037 ) ) ;
#3818 = CARTESIAN_POINT ( 'NONE',  ( -0.4131303412409393916, 3.790000000000000036, 0.1610432578174366969 ) ) ;
#3819 = LINE ( 'NONE', #140, #7540 ) ;
#3820 = CARTESIAN_POINT ( 'NONE',  ( 2.562673106642268106, 3.789999999999998703, -0.2921073294155333011 ) ) ;
#3821 = ORIENTED_EDGE ( 'NONE', *, *, #1074, .F. ) ;
#3822 = SURFACE_SIDE_STYLE ('',( #1283 ) ) ;
#3823 = CARTESIAN_POINT ( 'NONE',  ( 2.557743452589515964, 3.800000000000000711, 0.007348803480033435850 ) ) ;
#3824 = DIRECTION ( 'NONE',  ( 7.865066230034721430E-15, 1.000000000000000000, -4.655422824253577725E-13 ) ) ;
#3825 = CARTESIAN_POINT ( 'NONE',  ( 2.036116176187444005, 3.789999999999998703, -0.2964604602438243308 ) ) ;
#3826 = PLANE ( 'NONE',  #3361 ) ;
#3827 = FILL_AREA_STYLE_COLOUR ( '', #3506 ) ;
#3828 = FACE_OUTER_BOUND ( 'NONE', #7724, .T. ) ;
#3829 = CARTESIAN_POINT ( 'NONE',  ( 1.880565204382019795, 3.790000000000000924, -0.2390418438729723649 ) ) ;
#3830 = ORIENTED_EDGE ( 'NONE', *, *, #1986, .F. ) ;
#3831 = ORIENTED_EDGE ( 'NONE', *, *, #7786, .F. ) ;
#3832 = EDGE_CURVE ( 'NONE', #1722, #3482, #4636, .T. ) ;
#3833 = CARTESIAN_POINT ( 'NONE',  ( 1.910930038683739562, 3.790000000000000480, 0.1049202445333099337 ) ) ;
#3834 = CARTESIAN_POINT ( 'NONE',  ( 1.412585268847275755, 3.800000000000000711, -0.1438694420551717701 ) ) ;
#3835 = PRESENTATION_STYLE_ASSIGNMENT (( #2360 ) ) ;
#3836 = CARTESIAN_POINT ( 'NONE',  ( 1.558600980157784921, 3.800000000000001599, -0.4410855361367141958 ) ) ;
#3837 = CARTESIAN_POINT ( 'NONE',  ( 3.506232779120217913, 3.790000000000000036, -0.5770931259928603341 ) ) ;
#3838 = EDGE_LOOP ( 'NONE', ( #2141, #3797, #282, #5755 ) ) ;
#3839 = LINE ( 'NONE', #1754, #6988 ) ;
#3840 = PRESENTATION_LAYER_ASSIGNMENT (  '', '', ( #2832 ) ) ;
#3841 = ORIENTED_EDGE ( 'NONE', *, *, #1163, .T. ) ;
#3842 = LINE ( 'NONE', #3018, #6157 ) ;
#3843 = CARTESIAN_POINT ( 'NONE',  ( 1.951253038902362791, 3.789999999999998703, -0.2609284761034963984 ) ) ;
#3844 = CARTESIAN_POINT ( 'NONE',  ( 3.512597038737320876, 3.799999999999999822, 0.1809734354101878162 ) ) ;
#3845 = STYLED_ITEM ( 'NONE', ( #4979 ), #7488 ) ;
#3846 = EDGE_LOOP ( 'NONE', ( #2939, #1466, #9313, #7684, #4481, #5249 ) ) ;
#3847 = DIRECTION ( 'NONE',  ( 0.0000000000000000000, -0.0000000000000000000, 1.000000000000000000 ) ) ;
#3848 = SURFACE_STYLE_FILL_AREA ( #5688 ) ;
#3849 = CARTESIAN_POINT ( 'NONE',  ( 3.437726880128067375, 3.799999999999999822, -0.2793658450293675655 ) ) ;
#3850 =( LENGTH_UNIT ( ) NAMED_UNIT ( * ) SI_UNIT ( .MILLI., .METRE. ) );
#3851 = CARTESIAN_POINT ( 'NONE',  ( 2.569542214294872284, 3.800000000000001155, -0.08564916785487802775 ) ) ;
#3852 = FILL_AREA_STYLE_COLOUR ( '', #4728 ) ;
#3853 = DIRECTION ( 'NONE',  ( -0.0000000000000000000, 1.000000000000000000, -0.0000000000000000000 ) ) ;
#3854 = CARTESIAN_POINT ( 'NONE',  ( -1.045712049745829209, 3.800000000000000711, 0.2429961407179871413 ) ) ;
#3855 = CARTESIAN_POINT ( 'NONE',  ( 3.569999999999999396, 1.899999999999999911, 0.3499999999999996447 ) ) ;
#3856 = PRESENTATION_LAYER_ASSIGNMENT (  '', '', ( #3901 ) ) ;
#3857 = PRESENTATION_LAYER_ASSIGNMENT (  '', '', ( #7717 ) ) ;
#3858 = ORIENTED_EDGE ( 'NONE', *, *, #2633, .F. ) ;
#3859 = CARTESIAN_POINT ( 'NONE',  ( 2.245349201703936703, 3.790000000000000036, 0.1732875679849622819 ) ) ;
#3860 = CARTESIAN_POINT ( 'NONE',  ( 1.929043296845347477, 3.789999999999999147, 0.05984903665336745171 ) ) ;
#3861 = VECTOR ( 'NONE', #4930, 1000.000000000000000 ) ;
#3862 = CARTESIAN_POINT ( 'NONE',  ( 1.557839628067080984, 3.799999999999999822, 0.2299355100815988762 ) ) ;
#3863 =( GEOMETRIC_REPRESENTATION_CONTEXT ( 3 ) GLOBAL_UNCERTAINTY_ASSIGNED_CONTEXT ( ( #279 ) ) GLOBAL_UNIT_ASSIGNED_CONTEXT ( ( #1, #3897, #4515 ) ) REPRESENTATION_CONTEXT ( 'NONE', 'WORKASPACE' ) );
#3864 = CARTESIAN_POINT ( 'NONE',  ( 1.655821954085157532, 3.789999999999998703, -0.4939731607068254537 ) ) ;
#3865 = EDGE_CURVE ( 'NONE', #1096, #9084, #9669, .T. ) ;
#3866 = CARTESIAN_POINT ( 'NONE',  ( 1.847899786279060486, 3.790000000000000480, 0.06071763165408215757 ) ) ;
#3867 = B_SPLINE_CURVE_WITH_KNOTS ( 'NONE', 3,
 ( #7530, #805, #9066, #8266, #5207, #6056, #3105, #8208, #3796, #4565, #6748, #2257, #3072, #9005, #6715, #5269, #5990, #7501, #771, #7464, #8237, #3006, #6784 ),
 .UNSPECIFIED., .F., .F.,
 ( 4, 1, 1, 1, 1, 1, 1, 1, 1, 1, 1, 1, 1, 1, 1, 1, 1, 1, 1, 1, 4 ),
 ( 0.0000000000000000000, 0.06038661931106305281, 0.1208832485859955147, 0.1827546186251399751, 0.2478110297583504540, 0.2812991000432493172, 0.3150876241506577746, 0.3497023955502747694, 0.3848565811185559182, 0.4209661972261023455, 0.4585111882611392908, 0.4971747221273122852, 0.5376020478662693058, 0.5805030184200117294, 0.6274675400267047953, 0.6783882095592435046, 0.7339832205925606035, 0.7937467045508349583, 0.8577136721607321324, 0.9266978643613861255, 1.000000000000000000 ),
 .UNSPECIFIED. ) ;
#3868 = ORIENTED_EDGE ( 'NONE', *, *, #307, .F. ) ;
#3869 = ORIENTED_EDGE ( 'NONE', *, *, #6571, .F. ) ;
#3870 = CARTESIAN_POINT ( 'NONE',  ( 2.436310546596483384, 3.789999999999999591, 0.2184132198682124659 ) ) ;
#3872 = PRESENTATION_LAYER_ASSIGNMENT (  '', '', ( #2375 ) ) ;
#3871 = CARTESIAN_POINT ( 'NONE',  ( -0.9012231456508300598, 3.800000000000000266, 0.2265015311333027082 ) ) ;
#3873 = CARTESIAN_POINT ( 'NONE',  ( 3.527498115277961865, 3.790000000000001812, -0.4908293860856615121 ) ) ;
#3874 = SURFACE_STYLE_USAGE ( .BOTH. , #76 ) ;
#3875 = EDGE_LOOP ( 'NONE', ( #1591, #5880, #8047, #8912 ) ) ;
#3876 = CARTESIAN_POINT ( 'NONE',  ( 3.619722222861624594, 3.790000000000000036, -0.03254648577230689899 ) ) ;
#3877 = CARTESIAN_POINT ( 'NONE',  ( 2.466272375381840298, 3.800000000000000266, 0.1928538371424289855 ) ) ;
#3878 = DIRECTION ( 'NONE',  ( -0.0000000000000000000, 1.000000000000000000, -0.0000000000000000000 ) ) ;
#3879 = EDGE_CURVE ( 'NONE', #8365, #8271, #2077, .T. ) ;
#3880 = CARTESIAN_POINT ( 'NONE',  ( -0.7422242662452301909, 3.800000000000000711, -0.2764519759598047521 ) ) ;
#3881 = CARTESIAN_POINT ( 'NONE',  ( -0.7574496613254433353, 3.790000000000000924, 0.1442207911333214243 ) ) ;
#3882 = FILL_AREA_STYLE_COLOUR ( '', #6029 ) ;
#3883 = CARTESIAN_POINT ( 'NONE',  ( 1.708626773431231483, 3.789999999999999591, -0.4939749220478086289 ) ) ;
#3884 = LINE ( 'NONE', #4394, #7148 ) ;
#3885 = FACE_OUTER_BOUND ( 'NONE', #8536, .T. ) ;
#3886 = EDGE_LOOP ( 'NONE', ( #8080, #7468, #5513, #7242, #543, #1560, #4909, #2422, #5395, #6502, #4514, #1889, #8433, #5567, #2883, #4411, #2355 ) ) ;
#3887 = SURFACE_SIDE_STYLE ('',( #8488 ) ) ;
#3888 = CARTESIAN_POINT ( 'NONE',  ( 1.864766111721336106, 3.790000000000000480, 0.1781115233935073594 ) ) ;
#3889 =( LENGTH_UNIT ( ) NAMED_UNIT ( * ) SI_UNIT ( .MILLI., .METRE. ) );
#3890 = PRESENTATION_LAYER_ASSIGNMENT (  '', '', ( #6195 ) ) ;
#3891 =( LENGTH_UNIT ( ) NAMED_UNIT ( * ) SI_UNIT ( .MILLI., .METRE. ) );
#3892 = SURFACE_STYLE_USAGE ( .BOTH. , #1566 ) ;
#3893 = ORIENTED_EDGE ( 'NONE', *, *, #5487, .F. ) ;
#3894 = FACE_OUTER_BOUND ( 'NONE', #9097, .T. ) ;
#3895 = EDGE_LOOP ( 'NONE', ( #8806, #2572, #8153, #3011 ) ) ;
#3896 = LINE ( 'NONE', #1113, #2505 ) ;
#3897 =( NAMED_UNIT ( * ) PLANE_ANGLE_UNIT ( ) SI_UNIT ( $, .RADIAN. ) );
#3898 = ORIENTED_EDGE ( 'NONE', *, *, #7807, .F. ) ;
#3899 = CARTESIAN_POINT ( 'NONE',  ( 3.600678501599979597, 3.800000000000002487, -0.4444324427293025459 ) ) ;
#3900 = CARTESIAN_POINT ( 'NONE',  ( 1.804542783700777253, 3.800000000000000711, -0.5433301372367405069 ) ) ;
#3901 = STYLED_ITEM ( 'NONE', ( #9471 ), #2850 ) ;
#3902 = UNCERTAINTY_MEASURE_WITH_UNIT (LENGTH_MEASURE( 1.000000000000000082E-05 ), #2609, 'distance_accuracy_value', 'NONE');
#3903 = ORIENTED_EDGE ( 'NONE', *, *, #5741, .F. ) ;
#3904 = ORIENTED_EDGE ( 'NONE', *, *, #8126, .F. ) ;
#3905 = CARTESIAN_POINT ( 'NONE',  ( 3.645042735682137991, 3.799999999999999822, -0.3928028960287172078 ) ) ;
#3906 = LINE ( 'NONE', #6311, #1424 ) ;
#3907 =( GEOMETRIC_REPRESENTATION_CONTEXT ( 3 ) GLOBAL_UNCERTAINTY_ASSIGNED_CONTEXT ( ( #6967 ) ) GLOBAL_UNIT_ASSIGNED_CONTEXT ( ( #4432, #692, #8842 ) ) REPRESENTATION_CONTEXT ( 'NONE', 'WORKASPACE' ) );
#3908 = CARTESIAN_POINT ( 'NONE',  ( 3.390698142856266362, 3.790000000000000480, -0.2243729461700540440 ) ) ;
#3909 = CARTESIAN_POINT ( 'NONE',  ( 2.436310546596483384, 3.799999999999999378, 0.2184132198682124659 ) ) ;
#3910 = CARTESIAN_POINT ( 'NONE',  ( 2.245047036960797993, 3.789999999999998259, -0.4874147027430336121 ) ) ;
#3911 = VECTOR ( 'NONE', #5184, 1000.000000000000000 ) ;
#3912 = CARTESIAN_POINT ( 'NONE',  ( 2.222680436362505230, 3.789999999999999591, -0.5663705693600158408 ) ) ;
#3913 = CARTESIAN_POINT ( 'NONE',  ( -3.569999999999999396, 1.399999999999999911, 0.3499999999999996447 ) ) ;
#3914 = CARTESIAN_POINT ( 'NONE',  ( 2.420951306536639258, 3.790000000000000036, -0.4405382854319108143 ) ) ;
#3915 = CARTESIAN_POINT ( 'NONE',  ( 3.374801221033974397, 3.789999999999999591, -0.5397923557868671285 ) ) ;
#3916 = FILL_AREA_STYLE ('',( #175 ) ) ;
#3917 = EDGE_CURVE ( 'NONE', #9117, #1954, #7916, .T. ) ;
#3918 = CARTESIAN_POINT ( 'NONE',  ( 2.271330561928281089, 3.799999999999998934, 0.1802321294552049480 ) ) ;
#3919 = VECTOR ( 'NONE', #1395, 1000.000000000000000 ) ;
#3920 = CARTESIAN_POINT ( 'NONE',  ( 2.297767094656497644, 3.790000000000000480, -0.4953669985928199071 ) ) ;
#3921 =( NAMED_UNIT ( * ) PLANE_ANGLE_UNIT ( ) SI_UNIT ( $, .RADIAN. ) );
#3922 = FACE_BOUND ( 'NONE', #1210, .T. ) ;
#3923 = COLOUR_RGB ( '',1.000000000000000000, 1.000000000000000000, 1.000000000000000000 ) ;
#3924 = CARTESIAN_POINT ( 'NONE',  ( 3.374263288044273335, 3.789999999999999147, -0.3685451713263663276 ) ) ;
#3925 = B_SPLINE_CURVE_WITH_KNOTS ( 'NONE', 3,
 ( #9028, #3067, #7619, #3910, #9132, #8300, #4560, #896, #6148, #1684, #6901, #7645, #302, #6972, #9193, #7685, #6250, #3229, #7720, #3981, #8549, #1791, #8443 ),
 .UNSPECIFIED., .F., .F.,
 ( 4, 1, 1, 1, 1, 1, 1, 1, 1, 1, 1, 1, 1, 1, 1, 1, 1, 1, 1, 1, 4 ),
 ( 0.0000000000000000000, 0.06038661931106300423, 0.1208832485859973327, 0.1827546186251399474, 0.2478110297583520638, 0.2812991000432493727, 0.3150876241506577746, 0.3497023955502760462, 0.3848565811185559737, 0.4209661972261035112, 0.4585111882611394019, 0.4971747221273123962, 0.5376020478662700830, 0.5805030184200119514, 0.6274675400267049064, 0.6783882095592439487, 0.7339832205925607145, 0.7937467045508351804, 0.8577136721607321324, 0.9266978643613861255, 1.000000000000000000 ),
 .UNSPECIFIED. ) ;
#3926 = CARTESIAN_POINT ( 'NONE',  ( 1.465376794101129310, 3.790000000000001812, 0.1289973745304057728 ) ) ;
#3927 = VECTOR ( 'NONE', #6834, 1000.000000000000000 ) ;
#3928 = STYLED_ITEM ( 'NONE', ( #4816 ), #9000 ) ;
#3929 = EDGE_CURVE ( 'NONE', #3279, #7893, #2773, .T. ) ;
#3930 = LINE ( 'NONE', #4332, #6609 ) ;
#3931 = CARTESIAN_POINT ( 'NONE',  ( -0.6490277771383753391, 3.799999999999999822, -0.1468093062851274222 ) ) ;
#3932 = ORIENTED_EDGE ( 'NONE', *, *, #5470, .T. ) ;
#3933 = SURFACE_SIDE_STYLE ('',( #2140 ) ) ;
#3934 = ORIENTED_EDGE ( 'NONE', *, *, #8190, .T. ) ;
#3935 = ORIENTED_EDGE ( 'NONE', *, *, #3714, .T. ) ;
#3936 = FILL_AREA_STYLE ('',( #8435 ) ) ;
#3937 = LINE ( 'NONE', #16, #728 ) ;
#3938 = VECTOR ( 'NONE', #7568, 1000.000000000000000 ) ;
#3939 = EDGE_CURVE ( 'NONE', #1002, #3676, #2659, .T. ) ;
#3940 = DIRECTION ( 'NONE',  ( 0.0000000000000000000, 1.000000000000000000, 0.0000000000000000000 ) ) ;
#3941 = FILL_AREA_STYLE ('',( #3166 ) ) ;
#3942 = EDGE_CURVE ( 'NONE', #9368, #5737, #7666, .T. ) ;
#3943 = ORIENTED_EDGE ( 'NONE', *, *, #6224, .F. ) ;
#3944 = ORIENTED_EDGE ( 'NONE', *, *, #3917, .F. ) ;
#3945 = CARTESIAN_POINT ( 'NONE',  ( -0.6495115390037301539, 3.790000000000000924, -0.1806350370198903377 ) ) ;
#3946 = DIRECTION ( 'NONE',  ( 8.673617379884036705E-17, 0.0000000000000000000, 1.000000000000000000 ) ) ;
#3947 = ORIENTED_EDGE ( 'NONE', *, *, #2755, .T. ) ;
#3948 = ADVANCED_FACE ( 'NONE', ( #4745 ), #9353, .T. ) ;
#3949 = ORIENTED_EDGE ( 'NONE', *, *, #6432, .F. ) ;
#3950 =( NAMED_UNIT ( * ) SI_UNIT ( $, .STERADIAN. ) SOLID_ANGLE_UNIT ( ) );
#3951 = VECTOR ( 'NONE', #3194, 1000.000000000000000 ) ;
#3952 = SURFACE_SIDE_STYLE ('',( #5814 ) ) ;
#3953 = DIRECTION ( 'NONE',  ( 0.0000000000000000000, -1.000000000000000000, -1.141265444721583757E-16 ) ) ;
#3954 = EDGE_LOOP ( 'NONE', ( #678, #6624, #6338, #7327, #6365, #4740, #4278, #319 ) ) ;
#3955 = MECHANICAL_DESIGN_GEOMETRIC_PRESENTATION_REPRESENTATION (  '', ( #2265 ), #5425 ) ;
#3956 = SURFACE_STYLE_FILL_AREA ( #5551 ) ;
#3957 = COLOUR_RGB ( '',1.000000000000000000, 1.000000000000000000, 1.000000000000000000 ) ;
#3958 = CARTESIAN_POINT ( 'NONE',  ( 1.771290728582306961, 3.799999999999998490, 0.2459632427422755729 ) ) ;
#3959 = CARTESIAN_POINT ( 'NONE',  ( 1.493700287316967801, 3.800000000000000266, -0.01708925844646968714 ) ) ;
#3960 = VECTOR ( 'NONE', #6006, 1000.000000000000000 ) ;
#3961 = B_SPLINE_CURVE_WITH_KNOTS ( 'NONE', 3,
 ( #9281, #8541, #9250, #7001, #4035, #6238, #1047, #4095, #4766, #6312, #1847, #257, #2535, #7057, #4861, #6341, #2595, #350, #7813 ),
 .UNSPECIFIED., .F., .F.,
 ( 4, 1, 1, 1, 1, 1, 1, 1, 1, 1, 1, 1, 1, 1, 1, 1, 4 ),
 ( 0.0000000000000000000, 0.06154496601632323399, 0.1216942964020306384, 0.1811548554526328514, 0.2398753889119565885, 0.2987019424504289700, 0.3576474237092008845, 0.4176048428493668863, 0.4784940407282910479, 0.5404070506371329019, 0.6023449938728028252, 0.6650043279232334958, 0.7285593088233758285, 0.7936505420268854527, 0.8605342675902675209, 0.9292359605619636698, 1.000000000000000000 ),
 .UNSPECIFIED. ) ;
#3962 = LINE ( 'NONE', #9529, #2447 ) ;
#3963 = CARTESIAN_POINT ( 'NONE',  ( 1.493540445676497574, 3.790000000000001812, -0.2971399519715639537 ) ) ;
#3964 = CARTESIAN_POINT ( 'NONE',  ( 1.420872147434188326, 3.790000000000001368, -0.01744779821163019648 ) ) ;
#3965 = CARTESIAN_POINT ( 'NONE',  ( 2.240284641044327785, 3.790000000000000036, 0.2576198970451349934 ) ) ;
#3966 = ORIENTED_EDGE ( 'NONE', *, *, #4664, .T. ) ;
#3967 = CARTESIAN_POINT ( 'NONE',  ( 1.438368106500786725, 3.799999999999998490, 0.06469670046766413940 ) ) ;
#3968 = MECHANICAL_DESIGN_GEOMETRIC_PRESENTATION_REPRESENTATION (  '', ( #96 ), #6276 ) ;
#3969 = ORIENTED_EDGE ( 'NONE', *, *, #8764, .F. ) ;
#3970 = CARTESIAN_POINT ( 'NONE',  ( -3.569999999999999396, 1.399999999999999911, 0.3499999999999996447 ) ) ;
#3971 = LINE ( 'NONE', #422, #7457 ) ;
#3972 = CARTESIAN_POINT ( 'NONE',  ( 3.569999999999999396, 1.900000000000000355, -0.3500000000000004774 ) ) ;
#3973 = DIRECTION ( 'NONE',  ( 0.0000000000000000000, 0.0000000000000000000, 1.000000000000000000 ) ) ;
#3974 = SURFACE_SIDE_STYLE ('',( #6772 ) ) ;
#3975 = CARTESIAN_POINT ( 'NONE',  ( 1.607460310451117147, 3.790000000000001368, 0.2527246732528872775 ) ) ;
#3976 = CARTESIAN_POINT ( 'NONE',  ( 3.186869658759061252, 3.790000000000000036, 0.05847915525333415021 ) ) ;
#3977 = COLOUR_RGB ( '',1.000000000000000000, 1.000000000000000000, 1.000000000000000000 ) ;
#3978 = CARTESIAN_POINT ( 'NONE',  ( 2.027895299784701511, 3.799999999999999822, -0.1565849473107684686 ) ) ;
#3979 = CARTESIAN_POINT ( 'NONE',  ( -1.128621182507690390, 3.790000000000000036, 0.1609865500747926503 ) ) ;
#3980 = ORIENTED_EDGE ( 'NONE', *, *, #211, .T. ) ;
#3981 = CARTESIAN_POINT ( 'NONE',  ( 2.101167261606363468, 3.789999999999999147, -0.2186761852187052990 ) ) ;
#3982 = EDGE_CURVE ( 'NONE', #9607, #7669, #7670, .T. ) ;
#3983 = CARTESIAN_POINT ( 'NONE',  ( 2.369323811914463729, 3.800000000000000711, 0.2524855378229049485 ) ) ;
#3984 = PLANE ( 'NONE',  #8527 ) ;
#3985 = CARTESIAN_POINT ( 'NONE',  ( 3.470411957209728282, 3.790000000000001368, -0.5764388064034913217 ) ) ;
#3986 = CARTESIAN_POINT ( 'NONE',  ( 3.248408120297522128, 3.799999999999999822, 0.08876761679179567821 ) ) ;
#3987 = CARTESIAN_POINT ( 'NONE',  ( 1.825624572812101887, 3.800000000000001155, -0.4154715111534629246 ) ) ;
#3988 = ORIENTED_EDGE ( 'NONE', *, *, #1268, .T. ) ;
#3989 = CARTESIAN_POINT ( 'NONE',  ( 1.526632180392236471, 3.789999999999999591, -0.5210176971794607814 ) ) ;
#3990 = CARTESIAN_POINT ( 'NONE',  ( 2.240284641044327785, 3.799999999999999822, 0.2576198970451349934 ) ) ;
#3991 = DIRECTION ( 'NONE',  ( 0.0000000000000000000, -1.000000000000000000, 0.0000000000000000000 ) ) ;
#3992 = VERTEX_POINT ( 'NONE', #2160 ) ;
#3993 = FILL_AREA_STYLE_COLOUR ( '', #8033 ) ;
#3994 = FILL_AREA_STYLE_COLOUR ( '', #3580 ) ;
#3995 = EDGE_CURVE ( 'NONE', #6696, #4123, #272, .T. ) ;
#3996 = SURFACE_SIDE_STYLE ('',( #8301 ) ) ;
#3997 = CARTESIAN_POINT ( 'NONE',  ( 1.527370207025271931, 3.800000000000001155, 0.2079658861806452375 ) ) ;
#3998 = FACE_OUTER_BOUND ( 'NONE', #4517, .T. ) ;
#3999 = DIRECTION ( 'NONE',  ( -0.0000000000000000000, 1.000000000000000000, -0.0000000000000000000 ) ) ;
#4000 = STYLED_ITEM ( 'NONE', ( #5556 ), #727 ) ;
#4001 = ORIENTED_EDGE ( 'NONE', *, *, #9485, .T. ) ;
#4002 = CARTESIAN_POINT ( 'NONE',  ( 3.581133204751322019, 3.790000000000000036, -0.4625494461949802294 ) ) ;
#4003 = DIRECTION ( 'NONE',  ( -0.0000000000000000000, 1.000000000000000000, -0.0000000000000000000 ) ) ;
#4004 = CARTESIAN_POINT ( 'NONE',  ( -1.177393161753760298, 3.799999999999999822, -0.4748541780799992451 ) ) ;
#4005 =( NAMED_UNIT ( * ) PLANE_ANGLE_UNIT ( ) SI_UNIT ( $, .RADIAN. ) );
#4006 = ORIENTED_EDGE ( 'NONE', *, *, #2499, .F. ) ;
#4007 = CARTESIAN_POINT ( 'NONE',  ( 2.156970626239353983, 3.800000000000000266, -0.5328682805817642754 ) ) ;
#4008 = LINE ( 'NONE', #5543, #4472 ) ;
#4009 = DIRECTION ( 'NONE',  ( 1.000000000000000000, -0.0000000000000000000, -8.673617379884036705E-17 ) ) ;
#4010 = VERTEX_POINT ( 'NONE', #8939 ) ;
#4011 = EDGE_CURVE ( 'NONE', #8955, #1347, #4061, .T. ) ;
#4012 = CARTESIAN_POINT ( 'NONE',  ( -0.8845570087788091618, 3.800000000000000711, -0.4346990021141842742 ) ) ;
#4013 = VECTOR ( 'NONE', #2521, 1000.000000000000000 ) ;
#4014 = CARTESIAN_POINT ( 'NONE',  ( -5.569999999999999396, 0.0000000000000000000, 0.0000000000000000000 ) ) ;
#4015 = UNCERTAINTY_MEASURE_WITH_UNIT (LENGTH_MEASURE( 1.000000000000000082E-05 ), #9363, 'distance_accuracy_value', 'NONE');
#4016 = CARTESIAN_POINT ( 'NONE',  ( 3.313450432146549218, 3.790000000000000480, -0.4637515823432455941 ) ) ;
#4017 = CARTESIAN_POINT ( 'NONE',  ( 3.252617076156747444, 3.799999999999999822, 0.09639042054563470852 ) ) ;
#4018 = CARTESIAN_POINT ( 'NONE',  ( 3.512597038737320876, 3.790000000000000036, 0.1809734354101878162 ) ) ;
#4019 = EDGE_LOOP ( 'NONE', ( #8545, #4360, #8044, #5697 ) ) ;
#4020 = CARTESIAN_POINT ( 'NONE',  ( 2.036256762818804411, 3.790000000000000480, -0.01744779821163040118 ) ) ;
#4021 = CARTESIAN_POINT ( 'NONE',  ( 3.079978633118034992, 3.790000000000000036, -0.5774182806441018334 ) ) ;
#4022 =( GEOMETRIC_REPRESENTATION_CONTEXT ( 3 ) GLOBAL_UNCERTAINTY_ASSIGNED_CONTEXT ( ( #7546 ) ) GLOBAL_UNIT_ASSIGNED_CONTEXT ( ( #3891, #6162, #6855 ) ) REPRESENTATION_CONTEXT ( 'NONE', 'WORKASPACE' ) );
#4023 = ORIENTED_EDGE ( 'NONE', *, *, #3439, .F. ) ;
#4024 = B_SPLINE_CURVE_WITH_KNOTS ( 'NONE', 3,
 ( #2390, #3203, #9164, #4680, #174, #5423, #6189 ),
 .UNSPECIFIED., .F., .F.,
 ( 4, 1, 1, 1, 4 ),
 ( 0.0000000000000000000, 0.2347233736739014753, 0.4771583189289861915, 0.7285562842030526287, 1.000000000000000000 ),
 .UNSPECIFIED. ) ;
#4025 = CARTESIAN_POINT ( 'NONE',  ( 1.847899786279060486, 3.800000000000000266, 0.06071763165408215757 ) ) ;
#4026 = DIRECTION ( 'NONE',  ( 0.0000000000000000000, 0.0000000000000000000, 1.000000000000000000 ) ) ;
#4027 = LINE ( 'NONE', #6837, #461 ) ;
#4028 = CARTESIAN_POINT ( 'NONE',  ( 2.258177770973458287, 3.789999999999999147, 0.2611160120651015992 ) ) ;
#4029 = CARTESIAN_POINT ( 'NONE',  ( 1.115074786964188824, 3.799999999999999822, -0.5569054601312812824 ) ) ;
#4030 = UNCERTAINTY_MEASURE_WITH_UNIT (LENGTH_MEASURE( 1.000000000000000082E-05 ), #8008, 'distance_accuracy_value', 'NONE');
#4031 = ORIENTED_EDGE ( 'NONE', *, *, #872, .F. ) ;
#4032 = VERTEX_POINT ( 'NONE', #8304 ) ;
#4033 = SURFACE_SIDE_STYLE ('',( #14 ) ) ;
#4034 =( GEOMETRIC_REPRESENTATION_CONTEXT ( 3 ) GLOBAL_UNCERTAINTY_ASSIGNED_CONTEXT ( ( #7188 ) ) GLOBAL_UNIT_ASSIGNED_CONTEXT ( ( #1993, #6383, #7193 ) ) REPRESENTATION_CONTEXT ( 'NONE', 'WORKASPACE' ) );
#4035 = CARTESIAN_POINT ( 'NONE',  ( -0.8119052085353823944, 3.799999999999999822, -0.4894966542148598831 ) ) ;
#4036 = PRESENTATION_STYLE_ASSIGNMENT (( #6072 ) ) ;
#4037 = CARTESIAN_POINT ( 'NONE',  ( 3.344401710041112086, 3.799999999999999822, -0.2689246909005120756 ) ) ;
#4038 = DIRECTION ( 'NONE',  ( -1.000000000000000000, -0.0000000000000000000, -0.0000000000000000000 ) ) ;
#4039 = LINE ( 'NONE', #7107, #6950 ) ;
#4040 = CARTESIAN_POINT ( 'NONE',  ( 2.222680436362505230, 3.799999999999999378, -0.5663705693600158408 ) ) ;
#4041 = CARTESIAN_POINT ( 'NONE',  ( 2.295363248502650499, 3.799999999999998934, 0.2636073603815393129 ) ) ;
#4042 = SURFACE_STYLE_USAGE ( .BOTH. , #7821 ) ;
#4043 = CYLINDRICAL_SURFACE ( 'NONE', #8911, 0.4999999999999995559 ) ;
#4044 = FILL_AREA_STYLE_COLOUR ( '', #2405 ) ;
#4045 = DIRECTION ( 'NONE',  ( -0.0000000000000000000, 1.000000000000000000, -0.0000000000000000000 ) ) ;
#4046 = PRESENTATION_STYLE_ASSIGNMENT (( #2149 ) ) ;
#4047 = DIRECTION ( 'NONE',  ( 1.000000000000000000, 0.0000000000000000000, 0.0000000000000000000 ) ) ;
#4048 = ORIENTED_EDGE ( 'NONE', *, *, #7073, .F. ) ;
#4049 = EDGE_CURVE ( 'NONE', #7578, #9251, #7605, .T. ) ;
#4050 = CARTESIAN_POINT ( 'NONE',  ( 1.557361202715703330, 3.800000000000000711, -0.5432567312496368039 ) ) ;
#4051 = SURFACE_SIDE_STYLE ('',( #4236 ) ) ;
#4052 = SURFACE_STYLE_USAGE ( .BOTH. , #7762 ) ;
#4053 = PRESENTATION_STYLE_ASSIGNMENT (( #4203 ) ) ;
#4054 = ORIENTED_EDGE ( 'NONE', *, *, #8980, .F. ) ;
#4055 = CARTESIAN_POINT ( 'NONE',  ( 3.719755299933873438, 3.790000000000000480, 0.06847826409968708894 ) ) ;
#4056 = CARTESIAN_POINT ( 'NONE',  ( 1.465376794101129310, 3.790000000000001812, 0.1289973745304057728 ) ) ;
#4057 = EDGE_LOOP ( 'NONE', ( #8613, #9012, #287, #968 ) ) ;
#4058 = CARTESIAN_POINT ( 'NONE',  ( 1.542230129548662454, 3.799999999999998934, 0.2196965566099910450 ) ) ;
#4059 = ORIENTED_EDGE ( 'NONE', *, *, #2125, .T. ) ;
#4060 = FACE_OUTER_BOUND ( 'NONE', #4981, .T. ) ;
#4061 = LINE ( 'NONE', #2326, #5676 ) ;
#4062 = ORIENTED_EDGE ( 'NONE', *, *, #507, .F. ) ;
#4063 = CARTESIAN_POINT ( 'NONE',  ( 5.500000000000000000, 1.900000000000000355, -1.249999999999999778 ) ) ;
#4064 = APPLICATION_PROTOCOL_DEFINITION ( 'draft international standard', 'automotive_design', 1998, #5574 ) ;
#4065 = FACE_OUTER_BOUND ( 'NONE', #3771, .T. ) ;
#4066 = EDGE_CURVE ( 'NONE', #3265, #3565, #4865, .T. ) ;
#4067 = CARTESIAN_POINT ( 'NONE',  ( 3.540423948101122154, 3.800000000000002487, -0.2047541017580125355 ) ) ;
#4068 = LINE ( 'NONE', #3976, #4532 ) ;
#4069 = ORIENTED_EDGE ( 'NONE', *, *, #8590, .F. ) ;
#4070 = FACE_OUTER_BOUND ( 'NONE', #4480, .T. ) ;
#4071 = CARTESIAN_POINT ( 'NONE',  ( 2.289053561691750893, 3.790000000000000036, -0.5773123683654480809 ) ) ;
#4072 = CARTESIAN_POINT ( 'NONE',  ( 2.324325493477171545, 3.789999999999999591, 0.1804612112185774164 ) ) ;
#4073 = VERTEX_POINT ( 'NONE', #4534 ) ;
#4074 = DIRECTION ( 'NONE',  ( -8.673617379884035472E-17, -0.0000000000000000000, -1.000000000000000000 ) ) ;
#4075 = CARTESIAN_POINT ( 'NONE',  ( 2.403768688732015768, 3.789999999999999591, 0.2383671981594534806 ) ) ;
#4076 = DIRECTION ( 'NONE',  ( -0.0000000000000000000, 1.000000000000000000, -0.0000000000000000000 ) ) ;
#4077 = SURFACE_STYLE_USAGE ( .BOTH. , #8520 ) ;
#4078 = CARTESIAN_POINT ( 'NONE',  ( 3.358253410716405707, 3.800000000000001155, 0.2235120239944979881 ) ) ;
#4079 = DIRECTION ( 'NONE',  ( 1.000000000000000000, 0.0000000000000000000, 0.0000000000000000000 ) ) ;
#4080 = STYLED_ITEM ( 'NONE', ( #6512 ), #3267 ) ;
#4081 = EDGE_CURVE ( 'NONE', #5618, #4190, #5440, .T. ) ;
#4082 = CARTESIAN_POINT ( 'NONE',  ( 1.454835904635678467, 3.789999999999999591, -0.4224663756187394537 ) ) ;
#4083 = CARTESIAN_POINT ( 'NONE',  ( 2.258177770973458287, 3.789999999999999147, 0.2611160120651015992 ) ) ;
#4084 = DIRECTION ( 'NONE',  ( 1.000000000000000000, 0.0000000000000000000, -0.0000000000000000000 ) ) ;
#4085 = CARTESIAN_POINT ( 'NONE',  ( 3.491677351066753143, 3.790000000000000036, 0.2636073603815393129 ) ) ;
#4086 = B_SPLINE_CURVE_WITH_KNOTS ( 'NONE', 3,
 ( #3355, #4895, #4148, #1077, #1886, #9385, #386, #5631, #512, #8006, #3610, #8780, #4987, #9602, #7254, #8857, #7973, #5796, #5046, #5731, #9508, #3544, #1251 ),
 .UNSPECIFIED., .F., .F.,
 ( 4, 1, 1, 1, 1, 1, 1, 1, 1, 1, 1, 1, 1, 1, 1, 1, 1, 1, 1, 1, 4 ),
 ( 0.0000000000000000000, 0.07295106587586649982, 0.1415836941865450671, 0.2059264601708671039, 0.2653013571846053464, 0.3205972327139282596, 0.3718165030988102582, 0.4187897697094519756, 0.4616987286157646087, 0.5021335821035654012, 0.5408043152926478303, 0.5781805253279660439, 0.6142968652075150304, 0.6496782432647877359, 0.6842994600896380453, 0.7183589527723606150, 0.7520808646475976023, 0.8176524386023857893, 0.8797220764054370923, 0.9399655597309873878, 1.000000000000000000 ),
 .UNSPECIFIED. ) ;
#4087 = CARTESIAN_POINT ( 'NONE',  ( 1.861325981885349368, 3.800000000000000711, 0.02258444817827548468 ) ) ;
#4088 = CARTESIAN_POINT ( 'NONE',  ( 3.636739397996448631, 3.790000000000000036, 0.2143721630786478982 ) ) ;
#4089 = ORIENTED_EDGE ( 'NONE', *, *, #4960, .F. ) ;
#4090 = CARTESIAN_POINT ( 'NONE',  ( 2.103130200689170781, 3.790000000000000036, 0.1645680294739878535 ) ) ;
#4091 = DIRECTION ( 'NONE',  ( 0.9079872537420921041, 0.0000000000000000000, -0.4189977888269744155 ) ) ;
#4092 = MECHANICAL_DESIGN_GEOMETRIC_PRESENTATION_REPRESENTATION (  '', ( #853 ), #2915 ) ;
#4093 = VECTOR ( 'NONE', #8670, 1000.000000000000000 ) ;
#4094 = CARTESIAN_POINT ( 'NONE',  ( 3.480528387703743398, 3.799999999999999378, -0.4950900386038167844 ) ) ;
#4095 = CARTESIAN_POINT ( 'NONE',  ( -0.7474416958469880523, 3.799999999999999822, -0.4335475578034581057 ) ) ;
#4096 = FACE_OUTER_BOUND ( 'NONE', #3330, .T. ) ;
#4097 = PRESENTATION_LAYER_ASSIGNMENT (  '', '', ( #1579 ) ) ;
#4098 = CARTESIAN_POINT ( 'NONE',  ( 2.420951306536639258, 3.799999999999999822, -0.4405382854319108143 ) ) ;
#4099 = ORIENTED_EDGE ( 'NONE', *, *, #8439, .F. ) ;
#4100 = CARTESIAN_POINT ( 'NONE',  ( 3.710652040175072219, 3.800000000000001599, -0.01417731044884779079 ) ) ;
#4101 = VERTEX_POINT ( 'NONE', #732 ) ;
#4102 = CARTESIAN_POINT ( 'NONE',  ( 2.127748938344365737, 3.800000000000000266, -0.5080095256448758922 ) ) ;
#4103 = DIRECTION ( 'NONE',  ( 0.9080590238365493505, 0.0000000000000000000, -0.4188422247446085267 ) ) ;
#4104 = EDGE_CURVE ( 'NONE', #6737, #7207, #6140, .T. ) ;
#4105 = CARTESIAN_POINT ( 'NONE',  ( 2.451719098787100037, 3.790000000000000480, 0.2063785621625762456 ) ) ;
#4106 = DIRECTION ( 'NONE',  ( -1.000000000000000000, 0.0000000000000000000, 0.0000000000000000000 ) ) ;
#4107 = CARTESIAN_POINT ( 'NONE',  ( -4.999999999999999112, 3.799999999999999822, 4.999999999999999112 ) ) ;
#4108 = CARTESIAN_POINT ( 'NONE',  ( 2.295363248502650499, 3.790000000000000036, 0.2636073603815393129 ) ) ;
#4109 = CARTESIAN_POINT ( 'NONE',  ( 3.648136273340094604, 3.789999999999999591, 0.05181697435153194420 ) ) ;
#4110 =( NAMED_UNIT ( * ) PLANE_ANGLE_UNIT ( ) SI_UNIT ( $, .RADIAN. ) );
#4111 = DIRECTION ( 'NONE',  ( 0.0000000000000000000, -1.000000000000000000, 0.0000000000000000000 ) ) ;
#4112 = CARTESIAN_POINT ( 'NONE',  ( 2.471813542679687004, 3.799999999999999822, 0.03707810857678106586 ) ) ;
#4113 = PLANE ( 'NONE',  #2524 ) ;
#4114 = EDGE_CURVE ( 'NONE', #266, #1712, #5783, .T. ) ;
#4115 = DIRECTION ( 'NONE',  ( 1.000000000000000000, 0.0000000000000000000, 0.0000000000000000000 ) ) ;
#4116 = CARTESIAN_POINT ( 'NONE',  ( 1.412585268847275755, 3.790000000000000924, -0.1438694420551717701 ) ) ;
#4117 = VERTEX_POINT ( 'NONE', #5303 ) ;
#4118 = FACE_OUTER_BOUND ( 'NONE', #5691, .T. ) ;
#4119 = CARTESIAN_POINT ( 'NONE',  ( 3.421600705741424164, 3.800000000000000266, -0.4795383826474238220 ) ) ;
#4121 = EDGE_CURVE ( 'NONE', #6764, #2344, #2893, .T. ) ;
#4120 = DIRECTION ( 'NONE',  ( -1.000000000000000000, 0.0000000000000000000, 0.0000000000000000000 ) ) ;
#4122 = CARTESIAN_POINT ( 'NONE',  ( 3.580523883348727843, 3.800000000000000711, -0.07583706328067314761 ) ) ;
#4123 = VERTEX_POINT ( 'NONE', #804 ) ;
#4124 = CARTESIAN_POINT ( 'NONE',  ( 3.581158127824551229, 3.789999999999998259, -0.1741393950653568334 ) ) ;
#4125 = PRESENTATION_STYLE_ASSIGNMENT (( #705 ) ) ;
#4126 = VECTOR ( 'NONE', #4120, 1000.000000000000000 ) ;
#4127 = FILL_AREA_STYLE_COLOUR ( '', #6956 ) ;
#4128 = CARTESIAN_POINT ( 'NONE',  ( 3.455864188801919479, 3.790000000000000924, 0.2612054432595094511 ) ) ;
#4129 = CARTESIAN_POINT ( 'NONE',  ( -1.057521366881964964, 3.790000000000000036, 0.2430945398687187897 ) ) ;
#4130 = DIRECTION ( 'NONE',  ( 0.0000000000000000000, 1.000000000000000000, 0.0000000000000000000 ) ) ;
#4131 =( NAMED_UNIT ( * ) PLANE_ANGLE_UNIT ( ) SI_UNIT ( $, .RADIAN. ) );
#4132 = VERTEX_POINT ( 'NONE', #3103 ) ;
#4133 =( NAMED_UNIT ( * ) PLANE_ANGLE_UNIT ( ) SI_UNIT ( $, .RADIAN. ) );
#4134 = EDGE_LOOP ( 'NONE', ( #5110, #8387, #3641, #8496 ) ) ;
#4135 =( LENGTH_UNIT ( ) NAMED_UNIT ( * ) SI_UNIT ( .MILLI., .METRE. ) );
#4136 = FILL_AREA_STYLE_COLOUR ( '', #2759 ) ;
#4137 = CARTESIAN_POINT ( 'NONE',  ( 3.669306179075507934, 3.799999999999999378, 0.1831653774008061286 ) ) ;
#4138 = PRESENTATION_STYLE_ASSIGNMENT (( #5643 ) ) ;
#4139 = FILL_AREA_STYLE_COLOUR ( '', #5325 ) ;
#4140 = STYLED_ITEM ( 'NONE', ( #7098 ), #4554 ) ;
#4141 = CARTESIAN_POINT ( 'NONE',  ( 0.9202029920923936457, 3.790000000000000036, -0.4748541780799992451 ) ) ;
#4142 = DIRECTION ( 'NONE',  ( 8.673617379884035472E-17, 1.141265444721583757E-16, -1.000000000000000000 ) ) ;
#4143 = CARTESIAN_POINT ( 'NONE',  ( 1.794545117865567141, 3.799999999999999378, 0.1382796999709349495 ) ) ;
#4144 = CARTESIAN_POINT ( 'NONE',  ( 2.029747343764663370, 3.789999999999999591, -0.08304316017111335047 ) ) ;
#4145 =( GEOMETRIC_REPRESENTATION_CONTEXT ( 3 ) GLOBAL_UNCERTAINTY_ASSIGNED_CONTEXT ( ( #7179 ) ) GLOBAL_UNIT_ASSIGNED_CONTEXT ( ( #3889, #3921, #6912 ) ) REPRESENTATION_CONTEXT ( 'NONE', 'WORKASPACE' ) );
#4146 = CARTESIAN_POINT ( 'NONE',  ( 1.417003717024246212, 3.789999999999999591, -0.04914469658553778653 ) ) ;
#4147 = COLOUR_RGB ( '',1.000000000000000000, 1.000000000000000000, 1.000000000000000000 ) ;
#4148 = CARTESIAN_POINT ( 'NONE',  ( 1.484385846565454692, 3.789999999999999591, -0.1254817473077356749 ) ) ;
#4149 = PRESENTATION_LAYER_ASSIGNMENT (  '', '', ( #9715 ) ) ;
#4150 = CARTESIAN_POINT ( 'NONE',  ( -0.7209399717593040213, 3.790000000000000036, -0.1563257867633933984 ) ) ;
#4151 = CARTESIAN_POINT ( 'NONE',  ( 0.0000000000000000000, 0.0000000000000000000, 0.0000000000000000000 ) ) ;
#4152 = CARTESIAN_POINT ( 'NONE',  ( 1.882993449980191025, 3.789999999999999591, -0.2128777842365947859 ) ) ;
#4153 = COLOUR_RGB ( '',1.000000000000000000, 1.000000000000000000, 1.000000000000000000 ) ;
#4154 = PRESENTATION_LAYER_ASSIGNMENT (  '', '', ( #1856 ) ) ;
#4155 = CARTESIAN_POINT ( 'NONE',  ( -5.500000000000000000, 1.899999999999999911, 1.249999999999999778 ) ) ;
#4156 = CARTESIAN_POINT ( 'NONE',  ( 3.421600705741424164, 3.790000000000000480, -0.4795383826474238220 ) ) ;
#4157 = ORIENTED_EDGE ( 'NONE', *, *, #7206, .T. ) ;
#4158 = CARTESIAN_POINT ( 'NONE',  ( 3.358253410716405707, 3.790000000000001368, 0.2235120239944979881 ) ) ;
#4159 = ORIENTED_EDGE ( 'NONE', *, *, #9332, .F. ) ;
#4160 = DIRECTION ( 'NONE',  ( -0.4283511191562794362, 0.0000000000000000000, 0.9036123719369731910 ) ) ;
#4161 = CARTESIAN_POINT ( 'NONE',  ( 0.0000000000000000000, 3.799999999999999822, 0.0000000000000000000 ) ) ;
#4162 = CARTESIAN_POINT ( 'NONE',  ( 2.469401710041112086, 3.799999999999999822, 0.04421633474051362561 ) ) ;
#4163 = DIRECTION ( 'NONE',  ( 0.0000000000000000000, 0.0000000000000000000, -1.000000000000000000 ) ) ;
#4164 = CARTESIAN_POINT ( 'NONE',  ( -2.984444443805042368, 3.790000000000000036, -0.09536699859281973224 ) ) ;
#4165 = DIRECTION ( 'NONE',  ( 0.0000000000000000000, -0.0000000000000000000, 1.000000000000000000 ) ) ;
#4166 = VERTEX_POINT ( 'NONE', #4592 ) ;
#4167 = EDGE_CURVE ( 'NONE', #2385, #6997, #2426, .T. ) ;
#4168 = SURFACE_STYLE_FILL_AREA ( #7167 ) ;
#4169 = VERTEX_POINT ( 'NONE', #2229 ) ;
#4170 = CARTESIAN_POINT ( 'NONE',  ( 2.469401710041112086, 3.790000000000000036, 0.04421633474051362561 ) ) ;
#4171 = CARTESIAN_POINT ( 'NONE',  ( 2.027895299784701511, 3.799999999999999822, -0.1565849473107684686 ) ) ;
#4172 = CARTESIAN_POINT ( 'NONE',  ( 3.637577668648372953, 3.790000000000000036, 0.09706382748640528246 ) ) ;
#4173 =( NAMED_UNIT ( * ) PLANE_ANGLE_UNIT ( ) SI_UNIT ( $, .RADIAN. ) );
#4174 = VECTOR ( 'NONE', #9503, 1000.000000000000000 ) ;
#4175 = ORIENTED_EDGE ( 'NONE', *, *, #3075, .F. ) ;
#4176 = CARTESIAN_POINT ( 'NONE',  ( -3.569999999999999396, 1.899999999999999911, 1.250000000000000000 ) ) ;
#4177 = CARTESIAN_POINT ( 'NONE',  ( 3.537445591180051530, 3.790000000000000480, 0.2599709318957551529 ) ) ;
#4178 = LINE ( 'NONE', #7449, #7570 ) ;
#4179 = CARTESIAN_POINT ( 'NONE',  ( 3.648408120297522483, 3.790000000000000036, 0.04597915525333414605 ) ) ;
#4180 = PRESENTATION_LAYER_ASSIGNMENT (  '', '', ( #7675 ) ) ;
#4181 = VECTOR ( 'NONE', #5952, 1000.000000000000000 ) ;
#4182 =( GEOMETRIC_REPRESENTATION_CONTEXT ( 3 ) GLOBAL_UNCERTAINTY_ASSIGNED_CONTEXT ( ( #9525 ) ) GLOBAL_UNIT_ASSIGNED_CONTEXT ( ( #5963, #7436, #8308 ) ) REPRESENTATION_CONTEXT ( 'NONE', 'WORKASPACE' ) );
#4183 = VECTOR ( 'NONE', #5293, 1000.000000000000000 ) ;
#4184 = CARTESIAN_POINT ( 'NONE',  ( 3.371485043374446100, 3.799999999999999822, -0.3940849473107685408 ) ) ;
#4185 = VECTOR ( 'NONE', #4593, 1000.000000000000000 ) ;
#4186 = CARTESIAN_POINT ( 'NONE',  ( 3.421600705741424164, 3.790000000000000480, -0.4795383826474238220 ) ) ;
#4187 = CARTESIAN_POINT ( 'NONE',  ( 0.6472863254257275045, 3.790000000000000036, 0.2430945398687187897 ) ) ;
#4188 = CARTESIAN_POINT ( 'NONE',  ( 1.825624572812101887, 3.789999999999999591, -0.4154715111534629246 ) ) ;
#4189 = ADVANCED_FACE ( 'NONE', ( #9187 ), #1551, .T. ) ;
#4190 = VERTEX_POINT ( 'NONE', #3736 ) ;
#4191 = VECTOR ( 'NONE', #51, 1000.000000000000000 ) ;
#4192 = CARTESIAN_POINT ( 'NONE',  ( 1.584612145254601367, 3.789999999999999591, 0.1495469454566803469 ) ) ;
#4193 = SURFACE_STYLE_USAGE ( .BOTH. , #3464 ) ;
#4194 = CARTESIAN_POINT ( 'NONE',  ( 5.500000000000000000, 1.399999999999999911, -0.3500000000000004774 ) ) ;
#4195 = UNCERTAINTY_MEASURE_WITH_UNIT (LENGTH_MEASURE( 1.000000000000000082E-05 ), #8543, 'distance_accuracy_value', 'NONE');
#4196 =( NAMED_UNIT ( * ) SI_UNIT ( $, .STERADIAN. ) SOLID_ANGLE_UNIT ( ) );
#4197 = CARTESIAN_POINT ( 'NONE',  ( 2.029736127007227164, 3.799999999999998046, -0.2306082648075719055 ) ) ;
#4198 = MECHANICAL_DESIGN_GEOMETRIC_PRESENTATION_REPRESENTATION (  '', ( #1359 ), #4512 ) ;
#4199 = FILL_AREA_STYLE_COLOUR ( '', #2565 ) ;
#4200 = VERTEX_POINT ( 'NONE', #3201 ) ;
#4201 = EDGE_CURVE ( 'NONE', #1300, #7424, #1666, .T. ) ;
#4202 = ORIENTED_EDGE ( 'NONE', *, *, #741, .T. ) ;
#4203 = SURFACE_STYLE_USAGE ( .BOTH. , #5653 ) ;
#4204 = CARTESIAN_POINT ( 'NONE',  ( 3.302193017034584788, 3.790000000000000924, -0.3584894687166538252 ) ) ;
#4205 = CARTESIAN_POINT ( 'NONE',  ( 2.430496370630562897, 3.800000000000000266, 0.1166635821150879132 ) ) ;
#4206 = DIRECTION ( 'NONE',  ( -1.000000000000000000, 0.0000000000000000000, 0.0000000000000000000 ) ) ;
#4207 = FACE_OUTER_BOUND ( 'NONE', #2358, .T. ) ;
#4208 = FILL_AREA_STYLE_COLOUR ( '', #3466 ) ;
#4209 = CARTESIAN_POINT ( 'NONE',  ( 3.491677351066753143, 3.799999999999999822, 0.2636073603815393129 ) ) ;
#4210 = CARTESIAN_POINT ( 'NONE',  ( -0.7887694039929782353, 3.790000000000000036, -0.4728210284564954846 ) ) ;
#4211 = LINE ( 'NONE', #5980, #429 ) ;
#4212 = ORIENTED_EDGE ( 'NONE', *, *, #4349, .T. ) ;
#4213 = ORIENTED_EDGE ( 'NONE', *, *, #4121, .F. ) ;
#4214 = ORIENTED_EDGE ( 'NONE', *, *, #9294, .T. ) ;
#4215 = UNCERTAINTY_MEASURE_WITH_UNIT (LENGTH_MEASURE( 1.000000000000000082E-05 ), #3291, 'distance_accuracy_value', 'NONE');
#4216 = FILL_AREA_STYLE ('',( #1046 ) ) ;
#4217 = DIRECTION ( 'NONE',  ( 0.0000000000000000000, -1.000000000000000000, -1.084202172485503448E-16 ) ) ;
#4218 =( GEOMETRIC_REPRESENTATION_CONTEXT ( 3 ) GLOBAL_UNCERTAINTY_ASSIGNED_CONTEXT ( ( #8211 ) ) GLOBAL_UNIT_ASSIGNED_CONTEXT ( ( #2182, #8873, #8123 ) ) REPRESENTATION_CONTEXT ( 'NONE', 'WORKASPACE' ) );
#4219 = CARTESIAN_POINT ( 'NONE',  ( 1.691124269638767608, 3.790000000000000480, -0.4949033076565250155 ) ) ;
#4220 = COLOUR_RGB ( '',1.000000000000000000, 1.000000000000000000, 1.000000000000000000 ) ;
#4221 = CARTESIAN_POINT ( 'NONE',  ( 1.682382479271881559, 3.790000000000000480, 0.1815560783302572756 ) ) ;
#4222 = ORIENTED_EDGE ( 'NONE', *, *, #9626, .F. ) ;
#4223 = EDGE_CURVE ( 'NONE', #1529, #8790, #7199, .T. ) ;
#4224 = CARTESIAN_POINT ( 'NONE',  ( 3.473626356087214262, 3.789999999999999591, 0.2632583073560063047 ) ) ;
#4225 = CARTESIAN_POINT ( 'NONE',  ( -1.143899572010170340, 3.790000000000000036, -0.5569054601312812824 ) ) ;
#4226 = SURFACE_SIDE_STYLE ('',( #8485 ) ) ;
#4227 = COLOUR_RGB ( '',1.000000000000000000, 1.000000000000000000, 1.000000000000000000 ) ;
#4228 = PLANE ( 'NONE',  #4539 ) ;
#4229 = ADVANCED_FACE ( 'NONE', ( #5430 ), #3984, .T. ) ;
#4230 = FACE_BOUND ( 'NONE', #2468, .T. ) ;
#4231 = ORIENTED_EDGE ( 'NONE', *, *, #8557, .T. ) ;
#4232 = CARTESIAN_POINT ( 'NONE',  ( 5.569999999999999396, -0.07000000000000000666, -1.250000000000000222 ) ) ;
#4233 =( GEOMETRIC_REPRESENTATION_CONTEXT ( 3 ) GLOBAL_UNCERTAINTY_ASSIGNED_CONTEXT ( ( #1421 ) ) GLOBAL_UNIT_ASSIGNED_CONTEXT ( ( #4566, #2232, #8176 ) ) REPRESENTATION_CONTEXT ( 'NONE', 'WORKASPACE' ) );
#4234 = CARTESIAN_POINT ( 'NONE',  ( 2.027969884231890951, 3.799999999999999822, -0.1438694420551717701 ) ) ;
#4235 = DIRECTION ( 'NONE',  ( 0.9079872537420921041, 0.0000000000000000000, -0.4189977888269744155 ) ) ;
#4236 = SURFACE_STYLE_FILL_AREA ( #3241 ) ;
#4237 = DIRECTION ( 'NONE',  ( -1.000000000000000000, -0.0000000000000000000, -0.0000000000000000000 ) ) ;
#4238 = DIRECTION ( 'NONE',  ( 0.0000000000000000000, -0.0000000000000000000, 1.000000000000000000 ) ) ;
#4239 = VERTEX_POINT ( 'NONE', #8446 ) ;
#4240 =( GEOMETRIC_REPRESENTATION_CONTEXT ( 3 ) GLOBAL_UNCERTAINTY_ASSIGNED_CONTEXT ( ( #405 ) ) GLOBAL_UNIT_ASSIGNED_CONTEXT ( ( #7602, #3112, #120 ) ) REPRESENTATION_CONTEXT ( 'NONE', 'WORKASPACE' ) );
#4241 = DIRECTION ( 'NONE',  ( -0.0000000000000000000, 0.0000000000000000000, -1.000000000000000000 ) ) ;
#4242 = DIRECTION ( 'NONE',  ( -0.0000000000000000000, 1.000000000000000000, -0.0000000000000000000 ) ) ;
#4243 = LINE ( 'NONE', #3816, #8451 ) ;
#4244 = EDGE_CURVE ( 'NONE', #4483, #5201, #8844, .T. ) ;
#4245 = CARTESIAN_POINT ( 'NONE',  ( -0.7125792913136829165, 3.800000000000000711, -0.3867673685008437556 ) ) ;
#4246 = ORIENTED_EDGE ( 'NONE', *, *, #4349, .F. ) ;
#4247 = EDGE_CURVE ( 'NONE', #720, #6696, #7659, .T. ) ;
#4248 =( NAMED_UNIT ( * ) PLANE_ANGLE_UNIT ( ) SI_UNIT ( $, .RADIAN. ) );
#4249 =( NAMED_UNIT ( * ) SI_UNIT ( $, .STERADIAN. ) SOLID_ANGLE_UNIT ( ) );
#4250 = CARTESIAN_POINT ( 'NONE',  ( -0.8706244931345733518, 3.800000000000000266, 0.1237664439597056798 ) ) ;
#4251 = ORIENTED_EDGE ( 'NONE', *, *, #4440, .T. ) ;
#4252 = ORIENTED_EDGE ( 'NONE', *, *, #5247, .F. ) ;
#4253 = MECHANICAL_DESIGN_GEOMETRIC_PRESENTATION_REPRESENTATION (  '', ( #8861 ), #7950 ) ;
#4254 = CARTESIAN_POINT ( 'NONE',  ( 1.604679910837925938, 3.799999999999998934, 0.1622370331663033904 ) ) ;
#4255 = VECTOR ( 'NONE', #7580, 1000.000000000000000 ) ;
#4256 = EDGE_CURVE ( 'NONE', #5274, #5629, #9657, .T. ) ;
#4257 = CARTESIAN_POINT ( 'NONE',  ( -3.569999999999999396, 1.899999999999999911, 1.250000000000000000 ) ) ;
#4258 = CARTESIAN_POINT ( 'NONE',  ( 3.485634986956816839, 3.789999999999999591, 0.2634905188735594539 ) ) ;
#4259 = CARTESIAN_POINT ( 'NONE',  ( -5.000000000000000888, 3.799999999999999822, -4.500000000000001776 ) ) ;
#4260 = LINE ( 'NONE', #5988, #8940 ) ;
#4261 = PRESENTATION_STYLE_ASSIGNMENT (( #4193 ) ) ;
#4262 = CARTESIAN_POINT ( 'NONE',  ( 2.200030505230249567, 3.790000000000000036, -0.4634226253938829032 ) ) ;
#4263 = CARTESIAN_POINT ( 'NONE',  ( 2.465640054134096371, 3.800000000000001155, -0.5073601207094887711 ) ) ;
#4264 = CARTESIAN_POINT ( 'NONE',  ( 3.305657686912931492, 3.789999999999998703, -0.3427520411281699264 ) ) ;
#4265 = SURFACE_SIDE_STYLE ('',( #7086 ) ) ;
#4266 = PRESENTATION_LAYER_ASSIGNMENT (  '', '', ( #9150 ) ) ;
#4267 = CARTESIAN_POINT ( 'NONE',  ( 5.569999999999999396, 1.900000000000000355, -0.3500000000000004774 ) ) ;
#4268 = LINE ( 'NONE', #5062, #3919 ) ;
#4269 = CARTESIAN_POINT ( 'NONE',  ( 0.0000000000000000000, 3.799999999999999822, 0.0000000000000000000 ) ) ;
#4270 = ORIENTED_EDGE ( 'NONE', *, *, #4715, .F. ) ;
#4271 = CARTESIAN_POINT ( 'NONE',  ( 3.563631642226060769, 3.789999999999999591, -0.09162199058337816560 ) ) ;
#4272 = FACE_OUTER_BOUND ( 'NONE', #6793, .T. ) ;
#4273 = CARTESIAN_POINT ( 'NONE',  ( -0.6575464925055672927, 3.790000000000001368, -0.2456391639808231941 ) ) ;
#4274 =( GEOMETRIC_REPRESENTATION_CONTEXT ( 3 ) GLOBAL_UNCERTAINTY_ASSIGNED_CONTEXT ( ( #8306 ) ) GLOBAL_UNIT_ASSIGNED_CONTEXT ( ( #5546, #6213, #3264 ) ) REPRESENTATION_CONTEXT ( 'NONE', 'WORKASPACE' ) );
#4275 = ORIENTED_EDGE ( 'NONE', *, *, #7686, .F. ) ;
#4276 = ORIENTED_EDGE ( 'NONE', *, *, #9236, .F. ) ;
#4277 = DIRECTION ( 'NONE',  ( 0.5141968420297333697, 0.0000000000000000000, 0.8576722029112575640 ) ) ;
#4278 = ORIENTED_EDGE ( 'NONE', *, *, #6752, .T. ) ;
#4279 = CARTESIAN_POINT ( 'NONE',  ( -0.9758110742898242762, 3.800000000000002043, -0.4625210356058304662 ) ) ;
#4280 = EDGE_LOOP ( 'NONE', ( #8117, #1135, #4001, #1257 ) ) ;
#4281 = EDGE_CURVE ( 'NONE', #4132, #6286, #3710, .T. ) ;
#4282 = CARTESIAN_POINT ( 'NONE',  ( -2.245982905343503866, 3.799999999999999822, -0.5569054601312812824 ) ) ;
#4283 = ORIENTED_EDGE ( 'NONE', *, *, #6668, .F. ) ;
#4284 = PRESENTATION_LAYER_ASSIGNMENT (  '', '', ( #3805 ) ) ;
#4285 = CARTESIAN_POINT ( 'NONE',  ( -0.8524992498395963514, 3.790000000000000036, 0.2104383025219470071 ) ) ;
#4286 = CARTESIAN_POINT ( 'NONE',  ( 1.661227475496130035, 3.800000000000000266, -0.5771035300248318345 ) ) ;
#4287 = PLANE ( 'NONE',  #258 ) ;
#4288 = CARTESIAN_POINT ( 'NONE',  ( -0.9364262822676659992, 3.790000000000001368, -0.5411494752136910558 ) ) ;
#4289 = CARTESIAN_POINT ( 'NONE',  ( 2.205522451700121955, 3.800000000000000711, -0.5602241840206921841 ) ) ;
#4290 = COLOUR_RGB ( '',1.000000000000000000, 1.000000000000000000, 1.000000000000000000 ) ;
#4291 = FACE_OUTER_BOUND ( 'NONE', #7480, .T. ) ;
#4292 = CARTESIAN_POINT ( 'NONE',  ( 3.569999999999999396, 1.900000000000000355, -1.249999999999999556 ) ) ;
#4293 = STYLED_ITEM ( 'NONE', ( #809 ), #9691 ) ;
#4294 = EDGE_CURVE ( 'NONE', #1177, #7704, #5666, .T. ) ;
#4295 = ORIENTED_EDGE ( 'NONE', *, *, #2554, .F. ) ;
#4296 =( NAMED_UNIT ( * ) SI_UNIT ( $, .STERADIAN. ) SOLID_ANGLE_UNIT ( ) );
#4297 = CARTESIAN_POINT ( 'NONE',  ( 0.1663568382462400908, 3.799999999999999822, -0.01331571654153768276 ) ) ;
#4298 = CARTESIAN_POINT ( 'NONE',  ( -1.177393161753760298, 3.790000000000000036, -0.4748541780799992451 ) ) ;
#4299 = UNCERTAINTY_MEASURE_WITH_UNIT (LENGTH_MEASURE( 1.000000000000000082E-05 ), #6557, 'distance_accuracy_value', 'NONE');
#4300 = DIRECTION ( 'NONE',  ( -1.000000000000000000, 0.0000000000000000000, 0.0000000000000000000 ) ) ;
#4301 = CARTESIAN_POINT ( 'NONE',  ( 2.479282816624943209, 3.799999999999998934, -0.4925144705909382803 ) ) ;
#4302 = SURFACE_STYLE_FILL_AREA ( #1433 ) ;
#4303 = DIRECTION ( 'NONE',  ( 1.000000000000000000, 0.0000000000000000000, -0.0000000000000000000 ) ) ;
#4304 = CARTESIAN_POINT ( 'NONE',  ( 1.686341028200170067, 3.799999999999999822, -0.5773067800325212273 ) ) ;
#4305 = CARTESIAN_POINT ( 'NONE',  ( -0.4849252130358114310, 3.790000000000000036, -0.5569054601312812824 ) ) ;
#4306 = CARTESIAN_POINT ( 'NONE',  ( 3.475491453630855876, 3.790000000000000036, -0.1601105883364094817 ) ) ;
#4307 = VECTOR ( 'NONE', #3525, 1000.000000000000000 ) ;
#4308 = CARTESIAN_POINT ( 'NONE',  ( -0.6491906129889672972, 3.800000000000000266, -0.1581951595955160550 ) ) ;
#4309 = PRESENTATION_STYLE_ASSIGNMENT (( #4694 ) ) ;
#4310 =( NAMED_UNIT ( * ) PLANE_ANGLE_UNIT ( ) SI_UNIT ( $, .RADIAN. ) );
#4311 = CARTESIAN_POINT ( 'NONE',  ( 3.374801221033974397, 3.789999999999999591, -0.5397923557868671285 ) ) ;
#4312 = FILL_AREA_STYLE_COLOUR ( '', #6804 ) ;
#4313 = CARTESIAN_POINT ( 'NONE',  ( -0.9131303412409393916, 3.790000000000000036, 0.1406906937148726111 ) ) ;
#4314 = ORIENTED_EDGE ( 'NONE', *, *, #998, .F. ) ;
#4315 = EDGE_CURVE ( 'NONE', #1712, #6730, #1594, .T. ) ;
#4316 = UNCERTAINTY_MEASURE_WITH_UNIT (LENGTH_MEASURE( 1.000000000000000082E-05 ), #1299, 'distance_accuracy_value', 'NONE');
#4317 = SURFACE_STYLE_FILL_AREA ( #967 ) ;
#4318 = CARTESIAN_POINT ( 'NONE',  ( 0.04472222286162463173, 3.790000000000000036, 0.2430945398687187897 ) ) ;
#4319 = CARTESIAN_POINT ( 'NONE',  ( -1.066749000632985389, 3.799999999999999822, 0.1599204053160963035 ) ) ;
#4320 = DIRECTION ( 'NONE',  ( -0.0000000000000000000, 1.000000000000000000, -0.0000000000000000000 ) ) ;
#4322 = CARTESIAN_POINT ( 'NONE',  ( -0.8971299203270075573, 3.799999999999999378, -0.5303989333554179897 ) ) ;
#4321 = FILL_AREA_STYLE ('',( #8792 ) ) ;
#4323 = CARTESIAN_POINT ( 'NONE',  ( 2.099690171579573938, 3.799999999999999822, -0.1569054601312812325 ) ) ;
#4324 = MECHANICAL_DESIGN_GEOMETRIC_PRESENTATION_REPRESENTATION (  '', ( #2832 ), #4817 ) ;
#4325 = FILL_AREA_STYLE ('',( #6673 ) ) ;
#4326 = CARTESIAN_POINT ( 'NONE',  ( 1.880131375055913434, 3.790000000000000480, -0.07374269096409047375 ) ) ;
#4327 = CARTESIAN_POINT ( 'NONE',  ( 3.371574900890997206, 3.800000000000000711, -0.3897988950729489588 ) ) ;
#4328 = AXIS2_PLACEMENT_3D ( 'NONE', #5907, #8991, #8191 ) ;
#4329 = CARTESIAN_POINT ( 'NONE',  ( 2.435774321947083987, 3.800000000000001599, -0.5326732509952263328 ) ) ;
#4330 = CARTESIAN_POINT ( 'NONE',  ( 0.7253311972205992442, 3.799999999999999822, 0.2430945398687187897 ) ) ;
#4331 = DIRECTION ( 'NONE',  ( 0.0000000000000000000, 0.0000000000000000000, 1.000000000000000000 ) ) ;
#4332 = CARTESIAN_POINT ( 'NONE',  ( -0.4849252130358114310, 3.790000000000000036, -0.5569054601312812824 ) ) ;
#4333 = PLANE ( 'NONE',  #8546 ) ;
#4334 = SURFACE_STYLE_USAGE ( .BOTH. , #8067 ) ;
#4335 = DIRECTION ( 'NONE',  ( -0.0000000000000000000, 1.000000000000000000, -0.0000000000000000000 ) ) ;
#4336 = FILL_AREA_STYLE ('',( #6523 ) ) ;
#4337 = CARTESIAN_POINT ( 'NONE',  ( -0.7519601843609269309, 3.799999999999998934, -0.2992678640046578242 ) ) ;
#4338 = PRESENTATION_LAYER_ASSIGNMENT (  '', '', ( #3542 ) ) ;
#4339 = CARTESIAN_POINT ( 'NONE',  ( 3.324489263657766536, 3.790000000000000036, -0.4857699443374663972 ) ) ;
#4340 = CARTESIAN_POINT ( 'NONE',  ( -0.8329406005759639742, 3.800000000000000711, 0.1005791653922419038 ) ) ;
#4341 = MECHANICAL_DESIGN_GEOMETRIC_PRESENTATION_REPRESENTATION (  '', ( #2855 ), #7342 ) ;
#4342 = MECHANICAL_DESIGN_GEOMETRIC_PRESENTATION_REPRESENTATION (  '', ( #7770 ), #2167 ) ;
#4343 = CARTESIAN_POINT ( 'NONE',  ( -0.8913973126098427846, 3.790000000000000924, 0.1330367665168555591 ) ) ;
#4344 = COLOUR_RGB ( '',1.000000000000000000, 1.000000000000000000, 1.000000000000000000 ) ;
#4345 = VERTEX_POINT ( 'NONE', #3410 ) ;
#4346 = CARTESIAN_POINT ( 'NONE',  ( 3.599771633974292673, 3.790000000000000036, 0.2387372796198566349 ) ) ;
#4347 = LINE ( 'NONE', #5143, #8788 ) ;
#4348 = CARTESIAN_POINT ( 'NONE',  ( -0.8310875631656116092, 3.790000000000001368, 0.2000565069749153935 ) ) ;
#4349 = EDGE_CURVE ( 'NONE', #2819, #5925, #3240, .T. ) ;
#4350 = CARTESIAN_POINT ( 'NONE',  ( 1.607295820977890477, 3.800000000000000711, -0.5663705693600160629 ) ) ;
#4351 =( GEOMETRIC_REPRESENTATION_CONTEXT ( 3 ) GLOBAL_UNCERTAINTY_ASSIGNED_CONTEXT ( ( #4195 ) ) GLOBAL_UNIT_ASSIGNED_CONTEXT ( ( #8543, #261, #9286 ) ) REPRESENTATION_CONTEXT ( 'NONE', 'WORKASPACE' ) );
#4352 = ORIENTED_EDGE ( 'NONE', *, *, #5408, .T. ) ;
#4354 = DIRECTION ( 'NONE',  ( -0.0000000000000000000, 1.000000000000000000, -0.0000000000000000000 ) ) ;
#4353 = CARTESIAN_POINT ( 'NONE',  ( 3.441965031470165304, 3.790000000000000036, -0.4887228078601899006 ) ) ;
#4355 = ADVANCED_FACE ( 'NONE', ( #4857 ), #1025, .F. ) ;
#4356 = SURFACE_STYLE_FILL_AREA ( #8915 ) ;
#4357 = CARTESIAN_POINT ( 'NONE',  ( -1.129849517563007222, 3.799999999999999378, -0.5568043012750605314 ) ) ;
#4358 = CARTESIAN_POINT ( 'NONE',  ( 2.643279915169317373, 3.790000000000000036, 0.05847915525333415021 ) ) ;
#4359 = DIRECTION ( 'NONE',  ( 1.000000000000000000, 0.0000000000000000000, 0.0000000000000000000 ) ) ;
#4360 = ORIENTED_EDGE ( 'NONE', *, *, #5599, .F. ) ;
#4361 = CARTESIAN_POINT ( 'NONE',  ( 3.022767094656496845, 3.799999999999999822, -0.3710080242338454348 ) ) ;
#4362 = CARTESIAN_POINT ( 'NONE',  ( -1.305438033548631749, 3.790000000000000036, -0.5569054601312812824 ) ) ;
#4363 = ORIENTED_EDGE ( 'NONE', *, *, #6485, .T. ) ;
#4364 = EDGE_LOOP ( 'NONE', ( #3479, #4696, #845, #1422 ) ) ;
#4365 = CARTESIAN_POINT ( 'NONE',  ( 2.571050391914381894, 3.799999999999999822, -0.1928172289829195585 ) ) ;
#4366 = CARTESIAN_POINT ( 'NONE',  ( 1.835753047213001476, 3.790000000000000924, -0.5207915878645380525 ) ) ;
#4367 = MECHANICAL_DESIGN_GEOMETRIC_PRESENTATION_REPRESENTATION (  '', ( #6180 ), #4859 ) ;
#4368 = DIRECTION ( 'NONE',  ( -8.673617379884035472E-17, 3.423796334164751026E-16, -1.000000000000000000 ) ) ;
#4369 = CARTESIAN_POINT ( 'NONE',  ( 3.437726880128067375, 3.799999999999999822, -0.2793658450293675655 ) ) ;
#4370 = CARTESIAN_POINT ( 'NONE',  ( -0.8069003966597135813, 3.800000000000001155, -0.3790455232778090489 ) ) ;
#4371 = VECTOR ( 'NONE', #943, 1000.000000000000227 ) ;
#4372 = EDGE_CURVE ( 'NONE', #5793, #4448, #1745, .T. ) ;
#4373 = CARTESIAN_POINT ( 'NONE',  ( 3.300578795363713347, 3.790000000000000924, -0.4159304971638932980 ) ) ;
#4375 =( GEOMETRIC_REPRESENTATION_CONTEXT ( 3 ) GLOBAL_UNCERTAINTY_ASSIGNED_CONTEXT ( ( #929 ) ) GLOBAL_UNIT_ASSIGNED_CONTEXT ( ( #4828, #2857, #3579 ) ) REPRESENTATION_CONTEXT ( 'NONE', 'WORKASPACE' ) );
#4374 = CARTESIAN_POINT ( 'NONE',  ( -0.7630839830508160393, 3.790000000000001368, -0.3212118340327357879 ) ) ;
#4376 = CARTESIAN_POINT ( 'NONE',  ( 1.682382479271881559, 3.790000000000000480, -0.4953669985928199071 ) ) ;
#4377 = DIRECTION ( 'NONE',  ( 0.0000000000000000000, 0.0000000000000000000, -1.000000000000000000 ) ) ;
#4378 = COLOUR_RGB ( '',1.000000000000000000, 1.000000000000000000, 1.000000000000000000 ) ;
#4379 = PRESENTATION_LAYER_ASSIGNMENT (  '', '', ( #9208 ) ) ;
#4380 = FILL_AREA_STYLE ('',( #8703 ) ) ;
#4381 = EDGE_CURVE ( 'NONE', #1533, #766, #1114, .T. ) ;
#4382 = CARTESIAN_POINT ( 'NONE',  ( -1.033405138582506710, 3.790000000000000480, 0.1583565338867685968 ) ) ;
#4384 = CARTESIAN_POINT ( 'NONE',  ( -2.464412392522991269, 3.799999999999999822, 0.2430945398687187897 ) ) ;
#4383 = CARTESIAN_POINT ( 'NONE',  ( 1.486830411623736525, 3.790000000000000924, -0.4777132154023931987 ) ) ;
#4385 = CARTESIAN_POINT ( 'NONE',  ( 2.137769441185566333, 3.799999999999999822, 0.07536445915493762693 ) ) ;
#4386 = CARTESIAN_POINT ( 'NONE',  ( -0.9120943638902609951, 3.799999999999999822, -0.5353464648400437786 ) ) ;
#4387 = CARTESIAN_POINT ( 'NONE',  ( 1.861325981885349368, 3.800000000000000711, 0.02258444817827548468 ) ) ;
#4388 = CARTESIAN_POINT ( 'NONE',  ( 3.398901560097624230, 3.790000000000000036, -0.3176308813003988485 ) ) ;
#4389 = ORIENTED_EDGE ( 'NONE', *, *, #8332, .F. ) ;
#4390 = COLOUR_RGB ( '',1.000000000000000000, 1.000000000000000000, 1.000000000000000000 ) ;
#4391 = EDGE_LOOP ( 'NONE', ( #4999, #8385, #4641, #6643 ) ) ;
#4392 = CARTESIAN_POINT ( 'NONE',  ( 2.515466664584009138, 3.789999999999999591, -0.4398262286402327970 ) ) ;
#4393 = ORIENTED_EDGE ( 'NONE', *, *, #9106, .F. ) ;
#4394 = CARTESIAN_POINT ( 'NONE',  ( -5.569999999999999396, 1.900000000000000355, -0.3500000000000004774 ) ) ;
#4395 = DIRECTION ( 'NONE',  ( 0.0000000000000000000, 1.000000000000000000, 0.0000000000000000000 ) ) ;
#4396 = AXIS2_PLACEMENT_3D ( 'NONE', #1341, #1444, #2876 ) ;
#4397 = FILL_AREA_STYLE_COLOUR ( '', #9421 ) ;
#4398 = VECTOR ( 'NONE', #2290, 1000.000000000000000 ) ;
#4399 = FILL_AREA_STYLE_COLOUR ( '', #1821 ) ;
#4400 = ADVANCED_FACE ( 'NONE', ( #8867 ), #6252, .T. ) ;
#4401 = CARTESIAN_POINT ( 'NONE',  ( -0.6491715411336018704, 3.789999999999999147, -0.1369210232024520579 ) ) ;
#4402 = CARTESIAN_POINT ( 'NONE',  ( 1.679978633118034859, 3.799999999999999822, -0.5774182806441018334 ) ) ;
#4403 = CARTESIAN_POINT ( 'NONE',  ( 3.645042735682137991, 3.799999999999999822, -0.3928028960287172078 ) ) ;
#4404 = CARTESIAN_POINT ( 'NONE',  ( 2.479282816624943209, 3.789999999999999147, -0.4925144705909382803 ) ) ;
#4405 = CARTESIAN_POINT ( 'NONE',  ( -0.6527049081169018496, 3.789999999999999147, -0.2137045660241439771 ) ) ;
#4406 = STYLED_ITEM ( 'NONE', ( #1083 ), #8013 ) ;
#4407 = EDGE_LOOP ( 'NONE', ( #1952, #5147, #5211, #6021 ) ) ;
#4408 = COLOUR_RGB ( '',1.000000000000000000, 1.000000000000000000, 1.000000000000000000 ) ;
#4409 = ADVANCED_FACE ( 'NONE', ( #3509 ), #9364, .T. ) ;
#4410 = DIRECTION ( 'NONE',  ( 1.000000000000000000, 0.0000000000000000000, 0.0000000000000000000 ) ) ;
#4411 = ORIENTED_EDGE ( 'NONE', *, *, #5416, .T. ) ;
#4412 = CARTESIAN_POINT ( 'NONE',  ( -0.9058278584804655420, 3.800000000000000266, 0.1381189089736760689 ) ) ;
#4413 = CARTESIAN_POINT ( 'NONE',  ( 1.484305556194958076, 3.790000000000000036, -0.1569054601312812325 ) ) ;
#4414 = ORIENTED_EDGE ( 'NONE', *, *, #2805, .F. ) ;
#4415 = DIRECTION ( 'NONE',  ( -0.0000000000000000000, 1.000000000000000000, -0.0000000000000000000 ) ) ;
#4416 = EDGE_CURVE ( 'NONE', #1553, #5466, #7452, .T. ) ;
#4417 = LINE ( 'NONE', #7370, #4648 ) ;
#4418 = COLOUR_RGB ( '',1.000000000000000000, 1.000000000000000000, 1.000000000000000000 ) ;
#4419 = DIRECTION ( 'NONE',  ( -8.673617379884035472E-17, -3.423796334164751026E-16, 1.000000000000000000 ) ) ;
#4420 = VERTEX_POINT ( 'NONE', #7359 ) ;
#4421 = CARTESIAN_POINT ( 'NONE',  ( 1.115074786964188824, 3.799999999999999822, 0.2430945398687187897 ) ) ;
#4423 = FILL_AREA_STYLE ('',( #7382 ) ) ;
#4422 = DIRECTION ( 'NONE',  ( 0.0000000000000000000, 0.0000000000000000000, 1.000000000000000000 ) ) ;
#4424 = CARTESIAN_POINT ( 'NONE',  ( 2.101154736367721654, 3.799999999999998934, -0.09534614479894920613 ) ) ;
#4425 = UNCERTAINTY_MEASURE_WITH_UNIT (LENGTH_MEASURE( 1.000000000000000082E-05 ), #9073, 'distance_accuracy_value', 'NONE');
#4426 = FILL_AREA_STYLE ('',( #7324 ) ) ;
#4427 = STYLED_ITEM ( 'NONE', ( #9017 ), #9388 ) ;
#4428 = ORIENTED_EDGE ( 'NONE', *, *, #5470, .F. ) ;
#4429 = EDGE_CURVE ( 'NONE', #6499, #8217, #8397, .T. ) ;
#4430 = CARTESIAN_POINT ( 'NONE',  ( -2.245982905343503866, 3.790000000000000036, -0.5569054601312812824 ) ) ;
#4431 = CARTESIAN_POINT ( 'NONE',  ( 2.306508885023383471, 3.799999999999999822, -0.4949033076565250155 ) ) ;
#4432 =( LENGTH_UNIT ( ) NAMED_UNIT ( * ) SI_UNIT ( .MILLI., .METRE. ) );
#4433 = DIRECTION ( 'NONE',  ( -0.0000000000000000000, 1.000000000000000000, -0.0000000000000000000 ) ) ;
#4434 = SURFACE_STYLE_FILL_AREA ( #3807 ) ;
#4435 = FILL_AREA_STYLE ('',( #8907 ) ) ;
#4436 = CARTESIAN_POINT ( 'NONE',  ( 1.947288491257654242, 3.800000000000001155, -0.2921073294155335232 ) ) ;
#4437 = CARTESIAN_POINT ( 'NONE',  ( 3.488792735682137547, 3.799999999999999822, -0.4953669985928197961 ) ) ;
#4438 = CARTESIAN_POINT ( 'NONE',  ( 1.794662834509545224, 3.800000000000000266, -0.4512438781424355505 ) ) ;
#4439 = FILL_AREA_STYLE_COLOUR ( '', #8970 ) ;
#4440 = EDGE_CURVE ( 'NONE', #5705, #3557, #2674, .T. ) ;
#4441 = VECTOR ( 'NONE', #1141, 1000.000000000000000 ) ;
#4442 = UNCERTAINTY_MEASURE_WITH_UNIT (LENGTH_MEASURE( 1.000000000000000082E-05 ), #9312, 'distance_accuracy_value', 'NONE');
#4443 =( NAMED_UNIT ( * ) PLANE_ANGLE_UNIT ( ) SI_UNIT ( $, .RADIAN. ) );
#4444 = CARTESIAN_POINT ( 'NONE',  ( -0.9234503498128678878, 3.790000000000000480, -0.4497606601941956939 ) ) ;
#4445 =( GEOMETRIC_REPRESENTATION_CONTEXT ( 3 ) GLOBAL_UNCERTAINTY_ASSIGNED_CONTEXT ( ( #1883 ) ) GLOBAL_UNIT_ASSIGNED_CONTEXT ( ( #2246, #5063, #7385 ) ) REPRESENTATION_CONTEXT ( 'NONE', 'WORKASPACE' ) );
#4446 = CARTESIAN_POINT ( 'NONE',  ( -0.7404519271764260502, 3.800000000000000266, -0.02437977563357974012 ) ) ;
#4447 = CARTESIAN_POINT ( 'NONE',  ( 3.636739397996448631, 3.790000000000000036, 0.2143721630786478982 ) ) ;
#4448 = VERTEX_POINT ( 'NONE', #6642 ) ;
#4449 = ADVANCED_FACE ( 'NONE', ( #3154 ), #6065, .T. ) ;
#4450 = CARTESIAN_POINT ( 'NONE',  ( -1.063480402207255926, 3.790000000000000924, -0.4718352892529338316 ) ) ;
#4451 = CARTESIAN_POINT ( 'NONE',  ( -3.023386751497350033, 3.799999999999999822, -0.01331571654153768276 ) ) ;
#4452 = CARTESIAN_POINT ( 'NONE',  ( 1.624827834209818356, 3.790000000000000480, -0.5714473343366130997 ) ) ;
#4453 = ADVANCED_FACE ( 'NONE', ( #9677 ), #5983, .T. ) ;
#4454 = AXIS2_PLACEMENT_3D ( 'NONE', #8020, #3555, #5772 ) ;
#4455 = DIRECTION ( 'NONE',  ( -1.000000000000000000, -0.0000000000000000000, -0.0000000000000000000 ) ) ;
#4456 = FILL_AREA_STYLE ('',( #4199 ) ) ;
#4457 = CARTESIAN_POINT ( 'NONE',  ( -1.143899572010170340, 3.790000000000000036, -0.5569054601312812824 ) ) ;
#4458 = LINE ( 'NONE', #7390, #1910 ) ;
#4459 = AXIS2_PLACEMENT_3D ( 'NONE', #3056, #6039, #649 ) ;
#4460 = LINE ( 'NONE', #7412, #1041 ) ;
#4461 = EDGE_LOOP ( 'NONE', ( #7204, #2364, #2789, #3706 ) ) ;
#4462 = CARTESIAN_POINT ( 'NONE',  ( 3.382592879063990310, 3.799999999999999378, -0.3433488462400128838 ) ) ;
#4463 = CARTESIAN_POINT ( 'NONE',  ( 3.094561966451368384, 3.790000000000000036, -0.5774182806441018334 ) ) ;
#4464 = DIRECTION ( 'NONE',  ( 0.9080590238365493505, 0.0000000000000000000, -0.4188422247446085267 ) ) ;
#4465 = CARTESIAN_POINT ( 'NONE',  ( 1.850887759997223769, 3.800000000000000266, 0.1928538371424286524 ) ) ;
#4466 = PLANE ( 'NONE',  #2983 ) ;
#4467 = SURFACE_STYLE_USAGE ( .BOTH. , #8846 ) ;
#4468 = CARTESIAN_POINT ( 'NONE',  ( 1.956100427989829971, 3.799999999999999822, -0.1565849473107684686 ) ) ;
#4469 = CARTESIAN_POINT ( 'NONE',  ( 1.882993449980191025, 3.799999999999999378, -0.2128777842365947859 ) ) ;
#4470 = CARTESIAN_POINT ( 'NONE',  ( 1.873891755249084135, 3.800000000000003819, -0.2874214496715565836 ) ) ;
#4471 = ORIENTED_EDGE ( 'NONE', *, *, #2448, .F. ) ;
#4472 = VECTOR ( 'NONE', #2661, 1000.000000000000000 ) ;
#4473 = ORIENTED_EDGE ( 'NONE', *, *, #7922, .F. ) ;
#4474 = EDGE_CURVE ( 'NONE', #1178, #9698, #9562, .T. ) ;
#4475 = FACE_OUTER_BOUND ( 'NONE', #2269, .T. ) ;
#4476 = FILL_AREA_STYLE_COLOUR ( '', #684 ) ;
#4477 = ORIENTED_EDGE ( 'NONE', *, *, #8786, .F. ) ;
#4478 = CARTESIAN_POINT ( 'NONE',  ( -1.137054183362238291, 3.799999999999999378, -0.4747331057305892443 ) ) ;
#4479 = VECTOR ( 'NONE', #131, 1000.000000000000000 ) ;
#4480 = EDGE_LOOP ( 'NONE', ( #9611, #481, #1089, #8761, #9419, #4684 ) ) ;
#4481 = ORIENTED_EDGE ( 'NONE', *, *, #9626, .T. ) ;
#4482 = COLOUR_RGB ( '',1.000000000000000000, 1.000000000000000000, 1.000000000000000000 ) ;
#4483 = VERTEX_POINT ( 'NONE', #6638 ) ;
#4484 = STYLED_ITEM ( 'NONE', ( #9054 ), #8293 ) ;
#4485 = SURFACE_STYLE_FILL_AREA ( #7106 ) ;
#4486 = EDGE_CURVE ( 'NONE', #4190, #3274, #870, .T. ) ;
#4487 = SURFACE_STYLE_USAGE ( .BOTH. , #3753 ) ;
#4488 = DIRECTION ( 'NONE',  ( 1.000000000000000000, 0.0000000000000000000, -0.0000000000000000000 ) ) ;
#4489 = CARTESIAN_POINT ( 'NONE',  ( 1.412510684400086536, 3.799999999999999822, -0.1565849473107684686 ) ) ;
#4490 = ORIENTED_EDGE ( 'NONE', *, *, #1405, .T. ) ;
#4491 = CARTESIAN_POINT ( 'NONE',  ( 3.398901560097624230, 3.799999999999999822, -0.3176308813003988485 ) ) ;
#4492 = CARTESIAN_POINT ( 'NONE',  ( 2.061786702117383463, 3.800000000000000266, 0.08781782683561584202 ) ) ;
#4493 = DIRECTION ( 'NONE',  ( 0.0000000000000000000, 1.000000000000000000, 0.0000000000000000000 ) ) ;
#4494 = CARTESIAN_POINT ( 'NONE',  ( 0.2052991459385476447, 3.790000000000000036, -0.09536699859281973224 ) ) ;
#4495 = LINE ( 'NONE', #217, #1440 ) ;
#4496 = ADVANCED_FACE ( 'NONE', ( #751 ), #2900, .T. ) ;
#4497 = CARTESIAN_POINT ( 'NONE',  ( 0.7253311972205992442, 3.790000000000000036, 0.2430945398687187897 ) ) ;
#4498 = CARTESIAN_POINT ( 'NONE',  ( -0.7922684149292588129, 3.800000000000000266, 0.1750910982741324395 ) ) ;
#4499 =( LENGTH_UNIT ( ) NAMED_UNIT ( * ) SI_UNIT ( .MILLI., .METRE. ) );
#4500 = CARTESIAN_POINT ( 'NONE',  ( 3.569999999999999396, 1.399999999999999911, 0.3499999999999996447 ) ) ;
#4501 = DIRECTION ( 'NONE',  ( -0.4484076232591096556, 0.0000000000000000000, 0.8938291802146069998 ) ) ;
#4502 = FACE_BOUND ( 'NONE', #5946, .T. ) ;
#4503 = ADVANCED_FACE ( 'NONE', ( #4070 ), #2180, .F. ) ;
#4504 = VECTOR ( 'NONE', #619, 1000.000000000000000 ) ;
#4505 = CARTESIAN_POINT ( 'NONE',  ( -5.500000000000000888, 3.799999999999999822, -5.000000000000000888 ) ) ;
#4506 = SURFACE_STYLE_USAGE ( .BOTH. , #3113 ) ;
#4507 = EDGE_LOOP ( 'NONE', ( #7054, #5471, #6888, #6968 ) ) ;
#4508 = LINE ( 'NONE', #629, #6493 ) ;
#4509 = ORIENTED_EDGE ( 'NONE', *, *, #3049, .T. ) ;
#4510 = CARTESIAN_POINT ( 'NONE',  ( -0.9315598284204266166, 3.799999999999999822, -0.4524182806441018334 ) ) ;
#4511 = VECTOR ( 'NONE', #7592, 1000.000000000000000 ) ;
#4512 =( GEOMETRIC_REPRESENTATION_CONTEXT ( 3 ) GLOBAL_UNCERTAINTY_ASSIGNED_CONTEXT ( ( #2053 ) ) GLOBAL_UNIT_ASSIGNED_CONTEXT ( ( #1118, #6316, #2629 ) ) REPRESENTATION_CONTEXT ( 'NONE', 'WORKASPACE' ) );
#4513 = UNCERTAINTY_MEASURE_WITH_UNIT (LENGTH_MEASURE( 1.000000000000000082E-05 ), #887, 'distance_accuracy_value', 'NONE');
#4514 = ORIENTED_EDGE ( 'NONE', *, *, #2603, .T. ) ;
#4515 =( NAMED_UNIT ( * ) SI_UNIT ( $, .STERADIAN. ) SOLID_ANGLE_UNIT ( ) );
#4516 = CARTESIAN_POINT ( 'NONE',  ( -1.923226495087093424, 3.790000000000000036, 0.2430945398687187897 ) ) ;
#4517 = EDGE_LOOP ( 'NONE', ( #4862, #9435, #565, #4607 ) ) ;
#4518 = CARTESIAN_POINT ( 'NONE',  ( 3.305657686912931492, 3.799999999999998490, -0.3427520411281699264 ) ) ;
#4519 = VERTEX_POINT ( 'NONE', #1647 ) ;
#4520 = FILL_AREA_STYLE_COLOUR ( '', #4147 ) ;
#4521 = VECTOR ( 'NONE', #7245, 1000.000000000000000 ) ;
#4522 = ORIENTED_EDGE ( 'NONE', *, *, #9667, .T. ) ;
#4523 = CARTESIAN_POINT ( 'NONE',  ( 1.548510426508025173, 3.789999999999999147, -0.4297378208532539046 ) ) ;
#4524 = COLOUR_RGB ( '',1.000000000000000000, 1.000000000000000000, 1.000000000000000000 ) ;
#4525 = CARTESIAN_POINT ( 'NONE',  ( 3.557236395273349672, 3.800000000000001155, -0.1925201219287734078 ) ) ;
#4526 = CARTESIAN_POINT ( 'NONE',  ( 2.479228594823294607, 3.799999999999998934, -0.3304827822602797727 ) ) ;
#4527 = VECTOR ( 'NONE', #9367, 1000.000000000000000 ) ;
#4528 = CARTESIAN_POINT ( 'NONE',  ( 3.375310928442229130, 3.789999999999998703, 0.1293523829498002542 ) ) ;
#4529 = ORIENTED_EDGE ( 'NONE', *, *, #7378, .T. ) ;
#4530 = CARTESIAN_POINT ( 'NONE',  ( 1.910930038683739562, 3.800000000000000266, 0.1049202445333099337 ) ) ;
#4531 = CARTESIAN_POINT ( 'NONE',  ( 1.856428927295072029, 3.790000000000000480, 0.03707810857678111444 ) ) ;
#4532 = VECTOR ( 'NONE', #1714, 1000.000000000000000 ) ;
#4533 = CARTESIAN_POINT ( 'NONE',  ( -0.6556961313112502632, 3.800000000000000266, -0.06085125042514367977 ) ) ;
#4534 = CARTESIAN_POINT ( 'NONE',  ( 3.186869658759061252, 3.790000000000000036, -0.02357212679794789753 ) ) ;
#4535 = FILL_AREA_STYLE ('',( #3827 ) ) ;
#4536 = CARTESIAN_POINT ( 'NONE',  ( 2.403422923281495649, 3.790000000000000036, -0.5523995926297621262 ) ) ;
#4537 = PRESENTATION_STYLE_ASSIGNMENT (( #4077 ) ) ;
#4538 = FILL_AREA_STYLE ('',( #5992 ) ) ;
#4539 = AXIS2_PLACEMENT_3D ( 'NONE', #8655, #6423, #4165 ) ;
#4540 = VECTOR ( 'NONE', #2959, 1000.000000000000000 ) ;
#4541 = ORIENTED_EDGE ( 'NONE', *, *, #7941, .F. ) ;
#4542 =( NAMED_UNIT ( * ) PLANE_ANGLE_UNIT ( ) SI_UNIT ( $, .RADIAN. ) );
#4543 = PLANE ( 'NONE',  #1804 ) ;
#4544 = FILL_AREA_STYLE_COLOUR ( '', #5730 ) ;
#4545 = FACE_OUTER_BOUND ( 'NONE', #5168, .T. ) ;
#4546 = VECTOR ( 'NONE', #3611, 1000.000000000000000 ) ;
#4547 = EDGE_CURVE ( 'NONE', #3034, #2924, #1607, .T. ) ;
#4548 = DIRECTION ( 'NONE',  ( 0.0000000000000000000, 0.0000000000000000000, 1.000000000000000000 ) ) ;
#4549 = CARTESIAN_POINT ( 'NONE',  ( 1.954140499948891385, 3.790000000000001812, -0.2278390325579518483 ) ) ;
#4550 = ORIENTED_EDGE ( 'NONE', *, *, #8083, .T. ) ;
#4551 =( LENGTH_UNIT ( ) NAMED_UNIT ( * ) SI_UNIT ( .MILLI., .METRE. ) );
#4552 = CARTESIAN_POINT ( 'NONE',  ( 3.299801386531980629, 3.789999999999999591, -0.3853173816508244087 ) ) ;
#4553 = CARTESIAN_POINT ( 'NONE',  ( 3.408352775204452012, 3.790000000000000036, -0.2101320291180460431 ) ) ;
#4554 = ADVANCED_FACE ( 'NONE', ( #3612 ), #8959, .F. ) ;
#4555 = COLOUR_RGB ( '',1.000000000000000000, 1.000000000000000000, 1.000000000000000000 ) ;
#4556 = CARTESIAN_POINT ( 'NONE',  ( 1.655821954085157532, 3.789999999999998703, -0.4939731607068254537 ) ) ;
#4557 = CARTESIAN_POINT ( 'NONE',  ( 3.531741453630855787, 3.799999999999999822, -0.2110721267979479565 ) ) ;
#4558 =( NAMED_UNIT ( * ) SI_UNIT ( $, .STERADIAN. ) SOLID_ANGLE_UNIT ( ) );
#4559 = SURFACE_STYLE_USAGE ( .BOTH. , #5331 ) ;
#4560 = CARTESIAN_POINT ( 'NONE',  ( 2.184747354028515165, 3.790000000000000480, -0.4514595827786480609 ) ) ;
#4561 = EDGE_CURVE ( 'NONE', #2238, #7796, #3842, .T. ) ;
#4562 =( LENGTH_UNIT ( ) NAMED_UNIT ( * ) SI_UNIT ( .MILLI., .METRE. ) );
#4563 = CARTESIAN_POINT ( 'NONE',  ( 2.469401710041112086, 3.790000000000000036, 0.04421633474051362561 ) ) ;
#4564 = ORIENTED_EDGE ( 'NONE', *, *, #2386, .T. ) ;
#4565 = CARTESIAN_POINT ( 'NONE',  ( 1.539214952190847807, 3.799999999999999378, -0.4173030974588878284 ) ) ;
#4566 =( LENGTH_UNIT ( ) NAMED_UNIT ( * ) SI_UNIT ( .MILLI., .METRE. ) );
#4567 = CARTESIAN_POINT ( 'NONE',  ( 1.412585659978935704, 3.799999999999999822, -0.1694072073643111687 ) ) ;
#4568 = CARTESIAN_POINT ( 'NONE',  ( 1.864766111721336106, 3.800000000000000266, 0.1781115233935073594 ) ) ;
#4569 = CARTESIAN_POINT ( 'NONE',  ( 1.527370207025271931, 3.800000000000001155, 0.2079658861806452375 ) ) ;
#4570 = PRESENTATION_LAYER_ASSIGNMENT (  '', '', ( #3081 ) ) ;
#4571 = CARTESIAN_POINT ( 'NONE',  ( 1.558600980157784921, 3.790000000000001368, -0.4410855361367141958 ) ) ;
#4572 = VERTEX_POINT ( 'NONE', #1497 ) ;
#4573 = EDGE_CURVE ( 'NONE', #3557, #7874, #1236, .T. ) ;
#4574 = FILL_AREA_STYLE_COLOUR ( '', #4894 ) ;
#4575 = CARTESIAN_POINT ( 'NONE',  ( 3.617183021405535825, 3.789999999999999591, -0.5404194624732847618 ) ) ;
#4576 = VECTOR ( 'NONE', #2522, 1000.000000000000000 ) ;
#4577 = CARTESIAN_POINT ( 'NONE',  ( 1.850255438749479842, 3.789999999999999591, -0.5073601207094881049 ) ) ;
#4578 = CARTESIAN_POINT ( 'NONE',  ( -0.6993752712657544945, 3.800000000000000266, 0.06475502329243872091 ) ) ;
#4579 = PRESENTATION_STYLE_ASSIGNMENT (( #7553 ) ) ;
#4580 = VERTEX_POINT ( 'NONE', #5116 ) ;
#4581 = SURFACE_STYLE_USAGE ( .BOTH. , #1612 ) ;
#4582 = CARTESIAN_POINT ( 'NONE',  ( 1.820389706562468124, 3.799999999999998490, -0.5326732509952263328 ) ) ;
#4583 = PRESENTATION_LAYER_ASSIGNMENT (  '', '', ( #5570 ) ) ;
#4584 = CARTESIAN_POINT ( 'NONE',  ( 1.539214952190847807, 3.789999999999999591, -0.4173030974588878284 ) ) ;
#4585 = SURFACE_STYLE_FILL_AREA ( #7944 ) ;
#4586 =( GEOMETRIC_REPRESENTATION_CONTEXT ( 3 ) GLOBAL_UNCERTAINTY_ASSIGNED_CONTEXT ( ( #1128 ) ) GLOBAL_UNIT_ASSIGNED_CONTEXT ( ( #6836, #5265, #3033 ) ) REPRESENTATION_CONTEXT ( 'NONE', 'WORKASPACE' ) );
#4587 = CARTESIAN_POINT ( 'NONE',  ( 3.362702026773934261, 3.790000000000000480, -0.2488004990550933548 ) ) ;
#4588 = CARTESIAN_POINT ( 'NONE',  ( 2.566580241454019085, 3.800000000000000266, -0.05273532938663548497 ) ) ;
#4589 = EDGE_LOOP ( 'NONE', ( #4222, #7505, #3935, #8452 ) ) ;
#4590 = CARTESIAN_POINT ( 'NONE',  ( -0.7209399717593040213, 3.799999999999999822, -0.1563257867633933984 ) ) ;
#4591 = CARTESIAN_POINT ( 'NONE',  ( -0.8310875631656116092, 3.800000000000001155, 0.2000565069749153935 ) ) ;
#4592 = CARTESIAN_POINT ( 'NONE',  ( -3.569999999999999396, 1.899999999999999911, -0.3500000000000003109 ) ) ;
#4593 = DIRECTION ( 'NONE',  ( -0.0000000000000000000, 1.000000000000000000, -0.0000000000000000000 ) ) ;
#4594 = SURFACE_SIDE_STYLE ('',( #4643 ) ) ;
#4595 = LINE ( 'NONE', #8602, #4126 ) ;
#4596 = EDGE_CURVE ( 'NONE', #4345, #975, #4990, .T. ) ;
#4597 = VERTEX_POINT ( 'NONE', #5942 ) ;
#4598 = CARTESIAN_POINT ( 'NONE',  ( 2.173807885945427731, 3.790000000000001368, 0.1270272114303801214 ) ) ;
#4599 = ORIENTED_EDGE ( 'NONE', *, *, #2401, .T. ) ;
#4600 = CARTESIAN_POINT ( 'NONE',  ( 1.900631708129366659, 3.789999999999999591, 0.1251870212943829164 ) ) ;
#4601 = DIRECTION ( 'NONE',  ( -1.000000000000000000, 0.0000000000000000000, 0.0000000000000000000 ) ) ;
#4602 = VECTOR ( 'NONE', #5842, 1000.000000000000000 ) ;
#4603 = CARTESIAN_POINT ( 'NONE',  ( 3.419493634246514091, 3.789999999999999591, -0.2953545195982206217 ) ) ;
#4604 = B_SPLINE_CURVE_WITH_KNOTS ( 'NONE', 3,
 ( #8888, #6661, #7406, #2984, #5181, #669, #8948, #2950, #4478, #5940, #6630 ),
 .UNSPECIFIED., .F., .F.,
 ( 4, 1, 1, 1, 1, 1, 1, 1, 4 ),
 ( 0.0000000000000000000, 0.08431861695858246242, 0.1792845142139038728, 0.2865825276465614468, 0.4051114834342780524, 0.5355928734189743246, 0.6781902099934125072, 0.8329758397604878351, 1.000000000000000000 ),
 .UNSPECIFIED. ) ;
#4605 = CARTESIAN_POINT ( 'NONE',  ( 3.709946581835984247, 3.790000000000000036, -0.4420016139774352038 ) ) ;
#4606 = VECTOR ( 'NONE', #7172, 1000.000000000000000 ) ;
#4607 = ORIENTED_EDGE ( 'NONE', *, *, #8750, .T. ) ;
#4608 = EDGE_CURVE ( 'NONE', #1177, #53, #4178, .T. ) ;
#4609 = CARTESIAN_POINT ( 'NONE',  ( 2.562875101269155742, 3.789999999999999147, -0.02169293796749992634 ) ) ;
#4610 = CARTESIAN_POINT ( 'NONE',  ( -0.9893548943332109991, 3.799999999999998934, 0.2406214376198544946 ) ) ;
#4611 = CARTESIAN_POINT ( 'NONE',  ( 3.611318592979229081, 3.800000000000000711, -0.4336289848938640334 ) ) ;
#4612 = SURFACE_SIDE_STYLE ('',( #537 ) ) ;
#4613 = UNCERTAINTY_MEASURE_WITH_UNIT (LENGTH_MEASURE( 1.000000000000000082E-05 ), #4948, 'distance_accuracy_value', 'NONE');
#4614 = LINE ( 'NONE', #8585, #365 ) ;
#4615 = CARTESIAN_POINT ( 'NONE',  ( 3.430120954244714415, 3.799999999999999822, -0.2854440806050804746 ) ) ;
#4616 = EDGE_LOOP ( 'NONE', ( #8752, #5701, #1519, #5095 ) ) ;
#4617 = CARTESIAN_POINT ( 'NONE',  ( -0.6575464925055672927, 3.790000000000001368, -0.2456391639808231941 ) ) ;
#4618 = CARTESIAN_POINT ( 'NONE',  ( 2.451719098787100037, 3.800000000000000266, 0.2063785621625762456 ) ) ;
#4619 = CARTESIAN_POINT ( 'NONE',  ( 2.061309025387530802, 3.790000000000000924, -0.4013057577851021906 ) ) ;
#4620 = PLANE ( 'NONE',  #9360 ) ;
#4621 = DIRECTION ( 'NONE',  ( 0.0000000000000000000, 0.0000000000000000000, -1.000000000000000000 ) ) ;
#4622 = CARTESIAN_POINT ( 'NONE',  ( 3.299988505063772504, 3.800000000000000711, -0.3991835111673161518 ) ) ;
#4623 = PRESENTATION_STYLE_ASSIGNMENT (( #6611 ) ) ;
#4624 = PLANE ( 'NONE',  #1240 ) ;
#4625 = CARTESIAN_POINT ( 'NONE',  ( 1.734517206402920841, 3.800000000000002487, -0.4873901694487445813 ) ) ;
#4626 = COLOUR_RGB ( '',1.000000000000000000, 1.000000000000000000, 1.000000000000000000 ) ;
#4627 = VERTEX_POINT ( 'NONE', #5083 ) ;
#4628 = EDGE_CURVE ( 'NONE', #9104, #5728, #5679, .T. ) ;
#4629 = CARTESIAN_POINT ( 'NONE',  ( 1.788384073347401015, 3.790000000000001368, 0.2383671981594531197 ) ) ;
#4630 = CARTESIAN_POINT ( 'NONE',  ( 1.794545117865567141, 3.789999999999999591, 0.1382796999709349495 ) ) ;
#4631 = ORIENTED_EDGE ( 'NONE', *, *, #5043, .F. ) ;
#4632 = CARTESIAN_POINT ( 'NONE',  ( 1.530508830318332070, 3.800000000000001155, -0.4039395849288013873 ) ) ;
#4633 = CARTESIAN_POINT ( 'NONE',  ( 1.815111755245947256, 3.789999999999999591, 0.1166635821150875801 ) ) ;
#4634 = EDGE_LOOP ( 'NONE', ( #7181, #1927, #5089, #3713 ) ) ;
#4635 = VECTOR ( 'NONE', #1577, 1000.000000000000000 ) ;
#4636 = LINE ( 'NONE', #9445, #4174 ) ;
#4637 = COLOUR_RGB ( '',1.000000000000000000, 1.000000000000000000, 1.000000000000000000 ) ;
#4638 = CARTESIAN_POINT ( 'NONE',  ( 1.956100427989829971, 3.790000000000000036, -0.1565849473107684686 ) ) ;
#4639 = CARTESIAN_POINT ( 'NONE',  ( -0.1054380335486315573, 3.790000000000000036, 0.2430945398687187897 ) ) ;
#4640 = MECHANICAL_DESIGN_GEOMETRIC_PRESENTATION_REPRESENTATION (  '', ( #918 ), #9652 ) ;
#4641 = ORIENTED_EDGE ( 'NONE', *, *, #2946, .T. ) ;
#4642 = CARTESIAN_POINT ( 'NONE',  ( 3.581133204751322019, 3.800000000000000711, -0.4625494461949802294 ) ) ;
#4643 = SURFACE_STYLE_FILL_AREA ( #3916 ) ;
#4644 = CARTESIAN_POINT ( 'NONE',  ( 1.115074786964188824, 3.799999999999999822, -0.5569054601312812824 ) ) ;
#4645 = CARTESIAN_POINT ( 'NONE',  ( 3.352567499437803633, 3.800000000000000266, -0.2591738843964321304 ) ) ;
#4646 =( NAMED_UNIT ( * ) PLANE_ANGLE_UNIT ( ) SI_UNIT ( $, .RADIAN. ) );
#4647 = PRESENTATION_STYLE_ASSIGNMENT (( #7297 ) ) ;
#4648 = VECTOR ( 'NONE', #8917, 1000.000000000000000 ) ;
#4649 =( GEOMETRIC_REPRESENTATION_CONTEXT ( 3 ) GLOBAL_UNCERTAINTY_ASSIGNED_CONTEXT ( ( #5738 ) ) GLOBAL_UNIT_ASSIGNED_CONTEXT ( ( #3407, #2664, #5609 ) ) REPRESENTATION_CONTEXT ( 'NONE', 'WORKASPACE' ) );
#4650 = VECTOR ( 'NONE', #5813, 1000.000000000000000 ) ;
#4651 = CARTESIAN_POINT ( 'NONE',  ( 3.354480548747163393, 3.800000000000001155, 0.1061838899763158789 ) ) ;
#4652 = VERTEX_POINT ( 'NONE', #609 ) ;
#4653 = CARTESIAN_POINT ( 'NONE',  ( -0.7908140242404595455, 3.800000000000000711, -0.3612272568586085697 ) ) ;
#4654 = DIRECTION ( 'NONE',  ( 0.0000000000000000000, -1.000000000000000000, 0.0000000000000000000 ) ) ;
#4655 = CARTESIAN_POINT ( 'NONE',  ( 3.324489263657766536, 3.790000000000000036, -0.4857699443374663972 ) ) ;
#4656 = MECHANICAL_DESIGN_GEOMETRIC_PRESENTATION_REPRESENTATION (  '', ( #1856 ), #8358 ) ;
#4657 = ORIENTED_EDGE ( 'NONE', *, *, #8115, .T. ) ;
#4658 = CARTESIAN_POINT ( 'NONE',  ( 2.109084902701580777, 3.799999999999998046, -0.01708925844646945469 ) ) ;
#4659 = CARTESIAN_POINT ( 'NONE',  ( 1.956100427989829971, 3.799999999999999822, -0.1565849473107684686 ) ) ;
#4660 = VECTOR ( 'NONE', #5481, 1000.000000000000000 ) ;
#4661 = CARTESIAN_POINT ( 'NONE',  ( 1.805269001318347666, 3.800000000000000711, 0.1280820660708407166 ) ) ;
#4662 = PRESENTATION_LAYER_ASSIGNMENT (  '', '', ( #6666 ) ) ;
#4663 = CARTESIAN_POINT ( 'NONE',  ( 1.548510426508025173, 3.789999999999999147, -0.4297378208532539046 ) ) ;
#4664 = EDGE_CURVE ( 'NONE', #8034, #744, #1009, .T. ) ;
#4665 = B_SPLINE_SURFACE_WITH_KNOTS ( 'NONE', 3, 1, ( 
 ( #2121, #248 ),
 ( #1073, #1777 ),
 ( #9147, #974 ),
 ( #1811, #7768 ),
 ( #8499, #5436 ),
 ( #7668, #6201 ),
 ( #2530, #5501 ) ),
 .UNSPECIFIED., .F., .F., .F.,
 ( 4, 1, 1, 1, 4 ),
 ( 2, 2 ),
 ( 0.0000000000000000000, 0.2347233736739014753, 0.4771583189289861915, 0.7285562842030526287, 1.000000000000000000 ),
 ( 0.0000000000000000000, 1.000000000000000000 ),
 .UNSPECIFIED. ) ;
#4666 = B_SPLINE_CURVE_WITH_KNOTS ( 'NONE', 3,
 ( #4323, #8927, #1393, #4424, #8122, #7355, #3623, #9554, #9642, #8895, #1367, #4385, #653, #2118, #6602, #7294, #8832, #3652, #5158, #9613, #2086, #2831, #5878 ),
 .UNSPECIFIED., .F., .F.,
 ( 4, 1, 1, 1, 1, 1, 1, 1, 1, 1, 1, 1, 1, 1, 1, 1, 1, 1, 1, 1, 4 ),
 ( 0.0000000000000000000, 0.07295106587586645819, 0.1415836941865449838, 0.2059264601708668541, 0.2653013571846052909, 0.3205972327139278155, 0.3718165030988101472, 0.4187897697094518090, 0.4616987286157644976, 0.5021335821035652902, 0.5408043152926476083, 0.5781805253279658219, 0.6142968652075136982, 0.6496782432647876249, 0.6842994600896366020, 0.7183589527723605039, 0.7520808646475959369, 0.8176524386023857893, 0.8797220764054370923, 0.9399655597309872768, 1.000000000000000000 ),
 .UNSPECIFIED. ) ;
#4667 =( NAMED_UNIT ( * ) SI_UNIT ( $, .STERADIAN. ) SOLID_ANGLE_UNIT ( ) );
#4668 = DIRECTION ( 'NONE',  ( -0.0000000000000000000, -1.000000000000000000, -0.0000000000000000000 ) ) ;
#4669 = CARTESIAN_POINT ( 'NONE',  ( 1.951195626069403000, 3.790000000000000480, -0.05273532938663545028 ) ) ;
#4670 = CARTESIAN_POINT ( 'NONE',  ( 3.590759957264912483, 3.800000000000000711, -0.4541929303493904002 ) ) ;
#4671 = EDGE_LOOP ( 'NONE', ( #6297, #9651, #2586, #2532 ) ) ;
#4672 = CARTESIAN_POINT ( 'NONE',  ( 3.488792735682137547, 3.790000000000000036, -0.4953669985928197961 ) ) ;
#4673 = FILL_AREA_STYLE_COLOUR ( '', #9439 ) ;
#4674 = CARTESIAN_POINT ( 'NONE',  ( -0.6646428256576036864, 3.789999999999998703, -0.2763126217663648965 ) ) ;
#4675 = CARTESIAN_POINT ( 'NONE',  ( -0.9189322291333716919, 3.790000000000000924, 0.1423755039633021191 ) ) ;
#4676 = CARTESIAN_POINT ( 'NONE',  ( 2.053411323487987605, 3.790000000000000924, -0.3783475752762975874 ) ) ;
#4677 = SURFACE_STYLE_USAGE ( .BOTH. , #1932 ) ;
#4678 = FILL_AREA_STYLE ('',( #5268 ) ) ;
#4679 = CARTESIAN_POINT ( 'NONE',  ( 3.305570913596949989, 3.799999999999998046, -0.4403946869792306762 ) ) ;
#4680 = CARTESIAN_POINT ( 'NONE',  ( 3.641596040529572864, 3.799999999999998934, 0.005800962839374324172 ) ) ;
#4681 = PLANE ( 'NONE',  #2592 ) ;
#4682 = AXIS2_PLACEMENT_3D ( 'NONE', #391, #4956, #7156 ) ;
#4683 = LINE ( 'NONE', #7328, #5145 ) ;
#4684 = ORIENTED_EDGE ( 'NONE', *, *, #884, .F. ) ;
#4685 = CARTESIAN_POINT ( 'NONE',  ( 1.573508097834148689, 3.789999999999999591, -0.5524070715046676128 ) ) ;
#4686 = CARTESIAN_POINT ( 'NONE',  ( 1.850887759997223769, 3.790000000000000480, 0.1928538371424286524 ) ) ;
#4687 = CARTESIAN_POINT ( 'NONE',  ( 1.558423270560813201, 3.800000000000001155, 0.1270272114303794275 ) ) ;
#4688 = MECHANICAL_DESIGN_GEOMETRIC_PRESENTATION_REPRESENTATION (  '', ( #6195 ), #3534 ) ;
#4689 = B_SPLINE_CURVE_WITH_KNOTS ( 'NONE', 3,
 ( #5798, #1596, #7539, #3804, #5219, #6790, #2296, #7574, #3862, #3048, #4569, #6757, #3080, #3775, #7509, #6093, #8313, #6818, #5280, #9011, #745, #2398, #9732, #1630, #706, #3834, #9043 ),
 .UNSPECIFIED., .F., .F.,
 ( 4, 1, 1, 1, 1, 1, 1, 1, 1, 1, 1, 1, 1, 1, 1, 1, 1, 1, 1, 1, 1, 1, 1, 1, 4 ),
 ( 0.0000000000000000000, 0.03378714634699098163, 0.06662165772429337607, 0.09928487809597198732, 0.1313611650426503574, 0.1635851875953421575, 0.1961039269870678281, 0.2289022543238163343, 0.2621580559050067372, 0.2959912222583164221, 0.3302178457247992305, 0.3650598258919538486, 0.4009507373401077213, 0.4376203820767374797, 0.4757075294370919916, 0.5153806916250481818, 0.5564135414931641321, 0.5997648298727306093, 0.6464241555840870568, 0.6964314445175664448, 0.7497815178015574400, 0.8065733069755322004, 0.8674355315653993204, 0.9318867532508740004, 1.000000000000000000 ),
 .UNSPECIFIED. ) ;
#4690 = FACE_OUTER_BOUND ( 'NONE', #1633, .T. ) ;
#4691 = CARTESIAN_POINT ( 'NONE',  ( 1.484305556194958076, 3.800000000000000266, -0.1569054601312812325 ) ) ;
#4692 = ORIENTED_EDGE ( 'NONE', *, *, #7807, .T. ) ;
#4693 = EDGE_CURVE ( 'NONE', #3639, #6205, #6739, .T. ) ;
#4694 = SURFACE_STYLE_USAGE ( .BOTH. , #1075 ) ;
#4695 = FILL_AREA_STYLE ('',( #6998 ) ) ;
#4696 = ORIENTED_EDGE ( 'NONE', *, *, #1627, .F. ) ;
#4697 = LINE ( 'NONE', #2441, #2720 ) ;
#4698 = CARTESIAN_POINT ( 'NONE',  ( 3.248408120297522128, 3.799999999999999822, 0.08876761679179567821 ) ) ;
#4699 = CARTESIAN_POINT ( 'NONE',  ( 1.850887759997223769, 3.790000000000000480, 0.1928538371424286524 ) ) ;
#4700 = FILL_AREA_STYLE_COLOUR ( '', #4344 ) ;
#4701 = CARTESIAN_POINT ( 'NONE',  ( 2.499564414040617244, 3.799999999999999822, -0.1665209052782624100 ) ) ;
#4702 = VERTEX_POINT ( 'NONE', #6662 ) ;
#4703 = CARTESIAN_POINT ( 'NONE',  ( 1.573905384339234548, 3.789999999999999147, 0.2389261544143911620 ) ) ;
#4704 = FILL_AREA_STYLE_COLOUR ( '', #2783 ) ;
#4705 = AXIS2_PLACEMENT_3D ( 'NONE', #7884, #6351, #5611 ) ;
#4706 = CARTESIAN_POINT ( 'NONE',  ( -1.915694443805042058, 3.790000000000000036, 0.09950479627897516888 ) ) ;
#4707 = FILL_AREA_STYLE ('',( #2482 ) ) ;
#4708 = CARTESIAN_POINT ( 'NONE',  ( -3.569999999999999396, 0.0000000000000000000, 1.249999999999999778 ) ) ;
#4709 = CARTESIAN_POINT ( 'NONE',  ( 2.480150727105950637, 3.790000000000000036, 0.1781115233935070263 ) ) ;
#4710 = CARTESIAN_POINT ( 'NONE',  ( 2.297767094656497644, 3.790000000000000480, -0.4953669985928199071 ) ) ;
#4711 = UNCERTAINTY_MEASURE_WITH_UNIT (LENGTH_MEASURE( 1.000000000000000082E-05 ), #3512, 'distance_accuracy_value', 'NONE');
#4712 = CARTESIAN_POINT ( 'NONE',  ( 3.324489263657766536, 3.799999999999999822, -0.4857699443374663972 ) ) ;
#4713 = VERTEX_POINT ( 'NONE', #9277 ) ;
#4714 = LINE ( 'NONE', #8649, #4602 ) ;
#4715 = EDGE_CURVE ( 'NONE', #6762, #810, #978, .T. ) ;
#4716 = CARTESIAN_POINT ( 'NONE',  ( 1.607295820977890477, 3.790000000000000924, -0.5663705693600160629 ) ) ;
#4717 = CARTESIAN_POINT ( 'NONE',  ( 2.157614744933277429, 3.790000000000000036, 0.2196965566099916556 ) ) ;
#4718 = CARTESIAN_POINT ( 'NONE',  ( 1.779577679350952124, 3.799999999999998490, 0.1502404609883683517 ) ) ;
#4719 = CARTESIAN_POINT ( 'NONE',  ( 3.716335662498762016, 3.800000000000000711, 0.08933656738702683286 ) ) ;
#4720 = PLANE ( 'NONE',  #4914 ) ;
#4721 = B_SPLINE_CURVE_WITH_KNOTS ( 'NONE', 3,
 ( #6015, #48, #2359, #5337, #2975, #2389, #9197, #1689, #6875, #7690, #8418, #1652, #173, #900, #6905 ),
 .UNSPECIFIED., .F., .F.,
 ( 4, 1, 1, 1, 1, 1, 1, 1, 1, 1, 1, 1, 4 ),
 ( 0.0000000000000000000, 0.09846943102555846816, 0.1896291011376312619, 0.2741840894379711235, 0.3521831609671545738, 0.4231988731834699924, 0.4885509460005335036, 0.5484733460279371808, 0.6014401636178734467, 0.7011980824257674216, 0.7995918021381833718, 0.8985450984822263010, 1.000000000000000000 ),
 .UNSPECIFIED. ) ;
#4722 = DIRECTION ( 'NONE',  ( 1.000000000000000000, 0.0000000000000000000, 0.0000000000000000000 ) ) ;
#4723 = LINE ( 'NONE', #1858, #6486 ) ;
#4724 = STYLED_ITEM ( 'NONE', ( #3742 ), #2170 ) ;
#4725 = UNCERTAINTY_MEASURE_WITH_UNIT (LENGTH_MEASURE( 1.000000000000000082E-05 ), #8384, 'distance_accuracy_value', 'NONE');
#4726 = MECHANICAL_DESIGN_GEOMETRIC_PRESENTATION_REPRESENTATION (  '', ( #7119 ), #6101 ) ;
#4727 = EDGE_CURVE ( 'NONE', #8217, #4200, #9546, .T. ) ;
#4728 = COLOUR_RGB ( '',1.000000000000000000, 1.000000000000000000, 1.000000000000000000 ) ;
#4729 = CARTESIAN_POINT ( 'NONE',  ( 2.403768688732015768, 3.789999999999999591, 0.2383671981594534806 ) ) ;
#4730 = DIRECTION ( 'NONE',  ( -0.0000000000000000000, 1.000000000000000000, -0.0000000000000000000 ) ) ;
#4731 = CARTESIAN_POINT ( 'NONE',  ( 3.622118283932435734, 3.800000000000000266, -0.4211909324294217383 ) ) ;
#4732 = CARTESIAN_POINT ( 'NONE',  ( 2.499318405410779320, 3.800000000000000266, -0.1853307715138228229 ) ) ;
#4733 = FACE_OUTER_BOUND ( 'NONE', #4134, .T. ) ;
#4734 = CARTESIAN_POINT ( 'NONE',  ( 3.450982042714459297, 3.800000000000000266, -0.1775678797339264037 ) ) ;
#4735 = SURFACE_STYLE_USAGE ( .BOTH. , #8469 ) ;
#4736 = ORIENTED_EDGE ( 'NONE', *, *, #1163, .F. ) ;
#4737 = CARTESIAN_POINT ( 'NONE',  ( 2.276612090880746564, 3.790000000000000480, -0.5771035300248318345 ) ) ;
#4738 = VECTOR ( 'NONE', #498, 1000.000000000000000 ) ;
#4739 = CARTESIAN_POINT ( 'NONE',  ( -4.999999999999999112, 3.799999999999999822, 4.500000000000000000 ) ) ;
#4740 = ORIENTED_EDGE ( 'NONE', *, *, #4596, .T. ) ;
#4741 = CARTESIAN_POINT ( 'NONE',  ( 2.643279915169317373, 3.799999999999999822, 0.05847915525333415021 ) ) ;
#4742 = CARTESIAN_POINT ( 'NONE',  ( -0.9315598284204266166, 3.799999999999999822, -0.4524182806441018334 ) ) ;
#4743 = FILL_AREA_STYLE_COLOUR ( '', #8858 ) ;
#4744 = SURFACE_STYLE_USAGE ( .BOTH. , #5521 ) ;
#4745 = FACE_OUTER_BOUND ( 'NONE', #7620, .T. ) ;
#4746 = ORIENTED_EDGE ( 'NONE', *, *, #1405, .F. ) ;
#4747 = CARTESIAN_POINT ( 'NONE',  ( 3.618265862967116053, 3.790000000000000924, 0.1280809253719411289 ) ) ;
#4748 =( GEOMETRIC_REPRESENTATION_CONTEXT ( 3 ) GLOBAL_UNCERTAINTY_ASSIGNED_CONTEXT ( ( #7066 ) ) GLOBAL_UNIT_ASSIGNED_CONTEXT ( ( #9497, #5004, #8681 ) ) REPRESENTATION_CONTEXT ( 'NONE', 'WORKASPACE' ) );
#4749 = VECTOR ( 'NONE', #1740, 1000.000000000000000 ) ;
#4750 = CARTESIAN_POINT ( 'NONE',  ( 1.454835904635678467, 3.799999999999999378, -0.4224663756187394537 ) ) ;
#4751 = CARTESIAN_POINT ( 'NONE',  ( 2.032388332408862297, 3.790000000000000480, -0.04914469658553768244 ) ) ;
#4752 = CARTESIAN_POINT ( 'NONE',  ( -2.256239315599914086, 3.799999999999999822, -0.5569054601312812824 ) ) ;
#4753 = LINE ( 'NONE', #3059, #5685 ) ;
#4754 = B_SPLINE_CURVE_WITH_KNOTS ( 'NONE', 3,
 ( #5263, #763, #799, #1436, #6047, #4462, #6680, #4491, #1479, #3064, #9688 ),
 .UNSPECIFIED., .F., .F.,
 ( 4, 1, 1, 1, 1, 1, 1, 1, 4 ),
 ( 0.0000000000000000000, 0.1072852142689554034, 0.2147458609696397958, 0.3229385595552856092, 0.4341161625174649874, 0.5534123109627947512, 0.6860729848107319784, 0.8342559920595843392, 1.000000000000000000 ),
 .UNSPECIFIED. ) ;
#4755 = CARTESIAN_POINT ( 'NONE',  ( 2.483021859960419242, 3.800000000000000266, 0.0001013277027347003469 ) ) ;
#4756 = FILL_AREA_STYLE ('',( #3993 ) ) ;
#4757 = CARTESIAN_POINT ( 'NONE',  ( 1.431271487503432249, 3.790000000000000480, 0.03951974538138159493 ) ) ;
#4758 = SURFACE_STYLE_FILL_AREA ( #4423 ) ;
#4759 = VERTEX_POINT ( 'NONE', #2590 ) ;
#4760 = CARTESIAN_POINT ( 'NONE',  ( 1.642793155588842646, 3.799999999999999822, 0.2611160120651015992 ) ) ;
#4761 =( GEOMETRIC_REPRESENTATION_CONTEXT ( 3 ) GLOBAL_UNCERTAINTY_ASSIGNED_CONTEXT ( ( #7898 ) ) GLOBAL_UNIT_ASSIGNED_CONTEXT ( ( #4135, #2993, #7373 ) ) REPRESENTATION_CONTEXT ( 'NONE', 'WORKASPACE' ) );
#4762 = PRESENTATION_STYLE_ASSIGNMENT (( #3874 ) ) ;
#4763 = ORIENTED_EDGE ( 'NONE', *, *, #5803, .T. ) ;
#4764 = CARTESIAN_POINT ( 'NONE',  ( -5.500000000000000000, 0.0000000000000000000, 1.249999999999999556 ) ) ;
#4765 = LINE ( 'NONE', #1254, #761 ) ;
#4766 = CARTESIAN_POINT ( 'NONE',  ( -0.7292440446920015473, 3.799999999999999822, -0.4110130800401582407 ) ) ;
#4767 = SURFACE_STYLE_USAGE ( .BOTH. , #9252 ) ;
#4768 = ORIENTED_EDGE ( 'NONE', *, *, #1388, .F. ) ;
#4769 = CARTESIAN_POINT ( 'NONE',  ( -0.4849252130358114310, 3.790000000000000036, -0.5569054601312812824 ) ) ;
#4770 = COLOUR_RGB ( '',1.000000000000000000, 1.000000000000000000, 1.000000000000000000 ) ;
#4771 = CARTESIAN_POINT ( 'NONE',  ( 5.000000000000000000, 3.799999999999999822, 4.999999999999999112 ) ) ;
#4772 = FILL_AREA_STYLE ('',( #4673 ) ) ;
#4773 = ORIENTED_EDGE ( 'NONE', *, *, #3832, .F. ) ;
#4774 = CARTESIAN_POINT ( 'NONE',  ( 2.258179779123871800, 3.790000000000000036, -0.5749190937986857763 ) ) ;
#4775 = VERTEX_POINT ( 'NONE', #7901 ) ;
#4776 = VERTEX_POINT ( 'NONE', #1974 ) ;
#4777 = CARTESIAN_POINT ( 'NONE',  ( -3.569999999999999396, 1.900000000000000355, -0.3500000000000004774 ) ) ;
#4778 = EDGE_CURVE ( 'NONE', #2145, #5250, #7672, .T. ) ;
#4779 = DIRECTION ( 'NONE',  ( 1.000000000000000000, -0.0000000000000000000, -8.673617379884036705E-17 ) ) ;
#4780 = CARTESIAN_POINT ( 'NONE',  ( 3.523434932913200424, 3.789999999999999591, -0.1248005219266900140 ) ) ;
#4781 = LINE ( 'NONE', #6829, #7358 ) ;
#4782 = CARTESIAN_POINT ( 'NONE',  ( 3.552949963360673813, 3.800000000000000266, 0.1715350511901055919 ) ) ;
#4783 = PRESENTATION_LAYER_ASSIGNMENT (  '', '', ( #551 ) ) ;
#4784 = VERTEX_POINT ( 'NONE', #7149 ) ;
#4785 = CARTESIAN_POINT ( 'NONE',  ( -2.256239315599914086, 3.790000000000000036, -0.5569054601312812824 ) ) ;
#4786 = CARTESIAN_POINT ( 'NONE',  ( 2.032388332408862297, 3.800000000000000266, -0.04914469658553768244 ) ) ;
#4787 = CARTESIAN_POINT ( 'NONE',  ( 3.629193660582460623, 3.789999999999999591, 0.1131363185966454965 ) ) ;
#4788 = ORIENTED_EDGE ( 'NONE', *, *, #4664, .F. ) ;
#4789 = AXIS2_PLACEMENT_3D ( 'NONE', #4845, #370, #2642 ) ;
#4790 = CARTESIAN_POINT ( 'NONE',  ( 2.499690171579573850, 3.799999999999999822, -0.1569054601312812325 ) ) ;
#4791 = DIRECTION ( 'NONE',  ( 0.0000000000000000000, 0.0000000000000000000, 1.000000000000000000 ) ) ;
#4792 = EDGE_CURVE ( 'NONE', #739, #7930, #3184, .T. ) ;
#4793 = CARTESIAN_POINT ( 'NONE',  ( 3.022767094656496845, 3.790000000000000036, 0.05847915525333415021 ) ) ;
#4794 = CARTESIAN_POINT ( 'NONE',  ( 1.513176240096394842, 3.799999999999998046, 0.1949911916237324072 ) ) ;
#4795 = ORIENTED_EDGE ( 'NONE', *, *, #7992, .F. ) ;
#4796 = VECTOR ( 'NONE', #2383, 1000.000000000000000 ) ;
#4798 = AXIS2_PLACEMENT_3D ( 'NONE', #6427, #2680, #4206 ) ;
#4797 = PLANE ( 'NONE',  #6002 ) ;
#4799 = ORIENTED_EDGE ( 'NONE', *, *, #8280, .T. ) ;
#4800 =( NAMED_UNIT ( * ) SI_UNIT ( $, .STERADIAN. ) SOLID_ANGLE_UNIT ( ) );
#4801 = CARTESIAN_POINT ( 'NONE',  ( 2.484988871918202502, 3.789999999999999147, -0.3096958051587143101 ) ) ;
#4802 = CARTESIAN_POINT ( 'NONE',  ( 3.697979695620528418, 3.790000000000000036, -0.04464090783062524270 ) ) ;
#4803 = CARTESIAN_POINT ( 'NONE',  ( 2.156970626239353983, 3.790000000000000480, -0.5328682805817642754 ) ) ;
#4804 = PLANE ( 'NONE',  #3094 ) ;
#4805 = B_SPLINE_SURFACE_WITH_KNOTS ( 'NONE', 3, 1, ( 
 ( #2045, #7974 ),
 ( #5633, #2746 ),
 ( #8007, #9509 ),
 ( #473, #1983 ),
 ( #4186, #2714 ),
 ( #8722, #7255 ),
 ( #9454, #1180 ),
 ( #2785, #1282 ),
 ( #4927, #2020 ),
 ( #5018, #4955 ),
 ( #3524, #3545 ) ),
 .UNSPECIFIED., .F., .F., .F.,
 ( 4, 1, 1, 1, 1, 1, 1, 1, 4 ),
 ( 2, 2 ),
 ( 0.0000000000000000000, 0.1430730837303647585, 0.2759029640930108496, 0.4023708562739964356, 0.5284136450935934537, 0.6503563791869526600, 0.7658950861246939246, 0.8807741308440212302, 0.9999999999999998890 ),
 ( 0.0000000000000000000, 1.000000000000000000 ),
 .UNSPECIFIED. ) ;
#4806 = COLOUR_RGB ( '',1.000000000000000000, 1.000000000000000000, 1.000000000000000000 ) ;
#4807 = CARTESIAN_POINT ( 'NONE',  ( -1.002008822730830140, 3.789999999999999147, -0.4663163496668246699 ) ) ;
#4808 = EDGE_LOOP ( 'NONE', ( #146, #5332, #9279, #2763 ) ) ;
#4809 = DIRECTION ( 'NONE',  ( -1.000000000000000000, -0.0000000000000000000, -0.0000000000000000000 ) ) ;
#4810 = DIRECTION ( 'NONE',  ( -0.0000000000000000000, 0.0000000000000000000, 1.000000000000000000 ) ) ;
#4811 = CARTESIAN_POINT ( 'NONE',  ( 3.648136273340094604, 3.789999999999999591, 0.05181697435153194420 ) ) ;
#4812 = ORIENTED_EDGE ( 'NONE', *, *, #4993, .F. ) ;
#4813 = CARTESIAN_POINT ( 'NONE',  ( 1.624827834209818356, 3.800000000000000266, -0.5714473343366130997 ) ) ;
#4814 = CARTESIAN_POINT ( 'NONE',  ( 2.205769150959461911, 3.790000000000001368, 0.2467327106665015979 ) ) ;
#4815 = FILL_AREA_STYLE ('',( #4139 ) ) ;
#4816 = PRESENTATION_STYLE_ASSIGNMENT (( #963 ) ) ;
#4817 =( GEOMETRIC_REPRESENTATION_CONTEXT ( 3 ) GLOBAL_UNCERTAINTY_ASSIGNED_CONTEXT ( ( #5008 ) ) GLOBAL_UNIT_ASSIGNED_CONTEXT ( ( #5192, #8125, #1434 ) ) REPRESENTATION_CONTEXT ( 'NONE', 'WORKASPACE' ) );
#4818 = CARTESIAN_POINT ( 'NONE',  ( 2.499690171579573850, 3.799999999999999822, -0.1569054601312812325 ) ) ;
#4819 = B_SPLINE_CURVE_WITH_KNOTS ( 'NONE', 3,
 ( #6139, #6930, #2477, #3221, #3259, #3975, #9185, #4703, #5449, #1839, #8428, #2497, #7020, #7705, #7049, #4056, #3350, #3244, #1807, #4757, #8459, #3964, #6953, #1006, #1738, #6992, #2467 ),
 .UNSPECIFIED., .F., .F.,
 ( 4, 1, 1, 1, 1, 1, 1, 1, 1, 1, 1, 1, 1, 1, 1, 1, 1, 1, 1, 1, 1, 1, 1, 1, 4 ),
 ( 0.0000000000000000000, 0.03378714634699098163, 0.06662165772429337607, 0.09928487809597198732, 0.1313611650426503574, 0.1635851875953421575, 0.1961039269870678281, 0.2289022543238163343, 0.2621580559050067372, 0.2959912222583164221, 0.3302178457247992305, 0.3650598258919538486, 0.4009507373401077213, 0.4376203820767374797, 0.4757075294370919916, 0.5153806916250481818, 0.5564135414931641321, 0.5997648298727306093, 0.6464241555840870568, 0.6964314445175664448, 0.7497815178015574400, 0.8065733069755322004, 0.8674355315653993204, 0.9318867532508740004, 1.000000000000000000 ),
 .UNSPECIFIED. ) ;
#4820 = CARTESIAN_POINT ( 'NONE',  ( 1.877079247993659994, 3.800000000000000711, -0.04804218787586597705 ) ) ;
#4821 = CARTESIAN_POINT ( 'NONE',  ( 3.618754553502099292, 3.790000000000000480, 0.2276588057009266419 ) ) ;
#4822 = CARTESIAN_POINT ( 'NONE',  ( -2.289572648933247745, 3.790000000000000036, 0.2430945398687187897 ) ) ;
#4823 = CARTESIAN_POINT ( 'NONE',  ( 1.417003717024246212, 3.799999999999999378, -0.04914469658553778653 ) ) ;
#4824 = VERTEX_POINT ( 'NONE', #9242 ) ;
#4825 = CARTESIAN_POINT ( 'NONE',  ( 3.371879232583199659, 3.799999999999999822, -0.4009694946949780014 ) ) ;
#4826 = AXIS2_PLACEMENT_3D ( 'NONE', #4836, #8647, #9423 ) ;
#4827 = DIRECTION ( 'NONE',  ( -0.0000000000000000000, 1.000000000000000000, -0.0000000000000000000 ) ) ;
#4828 =( LENGTH_UNIT ( ) NAMED_UNIT ( * ) SI_UNIT ( .MILLI., .METRE. ) );
#4829 = DIRECTION ( 'NONE',  ( 0.4190581774617470057, 0.0000000000000000000, 0.9079593845004517716 ) ) ;
#4830 = VECTOR ( 'NONE', #4160, 1000.000000000000114 ) ;
#4831 = CARTESIAN_POINT ( 'NONE',  ( 3.602848141103375479, 3.800000000000002043, -0.1561627622483771904 ) ) ;
#4832 = FACE_OUTER_BOUND ( 'NONE', #9700, .T. ) ;
#4833 = MECHANICAL_DESIGN_GEOMETRIC_PRESENTATION_REPRESENTATION (  '', ( #6347 ), #9036 ) ;
#4834 = CARTESIAN_POINT ( 'NONE',  ( 2.276612090880746564, 3.800000000000000266, -0.5771035300248318345 ) ) ;
#4835 = CARTESIAN_POINT ( 'NONE',  ( 2.420653616702963529, 3.790000000000000036, 0.1280820660708406333 ) ) ;
#4836 = CARTESIAN_POINT ( 'NONE',  ( 5.569999999999999396, 1.399999999999999911, -0.3500000000000005329 ) ) ;
#4837 = DIRECTION ( 'NONE',  ( 1.000000000000000000, 0.0000000000000000000, 0.0000000000000000000 ) ) ;
#4838 =( NAMED_UNIT ( * ) SI_UNIT ( $, .STERADIAN. ) SOLID_ANGLE_UNIT ( ) );
#4839 = VECTOR ( 'NONE', #6578, 999.9999999999998863 ) ;
#4840 = CARTESIAN_POINT ( 'NONE',  ( 3.498691490612237498, 3.800000000000000266, 0.1813607246131793138 ) ) ;
#4841 = LINE ( 'NONE', #4708, #2881 ) ;
#4842 = STYLED_ITEM ( 'NONE', ( #5523 ), #8701 ) ;
#4843 = EDGE_CURVE ( 'NONE', #9014, #7913, #3017, .T. ) ;
#4844 =( NAMED_UNIT ( * ) PLANE_ANGLE_UNIT ( ) SI_UNIT ( $, .RADIAN. ) );
#4845 = CARTESIAN_POINT ( 'NONE',  ( -3.569999999999999396, 0.0000000000000000000, 1.674008154317619093E-16 ) ) ;
#4846 = PLANE ( 'NONE',  #8777 ) ;
#4847 = CARTESIAN_POINT ( 'NONE',  ( 3.569999999999999396, 1.399999999999999911, -0.3500000000000003109 ) ) ;
#4848 = LINE ( 'NONE', #4883, #9646 ) ;
#4849 = CARTESIAN_POINT ( 'NONE',  ( 3.305657686912931492, 3.799999999999998490, -0.3427520411281699264 ) ) ;
#4850 = DIRECTION ( 'NONE',  ( -0.0000000000000000000, 1.000000000000000000, -0.0000000000000000000 ) ) ;
#4851 = CARTESIAN_POINT ( 'NONE',  ( 3.716335662498762016, 3.790000000000000924, 0.08933656738702683286 ) ) ;
#4852 = SURFACE_STYLE_FILL_AREA ( #5036 ) ;
#4853 = CARTESIAN_POINT ( 'NONE',  ( 2.036256762818804411, 3.790000000000000480, -0.01744779821163040118 ) ) ;
#4854 = ORIENTED_EDGE ( 'NONE', *, *, #6560, .F. ) ;
#4855 = FILL_AREA_STYLE ('',( #3353 ) ) ;
#4856 = ORIENTED_EDGE ( 'NONE', *, *, #8210, .F. ) ;
#4857 = FACE_OUTER_BOUND ( 'NONE', #903, .T. ) ;
#4858 = STYLED_ITEM ( 'NONE', ( #1527 ), #1448 ) ;
#4859 =( GEOMETRIC_REPRESENTATION_CONTEXT ( 3 ) GLOBAL_UNCERTAINTY_ASSIGNED_CONTEXT ( ( #4725 ) ) GLOBAL_UNIT_ASSIGNED_CONTEXT ( ( #8384, #2456, #1691 ) ) REPRESENTATION_CONTEXT ( 'NONE', 'WORKASPACE' ) );
#4860 = CARTESIAN_POINT ( 'NONE',  ( 1.679978633118034859, 3.790000000000000036, 0.2636073603815393129 ) ) ;
#4861 = CARTESIAN_POINT ( 'NONE',  ( -0.6575464925055672927, 3.800000000000001155, -0.2456391639808231941 ) ) ;
#4862 = ORIENTED_EDGE ( 'NONE', *, *, #7174, .F. ) ;
#4863 = CARTESIAN_POINT ( 'NONE',  ( 0.1663568382462400908, 3.790000000000000036, -0.01331571654153768276 ) ) ;
#4864 = CARTESIAN_POINT ( 'NONE',  ( 3.710652040175072219, 3.790000000000000036, -0.01417731044884779079 ) ) ;
#4865 = LINE ( 'NONE', #4563, #1729 ) ;
#4866 = VERTEX_POINT ( 'NONE', #8566 ) ;
#4867 = CARTESIAN_POINT ( 'NONE',  ( 1.484332858381818721, 3.800000000000000266, -0.1462200432618289969 ) ) ;
#4868 = CARTESIAN_POINT ( 'NONE',  ( -1.915694443805042058, 3.799999999999999822, 0.09950479627897516888 ) ) ;
#4869 = EDGE_LOOP ( 'NONE', ( #7263, #8965, #2724, #5910 ) ) ;
#4870 = CARTESIAN_POINT ( 'NONE',  ( 3.569999999999999396, 1.899999999999999911, 0.3499999999999996447 ) ) ;
#4871 = PLANE ( 'NONE',  #3043 ) ;
#4872 = DIRECTION ( 'NONE',  ( 0.0000000000000000000, 1.000000000000000000, 0.0000000000000000000 ) ) ;
#4873 = FILL_AREA_STYLE ('',( #2635 ) ) ;
#4874 = CARTESIAN_POINT ( 'NONE',  ( 3.608620712354077664, 3.799999999999998934, -0.04674822798295977244 ) ) ;
#4875 = CARTESIAN_POINT ( 'NONE',  ( 2.448393776465875415, 3.799999999999998046, 0.09088717523767153583 ) ) ;
#4876 =( NAMED_UNIT ( * ) PLANE_ANGLE_UNIT ( ) SI_UNIT ( $, .RADIAN. ) );
#4877 = FACE_OUTER_BOUND ( 'NONE', #52, .T. ) ;
#4878 = MECHANICAL_DESIGN_GEOMETRIC_PRESENTATION_REPRESENTATION (  '', ( #9208 ), #9709 ) ;
#4879 = SURFACE_STYLE_FILL_AREA ( #6653 ) ;
#4880 = CARTESIAN_POINT ( 'NONE',  ( 3.636739397996448631, 3.799999999999999822, 0.2143721630786478982 ) ) ;
#4881 = EDGE_CURVE ( 'NONE', #4866, #4166, #505, .T. ) ;
#4882 = ORIENTED_EDGE ( 'NONE', *, *, #11, .T. ) ;
#4883 = CARTESIAN_POINT ( 'NONE',  ( 3.022767094656496845, 3.790000000000000036, -0.3710080242338454348 ) ) ;
#4884 = FACE_OUTER_BOUND ( 'NONE', #5904, .T. ) ;
#4885 = CARTESIAN_POINT ( 'NONE',  ( 3.533068408557002549, 3.789999999999999591, 0.1772521092274686183 ) ) ;
#4886 = CARTESIAN_POINT ( 'NONE',  ( 3.648408120297522483, 3.790000000000000036, 0.04597915525333414605 ) ) ;
#4887 = CARTESIAN_POINT ( 'NONE',  ( -3.023386751497350033, 3.790000000000000036, -0.01331571654153768276 ) ) ;
#4888 = DIRECTION ( 'NONE',  ( 0.4494802773921303674, 0.0000000000000000000, 0.8932902553120646294 ) ) ;
#4889 = VERTEX_POINT ( 'NONE', #5072 ) ;
#4890 = CARTESIAN_POINT ( 'NONE',  ( 3.641596040529572864, 3.789999999999999147, 0.005800962839374324172 ) ) ;
#4891 = VERTEX_POINT ( 'NONE', #3636 ) ;
#4892 =( NAMED_UNIT ( * ) PLANE_ANGLE_UNIT ( ) SI_UNIT ( $, .RADIAN. ) );
#4893 =( GEOMETRIC_REPRESENTATION_CONTEXT ( 3 ) GLOBAL_UNCERTAINTY_ASSIGNED_CONTEXT ( ( #3321 ) ) GLOBAL_UNIT_ASSIGNED_CONTEXT ( ( #2011, #2706, #7937 ) ) REPRESENTATION_CONTEXT ( 'NONE', 'WORKASPACE' ) );
#4894 = COLOUR_RGB ( '',1.000000000000000000, 1.000000000000000000, 1.000000000000000000 ) ;
#4895 = CARTESIAN_POINT ( 'NONE',  ( 1.484332858381818721, 3.790000000000000036, -0.1462200432618289969 ) ) ;
#4896 = MECHANICAL_DESIGN_GEOMETRIC_PRESENTATION_REPRESENTATION (  '', ( #7091 ), #9282 ) ;
#4897 = PLANE ( 'NONE',  #4682 ) ;
#4898 = FILL_AREA_STYLE_COLOUR ( '', #9599 ) ;
#4899 = CARTESIAN_POINT ( 'NONE',  ( 1.490088184796733328, 3.800000000000000711, -0.04112354702014003882 ) ) ;
#4900 = CARTESIAN_POINT ( 'NONE',  ( -1.143899572010170340, 3.799999999999999822, -0.5569054601312812824 ) ) ;
#4901 = B_SPLINE_SURFACE_WITH_KNOTS ( 'NONE', 3, 1, ( 
 ( #73, #5256 ),
 ( #2991, #8925 ),
 ( #5323, #713 ),
 ( #8223, #2378 ),
 ( #2274, #8992 ),
 ( #7583, #3127 ),
 ( #9711, #4518 ),
 ( #679, #3 ),
 ( #756, #6003 ),
 ( #4552, #6768 ),
 ( #3057, #5289 ) ),
 .UNSPECIFIED., .F., .F., .F.,
 ( 4, 1, 1, 1, 1, 1, 1, 1, 4 ),
 ( 2, 2 ),
 ( 0.0000000000000000000, 0.1335067689985166006, 0.2625589787303701517, 0.3882644471488777560, 0.5126673546814276561, 0.6337222699657593106, 0.7553938601370945305, 0.8775529450912776808, 1.000000000000000000 ),
 ( 0.0000000000000000000, 1.000000000000000000 ),
 .UNSPECIFIED. ) ;
#4902 = CARTESIAN_POINT ( 'NONE',  ( 1.115074786964188824, 3.790000000000000036, -0.5569054601312812824 ) ) ;
#4903 = DIRECTION ( 'NONE',  ( -0.0000000000000000000, -0.0000000000000000000, 1.000000000000000000 ) ) ;
#4904 = EDGE_CURVE ( 'NONE', #7662, #1357, #5920, .T. ) ;
#4905 = ORIENTED_EDGE ( 'NONE', *, *, #8256, .F. ) ;
#4906 = UNCERTAINTY_MEASURE_WITH_UNIT (LENGTH_MEASURE( 1.000000000000000082E-05 ), #6272, 'distance_accuracy_value', 'NONE');
#4907 = FILL_AREA_STYLE_COLOUR ( '', #3144 ) ;
#4908 = CARTESIAN_POINT ( 'NONE',  ( 2.070220520020294330, 3.799999999999999378, -0.4224663756187391761 ) ) ;
#4909 = ORIENTED_EDGE ( 'NONE', *, *, #1732, .T. ) ;
#4910 = CARTESIAN_POINT ( 'NONE',  ( -0.8329406005759639742, 3.790000000000000924, 0.1005791653922419038 ) ) ;
#4911 = CARTESIAN_POINT ( 'NONE',  ( 2.099690171579573938, 3.790000000000000036, -0.1569054601312812325 ) ) ;
#4912 = CARTESIAN_POINT ( 'NONE',  ( -2.660726495087093912, 3.790000000000000036, -0.01331571654153768276 ) ) ;
#4913 = CARTESIAN_POINT ( 'NONE',  ( 2.499419647634240960, 3.790000000000000036, -0.1283638900843636355 ) ) ;
#4914 = AXIS2_PLACEMENT_3D ( 'NONE', #216, #3216, #7081 ) ;
#4915 = CARTESIAN_POINT ( 'NONE',  ( 3.316036325425727682, 3.799999999999999822, 0.04822274499692388167 ) ) ;
#4916 =( NAMED_UNIT ( * ) SI_UNIT ( $, .STERADIAN. ) SOLID_ANGLE_UNIT ( ) );
#4917 = CARTESIAN_POINT ( 'NONE',  ( 3.324729164347034249, 3.800000000000000711, -0.2973682562471666735 ) ) ;
#4918 = AXIS2_PLACEMENT_3D ( 'NONE', #5579, #1086, #6248 ) ;
#4919 = CARTESIAN_POINT ( 'NONE',  ( 3.600466961642832864, 3.790000000000000036, -0.5509637860648892715 ) ) ;
#4920 = CARTESIAN_POINT ( 'NONE',  ( -3.569999999999999396, 0.0000000000000000000, 1.249999999999999778 ) ) ;
#4921 = LINE ( 'NONE', #1402, #915 ) ;
#4922 = EDGE_CURVE ( 'NONE', #5993, #4891, #8967, .T. ) ;
#4923 = CARTESIAN_POINT ( 'NONE',  ( 3.622382587633699025, 3.789999999999999591, -0.1387050234835562612 ) ) ;
#4924 = ORIENTED_EDGE ( 'NONE', *, *, #6416, .F. ) ;
#4925 = COLOUR_RGB ( '',1.000000000000000000, 1.000000000000000000, 1.000000000000000000 ) ;
#4926 =( LENGTH_UNIT ( ) NAMED_UNIT ( * ) SI_UNIT ( .MILLI., .METRE. ) );
#4928 = EDGE_CURVE ( 'NONE', #7930, #4775, #819, .T. ) ;
#4927 = CARTESIAN_POINT ( 'NONE',  ( 3.372653239360579036, 3.789999999999998703, -0.4144875875707974555 ) ) ;
#4929 = CARTESIAN_POINT ( 'NONE',  ( 3.569999999999999396, 1.899999999999999911, -0.3500000000000003109 ) ) ;
#4930 = DIRECTION ( 'NONE',  ( 1.000000000000000000, -0.0000000000000000000, -0.0000000000000000000 ) ) ;
#4931 = ORIENTED_EDGE ( 'NONE', *, *, #8800, .F. ) ;
#4932 = CARTESIAN_POINT ( 'NONE',  ( 1.682382479271881559, 3.800000000000000711, 0.1815560783302572756 ) ) ;
#4933 = CARTESIAN_POINT ( 'NONE',  ( 3.438460854128073674, 3.790000000000000036, 0.2583009624386687353 ) ) ;
#4934 =( LENGTH_UNIT ( ) NAMED_UNIT ( * ) SI_UNIT ( .MILLI., .METRE. ) );
#4935 = SURFACE_SIDE_STYLE ('',( #4485 ) ) ;
#4936 = ORIENTED_EDGE ( 'NONE', *, *, #4693, .T. ) ;
#4937 = FILL_AREA_STYLE_COLOUR ( '', #5792 ) ;
#4938 = ORIENTED_EDGE ( 'NONE', *, *, #3315, .F. ) ;
#4939 = CARTESIAN_POINT ( 'NONE',  ( 2.375288708386110059, 3.800000000000000711, 0.1627998907984856969 ) ) ;
#4940 = CARTESIAN_POINT ( 'NONE',  ( 2.032427633821668689, 3.800000000000001599, -0.2646563308636123990 ) ) ;
#4941 = VECTOR ( 'NONE', #449, 1000.000000000000000 ) ;
#4942 = CARTESIAN_POINT ( 'NONE',  ( 2.200030505230249567, 3.800000000000000266, -0.4634226253938829032 ) ) ;
#4943 =( LENGTH_UNIT ( ) NAMED_UNIT ( * ) SI_UNIT ( .MILLI., .METRE. ) );
#4944 = SURFACE_STYLE_FILL_AREA ( #6562 ) ;
#4945 = CARTESIAN_POINT ( 'NONE',  ( 3.569999999999999396, 0.0000000000000000000, 1.249999999999999778 ) ) ;
#4946 = CARTESIAN_POINT ( 'NONE',  ( 3.316036325425727682, 3.790000000000000036, 0.04822274499692388167 ) ) ;
#4947 = STYLED_ITEM ( 'NONE', ( #3495 ), #4958 ) ;
#4948 =( LENGTH_UNIT ( ) NAMED_UNIT ( * ) SI_UNIT ( .MILLI., .METRE. ) );
#4949 =( NAMED_UNIT ( * ) SI_UNIT ( $, .STERADIAN. ) SOLID_ANGLE_UNIT ( ) );
#4950 = CARTESIAN_POINT ( 'NONE',  ( -2.289572648933247745, 3.790000000000000036, 0.2430945398687187897 ) ) ;
#4951 = CARTESIAN_POINT ( 'NONE',  ( 3.559115941770798486, 3.790000000000000924, 0.2548479903801273427 ) ) ;
#4952 = CARTESIAN_POINT ( 'NONE',  ( -0.7675577865294048729, 3.789999999999998703, -0.4539034630893974964 ) ) ;
#4953 = PRESENTATION_LAYER_ASSIGNMENT (  '', '', ( #3352 ) ) ;
#4954 = VECTOR ( 'NONE', #5784, 1000.000000000000000 ) ;
#4955 = CARTESIAN_POINT ( 'NONE',  ( 3.371879232583199659, 3.799999999999999822, -0.4009694946949780014 ) ) ;
#4956 = DIRECTION ( 'NONE',  ( 1.000000000000000000, 0.0000000000000000000, 0.0000000000000000000 ) ) ;
#4957 = CARTESIAN_POINT ( 'NONE',  ( 1.779390334892710479, 3.790000000000000480, -0.4634638939416597103 ) ) ;
#4958 = ADVANCED_FACE ( 'NONE', ( #9317 ), #7826, .T. ) ;
#4959 = PRESENTATION_STYLE_ASSIGNMENT (( #2084 ) ) ;
#4960 = EDGE_CURVE ( 'NONE', #7286, #170, #2369, .T. ) ;
#4961 = MECHANICAL_DESIGN_GEOMETRIC_PRESENTATION_REPRESENTATION (  '', ( #3805 ), #932 ) ;
#4962 = PLANE ( 'NONE',  #6429 ) ;
#4963 = PRESENTATION_STYLE_ASSIGNMENT (( #2356 ) ) ;
#4964 = PLANE ( 'NONE',  #4826 ) ;
#4965 = VERTEX_POINT ( 'NONE', #6716 ) ;
#4966 = CARTESIAN_POINT ( 'NONE',  ( 3.260803468802988991, 3.789999999999999591, 0.1112167258530219471 ) ) ;
#4967 = EDGE_LOOP ( 'NONE', ( #2575, #3484, #1092, #6235, #4631, #1676 ) ) ;
#4968 = SURFACE_STYLE_FILL_AREA ( #4678 ) ;
#4969 = CARTESIAN_POINT ( 'NONE',  ( -2.542457264317862897, 3.790000000000000036, 0.2430945398687187897 ) ) ;
#4970 = LINE ( 'NONE', #4225, #1715 ) ;
#4971 = CARTESIAN_POINT ( 'NONE',  ( 2.137897785685643370, 3.790000000000000480, -0.3895421529915990000 ) ) ;
#4972 = VERTEX_POINT ( 'NONE', #9504 ) ;
#4973 = ORIENTED_EDGE ( 'NONE', *, *, #4843, .F. ) ;
#4974 = EDGE_CURVE ( 'NONE', #7578, #776, #3728, .T. ) ;
#4975 = ORIENTED_EDGE ( 'NONE', *, *, #8515, .T. ) ;
#4976 = VERTEX_POINT ( 'NONE', #5175 ) ;
#4977 = CARTESIAN_POINT ( 'NONE',  ( 2.643279915169317373, 3.790000000000000036, 0.05847915525333415021 ) ) ;
#4978 = CARTESIAN_POINT ( 'NONE',  ( 3.371485043374446100, 3.790000000000000036, -0.3940849473107685408 ) ) ;
#4979 = PRESENTATION_STYLE_ASSIGNMENT (( #7274 ) ) ;
#4980 = PRESENTATION_STYLE_ASSIGNMENT (( #1774 ) ) ;
#4981 = EDGE_LOOP ( 'NONE', ( #5725, #4773, #860, #3893 ) ) ;
#4982 = CARTESIAN_POINT ( 'NONE',  ( 2.113132168488482510, 3.790000000000002256, 0.005029526254132324001 ) ) ;
#4983 = FACE_OUTER_BOUND ( 'NONE', #1352, .T. ) ;
#4984 = CARTESIAN_POINT ( 'NONE',  ( 3.608620712354077664, 3.789999999999999147, -0.04674822798295977244 ) ) ;
#4985 = CARTESIAN_POINT ( 'NONE',  ( -0.7675577865294048729, 3.799999999999998490, -0.4539034630893974964 ) ) ;
#4986 = STYLED_ITEM ( 'NONE', ( #1840 ), #742 ) ;
#4987 = CARTESIAN_POINT ( 'NONE',  ( 1.530170133893502760, 3.790000000000000924, 0.08984490176883061507 ) ) ;
#4988 = CARTESIAN_POINT ( 'NONE',  ( -5.500000000000000000, 1.399999999999999911, -0.3500000000000004774 ) ) ;
#4989 = CARTESIAN_POINT ( 'NONE',  ( 0.9202029920923936457, 3.799999999999999822, -0.4748541780799992451 ) ) ;
#4990 = LINE ( 'NONE', #2168, #5788 ) ;
#4991 = CARTESIAN_POINT ( 'NONE',  ( 1.850648511894583903, 3.790000000000001368, -0.3683479791088288269 ) ) ;
#4992 = ORIENTED_EDGE ( 'NONE', *, *, #6932, .F. ) ;
#4993 = EDGE_CURVE ( 'NONE', #5341, #7903, #2318, .T. ) ;
#4994 = VECTOR ( 'NONE', #508, 1000.000000000000000 ) ;
#4995 = CARTESIAN_POINT ( 'NONE',  ( 1.493700287316967801, 3.800000000000000711, -0.01708925844646968714 ) ) ;
#4996 = LINE ( 'NONE', #6500, #2100 ) ;
#4997 = DIRECTION ( 'NONE',  ( -0.4189977888269744155, 0.0000000000000000000, -0.9079872537420919931 ) ) ;
#4998 = CARTESIAN_POINT ( 'NONE',  ( -0.1054380335486315573, 3.790000000000000036, 0.2430945398687187897 ) ) ;
#4999 = ORIENTED_EDGE ( 'NONE', *, *, #8010, .F. ) ;
#5000 = CARTESIAN_POINT ( 'NONE',  ( 3.252617076156747444, 3.790000000000000036, 0.09639042054563470852 ) ) ;
#5001 = CARTESIAN_POINT ( 'NONE',  ( 2.036116176187444005, 3.799999999999998490, -0.2964604602438243308 ) ) ;
#5002 = MECHANICAL_DESIGN_GEOMETRIC_PRESENTATION_REPRESENTATION (  '', ( #1160 ), #9401 ) ;
#5003 = CARTESIAN_POINT ( 'NONE',  ( -4.999999999999999112, 0.0000000000000000000, 4.500000000000000000 ) ) ;
#5004 =( NAMED_UNIT ( * ) PLANE_ANGLE_UNIT ( ) SI_UNIT ( $, .RADIAN. ) );
#5005 = EDGE_LOOP ( 'NONE', ( #6555, #8723, #8189, #2806 ) ) ;
#5006 = VERTEX_POINT ( 'NONE', #8977 ) ;
#5007 = DIRECTION ( 'NONE',  ( 1.000000000000000000, -0.0000000000000000000, -0.0000000000000000000 ) ) ;
#5008 = UNCERTAINTY_MEASURE_WITH_UNIT (LENGTH_MEASURE( 1.000000000000000082E-05 ), #5192, 'distance_accuracy_value', 'NONE');
#5009 = DIRECTION ( 'NONE',  ( 0.0000000000000000000, 0.0000000000000000000, 1.000000000000000000 ) ) ;
#5010 = CARTESIAN_POINT ( 'NONE',  ( 2.369123176055570656, 3.799999999999999822, -0.5664070883482975605 ) ) ;
#5011 = CARTESIAN_POINT ( 'NONE',  ( -2.245982905343503866, 3.790000000000000036, -0.5569054601312812824 ) ) ;
#5012 = ADVANCED_FACE ( 'NONE', ( #4983 ), #663, .F. ) ;
#5013 = FILL_AREA_STYLE_COLOUR ( '', #9333 ) ;
#5014 = STYLED_ITEM ( 'NONE', ( #1207 ), #1164 ) ;
#5015 = B_SPLINE_SURFACE_WITH_KNOTS ( 'NONE', 3, 1, ( 
 ( #6212, #3978 ),
 ( #1616, #6969 ),
 ( #6899, #9189 ),
 ( #3196, #2513 ),
 ( #8413, #9160 ),
 ( #168, #7718 ),
 ( #5417, #6182 ),
 ( #1719, #6938 ),
 ( #5330, #7099 ),
 ( #1789, #8548 ),
 ( #355, #1121 ),
 ( #7747, #231 ),
 ( #1822, #326 ),
 ( #3296, #7062 ),
 ( #6287, #5607 ),
 ( #2600, #4102 ),
 ( #5515, #7006 ),
 ( #4803, #4007 ),
 ( #2545, #6379 ),
 ( #7030, #8511 ),
 ( #1922, #9327 ),
 ( #3364, #4040 ),
 ( #1857, #9257 ),
 ( #4774, #8578 ),
 ( #4737, #4834 ),
 ( #4071, #1022 ),
 ( #265, #2574 ) ),
 .UNSPECIFIED., .F., .F., .F.,
 ( 4, 1, 1, 1, 1, 1, 1, 1, 1, 1, 1, 1, 1, 1, 1, 1, 1, 1, 1, 1, 1, 1, 1, 1, 4 ),
 ( 2, 2 ),
 ( 0.0000000000000000000, 0.06859462225874239649, 0.1332460424433008217, 0.1943125864682561654, 0.2512792231169659329, 0.3045134392563466630, 0.3542349066533246327, 0.4004805887739887327, 0.4434107549384916358, 0.4840148686163446845, 0.5232523007732023945, 0.5610423727283596618, 0.5979002393643999547, 0.6335184888561948835, 0.6683143511696513217, 0.7024956712863819064, 0.7366853535134585407, 0.7702931693607880659, 0.8034372550192482310, 0.8359129516660288584, 0.8684602457892905969, 0.9008465382431827262, 0.9334665246307081166, 0.9662575752981231725, 1.000000000000000000 ),
 ( 0.0000000000000000000, 1.000000000000000000 ),
 .UNSPECIFIED. ) ;
#5016 = ORIENTED_EDGE ( 'NONE', *, *, #6052, .T. ) ;
#5017 = ORIENTED_EDGE ( 'NONE', *, *, #2925, .T. ) ;
#5018 = CARTESIAN_POINT ( 'NONE',  ( 3.371879232583199659, 3.790000000000000036, -0.4009694946949780014 ) ) ;
#5019 = MECHANICAL_DESIGN_GEOMETRIC_PRESENTATION_REPRESENTATION (  '', ( #3671 ), #2543 ) ;
#5020 = UNCERTAINTY_MEASURE_WITH_UNIT (LENGTH_MEASURE( 1.000000000000000082E-05 ), #921, 'distance_accuracy_value', 'NONE');
#5021 = LINE ( 'NONE', #7740, #3648 ) ;
#5022 = ORIENTED_EDGE ( 'NONE', *, *, #7314, .T. ) ;
#5023 = ORIENTED_EDGE ( 'NONE', *, *, #3680, .T. ) ;
#5024 = EDGE_CURVE ( 'NONE', #2238, #6398, #3120, .T. ) ;
#5025 = CARTESIAN_POINT ( 'NONE',  ( -0.9761684451675314289, 3.789999999999998703, 0.1532722612017414499 ) ) ;
#5026 = DIRECTION ( 'NONE',  ( -0.9036123719369733021, 0.0000000000000000000, -0.4283511191562794918 ) ) ;
#5027 =( NAMED_UNIT ( * ) SI_UNIT ( $, .STERADIAN. ) SOLID_ANGLE_UNIT ( ) );
#5028 = CARTESIAN_POINT ( 'NONE',  ( 2.142016795776851446, 3.799999999999998934, -0.5210176971794607814 ) ) ;
#5029 = CARTESIAN_POINT ( 'NONE',  ( 2.271206569469773839, 3.790000000000000924, -0.4939731607068253427 ) ) ;
#5030 = LINE ( 'NONE', #7995, #97 ) ;
#5031 = FACE_OUTER_BOUND ( 'NONE', #531, .T. ) ;
#5032 = EDGE_LOOP ( 'NONE', ( #9559, #5743, #7041, #2546 ) ) ;
#5033 = CARTESIAN_POINT ( 'NONE',  ( 2.314378445618084701, 3.800000000000000266, -0.5770850403972570541 ) ) ;
#5034 = DIRECTION ( 'NONE',  ( -0.0000000000000000000, 1.000000000000000000, -0.0000000000000000000 ) ) ;
#5035 =( LENGTH_UNIT ( ) NAMED_UNIT ( * ) SI_UNIT ( .MILLI., .METRE. ) );
#5036 = FILL_AREA_STYLE ('',( #5102 ) ) ;
#5037 = CARTESIAN_POINT ( 'NONE',  ( 2.113379244631374387, 3.799999999999999822, -0.3191883843805205512 ) ) ;
#5038 = CARTESIAN_POINT ( 'NONE',  ( 1.753738560670954572, 3.789999999999999591, -0.5664070883482975605 ) ) ;
#5039 = CARTESIAN_POINT ( 'NONE',  ( 3.569999999999999396, 1.900000000000000355, -1.249999999999999556 ) ) ;
#5040 = VECTOR ( 'NONE', #7220, 1000.000000000000000 ) ;
#5041 = CARTESIAN_POINT ( 'NONE',  ( -0.6975539977243765399, 3.799999999999998490, -0.3610960422795534974 ) ) ;
#5042 = ORIENTED_EDGE ( 'NONE', *, *, #3982, .F. ) ;
#5043 = EDGE_CURVE ( 'NONE', #2300, #1096, #8503, .T. ) ;
#5044 = SURFACE_STYLE_FILL_AREA ( #1492 ) ;
#5045 = ORIENTED_EDGE ( 'NONE', *, *, #1809, .T. ) ;
#5046 = CARTESIAN_POINT ( 'NONE',  ( 1.604679910837925938, 3.789999999999998703, 0.1622370331663033904 ) ) ;
#5047 = SURFACE_SIDE_STYLE ('',( #7855 ) ) ;
#5048 = CARTESIAN_POINT ( 'NONE',  ( -0.9058278584804655420, 3.800000000000000266, 0.1381189089736760689 ) ) ;
#5049 = CARTESIAN_POINT ( 'NONE',  ( 3.094561966451368384, 3.799999999999999822, 0.2430945398687187897 ) ) ;
#5050 = VERTEX_POINT ( 'NONE', #5306 ) ;
#5051 = ORIENTED_EDGE ( 'NONE', *, *, #8316, .T. ) ;
#5052 = MECHANICAL_DESIGN_GEOMETRIC_PRESENTATION_REPRESENTATION (  '', ( #3081 ), #5553 ) ;
#5053 = B_SPLINE_SURFACE_WITH_KNOTS ( 'NONE', 3, 1, ( 
 ( #8944, #4659 ),
 ( #1629, #7573 ),
 ( #875, #8334 ),
 ( #9141, #3210 ),
 ( #6851, #6126 ),
 ( #5279, #9168 ),
 ( #6817, #7631 ),
 ( #6911, #8424 ),
 ( #3860, #9075 ),
 ( #5397, #9042 ),
 ( #3833, #3150 ),
 ( #4600, #1659 ),
 ( #150, #2397 ),
 ( #905, #6880 ),
 ( #3888, #4568 ),
 ( #4686, #3177 ),
 ( #780, #843 ),
 ( #6160, #2460 ),
 ( #5312, #7660 ),
 ( #4629, #9109 ),
 ( #56, #3958 ),
 ( #90, #6026 ),
 ( #1563, #6789 ),
 ( #5343, #2335 ),
 ( #2427, #7538 ),
 ( #8312, #813 ),
 ( #6062, #8390 ) ),
 .UNSPECIFIED., .F., .F., .F.,
 ( 4, 1, 1, 1, 1, 1, 1, 1, 1, 1, 1, 1, 1, 1, 1, 1, 1, 1, 1, 1, 1, 1, 1, 1, 4 ),
 ( 2, 2 ),
 ( 0.0000000000000000000, 0.06506328961727918248, 0.1267731664665228963, 0.1855157632260790723, 0.2407646791677149622, 0.2929797960235980270, 0.3422503727797670536, 0.3889192861856599626, 0.4327756640583100278, 0.4746284326311173141, 0.5147746906379533360, 0.5536058934984421365, 0.5914264064311723912, 0.6280281199460665542, 0.6638036341103206173, 0.6989843361316641079, 0.7335914893067050357, 0.7676284691511391367, 0.8012083477865921122, 0.8342638397266226580, 0.8669806947287757026, 0.8997197415181596991, 0.9327019124985385101, 0.9661758834327492940, 1.000000000000000000 ),
 ( 0.0000000000000000000, 1.000000000000000000 ),
 .UNSPECIFIED. ) ;
#5054 =( NAMED_UNIT ( * ) PLANE_ANGLE_UNIT ( ) SI_UNIT ( $, .RADIAN. ) );
#5055 = CARTESIAN_POINT ( 'NONE',  ( 1.499267456567236589, 3.799999999999999378, -0.4934626313549270726 ) ) ;
#5056 = CARTESIAN_POINT ( 'NONE',  ( 3.491677351066753143, 3.790000000000000036, 0.2636073603815393129 ) ) ;
#5057 = COLOUR_RGB ( '',1.000000000000000000, 1.000000000000000000, 1.000000000000000000 ) ;
#5059 = SURFACE_STYLE_USAGE ( .BOTH. , #652 ) ;
#5058 = CARTESIAN_POINT ( 'NONE',  ( 3.372653239360579036, 3.789999999999998703, -0.4144875875707974555 ) ) ;
#5060 = CARTESIAN_POINT ( 'NONE',  ( 5.569999999999999396, 1.900000000000000355, -1.250000000000000222 ) ) ;
#5061 = LINE ( 'NONE', #3038, #2523 ) ;
#5062 = CARTESIAN_POINT ( 'NONE',  ( -0.4849252130358114310, 3.799999999999999822, -0.5569054601312812824 ) ) ;
#5063 =( NAMED_UNIT ( * ) PLANE_ANGLE_UNIT ( ) SI_UNIT ( $, .RADIAN. ) );
#5064 = CARTESIAN_POINT ( 'NONE',  ( 3.382592879063990310, 3.799999999999999378, -0.3433488462400128838 ) ) ;
#5065 = CARTESIAN_POINT ( 'NONE',  ( 2.465640054134096371, 3.790000000000000924, -0.5073601207094887711 ) ) ;
#5066 = FILL_AREA_STYLE_COLOUR ( '', #3314 ) ;
#5067 = STYLED_ITEM ( 'NONE', ( #8281 ), #2261 ) ;
#5068 = CARTESIAN_POINT ( 'NONE',  ( -5.569999999999999396, 1.899999999999999911, 1.250000000000000000 ) ) ;
#5069 = CARTESIAN_POINT ( 'NONE',  ( 2.535376769973782363, 3.800000000000001599, -0.3975607811808377079 ) ) ;
#5070 = CARTESIAN_POINT ( 'NONE',  ( 1.753738560670954572, 3.799999999999999378, -0.5664070883482975605 ) ) ;
#5071 = CARTESIAN_POINT ( 'NONE',  ( 3.560344344892248269, 3.799999999999999822, -0.4770909674268088430 ) ) ;
#5072 = CARTESIAN_POINT ( 'NONE',  ( 3.022767094656496845, 3.799999999999999822, 0.05847915525333415021 ) ) ;
#5073 = CARTESIAN_POINT ( 'NONE',  ( -0.7519601843609269309, 3.789999999999999147, -0.2992678640046578242 ) ) ;
#5074 =( GEOMETRIC_REPRESENTATION_CONTEXT ( 3 ) GLOBAL_UNCERTAINTY_ASSIGNED_CONTEXT ( ( #9430 ) ) GLOBAL_UNIT_ASSIGNED_CONTEXT ( ( #8926, #8157, #8192 ) ) REPRESENTATION_CONTEXT ( 'NONE', 'WORKASPACE' ) );
#5075 = ORIENTED_EDGE ( 'NONE', *, *, #3749, .T. ) ;
#5076 = ADVANCED_FACE ( 'NONE', ( #6983 ), #4624, .T. ) ;
#5077 = LINE ( 'NONE', #9095, #3122 ) ;
#5078 = CARTESIAN_POINT ( 'NONE',  ( 3.470411957209728282, 3.790000000000001368, -0.5764388064034913217 ) ) ;
#5079 = CARTESIAN_POINT ( 'NONE',  ( -0.8512514634985121065, 3.800000000000000266, 0.1127853994455231823 ) ) ;
#5080 = VECTOR ( 'NONE', #2840, 1000.000000000000000 ) ;
#5081 = ORIENTED_EDGE ( 'NONE', *, *, #2946, .F. ) ;
#5082 = VERTEX_POINT ( 'NONE', #7625 ) ;
#5083 = CARTESIAN_POINT ( 'NONE',  ( -1.541655982266580738, 3.790000000000000036, 0.2430945398687187897 ) ) ;
#5084 = EDGE_CURVE ( 'NONE', #1985, #1081, #4024, .T. ) ;
#5085 = AXIS2_PLACEMENT_3D ( 'NONE', #4269, #2010, #4238 ) ;
#5086 = VECTOR ( 'NONE', #506, 1000.000000000000000 ) ;
#5087 = SURFACE_SIDE_STYLE ('',( #8886 ) ) ;
#5088 = EDGE_CURVE ( 'NONE', #9699, #254, #9078, .T. ) ;
#5089 = ORIENTED_EDGE ( 'NONE', *, *, #1747, .T. ) ;
#5090 = ORIENTED_EDGE ( 'NONE', *, *, #9498, .T. ) ;
#5091 = CARTESIAN_POINT ( 'NONE',  ( 0.6472863254257275045, 3.790000000000000036, 0.2430945398687187897 ) ) ;
#5092 = DIRECTION ( 'NONE',  ( -0.4189977888269744155, 0.0000000000000000000, -0.9079872537420919931 ) ) ;
#5093 = UNCERTAINTY_MEASURE_WITH_UNIT (LENGTH_MEASURE( 1.000000000000000082E-05 ), #5357, 'distance_accuracy_value', 'NONE');
#5094 = DIRECTION ( 'NONE',  ( 0.1308757600508718144, 0.0000000000000000000, -0.9913987771987146091 ) ) ;
#5095 = ORIENTED_EDGE ( 'NONE', *, *, #7129, .T. ) ;
#5096 = CARTESIAN_POINT ( 'NONE',  ( 3.374263288044273335, 3.799999999999998934, -0.3685451713263663276 ) ) ;
#5097 = EDGE_CURVE ( 'NONE', #4169, #4010, #160, .T. ) ;
#5098 = ORIENTED_EDGE ( 'NONE', *, *, #9294, .F. ) ;
#5099 = CARTESIAN_POINT ( 'NONE',  ( 2.245047036960797993, 3.799999999999998046, -0.4874147027430336121 ) ) ;
#5100 = CARTESIAN_POINT ( 'NONE',  ( -0.9314875290058229895, 3.800000000000000266, 0.1460214375437843271 ) ) ;
#5101 = CARTESIAN_POINT ( 'NONE',  ( 3.374801221033974397, 3.799999999999999378, -0.5397923557868671285 ) ) ;
#5102 = FILL_AREA_STYLE_COLOUR ( '', #8837 ) ;
#5103 = CARTESIAN_POINT ( 'NONE',  ( 2.118200721941086329, 3.799999999999998934, -0.3392498686304547539 ) ) ;
#5104 = PRESENTATION_STYLE_ASSIGNMENT (( #6674 ) ) ;
#5105 = CARTESIAN_POINT ( 'NONE',  ( 1.735974414681587863, 3.800000000000001599, -0.5714175968243345727 ) ) ;
#5106 = CARTESIAN_POINT ( 'NONE',  ( 3.186869658759061252, 3.790000000000000036, -0.02357212679794789753 ) ) ;
#5107 = CARTESIAN_POINT ( 'NONE',  ( 3.474611991244373144, 3.790000000000000036, -0.2518294905408348106 ) ) ;
#5108 = VECTOR ( 'NONE', #5305, 1000.000000000000000 ) ;
#5109 = EDGE_CURVE ( 'NONE', #3676, #2827, #3132, .T. ) ;
#5110 = ORIENTED_EDGE ( 'NONE', *, *, #2293, .F. ) ;
#5111 = LINE ( 'NONE', #1776, #3157 ) ;
#5112 = CARTESIAN_POINT ( 'NONE',  ( 3.299690171579573672, 3.790000000000000036, -0.3907195626953838818 ) ) ;
#5113 = CARTESIAN_POINT ( 'NONE',  ( -0.7495608486830364070, 3.799999999999999822, -0.003029647583314454794 ) ) ;
#5114 = FACE_OUTER_BOUND ( 'NONE', #8275, .T. ) ;
#5115 = CARTESIAN_POINT ( 'NONE',  ( -5.569999999999999396, 1.899999999999999911, 1.250000000000000000 ) ) ;
#5116 = CARTESIAN_POINT ( 'NONE',  ( -1.586207264317862631, 3.790000000000000036, -0.5569054601312812824 ) ) ;
#5117 = EDGE_CURVE ( 'NONE', #2279, #9183, #280, .T. ) ;
#5118 = LINE ( 'NONE', #5801, #419 ) ;
#5119 = VECTOR ( 'NONE', #570, 1000.000000000000000 ) ;
#5120 = CARTESIAN_POINT ( 'NONE',  ( -0.8758445906834821937, 3.789999999999999591, 0.2192223047627752941 ) ) ;
#5121 = CARTESIAN_POINT ( 'NONE',  ( -0.9189322291333716919, 3.800000000000000711, 0.1423755039633021191 ) ) ;
#5123 = CARTESIAN_POINT ( 'NONE',  ( 2.784305556194957898, 3.790000000000000036, -0.02357212679794789753 ) ) ;
#5122 = PLANE ( 'NONE',  #2102 ) ;
#5124 = ADVANCED_FACE ( 'NONE', ( #6853 ), #7895, .T. ) ;
#5125 = UNCERTAINTY_MEASURE_WITH_UNIT (LENGTH_MEASURE( 1.000000000000000082E-05 ), #4934, 'distance_accuracy_value', 'NONE');
#5126 = AXIS2_PLACEMENT_3D ( 'NONE', #6270, #5469, #184 ) ;
#5127 = DIRECTION ( 'NONE',  ( 0.0000000000000000000, 1.000000000000000000, 0.0000000000000000000 ) ) ;
#5128 = VECTOR ( 'NONE', #4997, 1000.000000000000114 ) ;
#5129 = DIRECTION ( 'NONE',  ( 0.0000000000000000000, 1.000000000000000000, 0.0000000000000000000 ) ) ;
#5130 = CARTESIAN_POINT ( 'NONE',  ( 3.419493634246514091, 3.799999999999999378, -0.2953545195982206217 ) ) ;
#5131 = AXIS2_PLACEMENT_3D ( 'NONE', #3422, #6328, #8526 ) ;
#5132 = CARTESIAN_POINT ( 'NONE',  ( 2.451137662597615563, 3.800000000000000266, -0.5207915878645377195 ) ) ;
#5133 = DIRECTION ( 'NONE',  ( 0.0000000000000000000, 0.0000000000000000000, 1.000000000000000000 ) ) ;
#5134 = CARTESIAN_POINT ( 'NONE',  ( 2.469401710041112086, 3.799999999999999822, 0.04421633474051362561 ) ) ;
#5135 = CARTESIAN_POINT ( 'NONE',  ( 3.022767094656496845, 3.790000000000000036, -0.3710080242338454348 ) ) ;
#5136 = CARTESIAN_POINT ( 'NONE',  ( 1.884035032249627761, 3.790000000000000924, -0.1283638900843636077 ) ) ;
#5137 = CARTESIAN_POINT ( 'NONE',  ( 1.910224228834059179, 3.789999999999999591, -0.4193163166873626335 ) ) ;
#5138 = CARTESIAN_POINT ( 'NONE',  ( 3.633576452357696329, 3.800000000000000266, -0.4075746317194185453 ) ) ;
#5139 = CARTESIAN_POINT ( 'NONE',  ( 1.759396211509763219, 3.799999999999999822, -0.4759237100520952168 ) ) ;
#5140 = CARTESIAN_POINT ( 'NONE',  ( -0.8845570087788091618, 3.800000000000000711, -0.4346990021141842742 ) ) ;
#5141 = STYLED_ITEM ( 'NONE', ( #6535 ), #1558 ) ;
#5142 = B_SPLINE_SURFACE_WITH_KNOTS ( 'NONE', 3, 1, ( 
 ( #4108, #3342 ),
 ( #8560, #7698 ),
 ( #7828, #3275 ),
 ( #4083, #3309 ),
 ( #9341, #3990 ),
 ( #6227, #9303 ),
 ( #4814, #5463 ),
 ( #9206, #180 ),
 ( #5431, #9271 ),
 ( #4717, #213 ),
 ( #310, #3380 ),
 ( #6263, #5559 ),
 ( #6327, #1873 ),
 ( #7074, #1802 ),
 ( #2556, #2612 ),
 ( #8591, #1769 ),
 ( #243, #6193 ),
 ( #1734, #7015 ),
 ( #6948, #1832 ),
 ( #6986, #7726 ),
 ( #8486, #8525 ),
 ( #4020, #9238 ),
 ( #4751, #4786 ),
 ( #276, #5526 ),
 ( #1033, #6299 ),
 ( #9473, #4234 ),
 ( #7141, #4171 ) ),
 .UNSPECIFIED., .F., .F., .F.,
 ( 4, 1, 1, 1, 1, 1, 1, 1, 1, 1, 1, 1, 1, 1, 1, 1, 1, 1, 1, 1, 1, 1, 1, 1, 4 ),
 ( 2, 2 ),
 ( 0.0000000000000000000, 0.03378714634699096775, 0.06662165772429336219, 0.09928487809597195957, 0.1313611650426503019, 0.1635851875953435453, 0.1961039269870678003, 0.2289022543238163065, 0.2621580559050080139, 0.2959912222583164776, 0.3302178457248003407, 0.3650598258919539041, 0.4009507373401077213, 0.4376203820767374797, 0.4757075294370919916, 0.5153806916250481818, 0.5564135414931641321, 0.5997648298727310534, 0.6464241555840871678, 0.6964314445175667778, 0.7497815178015574400, 0.8065733069755323115, 0.8674355315653993204, 0.9318867532508740004, 1.000000000000000000 ),
 ( 0.0000000000000000000, 1.000000000000000000 ),
 .UNSPECIFIED. ) ;
#5143 = CARTESIAN_POINT ( 'NONE',  ( 5.569999999999999396, 1.900000000000000355, -1.250000000000000222 ) ) ;
#5144 = CARTESIAN_POINT ( 'NONE',  ( 1.679978633118034859, 3.790000000000000036, -0.5774182806441018334 ) ) ;
#5145 = VECTOR ( 'NONE', #5752, 1000.000000000000114 ) ;
#5146 = LINE ( 'NONE', #6866, #3076 ) ;
#5147 = ORIENTED_EDGE ( 'NONE', *, *, #5152, .F. ) ;
#5148 = CARTESIAN_POINT ( 'NONE',  ( 0.6472863254257275045, 3.790000000000000036, 0.2430945398687187897 ) ) ;
#5149 = VECTOR ( 'NONE', #5572, 1000.000000000000000 ) ;
#5150 = B_SPLINE_SURFACE_WITH_KNOTS ( 'NONE', 3, 1, ( 
 ( #7713, #7637 ),
 ( #8467, #9157 ),
 ( #6206, #6106 ),
 ( #7003, #4731 ),
 ( #3255, #4611 ),
 ( #3189, #3899 ),
 ( #8406, #4670 ),
 ( #4002, #4642 ),
 ( #101, #1751 ),
 ( #9219, #225 ),
 ( #163, #5410 ),
 ( #3873, #920 ),
 ( #5480, #1709 ),
 ( #2536, #5379 ),
 ( #851, #8434 ) ),
 .UNSPECIFIED., .F., .F., .F.,
 ( 4, 1, 1, 1, 1, 1, 1, 1, 1, 1, 1, 1, 4 ),
 ( 2, 2 ),
 ( 0.0000000000000000000, 0.09846943102555846816, 0.1896291011376312619, 0.2741840894379711235, 0.3521831609671545738, 0.4231988731834699924, 0.4885509460005335036, 0.5484733460279371808, 0.6014401636178734467, 0.7011980824257674216, 0.7995918021381833718, 0.8985450984822263010, 1.000000000000000000 ),
 ( 0.0000000000000000000, 1.000000000000000000 ),
 .UNSPECIFIED. ) ;
#5151 =( LENGTH_UNIT ( ) NAMED_UNIT ( * ) SI_UNIT ( .MILLI., .METRE. ) );
#5152 = EDGE_CURVE ( 'NONE', #4824, #8073, #4970, .T. ) ;
#5153 =( LENGTH_UNIT ( ) NAMED_UNIT ( * ) SI_UNIT ( .MILLI., .METRE. ) );
#5154 = VERTEX_POINT ( 'NONE', #8736 ) ;
#5155 = CARTESIAN_POINT ( 'NONE',  ( 1.502672830731115683, 3.800000000000001155, 0.02511575188014496252 ) ) ;
#5157 = CARTESIAN_POINT ( 'NONE',  ( -0.8971299203270075573, 3.789999999999999591, -0.5303989333554179897 ) ) ;
#5156 = CARTESIAN_POINT ( 'NONE',  ( 1.445924410002915161, 3.790000000000000036, -0.4013057577851021351 ) ) ;
#5158 = CARTESIAN_POINT ( 'NONE',  ( 2.220064526222541801, 3.799999999999999822, 0.1622370331663030574 ) ) ;
#5159 = ADVANCED_FACE ( 'NONE', ( #488 ), #9468, .T. ) ;
#5160 = CARTESIAN_POINT ( 'NONE',  ( -3.023386751497350033, 3.790000000000000036, -0.01331571654153768276 ) ) ;
#5161 = PLANE ( 'NONE',  #6256 ) ;
#5162 = CARTESIAN_POINT ( 'NONE',  ( 3.022767094656496845, 3.790000000000000036, 0.05847915525333415021 ) ) ;
#5163 = LINE ( 'NONE', #3356, #2392 ) ;
#5164 = STYLED_ITEM ( 'NONE', ( #4537 ), #666 ) ;
#5165 = CARTESIAN_POINT ( 'NONE',  ( 2.571050391914381894, 3.800000000000000266, -0.1928172289829195585 ) ) ;
#5166 = CARTESIAN_POINT ( 'NONE',  ( 2.374780826894379082, 3.799999999999999822, -0.4759237100520955499 ) ) ;
#5167 = CARTESIAN_POINT ( 'NONE',  ( 3.496805556194958697, 3.799999999999999822, -0.5774182806441018334 ) ) ;
#5168 = EDGE_LOOP ( 'NONE', ( #7021, #6308, #5406, #826 ) ) ;
#5169 = ORIENTED_EDGE ( 'NONE', *, *, #4372, .T. ) ;
#5170 = DIRECTION ( 'NONE',  ( 0.4285842068721729126, 0.0000000000000000000, -0.9035018415143106774 ) ) ;
#5171 = ADVANCED_FACE ( 'NONE', ( #734 ), #1322, .T. ) ;
#5172 = SURFACE_STYLE_USAGE ( .BOTH. , #3661 ) ;
#5173 = CARTESIAN_POINT ( 'NONE',  ( 1.928423465843850604, 3.799999999999999822, -0.3739576591678854256 ) ) ;
#5174 = SURFACE_STYLE_USAGE ( .BOTH. , #5891 ) ;
#5175 = CARTESIAN_POINT ( 'NONE',  ( 3.709946581835984247, 3.790000000000000036, -0.4420016139774352038 ) ) ;
#5176 = B_SPLINE_SURFACE_WITH_KNOTS ( 'NONE', 3, 1, ( 
 ( #8253, #5911 ),
 ( #2147, #8291 ),
 ( #3817, #9021 ),
 ( #1574, #2312 ),
 ( #4553, #37 ),
 ( #6802, #7554 ),
 ( #7518, #5290 ),
 ( #2349, #791 ),
 ( #6043, #3089 ),
 ( #1539, #6769 ),
 ( #3058, #8562 ) ),
 .UNSPECIFIED., .F., .F., .F.,
 ( 4, 1, 1, 1, 1, 1, 1, 1, 4 ),
 ( 2, 2 ),
 ( 0.0000000000000000000, 0.1815353013762853462, 0.3470816724816271903, 0.4955678164315520107, 0.6283573018772142804, 0.7455196699921573522, 0.8458307507576519058, 0.9307818073847589080, 0.9999999999999998890 ),
 ( 0.0000000000000000000, 1.000000000000000000 ),
 .UNSPECIFIED. ) ;
#5177 = FACE_BOUND ( 'NONE', #6527, .T. ) ;
#5178 = FACE_OUTER_BOUND ( 'NONE', #9708, .T. ) ;
#5179 = ADVANCED_FACE ( 'NONE', ( #2653 ), #1411, .T. ) ;
#5180 = DIRECTION ( 'NONE',  ( -0.0000000000000000000, 1.000000000000000000, -0.0000000000000000000 ) ) ;
#5181 = CARTESIAN_POINT ( 'NONE',  ( -1.002008822730830140, 3.799999999999998934, -0.4663163496668246699 ) ) ;
#5182 = VECTOR ( 'NONE', #1706, 1000.000000000000000 ) ;
#5183 = DIRECTION ( 'NONE',  ( -1.000000000000000000, 0.0000000000000000000, 0.0000000000000000000 ) ) ;
#5184 = DIRECTION ( 'NONE',  ( -0.0000000000000000000, 1.000000000000000000, -0.0000000000000000000 ) ) ;
#5185 = LINE ( 'NONE', #8000, #5304 ) ;
#5186 = DIRECTION ( 'NONE',  ( 0.0000000000000000000, 4.818676322157801319E-16, -1.000000000000000000 ) ) ;
#5187 = CARTESIAN_POINT ( 'NONE',  ( 1.573508097834148689, 3.789999999999999591, -0.5524070715046676128 ) ) ;
#5188 =( LENGTH_UNIT ( ) NAMED_UNIT ( * ) SI_UNIT ( .MILLI., .METRE. ) );
#5189 = VECTOR ( 'NONE', #657, 1000.000000000000000 ) ;
#5190 = CARTESIAN_POINT ( 'NONE',  ( 0.04472222286162463173, 3.790000000000000036, 0.2430945398687187897 ) ) ;
#5191 = CARTESIAN_POINT ( 'NONE',  ( -1.141816238676836903, 3.790000000000000036, 0.1610432578174366969 ) ) ;
#5192 =( LENGTH_UNIT ( ) NAMED_UNIT ( * ) SI_UNIT ( .MILLI., .METRE. ) );
#5193 = ORIENTED_EDGE ( 'NONE', *, *, #153, .F. ) ;
#5194 = CARTESIAN_POINT ( 'NONE',  ( 3.710652040175072219, 3.799999999999999822, -0.01417731044884779079 ) ) ;
#5195 = ORIENTED_EDGE ( 'NONE', *, *, #385, .F. ) ;
#5196 = ORIENTED_EDGE ( 'NONE', *, *, #846, .F. ) ;
#5197 = CARTESIAN_POINT ( 'NONE',  ( 2.420951306536639258, 3.799999999999999822, -0.4405382854319108143 ) ) ;
#5198 = CARTESIAN_POINT ( 'NONE',  ( 2.295363248502650499, 3.799999999999999822, -0.5774182806441018334 ) ) ;
#5199 = CARTESIAN_POINT ( 'NONE',  ( 1.820925931211867743, 3.800000000000000266, 0.2184132198682121606 ) ) ;
#5200 = UNCERTAINTY_MEASURE_WITH_UNIT (LENGTH_MEASURE( 1.000000000000000082E-05 ), #3313, 'distance_accuracy_value', 'NONE');
#5201 = VERTEX_POINT ( 'NONE', #6850 ) ;
#5202 = LINE ( 'NONE', #2155, #3239 ) ;
#5203 = VECTOR ( 'NONE', #9520, 1000.000000000000000 ) ;
#5204 = CARTESIAN_POINT ( 'NONE',  ( 2.571485043374445834, 3.790000000000000036, -0.1565849473107684686 ) ) ;
#5205 = DIRECTION ( 'NONE',  ( 1.000000000000000000, 0.0000000000000000000, 0.0000000000000000000 ) ) ;
#5206 = CARTESIAN_POINT ( 'NONE',  ( 1.955953022519863804, 3.790000000000000036, -0.1688725777424255337 ) ) ;
#5207 = CARTESIAN_POINT ( 'NONE',  ( 1.604587141200801703, 3.799999999999998046, -0.4759831676715794990 ) ) ;
#5208 = CARTESIAN_POINT ( 'NONE',  ( 1.873891755249084135, 3.800000000000002043, -0.2874214496715565836 ) ) ;
#5209 = SURFACE_SIDE_STYLE ('',( #5231 ) ) ;
#5210 = AXIS2_PLACEMENT_3D ( 'NONE', #5879, #5127, #3592 ) ;
#5211 = ORIENTED_EDGE ( 'NONE', *, *, #2367, .T. ) ;
#5212 = ORIENTED_EDGE ( 'NONE', *, *, #7251, .T. ) ;
#5213 = LINE ( 'NONE', #2512, #3951 ) ;
#5214 = ADVANCED_FACE ( 'NONE', ( #8848 ), #2611, .F. ) ;
#5215 = LINE ( 'NONE', #9567, #3250 ) ;
#5216 = PLANE ( 'NONE',  #3180 ) ;
#5217 = ORIENTED_EDGE ( 'NONE', *, *, #2568, .T. ) ;
#5218 = VERTEX_POINT ( 'NONE', #4785 ) ;
#5219 = CARTESIAN_POINT ( 'NONE',  ( 1.624900025659711700, 3.799999999999999378, 0.2576198970451349934 ) ) ;
#5220 = CARTESIAN_POINT ( 'NONE',  ( -1.305438033548631749, 3.799999999999999822, 0.2430945398687187897 ) ) ;
#5221 = VECTOR ( 'NONE', #3282, 1000.000000000000000 ) ;
#5222 = EDGE_CURVE ( 'NONE', #3265, #1300, #908, .T. ) ;
#5223 = ORIENTED_EDGE ( 'NONE', *, *, #7725, .F. ) ;
#5224 = UNCERTAINTY_MEASURE_WITH_UNIT (LENGTH_MEASURE( 1.000000000000000082E-05 ), #2784, 'distance_accuracy_value', 'NONE');
#5225 = LINE ( 'NONE', #9033, #5108 ) ;
#5226 = CARTESIAN_POINT ( 'NONE',  ( 1.956100427989829971, 3.790000000000000036, -0.1565849473107684686 ) ) ;
#5227 = ORIENTED_EDGE ( 'NONE', *, *, #1362, .F. ) ;
#5228 = DIRECTION ( 'NONE',  ( 0.0000000000000000000, 0.0000000000000000000, 1.000000000000000000 ) ) ;
#5230 = FILL_AREA_STYLE ('',( #2216 ) ) ;
#5229 = SURFACE_STYLE_USAGE ( .BOTH. , #8958 ) ;
#5231 = SURFACE_STYLE_FILL_AREA ( #3008 ) ;
#5232 = ADVANCED_FACE ( 'NONE', ( #3828 ), #5619, .T. ) ;
#5233 = CARTESIAN_POINT ( 'NONE',  ( 1.629662421576184350, 3.790000000000000924, -0.4874147027430334456 ) ) ;
#5234 = PRESENTATION_LAYER_ASSIGNMENT (  '', '', ( #4293 ) ) ;
#5235 = EDGE_CURVE ( 'NONE', #6848, #1178, #4848, .T. ) ;
#5236 = CARTESIAN_POINT ( 'NONE',  ( 2.525608844218675930, 3.800000000000002043, -0.4193163166873630776 ) ) ;
#5237 = CARTESIAN_POINT ( 'NONE',  ( 2.046656102888047890, 3.799999999999999378, 0.03951974538138132431 ) ) ;
#5238 = CARTESIAN_POINT ( 'NONE',  ( -2.245982905343503866, 3.799999999999999822, -0.5569054601312812824 ) ) ;
#5239 = ORIENTED_EDGE ( 'NONE', *, *, #6740, .T. ) ;
#5240 = FILL_AREA_STYLE ('',( #4397 ) ) ;
#5241 = EDGE_CURVE ( 'NONE', #452, #2396, #5894, .T. ) ;
#5242 = PRESENTATION_STYLE_ASSIGNMENT (( #6403 ) ) ;
#5243 = CARTESIAN_POINT ( 'NONE',  ( 1.884214403923073933, 3.789999999999999591, -0.1472884595004206876 ) ) ;
#5244 =( NAMED_UNIT ( * ) SI_UNIT ( $, .STERADIAN. ) SOLID_ANGLE_UNIT ( ) );
#5245 = CARTESIAN_POINT ( 'NONE',  ( 3.397022776110675935, 3.790000000000002256, 0.1482956075303329957 ) ) ;
#5246 = CARTESIAN_POINT ( 'NONE',  ( 2.369123176055570656, 3.790000000000000036, -0.5664070883482975605 ) ) ;
#5247 = EDGE_CURVE ( 'NONE', #7548, #810, #3700, .T. ) ;
#5248 = ORIENTED_EDGE ( 'NONE', *, *, #702, .F. ) ;
#5249 = ORIENTED_EDGE ( 'NONE', *, *, #7264, .T. ) ;
#5250 = VERTEX_POINT ( 'NONE', #4361 ) ;
#5251 = FILL_AREA_STYLE ('',( #9731 ) ) ;
#5252 = AXIS2_PLACEMENT_3D ( 'NONE', #3913, #7648, #9402 ) ;
#5253 = CARTESIAN_POINT ( 'NONE',  ( 3.579893618732410410, 3.789999999999998703, 0.2477774720884127757 ) ) ;
#5254 = PLANE ( 'NONE',  #611 ) ;
#5255 = FILL_AREA_STYLE_COLOUR ( '', #9152 ) ;
#5256 = CARTESIAN_POINT ( 'NONE',  ( 3.344401710041112086, 3.799999999999999822, -0.2689246909005120756 ) ) ;
#5257 =( NAMED_UNIT ( * ) SI_UNIT ( $, .STERADIAN. ) SOLID_ANGLE_UNIT ( ) );
#5258 = PRESENTATION_LAYER_ASSIGNMENT (  '', '', ( #1099 ) ) ;
#5259 = DIRECTION ( 'NONE',  ( -0.0000000000000000000, 1.000000000000000000, -0.0000000000000000000 ) ) ;
#5260 = AXIS2_PLACEMENT_3D ( 'NONE', #2414, #6939, #3946 ) ;
#5261 = ORIENTED_EDGE ( 'NONE', *, *, #7564, .T. ) ;
#5262 = EDGE_LOOP ( 'NONE', ( #5315, #3208, #5239, #6069 ) ) ;
#5263 = CARTESIAN_POINT ( 'NONE',  ( 3.371485043374446100, 3.799999999999999822, -0.3940849473107685408 ) ) ;
#5264 = CARTESIAN_POINT ( 'NONE',  ( -0.8900534181640165077, 3.790000000000000036, -0.5280593062851274277 ) ) ;
#5265 =( NAMED_UNIT ( * ) PLANE_ANGLE_UNIT ( ) SI_UNIT ( $, .RADIAN. ) );
#5266 = CARTESIAN_POINT ( 'NONE',  ( 2.040604857381409953, 3.790000000000000480, -0.3260288635621578224 ) ) ;
#5267 = CARTESIAN_POINT ( 'NONE',  ( -0.8310875631656116092, 3.790000000000001368, 0.2000565069749153935 ) ) ;
#5268 = FILL_AREA_STYLE_COLOUR ( '', #962 ) ;
#5269 = CARTESIAN_POINT ( 'NONE',  ( 1.497994629246758302, 3.799999999999998046, -0.3191883843805204957 ) ) ;
#5270 = SURFACE_STYLE_FILL_AREA ( #8487 ) ;
#5271 = CARTESIAN_POINT ( 'NONE',  ( 1.682382479271881559, 3.800000000000000266, -0.4953669985928199071 ) ) ;
#5272 =( NAMED_UNIT ( * ) PLANE_ANGLE_UNIT ( ) SI_UNIT ( $, .RADIAN. ) );
#5273 = CIRCLE ( 'NONE', #4918, 0.5000000000000004441 ) ;
#5274 = VERTEX_POINT ( 'NONE', #1269 ) ;
#5275 = EDGE_CURVE ( 'NONE', #625, #6273, #1454, .T. ) ;
#5276 = ADVANCED_FACE ( 'NONE', ( #1200 ), #1346, .T. ) ;
#5277 = FACE_BOUND ( 'NONE', #2430, .T. ) ;
#5278 = CARTESIAN_POINT ( 'NONE',  ( 1.417043018437051494, 3.789999999999999591, -0.2646563308636123990 ) ) ;
#5279 = CARTESIAN_POINT ( 'NONE',  ( 1.947490485884540545, 3.789999999999999591, -0.02169293796749991940 ) ) ;
#5280 = CARTESIAN_POINT ( 'NONE',  ( 1.438368106500786725, 3.799999999999998490, 0.06469670046766413940 ) ) ;
#5281 =( GEOMETRIC_REPRESENTATION_CONTEXT ( 3 ) GLOBAL_UNCERTAINTY_ASSIGNED_CONTEXT ( ( #8077 ) ) GLOBAL_UNIT_ASSIGNED_CONTEXT ( ( #7647, #802, #3950 ) ) REPRESENTATION_CONTEXT ( 'NONE', 'WORKASPACE' ) );
#5282 = CARTESIAN_POINT ( 'NONE',  ( 3.377485991806066234, 3.790000000000001368, -0.3559025794592514114 ) ) ;
#5283 = ORIENTED_EDGE ( 'NONE', *, *, #5726, .F. ) ;
#5284 =( GEOMETRIC_REPRESENTATION_CONTEXT ( 3 ) GLOBAL_UNCERTAINTY_ASSIGNED_CONTEXT ( ( #2371 ) ) GLOBAL_UNIT_ASSIGNED_CONTEXT ( ( #6041, #7485, #3755 ) ) REPRESENTATION_CONTEXT ( 'NONE', 'WORKASPACE' ) );
#5285 = FACE_OUTER_BOUND ( 'NONE', #1783, .T. ) ;
#5286 = EDGE_CURVE ( 'NONE', #1178, #3179, #9179, .T. ) ;
#5287 = CARTESIAN_POINT ( 'NONE',  ( 2.571045918698920296, 3.789999999999998703, -0.1205133907851156094 ) ) ;
#5288 =( NAMED_UNIT ( * ) PLANE_ANGLE_UNIT ( ) SI_UNIT ( $, .RADIAN. ) );
#5289 = CARTESIAN_POINT ( 'NONE',  ( 3.299690171579573672, 3.799999999999999822, -0.3907195626953838818 ) ) ;
#5290 = CARTESIAN_POINT ( 'NONE',  ( 3.375521092148595415, 3.800000000000000711, -0.2373038272511685254 ) ) ;
#5291 = ORIENTED_EDGE ( 'NONE', *, *, #3799, .T. ) ;
#5292 = ORIENTED_EDGE ( 'NONE', *, *, #2424, .F. ) ;
#5293 = DIRECTION ( 'NONE',  ( 1.000000000000000000, 0.0000000000000000000, 0.0000000000000000000 ) ) ;
#5294 = STYLED_ITEM ( 'NONE', ( #5544 ), #792 ) ;
#5295 = CARTESIAN_POINT ( 'NONE',  ( 2.569525115333506360, 3.790000000000000480, -0.2278390325579516262 ) ) ;
#5296 = ORIENTED_EDGE ( 'NONE', *, *, #4486, .F. ) ;
#5297 = COLOUR_RGB ( '',1.000000000000000000, 1.000000000000000000, 1.000000000000000000 ) ;
#5298 = CARTESIAN_POINT ( 'NONE',  ( 2.157614744933277429, 3.799999999999999822, 0.2196965566099916556 ) ) ;
#5299 = CARTESIAN_POINT ( 'NONE',  ( 2.526314654068355203, 3.800000000000000266, 0.1049202445333096562 ) ) ;
#5300 = DIRECTION ( 'NONE',  ( 1.000000000000000000, 0.0000000000000000000, 0.0000000000000000000 ) ) ;
#5301 = FILL_AREA_STYLE ('',( #1585 ) ) ;
#5302 = CARTESIAN_POINT ( 'NONE',  ( -0.7264525577128847500, 3.800000000000000711, 0.1074199148251074043 ) ) ;
#5303 = CARTESIAN_POINT ( 'NONE',  ( -1.057521366881964964, 3.799999999999999822, 0.2430945398687187897 ) ) ;
#5304 = VECTOR ( 'NONE', #3567, 1000.000000000000000 ) ;
#5305 = DIRECTION ( 'NONE',  ( 1.000000000000000000, 0.0000000000000000000, 0.0000000000000000000 ) ) ;
#5306 = CARTESIAN_POINT ( 'NONE',  ( 1.115074786964188824, 3.799999999999999822, 0.2430945398687187897 ) ) ;
#5307 = VECTOR ( 'NONE', #1895, 1000.000000000000000 ) ;
#5308 = SURFACE_STYLE_USAGE ( .BOTH. , #1522 ) ;
#5309 = UNCERTAINTY_MEASURE_WITH_UNIT (LENGTH_MEASURE( 1.000000000000000082E-05 ), #2941, 'distance_accuracy_value', 'NONE');
#5310 = CARTESIAN_POINT ( 'NONE',  ( 1.412510684400086536, 3.790000000000000036, -0.1565849473107684686 ) ) ;
#5311 = VECTOR ( 'NONE', #284, 1000.000000000000000 ) ;
#5312 = CARTESIAN_POINT ( 'NONE',  ( 1.804831862358804440, 3.789999999999999591, 0.2289468894993802461 ) ) ;
#5313 = DIRECTION ( 'NONE',  ( -0.0000000000000000000, 0.0000000000000000000, -1.000000000000000000 ) ) ;
#5314 = CARTESIAN_POINT ( 'NONE',  ( 1.530508830318332070, 3.790000000000000924, -0.4039395849288013873 ) ) ;
#5315 = ORIENTED_EDGE ( 'NONE', *, *, #3332, .F. ) ;
#5316 = CARTESIAN_POINT ( 'NONE',  ( 3.552557480221095965, 3.789999999999999591, -0.5708242042970157470 ) ) ;
#5317 = FACE_OUTER_BOUND ( 'NONE', #9200, .T. ) ;
#5318 = CARTESIAN_POINT ( 'NONE',  ( 1.876852556757180990, 3.789999999999999591, -0.4764134731311421289 ) ) ;
#5319 = ORIENTED_EDGE ( 'NONE', *, *, #5524, .F. ) ;
#5320 = CARTESIAN_POINT ( 'NONE',  ( -0.6772757570409608796, 3.799999999999999378, 0.01726672952304868919 ) ) ;
#5321 = ORIENTED_EDGE ( 'NONE', *, *, #4993, .T. ) ;
#5322 =( GEOMETRIC_REPRESENTATION_CONTEXT ( 3 ) GLOBAL_UNCERTAINTY_ASSIGNED_CONTEXT ( ( #9627 ) ) GLOBAL_UNIT_ASSIGNED_CONTEXT ( ( #3459, #2821, #8045 ) ) REPRESENTATION_CONTEXT ( 'NONE', 'WORKASPACE' ) );
#5323 = CARTESIAN_POINT ( 'NONE',  ( 3.333909965596197456, 3.789999999999999591, -0.2828940030431193464 ) ) ;
#5324 = UNCERTAINTY_MEASURE_WITH_UNIT (LENGTH_MEASURE( 1.000000000000000082E-05 ), #6831, 'distance_accuracy_value', 'NONE');
#5325 = COLOUR_RGB ( '',1.000000000000000000, 1.000000000000000000, 1.000000000000000000 ) ;
#5326 = VECTOR ( 'NONE', #8265, 1000.000000000000000 ) ;
#5327 = FILL_AREA_STYLE ('',( #6706 ) ) ;
#5328 = STYLED_ITEM ( 'NONE', ( #1139 ), #1441 ) ;
#5329 = CARTESIAN_POINT ( 'NONE',  ( 3.371485043374446100, 3.799999999999999822, -0.3940849473107685408 ) ) ;
#5330 = CARTESIAN_POINT ( 'NONE',  ( 2.053411323487987605, 3.790000000000000924, -0.3783475752762975874 ) ) ;
#5331 = SURFACE_SIDE_STYLE ('',( #8952 ) ) ;
#5332 = ORIENTED_EDGE ( 'NONE', *, *, #6291, .F. ) ;
#5333 = ORIENTED_EDGE ( 'NONE', *, *, #3585, .T. ) ;
#5334 = CARTESIAN_POINT ( 'NONE',  ( -2.833643161753760520, 3.799999999999999822, -0.5569054601312812824 ) ) ;
#5335 = LINE ( 'NONE', #4004, #7217 ) ;
#5336 = CARTESIAN_POINT ( 'NONE',  ( -0.7124361592673232879, 3.799999999999999822, 0.08671693696931787043 ) ) ;
#5337 = CARTESIAN_POINT ( 'NONE',  ( 3.622118283932435734, 3.789999999999999591, -0.4211909324294217383 ) ) ;
#5338 = LINE ( 'NONE', #6978, #9085 ) ;
#5339 = CARTESIAN_POINT ( 'NONE',  ( 1.850648511894583903, 3.790000000000001368, -0.3683479791088288269 ) ) ;
#5340 = MECHANICAL_DESIGN_GEOMETRIC_PRESENTATION_REPRESENTATION (  '', ( #115 ), #4218 ) ;
#5341 = VERTEX_POINT ( 'NONE', #2250 ) ;
#5342 = CARTESIAN_POINT ( 'NONE',  ( 2.297767094656497200, 3.799999999999999822, 0.1815560783302572478 ) ) ;
#5343 = CARTESIAN_POINT ( 'NONE',  ( 1.717739252117415072, 3.790000000000001812, 0.2609139509444463045 ) ) ;
#5344 = CARTESIAN_POINT ( 'NONE',  ( 1.691241375650337719, 3.790000000000000480, 0.1811908712876173499 ) ) ;
#5345 = AXIS2_PLACEMENT_3D ( 'NONE', #7868, #6428, #1971 ) ;
#5346 = CARTESIAN_POINT ( 'NONE',  ( 1.490387241356369241, 3.789999999999999591, -0.2729754930126634949 ) ) ;
#5347 = EDGE_CURVE ( 'NONE', #5441, #5629, #4754, .T. ) ;
#5348 = CARTESIAN_POINT ( 'NONE',  ( 1.854017094656496445, 3.790000000000000036, 0.04421633474051362561 ) ) ;
#5349 = B_SPLINE_CURVE_WITH_KNOTS ( 'NONE', 3,
 ( #2235, #2879, #1447, #7307, #5822, #2844, #8909, #6686, #1305, #8135, #5858 ),
 .UNSPECIFIED., .F., .F.,
 ( 4, 1, 1, 1, 1, 1, 1, 1, 4 ),
 ( 0.0000000000000000000, 0.08431861695858246242, 0.1792845142139038728, 0.2865825276465614468, 0.4051114834342780524, 0.5355928734189743246, 0.6781902099934125072, 0.8329758397604878351, 1.000000000000000000 ),
 .UNSPECIFIED. ) ;
#5350 = PRESENTATION_LAYER_ASSIGNMENT (  '', '', ( #3378 ) ) ;
#5351 = VERTEX_POINT ( 'NONE', #1543 ) ;
#5352 = PRESENTATION_STYLE_ASSIGNMENT (( #1867 ) ) ;
#5353 = ORIENTED_EDGE ( 'NONE', *, *, #8683, .T. ) ;
#5354 = CARTESIAN_POINT ( 'NONE',  ( 2.504983220408684375, 3.790000000000000036, 0.1441964596211582073 ) ) ;
#5355 = VERTEX_POINT ( 'NONE', #9026 ) ;
#5356 = CARTESIAN_POINT ( 'NONE',  ( -0.9579402735733794083, 3.800000000000001599, 0.2373925479198054633 ) ) ;
#5357 =( LENGTH_UNIT ( ) NAMED_UNIT ( * ) SI_UNIT ( .MILLI., .METRE. ) );
#5358 = B_SPLINE_CURVE_WITH_KNOTS ( 'NONE', 3,
 ( #5817, #3065, #7496, #3730, #8323, #1480, #7560, #2224, #4526, #3789, #9689, #8229, #2285, #7425, #2967, #5197, #8997, #8202, #5166, #15, #8934, #4431, #691 ),
 .UNSPECIFIED., .F., .F.,
 ( 4, 1, 1, 1, 1, 1, 1, 1, 1, 1, 1, 1, 1, 1, 1, 1, 1, 1, 1, 1, 4 ),
 ( 0.0000000000000000000, 0.06568119799063891484, 0.1284864641740649516, 0.1881751303280079779, 0.2451061306699864883, 0.2994484245294755098, 0.3508229360093824689, 0.3999416805337779324, 0.4466717436323722201, 0.4912545333734989472, 0.5333763442704372304, 0.5738527549682245210, 0.6125263117194534868, 0.6495971364453290153, 0.6855320415538508350, 0.7201057860682008593, 0.7538376629736510681, 0.8189254160467140942, 0.8804934616501645106, 0.9403113338460573623, 1.000000000000000000 ),
 .UNSPECIFIED. ) ;
#5359 = PLANE ( 'NONE',  #5632 ) ;
#5360 = CARTESIAN_POINT ( 'NONE',  ( 1.497994629246758302, 3.789999999999998259, -0.3191883843805204957 ) ) ;
#5361 = CYLINDRICAL_SURFACE ( 'NONE', #8600, 0.4999999999999995559 ) ;
#5362 =( NAMED_UNIT ( * ) SI_UNIT ( $, .STERADIAN. ) SOLID_ANGLE_UNIT ( ) );
#5363 = EDGE_CURVE ( 'NONE', #3279, #2026, #7076, .T. ) ;
#5364 = DIRECTION ( 'NONE',  ( 0.0000000000000000000, -1.000000000000000000, -1.100712865467517202E-16 ) ) ;
#5365 =( NAMED_UNIT ( * ) PLANE_ANGLE_UNIT ( ) SI_UNIT ( $, .RADIAN. ) );
#5366 = CARTESIAN_POINT ( 'NONE',  ( 2.499690171579573850, 3.790000000000000036, -0.1569054601312812325 ) ) ;
#5367 = ORIENTED_EDGE ( 'NONE', *, *, #3182, .F. ) ;
#5368 = CARTESIAN_POINT ( 'NONE',  ( -1.541655982266580738, 3.799999999999999822, 0.2430945398687187897 ) ) ;
#5369 = LINE ( 'NONE', #4644, #8762 ) ;
#5370 = CARTESIAN_POINT ( 'NONE',  ( 1.794662834509545224, 3.800000000000002043, -0.4512438781424355505 ) ) ;
#5371 = CARTESIAN_POINT ( 'NONE',  ( 2.113132168488482510, 3.800000000000002043, 0.005029526254132324001 ) ) ;
#5372 = CARTESIAN_POINT ( 'NONE',  ( 0.9671581202975220171, 3.790000000000000036, -0.5569054601312812824 ) ) ;
#5373 = CARTESIAN_POINT ( 'NONE',  ( 1.487655888297272133, 3.800000000000000266, -0.06723864106931326523 ) ) ;
#5374 = ORIENTED_EDGE ( 'NONE', *, *, #2259, .F. ) ;
#5375 = CARTESIAN_POINT ( 'NONE',  ( 1.490387241356369241, 3.799999999999999822, -0.2729754930126634949 ) ) ;
#5376 = CARTESIAN_POINT ( 'NONE',  ( -0.9131303412409393916, 3.790000000000000036, 0.1406906937148726111 ) ) ;
#5377 = CARTESIAN_POINT ( 'NONE',  ( -1.022768217690783077, 3.800000000000000266, 0.2428049650926126790 ) ) ;
#5378 = VERTEX_POINT ( 'NONE', #8996 ) ;
#5379 = CARTESIAN_POINT ( 'NONE',  ( 3.495380193786379763, 3.800000000000000711, -0.4951137173968873650 ) ) ;
#5380 = B_SPLINE_SURFACE_WITH_KNOTS ( 'NONE', 3, 1, ( 
 ( #6840, #993 ),
 ( #2518, #4622 ),
 ( #2454, #2488 ),
 ( #9163, #4679 ),
 ( #4016, #9233 ),
 ( #4655, #4712 ),
 ( #1797, #7624 ),
 ( #3231, #3173 ),
 ( #3915, #7012 ),
 ( #9134, #5422 ),
 ( #9101, #6121 ),
 ( #7598, #8447 ),
 ( #3985, #205 ),
 ( #7650, #6219 ),
 ( #111, #5460 ) ),
 .UNSPECIFIED., .F., .F., .F.,
 ( 4, 1, 1, 1, 1, 1, 1, 1, 1, 1, 1, 1, 4 ),
 ( 2, 2 ),
 ( 0.0000000000000000000, 0.08378537065371000070, 0.1657798879221421551, 0.2462800078932629866, 0.3274609277363899618, 0.4087969540320683381, 0.4897152412309878078, 0.5713760321300508371, 0.6555233211112770908, 0.7410194827999712075, 0.8265467605037596366, 0.9119888516548338986, 1.000000000000000000 ),
 ( 0.0000000000000000000, 1.000000000000000000 ),
 .UNSPECIFIED. ) ;
#5381 = CARTESIAN_POINT ( 'NONE',  ( 1.863898201240328012, 3.800000000000000266, -0.4925144705909383913 ) ) ;
#5382 = MECHANICAL_DESIGN_GEOMETRIC_PRESENTATION_REPRESENTATION (  '', ( #3901 ), #2094 ) ;
#5383 = CARTESIAN_POINT ( 'NONE',  ( 3.362702026773934261, 3.800000000000000266, -0.2488004990550933548 ) ) ;
#5384 = PLANE ( 'NONE',  #7575 ) ;
#5385 = LINE ( 'NONE', #6530, #3443 ) ;
#5386 = AXIS2_PLACEMENT_3D ( 'NONE', #4739, #1721, #6288 ) ;
#5387 = CARTESIAN_POINT ( 'NONE',  ( -0.7292440446920015473, 3.790000000000000036, -0.4110130800401582407 ) ) ;
#5388 = CARTESIAN_POINT ( 'NONE',  ( 3.483464292464946155, 3.790000000000000480, 0.1811566773342571102 ) ) ;
#5389 = ORIENTED_EDGE ( 'NONE', *, *, #2305, .F. ) ;
#5390 = CARTESIAN_POINT ( 'NONE',  ( 2.276612090880746564, 3.790000000000000480, -0.5771035300248318345 ) ) ;
#5391 = CARTESIAN_POINT ( 'NONE',  ( 3.579893618732410410, 3.799999999999998490, 0.2477774720884127757 ) ) ;
#5392 = CARTESIAN_POINT ( 'NONE',  ( 2.543808081228466467, 3.789999999999999591, -0.3739576591678855921 ) ) ;
#5393 = CARTESIAN_POINT ( 'NONE',  ( 1.805566691152024950, 3.800000000000001155, -0.4405382854319115915 ) ) ;
#5394 = EDGE_CURVE ( 'NONE', #8610, #3791, #966, .T. ) ;
#5395 = ORIENTED_EDGE ( 'NONE', *, *, #8247, .T. ) ;
#5396 = CARTESIAN_POINT ( 'NONE',  ( 2.118057446115730880, 3.789999999999999591, 0.02511575188014500762 ) ) ;
#5397 = CARTESIAN_POINT ( 'NONE',  ( 1.920395343905964225, 3.790000000000000924, 0.08321699359278572627 ) ) ;
#5398 = FILL_AREA_STYLE_COLOUR ( '', #4925 ) ;
#5399 = COLOUR_RGB ( '',1.000000000000000000, 1.000000000000000000, 1.000000000000000000 ) ;
#5400 = CARTESIAN_POINT ( 'NONE',  ( 1.673534343937753910, 3.800000000000000266, -0.4949026679305904564 ) ) ;
#5401 = FILL_AREA_STYLE ('',( #3994 ) ) ;
#5402 = CARTESIAN_POINT ( 'NONE',  ( 0.04472222286162463173, 3.790000000000000036, 0.2430945398687187897 ) ) ;
#5403 = B_SPLINE_CURVE_WITH_KNOTS ( 'NONE', 3,
 ( #2710, #2649, #2683, #3427, #1249, #4923, #9380, #7902, #5600, #3387, #1106, #378, #5627, #7836, #6494 ),
 .UNSPECIFIED., .F., .F.,
 ( 4, 1, 1, 1, 1, 1, 1, 1, 1, 1, 1, 1, 4 ),
 ( 0.0000000000000000000, 0.09697231038151708782, 0.1877734389628690492, 0.2723961390136936944, 0.3513209973752893789, 0.4243347744514681108, 0.4919087840005271217, 0.5542332197968002916, 0.6112676582441546325, 0.7163478449915541280, 0.8145400858216156337, 0.9084954561491855873, 1.000000000000000000 ),
 .UNSPECIFIED. ) ;
#5404 = CARTESIAN_POINT ( 'NONE',  ( 1.487745585304555584, 3.790000000000000480, 0.1645680294739878535 ) ) ;
#5405 = PRESENTATION_LAYER_ASSIGNMENT (  '', '', ( #7414 ) ) ;
#5406 = ORIENTED_EDGE ( 'NONE', *, *, #8398, .T. ) ;
#5407 =( GEOMETRIC_REPRESENTATION_CONTEXT ( 3 ) GLOBAL_UNCERTAINTY_ASSIGNED_CONTEXT ( ( #2782 ) ) GLOBAL_UNIT_ASSIGNED_CONTEXT ( ( #3850, #6681, #4558 ) ) REPRESENTATION_CONTEXT ( 'NONE', 'WORKASPACE' ) );
#5408 = EDGE_CURVE ( 'NONE', #9158, #5580, #3232, .T. ) ;
#5409 = CARTESIAN_POINT ( 'NONE',  ( 1.820925931211867743, 3.790000000000000480, 0.2184132198682121606 ) ) ;
#5410 = CARTESIAN_POINT ( 'NONE',  ( 3.545780294989803849, 3.799999999999999822, -0.4845324539536109976 ) ) ;
#5411 = LINE ( 'NONE', #414, #1315 ) ;
#5412 = SURFACE_STYLE_USAGE ( .BOTH. , #3974 ) ;
#5413 = EDGE_CURVE ( 'NONE', #4976, #2544, #3591, .T. ) ;
#5414 = SURFACE_SIDE_STYLE ('',( #2436 ) ) ;
#5415 = LINE ( 'NONE', #2035, #3344 ) ;
#5416 = EDGE_CURVE ( 'NONE', #5629, #8610, #6197, .T. ) ;
#5417 = CARTESIAN_POINT ( 'NONE',  ( 2.040604857381409953, 3.790000000000000480, -0.3260288635621578224 ) ) ;
#5418 = CARTESIAN_POINT ( 'NONE',  ( -1.066749000632985389, 3.790000000000000036, 0.1599204053160963035 ) ) ;
#5419 = CARTESIAN_POINT ( 'NONE',  ( 2.535779959290577423, 3.800000000000000266, 0.08321699359278572627 ) ) ;
#5420 = DIRECTION ( 'NONE',  ( 1.000000000000000000, 0.0000000000000000000, 0.0000000000000000000 ) ) ;
#5421 = UNCERTAINTY_MEASURE_WITH_UNIT (LENGTH_MEASURE( 1.000000000000000082E-05 ), #2631, 'distance_accuracy_value', 'NONE');
#5422 = CARTESIAN_POINT ( 'NONE',  ( 3.396321820637040467, 3.799999999999999822, -0.5533265405615452881 ) ) ;
#5423 = CARTESIAN_POINT ( 'NONE',  ( 3.624084751261363646, 3.800000000000000266, -0.02619762815537325998 ) ) ;
#5424 = SURFACE_STYLE_USAGE ( .BOTH. , #4594 ) ;
#5425 =( GEOMETRIC_REPRESENTATION_CONTEXT ( 3 ) GLOBAL_UNCERTAINTY_ASSIGNED_CONTEXT ( ( #811 ) ) GLOBAL_UNIT_ASSIGNED_CONTEXT ( ( #2219, #7416, #1330 ) ) REPRESENTATION_CONTEXT ( 'NONE', 'WORKASPACE' ) );
#5426 = VECTOR ( 'NONE', #9656, 1000.000000000000000 ) ;
#5427 = ORIENTED_EDGE ( 'NONE', *, *, #3982, .T. ) ;
#5428 = ORIENTED_EDGE ( 'NONE', *, *, #5934, .F. ) ;
#5429 = ORIENTED_EDGE ( 'NONE', *, *, #5247, .T. ) ;
#5430 = FACE_OUTER_BOUND ( 'NONE', #1209, .T. ) ;
#5431 = CARTESIAN_POINT ( 'NONE',  ( 2.173224243451696847, 3.790000000000000036, 0.2299355100815985709 ) ) ;
#5432 = B_SPLINE_CURVE_WITH_KNOTS ( 'NONE', 3,
 ( #1696, #121, #8425, #876, #5373, #1660, #3959, #8456, #964, #5465, #6987, #3276, #1735, #6127, #9169, #4687, #181, #937, #1936, #5655, #3449, #3381, #6426 ),
 .UNSPECIFIED., .F., .F.,
 ( 4, 1, 1, 1, 1, 1, 1, 1, 1, 1, 1, 1, 1, 1, 1, 1, 1, 1, 1, 1, 4 ),
 ( 0.0000000000000000000, 0.07295106587586649982, 0.1415836941865450671, 0.2059264601708671039, 0.2653013571846053464, 0.3205972327139282596, 0.3718165030988102582, 0.4187897697094519756, 0.4616987286157646087, 0.5021335821035654012, 0.5408043152926478303, 0.5781805253279660439, 0.6142968652075150304, 0.6496782432647877359, 0.6842994600896380453, 0.7183589527723606150, 0.7520808646475976023, 0.8176524386023857893, 0.8797220764054370923, 0.9399655597309873878, 1.000000000000000000 ),
 .UNSPECIFIED. ) ;
#5433 = ORIENTED_EDGE ( 'NONE', *, *, #1732, .F. ) ;
#5434 = CARTESIAN_POINT ( 'NONE',  ( 3.424209402348804332, 3.799999999999999822, -0.2907195626953838485 ) ) ;
#5435 = ORIENTED_EDGE ( 'NONE', *, *, #9608, .T. ) ;
#5436 = CARTESIAN_POINT ( 'NONE',  ( 3.632487641251072041, 3.799999999999998934, -0.01396876745188510745 ) ) ;
#5437 = LINE ( 'NONE', #2380, #4635 ) ;
#5438 =( GEOMETRIC_REPRESENTATION_CONTEXT ( 3 ) GLOBAL_UNCERTAINTY_ASSIGNED_CONTEXT ( ( #2579 ) ) GLOBAL_UNIT_ASSIGNED_CONTEXT ( ( #7321, #6671, #9713 ) ) REPRESENTATION_CONTEXT ( 'NONE', 'WORKASPACE' ) );
#5439 = UNCERTAINTY_MEASURE_WITH_UNIT (LENGTH_MEASURE( 1.000000000000000082E-05 ), #4499, 'distance_accuracy_value', 'NONE');
#5440 = LINE ( 'NONE', #8236, #4398 ) ;
#5441 = VERTEX_POINT ( 'NONE', #5329 ) ;
#5442 = VECTOR ( 'NONE', #6979, 1000.000000000000000 ) ;
#5443 = CARTESIAN_POINT ( 'NONE',  ( 2.386675343966922380, 3.790000000000000036, 0.2459632427422754619 ) ) ;
#5444 = CARTESIAN_POINT ( 'NONE',  ( -0.6491715411336018704, 3.799999999999998934, -0.1369210232024520579 ) ) ;
#5445 = PRESENTATION_LAYER_ASSIGNMENT (  '', '', ( #3845 ) ) ;
#5446 = CARTESIAN_POINT ( 'NONE',  ( 3.569999999999999396, 1.899999999999999911, 1.250000000000000000 ) ) ;
#5447 = CARTESIAN_POINT ( 'NONE',  ( 2.410047449894161975, 3.790000000000000924, -0.4512438781424363277 ) ) ;
#5448 = ORIENTED_EDGE ( 'NONE', *, *, #4922, .F. ) ;
#5449 = CARTESIAN_POINT ( 'NONE',  ( 1.557839628067080984, 3.790000000000000036, 0.2299355100815988762 ) ) ;
#5450 = FACE_OUTER_BOUND ( 'NONE', #617, .T. ) ;
#5451 = SURFACE_STYLE_FILL_AREA ( #3594 ) ;
#5452 = CARTESIAN_POINT ( 'NONE',  ( -0.7474416958469880523, 3.790000000000000036, -0.4335475578034581057 ) ) ;
#5453 = PLANE ( 'NONE',  #1250 ) ;
#5454 = ORIENTED_EDGE ( 'NONE', *, *, #1608, .F. ) ;
#5455 = DIRECTION ( 'NONE',  ( 0.0000000000000000000, -1.000000000000000000, -0.0000000000000000000 ) ) ;
#5456 = EDGE_CURVE ( 'NONE', #6267, #6277, #9536, .T. ) ;
#5457 = CARTESIAN_POINT ( 'NONE',  ( 2.420216477743419414, 3.789999999999999147, 0.2289468894993796910 ) ) ;
#5458 = ORIENTED_EDGE ( 'NONE', *, *, #5408, .F. ) ;
#5459 = CARTESIAN_POINT ( 'NONE',  ( 2.306508885023383471, 3.790000000000000036, -0.4949033076565250155 ) ) ;
#5460 = CARTESIAN_POINT ( 'NONE',  ( 3.496805556194958697, 3.799999999999999822, -0.5774182806441018334 ) ) ;
#5461 = CARTESIAN_POINT ( 'NONE',  ( 1.863843979438678744, 3.790000000000000036, -0.3304827822602799947 ) ) ;
#5462 = AXIS2_PLACEMENT_3D ( 'NONE', #4257, #8677, #1230 ) ;
#5463 = CARTESIAN_POINT ( 'NONE',  ( 2.205769150959461911, 3.800000000000001155, 0.2467327106665015979 ) ) ;
#5464 = VECTOR ( 'NONE', #2109, 1000.000000000000000 ) ;
#5465 = CARTESIAN_POINT ( 'NONE',  ( 1.508500263386431062, 3.799999999999999822, 0.04330725146975168000 ) ) ;
#5466 = VERTEX_POINT ( 'NONE', #5717 ) ;
#5467 = PRESENTATION_LAYER_ASSIGNMENT (  '', '', ( #4484 ) ) ;
#5468 = PLANE ( 'NONE',  #1044 ) ;
#5469 = DIRECTION ( 'NONE',  ( 0.0000000000000000000, 1.000000000000000000, 0.0000000000000000000 ) ) ;
#5470 = EDGE_CURVE ( 'NONE', #8034, #3791, #5077, .T. ) ;
#5471 = ORIENTED_EDGE ( 'NONE', *, *, #3768, .F. ) ;
#5472 = FILL_AREA_STYLE_COLOUR ( '', #66 ) ;
#5473 = B_SPLINE_CURVE_WITH_KNOTS ( 'NONE', 3,
 ( #4403, #8810, #5138, #572, #5930, #634, #7433, #9570, #3570, #5071, #2194, #7398, #8173, #3696, #4437 ),
 .UNSPECIFIED., .F., .F.,
 ( 4, 1, 1, 1, 1, 1, 1, 1, 1, 1, 1, 1, 4 ),
 ( 0.0000000000000000000, 0.09846943102555846816, 0.1896291011376312619, 0.2741840894379711235, 0.3521831609671545738, 0.4231988731834699924, 0.4885509460005335036, 0.5484733460279371808, 0.6014401636178734467, 0.7011980824257674216, 0.7995918021381833718, 0.8985450984822263010, 1.000000000000000000 ),
 .UNSPECIFIED. ) ;
#5474 = ORIENTED_EDGE ( 'NONE', *, *, #1824, .T. ) ;
#5475 = SURFACE_STYLE_USAGE ( .BOTH. , #9245 ) ;
#5476 = FACE_OUTER_BOUND ( 'NONE', #8719, .T. ) ;
#5477 = DIRECTION ( 'NONE',  ( -0.0000000000000000000, 1.000000000000000000, -0.0000000000000000000 ) ) ;
#5479 = MECHANICAL_DESIGN_GEOMETRIC_PRESENTATION_REPRESENTATION (  '', ( #8200 ), #945 ) ;
#5478 = PLANE ( 'NONE',  #5816 ) ;
#5480 = CARTESIAN_POINT ( 'NONE',  ( 3.508392680984250944, 3.789999999999998259, -0.4946134002385267348 ) ) ;
#5481 = DIRECTION ( 'NONE',  ( 0.0000000000000000000, 0.0000000000000000000, 1.000000000000000000 ) ) ;
#5482 = ORIENTED_EDGE ( 'NONE', *, *, #4792, .T. ) ;
#5483 = PLANE ( 'NONE',  #2752 ) ;
#5484 =( NAMED_UNIT ( * ) PLANE_ANGLE_UNIT ( ) SI_UNIT ( $, .RADIAN. ) );
#5485 = CARTESIAN_POINT ( 'NONE',  ( 2.314391013575472833, 3.800000000000000266, 0.2633303734483951053 ) ) ;
#5486 = CARTESIAN_POINT ( 'NONE',  ( 3.569999999999999396, 1.399999999999999911, 0.3499999999999996447 ) ) ;
#5487 = EDGE_CURVE ( 'NONE', #8053, #7281, #7547, .T. ) ;
#5488 = CARTESIAN_POINT ( 'NONE',  ( 2.466272375381840298, 3.800000000000002043, 0.1928538371424289855 ) ) ;
#5489 = CARTESIAN_POINT ( 'NONE',  ( 2.410047449894161975, 3.790000000000000924, -0.4512438781424363277 ) ) ;
#5490 =( NAMED_UNIT ( * ) SI_UNIT ( $, .STERADIAN. ) SOLID_ANGLE_UNIT ( ) );
#5491 =( NAMED_UNIT ( * ) SI_UNIT ( $, .STERADIAN. ) SOLID_ANGLE_UNIT ( ) );
#5492 = ORIENTED_EDGE ( 'NONE', *, *, #8439, .T. ) ;
#5493 = ORIENTED_EDGE ( 'NONE', *, *, #9129, .T. ) ;
#5494 = CARTESIAN_POINT ( 'NONE',  ( 1.512364322959749652, 3.799999999999999378, -0.5080095256448762253 ) ) ;
#5495 = CARTESIAN_POINT ( 'NONE',  ( 1.815111755245947256, 3.789999999999999591, 0.1166635821150875801 ) ) ;
#5496 = STYLED_ITEM ( 'NONE', ( #8728 ), #3948 ) ;
#5497 = B_SPLINE_CURVE_WITH_KNOTS ( 'NONE', 3,
 ( #6649, #4531, #6684, #8131, #9658, #7429, #2227, #8206, #5136, #5243, #8234 ),
 .UNSPECIFIED., .F., .F.,
 ( 4, 1, 1, 1, 1, 1, 1, 1, 4 ),
 ( 0.0000000000000000000, 0.1105883385953369685, 0.2245417540535956658, 0.3425034940501041070, 0.4643240984173578334, 0.5907560327017667978, 0.7222274753555144589, 0.8588428362087243695, 0.9999999999999998890 ),
 .UNSPECIFIED. ) ;
#5498 = FACE_OUTER_BOUND ( 'NONE', #3595, .T. ) ;
#5499 = CARTESIAN_POINT ( 'NONE',  ( 3.720202992092394023, 3.790000000000000036, 0.04710095012512902773 ) ) ;
#5500 = CARTESIAN_POINT ( 'NONE',  ( 2.222844925835732344, 3.790000000000000036, 0.2527246732528871109 ) ) ;
#5501 = CARTESIAN_POINT ( 'NONE',  ( 3.619722222861624594, 3.799999999999999822, -0.03254648577230689899 ) ) ;
#5502 = VERTEX_POINT ( 'NONE', #228 ) ;
#5503 = SURFACE_STYLE_FILL_AREA ( #7863 ) ;
#5504 = LINE ( 'NONE', #4988, #5040 ) ;
#5505 = DIRECTION ( 'NONE',  ( -0.0000000000000000000, 1.000000000000000000, -0.0000000000000000000 ) ) ;
#5506 = AXIS2_PLACEMENT_3D ( 'NONE', #3649, #1287, #8154 ) ;
#5507 = DIRECTION ( 'NONE',  ( 0.0000000000000000000, 0.0000000000000000000, 1.000000000000000000 ) ) ;
#5508 = CARTESIAN_POINT ( 'NONE',  ( 2.499690171579573850, 3.790000000000000036, -0.1569054601312812325 ) ) ;
#5509 = ORIENTED_EDGE ( 'NONE', *, *, #5024, .F. ) ;
#5510 = CARTESIAN_POINT ( 'NONE',  ( 5.569999999999999396, -0.07000000000000000666, 1.249999999999999778 ) ) ;
#5511 = CARTESIAN_POINT ( 'NONE',  ( 3.557236395273349672, 3.800000000000002931, -0.1925201219287734078 ) ) ;
#5512 = LINE ( 'NONE', #7907, #4941 ) ;
#5513 = ORIENTED_EDGE ( 'NONE', *, *, #8493, .T. ) ;
#5514 = SURFACE_STYLE_FILL_AREA ( #3681 ) ;
#5515 = CARTESIAN_POINT ( 'NONE',  ( 2.142016795776851446, 3.789999999999999147, -0.5210176971794607814 ) ) ;
#5516 = CARTESIAN_POINT ( 'NONE',  ( 2.301727798699757965, 3.800000000000000266, 0.2635147117056074739 ) ) ;
#5517 = CARTESIAN_POINT ( 'NONE',  ( 3.491677351066753143, 3.790000000000000036, 0.2636073603815393129 ) ) ;
#5518 = CARTESIAN_POINT ( 'NONE',  ( 2.526314654068355203, 3.800000000000002043, 0.1049202445333096562 ) ) ;
#5519 = EDGE_LOOP ( 'NONE', ( #2503, #1058, #1514, #1955, #7707, #5899, #3707, #8378, #7158, #7817 ) ) ;
#5520 = SURFACE_STYLE_USAGE ( .BOTH. , #9335 ) ;
#5521 = SURFACE_SIDE_STYLE ('',( #3956 ) ) ;
#5522 = CARTESIAN_POINT ( 'NONE',  ( 3.648408120297522483, 3.790000000000000036, 0.04597915525333414605 ) ) ;
#5523 = PRESENTATION_STYLE_ASSIGNMENT (( #8404 ) ) ;
#5524 = EDGE_CURVE ( 'NONE', #9072, #6971, #8822, .T. ) ;
#5525 = DIRECTION ( 'NONE',  ( -1.000000000000000000, 0.0000000000000000000, 0.0000000000000000000 ) ) ;
#5526 = CARTESIAN_POINT ( 'NONE',  ( 2.029747343764663370, 3.799999999999999378, -0.08304316017111335047 ) ) ;
#5527 = CARTESIAN_POINT ( 'NONE',  ( 3.491677351066753143, 3.799999999999999822, 0.1815560783302572478 ) ) ;
#5528 = VECTOR ( 'NONE', #5928, 1000.000000000000000 ) ;
#5529 = LINE ( 'NONE', #454, #9291 ) ;
#5530 = CARTESIAN_POINT ( 'NONE',  ( 3.694557363670644357, 3.800000000000000266, 0.1479163947727218931 ) ) ;
#5531 = CARTESIAN_POINT ( 'NONE',  ( 2.205769150959461911, 3.790000000000001368, 0.2467327106665015979 ) ) ;
#5532 = CARTESIAN_POINT ( 'NONE',  ( 1.500004807159944775, 3.800000000000000711, 0.1804486976128947817 ) ) ;
#5533 = FACE_OUTER_BOUND ( 'NONE', #4671, .T. ) ;
#5534 = PRESENTATION_LAYER_ASSIGNMENT (  '', '', ( #9307 ) ) ;
#5535 = LINE ( 'NONE', #2415, #3582 ) ;
#5536 = FILL_AREA_STYLE_COLOUR ( '', #5297 ) ;
#5537 = CARTESIAN_POINT ( 'NONE',  ( 5.569999999999999396, 1.399999999999999911, -0.3500000000000005329 ) ) ;
#5538 = APPLICATION_CONTEXT ( 'automotive_design' ) ;
#5539 = VERTEX_POINT ( 'NONE', #4769 ) ;
#5540 = CARTESIAN_POINT ( 'NONE',  ( 2.499318405410779320, 3.790000000000000480, -0.1853307715138228229 ) ) ;
#5541 = VECTOR ( 'NONE', #2968, 1000.000000000000000 ) ;
#5542 = CARTESIAN_POINT ( 'NONE',  ( -1.143899572010170340, 3.799999999999999822, -0.5569054601312812824 ) ) ;
#5543 = CARTESIAN_POINT ( 'NONE',  ( 1.854017094656496445, 3.790000000000000036, 0.04421633474051362561 ) ) ;
#5544 = PRESENTATION_STYLE_ASSIGNMENT (( #7965 ) ) ;
#5545 = ORIENTED_EDGE ( 'NONE', *, *, #5599, .T. ) ;
#5546 =( LENGTH_UNIT ( ) NAMED_UNIT ( * ) SI_UNIT ( .MILLI., .METRE. ) );
#5547 = EDGE_LOOP ( 'NONE', ( #8877, #7241, #155, #638 ) ) ;
#5548 = ORIENTED_EDGE ( 'NONE', *, *, #4049, .T. ) ;
#5549 = CARTESIAN_POINT ( 'NONE',  ( -0.9234503498128678878, 3.800000000000000266, -0.4497606601941956939 ) ) ;
#5550 = CARTESIAN_POINT ( 'NONE',  ( 3.424209402348804332, 3.790000000000000036, -0.2907195626953838485 ) ) ;
#5551 = FILL_AREA_STYLE ('',( #6220 ) ) ;
#5552 = CARTESIAN_POINT ( 'NONE',  ( 3.094561966451368384, 3.790000000000000036, -0.02357212679794789753 ) ) ;
#5553 =( GEOMETRIC_REPRESENTATION_CONTEXT ( 3 ) GLOBAL_UNCERTAINTY_ASSIGNED_CONTEXT ( ( #5613 ) ) GLOBAL_UNIT_ASSIGNED_CONTEXT ( ( #230, #7679, #6966 ) ) REPRESENTATION_CONTEXT ( 'NONE', 'WORKASPACE' ) );
#5554 = CARTESIAN_POINT ( 'NONE',  ( 2.643279915169317373, 3.790000000000000036, 0.05847915525333415021 ) ) ;
#5555 = EDGE_CURVE ( 'NONE', #8726, #9324, #4819, .T. ) ;
#5556 = PRESENTATION_STYLE_ASSIGNMENT (( #3382 ) ) ;
#5557 = EDGE_LOOP ( 'NONE', ( #3137, #2186, #7380, #2622 ) ) ;
#5558 = CARTESIAN_POINT ( 'NONE',  ( 1.679978633118034859, 3.790000000000000036, -0.5774182806441018334 ) ) ;
#5559 = CARTESIAN_POINT ( 'NONE',  ( 2.128560855481010705, 3.800000000000000711, 0.1949911916237331844 ) ) ;
#5560 = FILL_AREA_STYLE ('',( #7798 ) ) ;
#5561 = CARTESIAN_POINT ( 'NONE',  ( 2.495515990440527521, 3.790000000000000480, -0.07374269096409059865 ) ) ;
#5562 = B_SPLINE_CURVE_WITH_KNOTS ( 'NONE', 3,
 ( #2387, #4590, #83, #7594, #3140, #8352, #3880, #9099, #6118, #1650, #4653, #2416, #7621, #3170, #8517, #4012, #9295, #5549, #4742 ),
 .UNSPECIFIED., .F., .F.,
 ( 4, 1, 1, 1, 1, 1, 1, 1, 1, 1, 1, 1, 1, 1, 1, 1, 4 ),
 ( 0.0000000000000000000, 0.07015117599727850595, 0.1378126061901917276, 0.2032262471813944815, 0.2671740552944739111, 0.3300240034081793894, 0.3917942717866855773, 0.4530843989971407582, 0.5143339076458776082, 0.5749999928182695230, 0.6348654826222127623, 0.6941163151896417860, 0.7534416217804383864, 0.8131258003036114790, 0.8740796856370746104, 0.9360070132744072735, 1.000000000000000000 ),
 .UNSPECIFIED. ) ;
#5563 = CARTESIAN_POINT ( 'NONE',  ( 0.9202029920923936457, 3.790000000000000036, -0.4748541780799992451 ) ) ;
#5564 = CARTESIAN_POINT ( 'NONE',  ( 0.4911965818359836367, 3.799999999999999822, -0.09536699859281973224 ) ) ;
#5565 = DIRECTION ( 'NONE',  ( 0.0000000000000000000, -0.0000000000000000000, -1.000000000000000000 ) ) ;
#5566 = CARTESIAN_POINT ( 'NONE',  ( 3.619722222861624594, 3.790000000000000036, -0.03254648577230689899 ) ) ;
#5567 = ORIENTED_EDGE ( 'NONE', *, *, #8733, .T. ) ;
#5568 = CARTESIAN_POINT ( 'NONE',  ( 1.412585268847275755, 3.800000000000000711, -0.1438694420551717701 ) ) ;
#5569 = SURFACE_STYLE_FILL_AREA ( #4538 ) ;
#5570 = STYLED_ITEM ( 'NONE', ( #5590 ), #2676 ) ;
#5571 = SURFACE_STYLE_FILL_AREA ( #4456 ) ;
#5572 = DIRECTION ( 'NONE',  ( -8.673617379884035472E-17, -0.0000000000000000000, -1.000000000000000000 ) ) ;
#5573 = MECHANICAL_DESIGN_GEOMETRIC_PRESENTATION_REPRESENTATION (  '', ( #1579 ), #8412 ) ;
#5574 = APPLICATION_CONTEXT ( 'automotive_design' ) ;
#5575 = CARTESIAN_POINT ( 'NONE',  ( 2.493252878311892573, 3.800000000000000266, -0.2639356661962443118 ) ) ;
#5576 = ORIENTED_EDGE ( 'NONE', *, *, #2237, .F. ) ;
#5577 = CARTESIAN_POINT ( 'NONE',  ( 3.720202992092394023, 3.790000000000000036, 0.04710095012512902773 ) ) ;
#5578 = VERTEX_POINT ( 'NONE', #2529 ) ;
#5579 = CARTESIAN_POINT ( 'NONE',  ( 5.000000000000000000, 0.0000000000000000000, 4.499999999999999112 ) ) ;
#5580 = VERTEX_POINT ( 'NONE', #8533 ) ;
#5581 = DIRECTION ( 'NONE',  ( -0.1319106486351626084, 0.0000000000000000000, -0.9912616106642335723 ) ) ;
#5582 = DIRECTION ( 'NONE',  ( -0.8932902553120645184, 0.0000000000000000000, 0.4494802773921304229 ) ) ;
#5583 = EDGE_CURVE ( 'NONE', #9699, #267, #135, .T. ) ;
#5584 = SURFACE_STYLE_USAGE ( .BOTH. , #1057 ) ;
#5585 =( NAMED_UNIT ( * ) SI_UNIT ( $, .STERADIAN. ) SOLID_ANGLE_UNIT ( ) );
#5586 = SURFACE_STYLE_FILL_AREA ( #3292 ) ;
#5587 = CARTESIAN_POINT ( 'NONE',  ( 3.604906751383234020, 3.790000000000000036, 0.1414766295350703418 ) ) ;
#5588 = PRESENTATION_LAYER_ASSIGNMENT (  '', '', ( #6295 ) ) ;
#5589 = CARTESIAN_POINT ( 'NONE',  ( 3.711325453318744305, 3.800000000000000266, 0.1095950518862168488 ) ) ;
#5590 = PRESENTATION_STYLE_ASSIGNMENT (( #9502 ) ) ;
#5591 =( NAMED_UNIT ( * ) SI_UNIT ( $, .STERADIAN. ) SOLID_ANGLE_UNIT ( ) );
#5592 =( LENGTH_UNIT ( ) NAMED_UNIT ( * ) SI_UNIT ( .MILLI., .METRE. ) );
#5593 = CARTESIAN_POINT ( 'NONE',  ( 2.499690171579573850, 3.790000000000000036, -0.1569054601312812325 ) ) ;
#5594 = ORIENTED_EDGE ( 'NONE', *, *, #5097, .F. ) ;
#5595 = DIRECTION ( 'NONE',  ( 0.0000000000000000000, -1.000000000000000000, -0.0000000000000000000 ) ) ;
#5596 =( GEOMETRIC_REPRESENTATION_CONTEXT ( 3 ) GLOBAL_UNCERTAINTY_ASSIGNED_CONTEXT ( ( #7867 ) ) GLOBAL_UNIT_ASSIGNED_CONTEXT ( ( #830, #924, #8470 ) ) REPRESENTATION_CONTEXT ( 'NONE', 'WORKASPACE' ) );
#5597 = CARTESIAN_POINT ( 'NONE',  ( 2.499599019307690018, 3.799999999999999822, -0.1472884595004207153 ) ) ;
#5598 = CARTESIAN_POINT ( 'NONE',  ( 3.579893618732410410, 3.789999999999998703, 0.2477774720884127757 ) ) ;
#5599 = EDGE_CURVE ( 'NONE', #3676, #5836, #362, .T. ) ;
#5600 = CARTESIAN_POINT ( 'NONE',  ( 3.668782658367812033, 3.790000000000000480, -0.08975031582274436981 ) ) ;
#5601 = CARTESIAN_POINT ( 'NONE',  ( 1.414362728380048395, 3.790000000000001812, -0.08304316017111332271 ) ) ;
#5602 = DIRECTION ( 'NONE',  ( -0.0000000000000000000, 1.000000000000000000, -0.0000000000000000000 ) ) ;
#5603 = DIRECTION ( 'NONE',  ( -0.0000000000000000000, 1.000000000000000000, -0.0000000000000000000 ) ) ;
#5604 = CARTESIAN_POINT ( 'NONE',  ( 1.842896344064281822, 3.789999999999998259, -0.3852882731344188239 ) ) ;
#5605 = CARTESIAN_POINT ( 'NONE',  ( 3.622382587633699025, 3.800000000000001155, -0.1387050234835562612 ) ) ;
#5606 = VECTOR ( 'NONE', #1967, 1000.000000000000000 ) ;
#5607 = CARTESIAN_POINT ( 'NONE',  ( 2.114652071951852008, 3.799999999999999822, -0.4934626313549278498 ) ) ;
#5608 = CARTESIAN_POINT ( 'NONE',  ( 2.394962294735568431, 3.790000000000000924, 0.1502404609883683795 ) ) ;
#5609 =( NAMED_UNIT ( * ) SI_UNIT ( $, .STERADIAN. ) SOLID_ANGLE_UNIT ( ) );
#5610 = ORIENTED_EDGE ( 'NONE', *, *, #69, .T. ) ;
#5611 = DIRECTION ( 'NONE',  ( 0.0000000000000000000, 0.0000000000000000000, -1.000000000000000000 ) ) ;
#5612 = FILL_AREA_STYLE_COLOUR ( '', #1212 ) ;
#5613 = UNCERTAINTY_MEASURE_WITH_UNIT (LENGTH_MEASURE( 1.000000000000000082E-05 ), #230, 'distance_accuracy_value', 'NONE');
#5614 = SURFACE_STYLE_USAGE ( .BOTH. , #2636 ) ;
#5615 = CARTESIAN_POINT ( 'NONE',  ( 2.420653616702963529, 3.790000000000000036, 0.1280820660708406333 ) ) ;
#5616 = CARTESIAN_POINT ( 'NONE',  ( 3.491677351066753143, 3.799999999999999822, 0.2636073603815393129 ) ) ;
#5617 = CARTESIAN_POINT ( 'NONE',  ( 3.599771633974292673, 3.799999999999999822, 0.2387372796198566349 ) ) ;
#5618 = VERTEX_POINT ( 'NONE', #6163 ) ;
#5619 = PLANE ( 'NONE',  #7221 ) ;
#5620 = PLANE ( 'NONE',  #4789 ) ;
#5621 = LINE ( 'NONE', #1455, #8224 ) ;
#5622 = PRESENTATION_LAYER_ASSIGNMENT (  '', '', ( #4947 ) ) ;
#5623 = CARTESIAN_POINT ( 'NONE',  ( 2.469401710041112086, 3.799999999999999822, 0.04421633474051362561 ) ) ;
#5624 = DIRECTION ( 'NONE',  ( -0.0000000000000000000, 1.000000000000000000, -0.0000000000000000000 ) ) ;
#5625 = CARTESIAN_POINT ( 'NONE',  ( 2.184795905200767940, 3.789999999999998703, 0.1372665214499442510 ) ) ;
#5626 = FACE_OUTER_BOUND ( 'NONE', #3235, .T. ) ;
#5627 = CARTESIAN_POINT ( 'NONE',  ( 3.718642519593255535, 3.789999999999999591, 0.01640470566474432762 ) ) ;
#5628 = CARTESIAN_POINT ( 'NONE',  ( -2.698547007907606154, 3.790000000000000036, -0.09536699859281973224 ) ) ;
#5629 = VERTEX_POINT ( 'NONE', #5434 ) ;
#5630 = EDGE_LOOP ( 'NONE', ( #7273, #9019, #8299, #7519 ) ) ;
#5631 = CARTESIAN_POINT ( 'NONE',  ( 1.497747553103865314, 3.789999999999999147, 0.005029526254132453238 ) ) ;
#5632 = AXIS2_PLACEMENT_3D ( 'NONE', #8188, #2408, #3129 ) ;
#5633 = CARTESIAN_POINT ( 'NONE',  ( 3.480528387703743398, 3.789999999999999591, -0.4950900386038167844 ) ) ;
#5634 = FILL_AREA_STYLE ('',( #9320 ) ) ;
#5635 =( NAMED_UNIT ( * ) SI_UNIT ( $, .STERADIAN. ) SOLID_ANGLE_UNIT ( ) );
#5636 = CARTESIAN_POINT ( 'NONE',  ( 2.374780826894379082, 3.799999999999999822, -0.4759237100520955499 ) ) ;
#5637 = ADVANCED_FACE ( 'NONE', ( #5533 ), #9174, .F. ) ;
#5638 = LINE ( 'NONE', #6390, #353 ) ;
#5639 = PRESENTATION_LAYER_ASSIGNMENT (  '', '', ( #9300 ) ) ;
#5640 = PLANE ( 'NONE',  #2738 ) ;
#5641 = CARTESIAN_POINT ( 'NONE',  ( 2.456179636510497311, 3.790000000000001812, 0.07635858660544021792 ) ) ;
#5642 = CARTESIAN_POINT ( 'NONE',  ( 3.421634732520274280, 3.790000000000000924, 0.2536897464439394900 ) ) ;
#5643 = SURFACE_STYLE_USAGE ( .BOTH. , #1896 ) ;
#5644 = VECTOR ( 'NONE', #1170, 1000.000000000000000 ) ;
#5645 = DIRECTION ( 'NONE',  ( -0.0000000000000000000, 1.000000000000000000, -0.0000000000000000000 ) ) ;
#5646 = CARTESIAN_POINT ( 'NONE',  ( 3.616140368191773646, 3.789999999999999591, -0.03712861688164192236 ) ) ;
#5647 =( LENGTH_UNIT ( ) NAMED_UNIT ( * ) SI_UNIT ( .MILLI., .METRE. ) );
#5648 = SURFACE_STYLE_FILL_AREA ( #1442 ) ;
#5649 = CARTESIAN_POINT ( 'NONE',  ( -0.8159516507631511262, 3.790000000000000036, 0.08671722207408669170 ) ) ;
#5650 = CARTESIAN_POINT ( 'NONE',  ( 2.113379244631374387, 3.790000000000000036, -0.3191883843805205512 ) ) ;
#5651 =( GEOMETRIC_REPRESENTATION_CONTEXT ( 3 ) GLOBAL_UNCERTAINTY_ASSIGNED_CONTEXT ( ( #8710 ) ) GLOBAL_UNIT_ASSIGNED_CONTEXT ( ( #4926, #1146, #7840 ) ) REPRESENTATION_CONTEXT ( 'NONE', 'WORKASPACE' ) );
#5652 = EDGE_CURVE ( 'NONE', #7205, #7979, #9633, .T. ) ;
#5653 = SURFACE_SIDE_STYLE ('',( #8022 ) ) ;
#5654 =( NAMED_UNIT ( * ) PLANE_ANGLE_UNIT ( ) SI_UNIT ( $, .RADIAN. ) );
#5655 = CARTESIAN_POINT ( 'NONE',  ( 1.629964586319321951, 3.800000000000001155, 0.1732875679849622819 ) ) ;
#5656 =( NAMED_UNIT ( * ) SI_UNIT ( $, .STERADIAN. ) SOLID_ANGLE_UNIT ( ) );
#5657 = CARTESIAN_POINT ( 'NONE',  ( 0.5290170946564967114, 3.790000000000000036, -0.01331571654153768276 ) ) ;
#5658 = CARTESIAN_POINT ( 'NONE',  ( 2.245349201703936703, 3.790000000000000036, 0.1732875679849622819 ) ) ;
#5659 = FACE_BOUND ( 'NONE', #7802, .T. ) ;
#5660 = CARTESIAN_POINT ( 'NONE',  ( -0.8807974777508961184, 3.800000000000000266, -0.5245322878522425958 ) ) ;
#5661 = PRESENTATION_LAYER_ASSIGNMENT (  '', '', ( #5294 ) ) ;
#5662 = EDGE_LOOP ( 'NONE', ( #1265, #3969, #9577, #9573 ) ) ;
#5663 = ORIENTED_EDGE ( 'NONE', *, *, #7251, .F. ) ;
#5664 = ORIENTED_EDGE ( 'NONE', *, *, #4049, .F. ) ;
#5665 = ORIENTED_EDGE ( 'NONE', *, *, #7123, .T. ) ;
#5666 = LINE ( 'NONE', #4292, #5203 ) ;
#5667 = STYLED_ITEM ( 'NONE', ( #6032 ), #2207 ) ;
#5668 =( NAMED_UNIT ( * ) SI_UNIT ( $, .STERADIAN. ) SOLID_ANGLE_UNIT ( ) );
#5669 = VERTEX_POINT ( 'NONE', #1998 ) ;
#5670 = ORIENTED_EDGE ( 'NONE', *, *, #8138, .F. ) ;
#5671 = DIRECTION ( 'NONE',  ( -0.0000000000000000000, 1.000000000000000000, -0.0000000000000000000 ) ) ;
#5672 = CARTESIAN_POINT ( 'NONE',  ( 5.000000000000000000, 0.0000000000000000000, 4.999999999999999112 ) ) ;
#5673 = ORIENTED_EDGE ( 'NONE', *, *, #6103, .F. ) ;
#5674 = FACE_OUTER_BOUND ( 'NONE', #3306, .T. ) ;
#5675 = LINE ( 'NONE', #462, #3724 ) ;
#5676 = VECTOR ( 'NONE', #698, 1000.000000000000000 ) ;
#5677 = ORIENTED_EDGE ( 'NONE', *, *, #2333, .T. ) ;
#5678 = STYLED_ITEM ( 'NONE', ( #3747 ), #88 ) ;
#5679 = LINE ( 'NONE', #8919, #7794 ) ;
#5680 = CARTESIAN_POINT ( 'NONE',  ( 1.629964586319321951, 3.800000000000001599, 0.1732875679849622819 ) ) ;
#5681 = FILL_AREA_STYLE_COLOUR ( '', #2987 ) ;
#5682 = FILL_AREA_STYLE_COLOUR ( '', #7402 ) ;
#5683 = ORIENTED_EDGE ( 'NONE', *, *, #4547, .F. ) ;
#5684 = CARTESIAN_POINT ( 'NONE',  ( 3.273850718558197315, 3.800000000000001599, 0.1322858352836445983 ) ) ;
#5685 = VECTOR ( 'NONE', #9022, 1000.000000000000000 ) ;
#5686 = PRESENTATION_LAYER_ASSIGNMENT (  '', '', ( #5496 ) ) ;
#5687 = VECTOR ( 'NONE', #2923, 1000.000000000000114 ) ;
#5688 = FILL_AREA_STYLE ('',( #6358 ) ) ;
#5689 = VECTOR ( 'NONE', #6516, 1000.000000000000000 ) ;
#5690 = EDGE_CURVE ( 'NONE', #8375, #8854, #9209, .T. ) ;
#5691 = EDGE_LOOP ( 'NONE', ( #3903, #6540, #2072, #8949 ) ) ;
#5692 = CARTESIAN_POINT ( 'NONE',  ( 2.492463863378274969, 3.789999999999999591, -0.04804218787586589379 ) ) ;
#5693 = CARTESIAN_POINT ( 'NONE',  ( 3.248408120297522128, 3.799999999999999822, 0.08876761679179567821 ) ) ;
#5694 =( NAMED_UNIT ( * ) SI_UNIT ( $, .STERADIAN. ) SOLID_ANGLE_UNIT ( ) );
#5695 = CARTESIAN_POINT ( 'NONE',  ( 2.099690171579573938, 3.799999999999999822, -0.1569054601312812325 ) ) ;
#5696 = VECTOR ( 'NONE', #697, 1000.000000000000000 ) ;
#5697 = ORIENTED_EDGE ( 'NONE', *, *, #1903, .T. ) ;
#5698 = CARTESIAN_POINT ( 'NONE',  ( -0.7474416958469880523, 3.790000000000000036, -0.4335475578034581057 ) ) ;
#5699 =( LENGTH_UNIT ( ) NAMED_UNIT ( * ) SI_UNIT ( .MILLI., .METRE. ) );
#5700 = CARTESIAN_POINT ( 'NONE',  ( -0.1054380335486315573, 3.790000000000000036, 0.1610432578174366969 ) ) ;
#5701 = ORIENTED_EDGE ( 'NONE', *, *, #4066, .F. ) ;
#5702 = FILL_AREA_STYLE_COLOUR ( '', #6759 ) ;
#5703 = ORIENTED_EDGE ( 'NONE', *, *, #54, .T. ) ;
#5704 = CARTESIAN_POINT ( 'NONE',  ( 1.884179798656001603, 3.790000000000000480, -0.1665209052782623822 ) ) ;
#5705 = VERTEX_POINT ( 'NONE', #685 ) ;
#5706 = PRESENTATION_STYLE_ASSIGNMENT (( #1711 ) ) ;
#5707 = CARTESIAN_POINT ( 'NONE',  ( 3.569999999999999396, 1.899999999999999911, 0.3499999999999996447 ) ) ;
#5708 = DIRECTION ( 'NONE',  ( -1.000000000000000000, 0.0000000000000000000, 0.0000000000000000000 ) ) ;
#5709 = EDGE_CURVE ( 'NONE', #1919, #7548, #718, .T. ) ;
#5710 = PLANE ( 'NONE',  #5462 ) ;
#5711 = ORIENTED_EDGE ( 'NONE', *, *, #1133, .T. ) ;
#5712 = CARTESIAN_POINT ( 'NONE',  ( 3.485634986956816839, 3.799999999999999378, 0.2634905188735594539 ) ) ;
#5713 = SURFACE_SIDE_STYLE ('',( #6142 ) ) ;
#5714 = CARTESIAN_POINT ( 'NONE',  ( -1.102704885490792597, 3.790000000000000036, -0.5566088628912957414 ) ) ;
#5715 = EDGE_LOOP ( 'NONE', ( #5075, #4246, #7287, #5665 ) ) ;
#5716 = CARTESIAN_POINT ( 'NONE',  ( 2.184747354028515165, 3.790000000000000480, -0.4514595827786480609 ) ) ;
#5717 = CARTESIAN_POINT ( 'NONE',  ( -1.469540597651195935, 3.799999999999999822, 0.2430945398687187897 ) ) ;
#5718 = PLANE ( 'NONE',  #189 ) ;
#5719 = CARTESIAN_POINT ( 'NONE',  ( -0.4131303412409393916, 3.799999999999999822, 0.1610432578174366969 ) ) ;
#5720 = UNCERTAINTY_MEASURE_WITH_UNIT (LENGTH_MEASURE( 1.000000000000000082E-05 ), #3207, 'distance_accuracy_value', 'NONE');
#5721 = CARTESIAN_POINT ( 'NONE',  ( 0.9671581202975220171, 3.790000000000000036, -0.5569054601312812824 ) ) ;
#5722 = CARTESIAN_POINT ( 'NONE',  ( -0.1054380335486315573, 3.790000000000000036, 0.1610432578174366969 ) ) ;
#5723 = PRESENTATION_LAYER_ASSIGNMENT (  '', '', ( #8430 ) ) ;
#5724 = CARTESIAN_POINT ( 'NONE',  ( 3.569999999999999396, 0.0000000000000000000, 1.674008154317619093E-16 ) ) ;
#5725 = ORIENTED_EDGE ( 'NONE', *, *, #3399, .F. ) ;
#5726 = EDGE_CURVE ( 'NONE', #5993, #6846, #253, .T. ) ;
#5727 = CARTESIAN_POINT ( 'NONE',  ( -1.233643161753760209, 3.790000000000000036, 0.1610432578174366969 ) ) ;
#5728 = VERTEX_POINT ( 'NONE', #6605 ) ;
#5729 = EDGE_CURVE ( 'NONE', #417, #6764, #8011, .T. ) ;
#5730 = COLOUR_RGB ( '',1.000000000000000000, 1.000000000000000000, 1.000000000000000000 ) ;
#5731 = CARTESIAN_POINT ( 'NONE',  ( 1.629964586319321951, 3.790000000000001368, 0.1732875679849622819 ) ) ;
#5732 = FILL_AREA_STYLE_COLOUR ( '', #9024 ) ;
#5733 = ORIENTED_EDGE ( 'NONE', *, *, #4596, .F. ) ;
#5734 = CARTESIAN_POINT ( 'NONE',  ( -0.8706244931345733518, 3.790000000000000480, 0.1237664439597056798 ) ) ;
#5735 = B_SPLINE_SURFACE_WITH_KNOTS ( 'NONE', 3, 1, ( 
 ( #1961, #2834 ),
 ( #2700, #6483 ),
 ( #5029, #1196 ),
 ( #7239, #489 ),
 ( #7203, #9431 ),
 ( #4262, #4942 ),
 ( #5716, #2800 ),
 ( #6422, #529 ),
 ( #5749, #8059 ),
 ( #1293, #6450 ),
 ( #437, #8740 ),
 ( #4971, #2089 ),
 ( #2730, #1266 ),
 ( #9470, #7959 ),
 ( #2762, #3507 ),
 ( #5650, #408 ),
 ( #460, #1235 ),
 ( #3593, #7990 ),
 ( #3536, #6515 ),
 ( #2057, #6547 ),
 ( #8023, #3559 ),
 ( #8768, #8796 ),
 ( #4911, #1162 ) ),
 .UNSPECIFIED., .F., .F., .F.,
 ( 4, 1, 1, 1, 1, 1, 1, 1, 1, 1, 1, 1, 1, 1, 1, 1, 1, 1, 1, 1, 4 ),
 ( 2, 2 ),
 ( 0.0000000000000000000, 0.06038661931106300423, 0.1208832485859973327, 0.1827546186251399474, 0.2478110297583520638, 0.2812991000432493727, 0.3150876241506577746, 0.3497023955502760462, 0.3848565811185559737, 0.4209661972261035112, 0.4585111882611394019, 0.4971747221273123962, 0.5376020478662700830, 0.5805030184200119514, 0.6274675400267049064, 0.6783882095592439487, 0.7339832205925607145, 0.7937467045508351804, 0.8577136721607321324, 0.9266978643613861255, 1.000000000000000000 ),
 ( 0.0000000000000000000, 1.000000000000000000 ),
 .UNSPECIFIED. ) ;
#5736 = CARTESIAN_POINT ( 'NONE',  ( 1.883933790026164123, 3.790000000000000480, -0.1853307715138228506 ) ) ;
#5737 = VERTEX_POINT ( 'NONE', #8835 ) ;
#5738 = UNCERTAINTY_MEASURE_WITH_UNIT (LENGTH_MEASURE( 1.000000000000000082E-05 ), #3407, 'distance_accuracy_value', 'NONE');
#5739 = PRESENTATION_LAYER_ASSIGNMENT (  '', '', ( #2265 ) ) ;
#5740 = CARTESIAN_POINT ( 'NONE',  ( -1.022768217690783077, 3.790000000000000480, 0.2428049650926126790 ) ) ;
#5741 = EDGE_CURVE ( 'NONE', #1491, #9084, #26, .T. ) ;
#5742 = CARTESIAN_POINT ( 'NONE',  ( -1.003205936435493717, 3.790000000000001368, 0.1561679446733620080 ) ) ;
#5743 = ORIENTED_EDGE ( 'NONE', *, *, #7206, .F. ) ;
#5744 = CARTESIAN_POINT ( 'NONE',  ( 3.248408120297522128, 3.790000000000000036, 0.08876761679179567821 ) ) ;
#5745 = FILL_AREA_STYLE_COLOUR ( '', #2542 ) ;
#5746 = CARTESIAN_POINT ( 'NONE',  ( -1.027185751795361091, 3.789999999999999591, -0.5531775812937568260 ) ) ;
#5747 = LINE ( 'NONE', #2594, #8794 ) ;
#5748 = CARTESIAN_POINT ( 'NONE',  ( -0.7853674410105873083, 3.790000000000000480, 0.05485304747391177987 ) ) ;
#5749 = CARTESIAN_POINT ( 'NONE',  ( 2.163895041892639703, 3.789999999999999591, -0.4297378208532544597 ) ) ;
#5750 = PRESENTATION_STYLE_ASSIGNMENT (( #6352 ) ) ;
#5751 = DIRECTION ( 'NONE',  ( -1.000000000000000000, 0.0000000000000000000, 0.0000000000000000000 ) ) ;
#5752 = DIRECTION ( 'NONE',  ( -0.4189977888269744155, 0.0000000000000000000, -0.9079872537420919931 ) ) ;
#5753 = CARTESIAN_POINT ( 'NONE',  ( 2.324325493477171545, 3.799999999999999378, 0.1804612112185774164 ) ) ;
#5754 = ORIENTED_EDGE ( 'NONE', *, *, #2440, .T. ) ;
#5755 = ORIENTED_EDGE ( 'NONE', *, *, #9211, .T. ) ;
#5756 = CARTESIAN_POINT ( 'NONE',  ( 2.403422923281495649, 3.799999999999999822, -0.5523995926297621262 ) ) ;
#5757 = DIRECTION ( 'NONE',  ( -1.000000000000000000, 0.0000000000000000000, 0.0000000000000000000 ) ) ;
#5758 = CARTESIAN_POINT ( 'NONE',  ( 3.499486735684728789, 3.790000000000000036, 0.2634414398678928682 ) ) ;
#5759 = CARTESIAN_POINT ( 'NONE',  ( -0.6495115390037301539, 3.790000000000000924, -0.1806350370198903377 ) ) ;
#5760 = MECHANICAL_DESIGN_GEOMETRIC_PRESENTATION_REPRESENTATION (  '', ( #4406 ), #4274 ) ;
#5761 = CIRCLE ( 'NONE', #2988, 0.4999999999999995559 ) ;
#5762 = VECTOR ( 'NONE', #1273, 1000.000000000000000 ) ;
#5763 = DIRECTION ( 'NONE',  ( 1.000000000000000000, -0.0000000000000000000, -0.0000000000000000000 ) ) ;
#5764 = CARTESIAN_POINT ( 'NONE',  ( -0.9131303412409393916, 3.799999999999999822, 0.1406906937148726111 ) ) ;
#5765 = B_SPLINE_SURFACE_WITH_KNOTS ( 'NONE', 3, 1, ( 
 ( #7216, #418 ),
 ( #6433, #5660 ),
 ( #1975, #7183 ),
 ( #2620, #7940 ),
 ( #3481, #8693 ),
 ( #4210, #9448 ),
 ( #4952, #4985 ),
 ( #5698, #1208 ),
 ( #3520, #6462 ),
 ( #2014, #4245 ),
 ( #9478, #5041 ),
 ( #2779, #7335 ),
 ( #7280, #3665 ),
 ( #3637, #6558 ),
 ( #4273, #8751 ),
 ( #4405, #2815 ),
 ( #5759, #7252 ),
 ( #2162, #4308 ),
 ( #5893, #574 ) ),
 .UNSPECIFIED., .F., .F., .F.,
 ( 4, 1, 1, 1, 1, 1, 1, 1, 1, 1, 1, 1, 1, 1, 1, 1, 4 ),
 ( 2, 2 ),
 ( 0.0000000000000000000, 0.06154496601632323399, 0.1216942964020306384, 0.1811548554526328514, 0.2398753889119565885, 0.2987019424504289700, 0.3576474237092008845, 0.4176048428493668863, 0.4784940407282910479, 0.5404070506371329019, 0.6023449938728028252, 0.6650043279232334958, 0.7285593088233758285, 0.7936505420268854527, 0.8605342675902675209, 0.9292359605619636698, 1.000000000000000000 ),
 ( 0.0000000000000000000, 1.000000000000000000 ),
 .UNSPECIFIED. ) ;
#5766 = EDGE_CURVE ( 'NONE', #8073, #4759, #1835, .T. ) ;
#5767 = CARTESIAN_POINT ( 'NONE',  ( 3.569999999999999396, 1.399999999999999911, -0.3500000000000005329 ) ) ;
#5768 = LINE ( 'NONE', #954, #6832 ) ;
#5769 = SURFACE_STYLE_USAGE ( .BOTH. , #5087 ) ;
#5770 = CARTESIAN_POINT ( 'NONE',  ( -1.033405138582506710, 3.800000000000000266, 0.1583565338867685968 ) ) ;
#5771 = CARTESIAN_POINT ( 'NONE',  ( 3.438460854128073674, 3.799999999999999822, 0.2583009624386687353 ) ) ;
#5772 = DIRECTION ( 'NONE',  ( 1.000000000000000000, 0.0000000000000000000, 0.0000000000000000000 ) ) ;
#5773 = CARTESIAN_POINT ( 'NONE',  ( 2.090791732625012500, 3.799999999999999822, -0.4605388633064055326 ) ) ;
#5774 = CARTESIAN_POINT ( 'NONE',  ( -0.8913973126098427846, 3.790000000000000924, 0.1330367665168555591 ) ) ;
#5775 = CARTESIAN_POINT ( 'NONE',  ( -3.569999999999999396, 1.900000000000000355, -0.3500000000000004774 ) ) ;
#5776 = MECHANICAL_DESIGN_GEOMETRIC_PRESENTATION_REPRESENTATION (  '', ( #8430 ), #6304 ) ;
#5777 = EDGE_CURVE ( 'NONE', #766, #7423, #6125, .T. ) ;
#5778 = ORIENTED_EDGE ( 'NONE', *, *, #7040, .F. ) ;
#5779 = CARTESIAN_POINT ( 'NONE',  ( 2.386523172962490058, 3.799999999999998934, -0.5601909336832864295 ) ) ;
#5780 = DIRECTION ( 'NONE',  ( -1.000000000000000000, 0.0000000000000000000, 0.0000000000000000000 ) ) ;
#5781 = CARTESIAN_POINT ( 'NONE',  ( 5.500000000000000000, 1.899999999999999911, 0.3499999999999995337 ) ) ;
#5782 = SURFACE_STYLE_USAGE ( .BOTH. , #7210 ) ;
#5783 = LINE ( 'NONE', #3770, #7087 ) ;
#5784 = DIRECTION ( 'NONE',  ( -1.000000000000000000, -0.0000000000000000000, -0.0000000000000000000 ) ) ;
#5785 = CARTESIAN_POINT ( 'NONE',  ( -0.6490277771383753391, 3.790000000000000036, -0.1468093062851274222 ) ) ;
#5786 = CARTESIAN_POINT ( 'NONE',  ( 1.919992154589167388, 3.790000000000000036, -0.3975607811808380410 ) ) ;
#5787 = CARTESIAN_POINT ( 'NONE',  ( 0.0000000000000000000, 3.799999999999999822, 0.0000000000000000000 ) ) ;
#5788 = VECTOR ( 'NONE', #1358, 1000.000000000000000 ) ;
#5789 = CARTESIAN_POINT ( 'NONE',  ( 3.483900451636830375, 3.790000000000000036, -0.1540517545194285687 ) ) ;
#5790 = CARTESIAN_POINT ( 'NONE',  ( -0.7422242662452301909, 3.800000000000000711, -0.2764519759598047521 ) ) ;
#5791 = MECHANICAL_DESIGN_GEOMETRIC_PRESENTATION_REPRESENTATION (  '', ( #5294 ), #8321 ) ;
#5792 = COLOUR_RGB ( '',1.000000000000000000, 1.000000000000000000, 1.000000000000000000 ) ;
#5793 = VERTEX_POINT ( 'NONE', #5844 ) ;
#5794 = LINE ( 'NONE', #7587, #6284 ) ;
#5795 = SURFACE_SIDE_STYLE ('',( #4944 ) ) ;
#5796 = CARTESIAN_POINT ( 'NONE',  ( 1.584612145254601367, 3.789999999999999591, 0.1495469454566803469 ) ) ;
#5797 = ORIENTED_EDGE ( 'NONE', *, *, #3238, .F. ) ;
#5798 = CARTESIAN_POINT ( 'NONE',  ( 1.679978633118034859, 3.799999999999999822, 0.2636073603815393129 ) ) ;
#5799 = FACE_OUTER_BOUND ( 'NONE', #3543, .T. ) ;
#5800 = B_SPLINE_SURFACE_WITH_KNOTS ( 'NONE', 3, 1, ( 
 ( #5508, #322 ),
 ( #2537, #4701 ),
 ( #5540, #4732 ),
 ( #226, #6344 ),
 ( #1888, #982 ),
 ( #7026, #5575 ),
 ( #2566, #7776 ),
 ( #4801, #2628 ),
 ( #3397, #7842 ),
 ( #1082, #9184 ),
 ( #1050, #6314 ),
 ( #1850, #2597 ),
 ( #1752, #948 ),
 ( #8605, #7815 ),
 ( #7714, #193 ),
 ( #3359, #4098 ),
 ( #5447, #6964 ),
 ( #2509, #3257 ),
 ( #7258, #5636 ),
 ( #1184, #2689 ),
 ( #1149, #3433 ),
 ( #7132, #1949 ),
 ( #7976, #8700 ) ),
 .UNSPECIFIED., .F., .F., .F.,
 ( 4, 1, 1, 1, 1, 1, 1, 1, 1, 1, 1, 1, 1, 1, 1, 1, 1, 1, 1, 1, 4 ),
 ( 2, 2 ),
 ( 0.0000000000000000000, 0.06568119799063891484, 0.1284864641740649516, 0.1881751303280079779, 0.2451061306699864883, 0.2994484245294755098, 0.3508229360093824689, 0.3999416805337779324, 0.4466717436323722201, 0.4912545333734989472, 0.5333763442704372304, 0.5738527549682245210, 0.6125263117194534868, 0.6495971364453290153, 0.6855320415538508350, 0.7201057860682008593, 0.7538376629736510681, 0.8189254160467140942, 0.8804934616501645106, 0.9403113338460573623, 1.000000000000000000 ),
 ( 0.0000000000000000000, 1.000000000000000000 ),
 .UNSPECIFIED. ) ;
#5801 = CARTESIAN_POINT ( 'NONE',  ( 3.569999999999999396, 0.0000000000000000000, 1.249999999999999778 ) ) ;
#5802 = VERTEX_POINT ( 'NONE', #5160 ) ;
#5803 = EDGE_CURVE ( 'NONE', #5802, #1002, #6005, .T. ) ;
#5804 = CARTESIAN_POINT ( 'NONE',  ( -1.128621182507690390, 3.790000000000000036, 0.1609865500747926503 ) ) ;
#5805 = ORIENTED_EDGE ( 'NONE', *, *, #9404, .T. ) ;
#5807 = CARTESIAN_POINT ( 'NONE',  ( -2.839572648933247123, 3.799999999999999822, -0.4009759729517941573 ) ) ;
#5806 = CARTESIAN_POINT ( 'NONE',  ( 0.0000000000000000000, 3.789999999999999147, 0.0000000000000000000 ) ) ;
#5808 = VECTOR ( 'NONE', #63, 1000.000000000000000 ) ;
#5809 = CARTESIAN_POINT ( 'NONE',  ( 4.999999999999996447, 3.799999999999999822, -4.500000000000001776 ) ) ;
#5810 = ADVANCED_FACE ( 'NONE', ( #1316 ), #654, .F. ) ;
#5811 = CARTESIAN_POINT ( 'NONE',  ( -1.027185751795361091, 3.799999999999999378, -0.5531775812937568260 ) ) ;
#5812 = CARTESIAN_POINT ( 'NONE',  ( 1.877079247993659994, 3.790000000000000924, -0.04804218787586597705 ) ) ;
#5813 = DIRECTION ( 'NONE',  ( -0.0000000000000000000, 1.000000000000000000, -0.0000000000000000000 ) ) ;
#5814 = SURFACE_STYLE_FILL_AREA ( #1902 ) ;
#5815 = ORIENTED_EDGE ( 'NONE', *, *, #6090, .T. ) ;
#5816 = AXIS2_PLACEMENT_3D ( 'NONE', #1015, #1815, #6375 ) ;
#5817 = CARTESIAN_POINT ( 'NONE',  ( 2.499690171579573850, 3.799999999999999822, -0.1569054601312812325 ) ) ;
#5818 = CARTESIAN_POINT ( 'NONE',  ( 0.4911965818359836367, 3.790000000000000036, -0.09536699859281973224 ) ) ;
#5819 = CARTESIAN_POINT ( 'NONE',  ( -2.361848289958888181, 3.799999999999999822, 0.2430945398687187897 ) ) ;
#5820 = LINE ( 'NONE', #3613, #643 ) ;
#5821 = CARTESIAN_POINT ( 'NONE',  ( 2.099715896616195732, 3.799999999999998934, -0.1676445191832757198 ) ) ;
#5822 = CARTESIAN_POINT ( 'NONE',  ( -1.002008822730830140, 3.789999999999999147, -0.4663163496668246699 ) ) ;
#5823 = CARTESIAN_POINT ( 'NONE',  ( 3.430120954244714415, 3.790000000000000036, -0.2854440806050804746 ) ) ;
#5824 = CARTESIAN_POINT ( 'NONE',  ( -0.7630839830508160393, 3.790000000000001368, -0.3212118340327357879 ) ) ;
#5825 = AXIS2_PLACEMENT_3D ( 'NONE', #7135, #5582, #7848 ) ;
#5826 = COLOUR_RGB ( '',1.000000000000000000, 1.000000000000000000, 1.000000000000000000 ) ;
#5827 = ORIENTED_EDGE ( 'NONE', *, *, #6633, .F. ) ;
#5828 = ORIENTED_EDGE ( 'NONE', *, *, #927, .F. ) ;
#5829 = SURFACE_STYLE_USAGE ( .BOTH. , #2885 ) ;
#5830 = CARTESIAN_POINT ( 'NONE',  ( -0.7763190314723080743, 3.789999999999998703, -0.3417774033433207959 ) ) ;
#5831 = AXIS2_PLACEMENT_3D ( 'NONE', #3590, #618, #3684 ) ;
#5832 = STYLED_ITEM ( 'NONE', ( #8707 ), #5901 ) ;
#5833 = CARTESIAN_POINT ( 'NONE',  ( -0.8159516507631511262, 3.790000000000000036, 0.08671722207408669170 ) ) ;
#5834 = B_SPLINE_SURFACE_WITH_KNOTS ( 'NONE', 3, 1, ( 
 ( #340, #5623 ),
 ( #2645, #1906 ),
 ( #7180, #2703 ),
 ( #7831, #3450 ),
 ( #3475, #312 ),
 ( #1138, #1069 ),
 ( #5561, #9440 ),
 ( #6330, #6364 ),
 ( #7044, #9305 ),
 ( #2614, #6301 ),
 ( #5593, #4818 ) ),
 .UNSPECIFIED., .F., .F., .F.,
 ( 4, 1, 1, 1, 1, 1, 1, 1, 4 ),
 ( 2, 2 ),
 ( 0.0000000000000000000, 0.1105883385953356779, 0.2245417540535955825, 0.3425034940501041070, 0.4643240984173578334, 0.5907560327017663537, 0.7222274753555144589, 0.8588428362087241474, 0.9999999999999998890 ),
 ( 0.0000000000000000000, 1.000000000000000000 ),
 .UNSPECIFIED. ) ;
#5835 = CARTESIAN_POINT ( 'NONE',  ( 3.645042735682137991, 3.790000000000000036, -0.3928028960287172078 ) ) ;
#5836 = VERTEX_POINT ( 'NONE', #7415 ) ;
#5837 = MECHANICAL_DESIGN_GEOMETRIC_PRESENTATION_REPRESENTATION (  '', ( #4484 ), #815 ) ;
#5838 = CARTESIAN_POINT ( 'NONE',  ( -1.057521366881964964, 3.790000000000000036, 0.2430945398687187897 ) ) ;
#5839 = EDGE_CURVE ( 'NONE', #5728, #1491, #4268, .T. ) ;
#5840 = CARTESIAN_POINT ( 'NONE',  ( -0.9131303412409393916, 3.790000000000000036, 0.1406906937148726111 ) ) ;
#5841 = MECHANICAL_DESIGN_GEOMETRIC_PRESENTATION_REPRESENTATION (  '', ( #615 ), #1324 ) ;
#5842 = DIRECTION ( 'NONE',  ( -0.0000000000000000000, 1.000000000000000000, -0.0000000000000000000 ) ) ;
#5843 = DIRECTION ( 'NONE',  ( 0.0000000000000000000, 0.0000000000000000000, -1.000000000000000000 ) ) ;
#5844 = CARTESIAN_POINT ( 'NONE',  ( -5.569999999999999396, 1.899999999999999911, 0.3499999999999996447 ) ) ;
#5845 = CARTESIAN_POINT ( 'NONE',  ( -2.464412392522991269, 3.799999999999999822, 0.2430945398687187897 ) ) ;
#5846 = FILL_AREA_STYLE_COLOUR ( '', #2103 ) ;
#5847 = SURFACE_STYLE_FILL_AREA ( #1641 ) ;
#5848 = ORIENTED_EDGE ( 'NONE', *, *, #5286, .F. ) ;
#5849 = CARTESIAN_POINT ( 'NONE',  ( 2.504135594358767314, 3.790000000000000036, -0.4587483108834662926 ) ) ;
#5850 = CARTESIAN_POINT ( 'NONE',  ( 3.491677351066753143, 3.790000000000000036, 0.1815560783302572478 ) ) ;
#5851 = CARTESIAN_POINT ( 'NONE',  ( 3.313450432146549218, 3.800000000000000266, -0.4637515823432455941 ) ) ;
#5852 = CARTESIAN_POINT ( 'NONE',  ( 2.027970275363550900, 3.790000000000000036, -0.1694072073643111687 ) ) ;
#5853 = ADVANCED_FACE ( 'NONE', ( #6488 ), #4665, .T. ) ;
#5854 =( GEOMETRIC_REPRESENTATION_CONTEXT ( 3 ) GLOBAL_UNCERTAINTY_ASSIGNED_CONTEXT ( ( #5093 ) ) GLOBAL_UNIT_ASSIGNED_CONTEXT ( ( #5357, #2473, #7676 ) ) REPRESENTATION_CONTEXT ( 'NONE', 'WORKASPACE' ) );
#5855 =( LENGTH_UNIT ( ) NAMED_UNIT ( * ) SI_UNIT ( .MILLI., .METRE. ) );
#5856 = CARTESIAN_POINT ( 'NONE',  ( 1.888750978974151673, 3.799999999999999822, -0.4587483108834661816 ) ) ;
#5857 = AXIS2_PLACEMENT_3D ( 'NONE', #3175, #87, #6907 ) ;
#5858 = CARTESIAN_POINT ( 'NONE',  ( -1.177393161753760298, 3.790000000000000036, -0.4748541780799992451 ) ) ;
#5859 = PRESENTATION_STYLE_ASSIGNMENT (( #3577 ) ) ;
#5860 = CARTESIAN_POINT ( 'NONE',  ( 3.491635889791711023, 3.789999999999999591, -0.2397212363319664308 ) ) ;
#5861 = CARTESIAN_POINT ( 'NONE',  ( -0.8428905424844457261, 3.799999999999999378, -0.4101617776637027646 ) ) ;
#5862 = ORIENTED_EDGE ( 'NONE', *, *, #5088, .T. ) ;
#5863 = EDGE_CURVE ( 'NONE', #2088, #576, #4495, .T. ) ;
#5864 = ADVANCED_FACE ( 'NONE', ( #3468 ), #1535, .T. ) ;
#5865 =( NAMED_UNIT ( * ) SI_UNIT ( $, .STERADIAN. ) SOLID_ANGLE_UNIT ( ) );
#5867 = AXIS2_PLACEMENT_3D ( 'NONE', #5039, #4368, #9595 ) ;
#5866 = CARTESIAN_POINT ( 'NONE',  ( -0.8845570087788091618, 3.790000000000000924, -0.4346990021141842742 ) ) ;
#5868 = EDGE_LOOP ( 'NONE', ( #8921, #2897, #1718, #9284 ) ) ;
#5869 = CARTESIAN_POINT ( 'NONE',  ( 0.4911965818359836367, 3.790000000000000036, -0.09536699859281973224 ) ) ;
#5870 = DIRECTION ( 'NONE',  ( -0.0000000000000000000, 1.000000000000000000, -0.0000000000000000000 ) ) ;
#5871 = ORIENTED_EDGE ( 'NONE', *, *, #6090, .F. ) ;
#5872 = EDGE_LOOP ( 'NONE', ( #6722, #3457, #2270, #2004 ) ) ;
#5873 = AXIS2_PLACEMENT_3D ( 'NONE', #5162, #562, #7325 ) ;
#5874 = CARTESIAN_POINT ( 'NONE',  ( 3.569999999999999396, 1.899999999999999911, 1.250000000000000000 ) ) ;
#5875 = CARTESIAN_POINT ( 'NONE',  ( 1.412585659978935704, 3.799999999999999822, -0.1694072073643111687 ) ) ;
#5877 = CARTESIAN_POINT ( 'NONE',  ( -1.063479183217076907, 3.799999999999999822, -0.5553696877733285131 ) ) ;
#5876 = CARTESIAN_POINT ( 'NONE',  ( 1.431212353219952549, 3.790000000000000924, -0.3532825223361693023 ) ) ;
#5878 = CARTESIAN_POINT ( 'NONE',  ( 2.297767094656497200, 3.799999999999999378, 0.1815560783302572478 ) ) ;
#5879 = CARTESIAN_POINT ( 'NONE',  ( -5.569999999999999396, -0.07000000000000000666, 1.249999999999999778 ) ) ;
#5880 = ORIENTED_EDGE ( 'NONE', *, *, #4247, .F. ) ;
#5881 = SURFACE_SIDE_STYLE ('',( #5571 ) ) ;
#5882 = CARTESIAN_POINT ( 'NONE',  ( 2.525608844218675930, 3.790000000000001812, -0.4193163166873630776 ) ) ;
#5883 = PRESENTATION_STYLE_ASSIGNMENT (( #1140 ) ) ;
#5884 = DIRECTION ( 'NONE',  ( -0.0000000000000000000, 1.000000000000000000, -0.0000000000000000000 ) ) ;
#5885 = CARTESIAN_POINT ( 'NONE',  ( 1.043279915169317285, 3.790000000000000036, 0.2430945398687187897 ) ) ;
#5886 = CARTESIAN_POINT ( 'NONE',  ( 2.784305556194957898, 3.790000000000000036, -0.02357212679794789753 ) ) ;
#5887 = SURFACE_STYLE_FILL_AREA ( #4426 ) ;
#5888 =( NAMED_UNIT ( * ) PLANE_ANGLE_UNIT ( ) SI_UNIT ( $, .RADIAN. ) );
#5889 = DIRECTION ( 'NONE',  ( -0.0000000000000000000, 1.000000000000000000, 0.0000000000000000000 ) ) ;
#5890 = CARTESIAN_POINT ( 'NONE',  ( 1.771138557577874639, 3.790000000000000924, -0.5601909336832866515 ) ) ;
#5891 = SURFACE_SIDE_STYLE ('',( #4879 ) ) ;
#5892 = CARTESIAN_POINT ( 'NONE',  ( 1.834617084917077534, 3.799999999999999378, -0.4010104959359744869 ) ) ;
#5893 = CARTESIAN_POINT ( 'NONE',  ( -0.6490277771383753391, 3.790000000000000036, -0.1468093062851274222 ) ) ;
#5894 = LINE ( 'NONE', #4232, #1329 ) ;
#5895 = CARTESIAN_POINT ( 'NONE',  ( 2.295363248502650499, 3.790000000000000036, 0.2636073603815393129 ) ) ;
#5896 = CARTESIAN_POINT ( 'NONE',  ( -0.7209696329712177443, 3.790000000000000036, -0.1380963096804154744 ) ) ;
#5897 = VERTEX_POINT ( 'NONE', #9351 ) ;
#5898 = ORIENTED_EDGE ( 'NONE', *, *, #872, .T. ) ;
#5899 = ORIENTED_EDGE ( 'NONE', *, *, #3332, .T. ) ;
#5900 = EDGE_CURVE ( 'NONE', #254, #6623, #8937, .T. ) ;
#5901 = ADVANCED_FACE ( 'NONE', ( #7292 ), #6405, .T. ) ;
#5902 = PRESENTATION_STYLE_ASSIGNMENT (( #9366 ) ) ;
#5903 = VERTEX_POINT ( 'NONE', #4029 ) ;
#5904 = EDGE_LOOP ( 'NONE', ( #5982, #3251, #8270, #1301 ) ) ;
#5905 =( NAMED_UNIT ( * ) SI_UNIT ( $, .STERADIAN. ) SOLID_ANGLE_UNIT ( ) );
#5906 = VECTOR ( 'NONE', #8678, 1000.000000000000000 ) ;
#5907 = CARTESIAN_POINT ( 'NONE',  ( -1.575790597651195890, 3.790000000000000036, -0.5569054601312812824 ) ) ;
#5908 = ORIENTED_EDGE ( 'NONE', *, *, #1941, .T. ) ;
#5909 = CARTESIAN_POINT ( 'NONE',  ( 1.487655888297272133, 3.800000000000000711, -0.06723864106931326523 ) ) ;
#5910 = ORIENTED_EDGE ( 'NONE', *, *, #1055, .T. ) ;
#5912 = CARTESIAN_POINT ( 'NONE',  ( -0.9636625355508945390, 3.790000000000000480, -0.5460638533495413283 ) ) ;
#5911 = CARTESIAN_POINT ( 'NONE',  ( 3.475491453630855876, 3.799999999999999822, -0.1601105883364094817 ) ) ;
#5913 = MECHANICAL_DESIGN_GEOMETRIC_PRESENTATION_REPRESENTATION (  '', ( #681 ), #3447 ) ;
#5914 = ADVANCED_FACE ( 'NONE', ( #6241 ), #7929, .T. ) ;
#5915 = SURFACE_SIDE_STYLE ('',( #5887 ) ) ;
#5916 = PRESENTATION_STYLE_ASSIGNMENT (( #7291 ) ) ;
#5917 = VERTEX_POINT ( 'NONE', #9314 ) ;
#5918 = SURFACE_STYLE_USAGE ( .BOTH. , #5881 ) ;
#5919 = CARTESIAN_POINT ( 'NONE',  ( 3.410561745709046910, 3.799999999999999822, -0.3041333478896275366 ) ) ;
#5920 = LINE ( 'NONE', #7970, #5086 ) ;
#5921 = EDGE_CURVE ( 'NONE', #1712, #7491, #9049, .T. ) ;
#5922 = CARTESIAN_POINT ( 'NONE',  ( 2.557555558679265317, 3.790000000000000924, -0.3213087569115580244 ) ) ;
#5923 = CARTESIAN_POINT ( 'NONE',  ( 2.053752721885401478, 3.800000000000000266, 0.06469670046766447247 ) ) ;
#5924 = CARTESIAN_POINT ( 'NONE',  ( -3.569999999999999396, 1.899999999999999911, 0.3499999999999996447 ) ) ;
#5925 = VERTEX_POINT ( 'NONE', #9331 ) ;
#5926 = CARTESIAN_POINT ( 'NONE',  ( 3.619722222861624594, 3.799999999999999822, -0.03254648577230689899 ) ) ;
#5927 = UNCERTAINTY_MEASURE_WITH_UNIT (LENGTH_MEASURE( 1.000000000000000082E-05 ), #5647, 'distance_accuracy_value', 'NONE');
#5928 = DIRECTION ( 'NONE',  ( -1.000000000000000000, 0.0000000000000000000, 0.0000000000000000000 ) ) ;
#5929 = CARTESIAN_POINT ( 'NONE',  ( 1.942170943294651009, 3.790000000000000036, -0.3213087569115581910 ) ) ;
#5930 = CARTESIAN_POINT ( 'NONE',  ( 3.611318592979229081, 3.799999999999999822, -0.4336289848938640334 ) ) ;
#5931 = CARTESIAN_POINT ( 'NONE',  ( -5.500000000000000000, 1.899999999999999911, -0.3500000000000004774 ) ) ;
#5932 = LINE ( 'NONE', #3262, #6989 ) ;
#5933 = CARTESIAN_POINT ( 'NONE',  ( 1.883933790026164123, 3.800000000000002043, -0.1853307715138228506 ) ) ;
#5934 = EDGE_CURVE ( 'NONE', #9607, #9649, #7059, .T. ) ;
#5935 = ORIENTED_EDGE ( 'NONE', *, *, #1093, .F. ) ;
#5936 = CARTESIAN_POINT ( 'NONE',  ( -0.8243225768948330145, 3.790000000000000036, -0.3952727919126775569 ) ) ;
#5937 = LINE ( 'NONE', #3793, #5696 ) ;
#5938 =( GEOMETRIC_REPRESENTATION_CONTEXT ( 3 ) GLOBAL_UNCERTAINTY_ASSIGNED_CONTEXT ( ( #5324 ) ) GLOBAL_UNIT_ASSIGNED_CONTEXT ( ( #6831, #828, #9091 ) ) REPRESENTATION_CONTEXT ( 'NONE', 'WORKASPACE' ) );
#5939 = ORIENTED_EDGE ( 'NONE', *, *, #6199, .F. ) ;
#5940 = CARTESIAN_POINT ( 'NONE',  ( -1.163610191100081570, 3.799999999999999378, -0.4748128102341729884 ) ) ;
#5941 = LINE ( 'NONE', #7284, #521 ) ;
#5942 = CARTESIAN_POINT ( 'NONE',  ( -0.6490277771383753391, 3.799999999999999822, -0.1468093062851274222 ) ) ;
#5943 = EDGE_CURVE ( 'NONE', #7809, #6267, #1818, .T. ) ;
#5944 = PRESENTATION_STYLE_ASSIGNMENT (( #4767 ) ) ;
#5945 = VECTOR ( 'NONE', #5624, 1000.000000000000000 ) ;
#5946 = EDGE_LOOP ( 'NONE', ( #5848, #8729, #9552 ) ) ;
#5947 = CARTESIAN_POINT ( 'NONE',  ( 1.661227475496130035, 3.790000000000000480, -0.5771035300248318345 ) ) ;
#5948 = DIRECTION ( 'NONE',  ( -0.0000000000000000000, 1.000000000000000000, -0.0000000000000000000 ) ) ;
#5949 = PRESENTATION_LAYER_ASSIGNMENT (  '', '', ( #413 ) ) ;
#5950 = ADVANCED_FACE ( 'NONE', ( #8814 ), #2665, .T. ) ;
#5951 = CARTESIAN_POINT ( 'NONE',  ( -1.143899572010170340, 3.799999999999999822, -0.5569054601312812824 ) ) ;
#5952 = DIRECTION ( 'NONE',  ( -0.0000000000000000000, 1.000000000000000000, -0.0000000000000000000 ) ) ;
#5953 = MECHANICAL_DESIGN_GEOMETRIC_PRESENTATION_REPRESENTATION (  '', ( #3845 ), #6961 ) ;
#5954 = CARTESIAN_POINT ( 'NONE',  ( 2.571337637904479223, 3.789999999999999147, -0.1688725777424255337 ) ) ;
#5955 = CARTESIAN_POINT ( 'NONE',  ( 2.295363248502650499, 3.799999999999998934, 0.2636073603815393129 ) ) ;
#5956 = CARTESIAN_POINT ( 'NONE',  ( -2.542457264317862897, 3.790000000000000036, 0.2430945398687187897 ) ) ;
#5957 = CARTESIAN_POINT ( 'NONE',  ( 1.804831862358804440, 3.799999999999999378, 0.2289468894993802461 ) ) ;
#5958 = ORIENTED_EDGE ( 'NONE', *, *, #1321, .T. ) ;
#5959 = ADVANCED_FACE ( 'NONE', ( #3682 ), #4871, .T. ) ;
#5960 = CARTESIAN_POINT ( 'NONE',  ( -0.9579402735733794083, 3.790000000000001812, 0.2373925479198054633 ) ) ;
#5961 = CARTESIAN_POINT ( 'NONE',  ( 3.354480548747163393, 3.790000000000000480, 0.1061838899763158789 ) ) ;
#5962 = CARTESIAN_POINT ( 'NONE',  ( 1.863843979438678744, 3.799999999999999822, -0.3304827822602799947 ) ) ;
#5963 =( LENGTH_UNIT ( ) NAMED_UNIT ( * ) SI_UNIT ( .MILLI., .METRE. ) );
#5964 = EDGE_CURVE ( 'NONE', #7905, #2222, #5638, .T. ) ;
#5965 = ADVANCED_FACE ( 'NONE', ( #704 ), #4228, .F. ) ;
#5966 = DIRECTION ( 'NONE',  ( -0.0000000000000000000, 1.000000000000000000, -0.0000000000000000000 ) ) ;
#5967 = DIRECTION ( 'NONE',  ( -1.000000000000000000, 0.0000000000000000000, 0.0000000000000000000 ) ) ;
#5968 = CARTESIAN_POINT ( 'NONE',  ( -0.7208226489332473230, 3.790000000000000036, -0.1469695626953838041 ) ) ;
#5969 = FACE_BOUND ( 'NONE', #2249, .T. ) ;
#5970 = ORIENTED_EDGE ( 'NONE', *, *, #307, .T. ) ;
#5971 = LINE ( 'NONE', #3745, #7502 ) ;
#5972 = AXIS2_PLACEMENT_3D ( 'NONE', #8274, #8142, #3803 ) ;
#5973 = EDGE_CURVE ( 'NONE', #9649, #4713, #6941, .T. ) ;
#5974 = DIRECTION ( 'NONE',  ( 0.0000000000000000000, 0.0000000000000000000, -1.000000000000000000 ) ) ;
#5975 = PRESENTATION_STYLE_ASSIGNMENT (( #6835 ) ) ;
#5976 = VERTEX_POINT ( 'NONE', #4912 ) ;
#5977 = FILL_AREA_STYLE ('',( #2347 ) ) ;
#5979 = SURFACE_STYLE_USAGE ( .BOTH. , #8193 ) ;
#5978 = CARTESIAN_POINT ( 'NONE',  ( 1.412510684400086536, 3.790000000000000036, -0.1565849473107684686 ) ) ;
#5980 = CARTESIAN_POINT ( 'NONE',  ( 0.5290170946564967114, 3.799999999999999822, -0.01331571654153768276 ) ) ;
#5981 = CARTESIAN_POINT ( 'NONE',  ( 1.682382479271881559, 3.790000000000000480, -0.4953669985928199071 ) ) ;
#5982 = ORIENTED_EDGE ( 'NONE', *, *, #7409, .F. ) ;
#5983 = B_SPLINE_SURFACE_WITH_KNOTS ( 'NONE', 3, 1, ( 
 ( #4457, #5542 ),
 ( #6991, #6460 ),
 ( #8121, #1327 ),
 ( #8056, #5877 ),
 ( #1392, #8793 ),
 ( #526, #2055 ),
 ( #5912, #8894 ),
 ( #4288, #7354 ),
 ( #8871, #9641 ),
 ( #5157, #4322 ),
 ( #8831, #557 ) ),
 .UNSPECIFIED., .F., .F., .F.,
 ( 4, 1, 1, 1, 1, 1, 1, 1, 4 ),
 ( 2, 2 ),
 ( 0.0000000000000000000, 0.1642892164747621342, 0.3174059112304905006, 0.4588436116410192778, 0.5893665423053098262, 0.7078313187781726246, 0.8157700306990042227, 0.9128799029021251732, 1.000000000000000000 ),
 ( 0.0000000000000000000, 1.000000000000000000 ),
 .UNSPECIFIED. ) ;
#5984 = MECHANICAL_DESIGN_GEOMETRIC_PRESENTATION_REPRESENTATION (  '', ( #4986 ), #9381 ) ;
#5985 = CARTESIAN_POINT ( 'NONE',  ( 3.569999999999999396, 1.900000000000000355, -1.250000000000000222 ) ) ;
#5986 = CARTESIAN_POINT ( 'NONE',  ( 1.877578320451948501, 3.799999999999999378, 0.1617964017768511453 ) ) ;
#5987 = ORIENTED_EDGE ( 'NONE', *, *, #5709, .T. ) ;
#5988 = CARTESIAN_POINT ( 'NONE',  ( -5.569999999999999396, -0.07000000000000000666, -1.250000000000000222 ) ) ;
#5989 = DIRECTION ( 'NONE',  ( -0.0000000000000000000, 0.0000000000000000000, 1.000000000000000000 ) ) ;
#5990 = CARTESIAN_POINT ( 'NONE',  ( 1.493540445676497574, 3.800000000000001599, -0.2971399519715639537 ) ) ;
#5991 = CARTESIAN_POINT ( 'NONE',  ( 1.850648511894583903, 3.800000000000001155, -0.3683479791088288269 ) ) ;
#5992 = FILL_AREA_STYLE_COLOUR ( '', #7226 ) ;
#5993 = VERTEX_POINT ( 'NONE', #7928 ) ;
#5994 = ORIENTED_EDGE ( 'NONE', *, *, #6923, .T. ) ;
#5995 = SURFACE_STYLE_USAGE ( .BOTH. , #3701 ) ;
#5996 = VECTOR ( 'NONE', #5505, 1000.000000000000000 ) ;
#5997 = CARTESIAN_POINT ( 'NONE',  ( 3.559115941770798486, 3.790000000000000924, 0.2548479903801273427 ) ) ;
#5998 = CARTESIAN_POINT ( 'NONE',  ( 3.696546819987994947, 3.790000000000000036, -0.4604038796556674251 ) ) ;
#5999 = ADVANCED_FACE ( 'NONE', ( #1944 ), #9432, .F. ) ;
#6000 = MECHANICAL_DESIGN_GEOMETRIC_PRESENTATION_REPRESENTATION (  '', ( #2698 ), #4022 ) ;
#6001 = CARTESIAN_POINT ( 'NONE',  ( 1.900082049199392831, 3.790000000000000480, -0.4398262286402328525 ) ) ;
#6002 = AXIS2_PLACEMENT_3D ( 'NONE', #223, #9355, #9319 ) ;
#6003 = CARTESIAN_POINT ( 'NONE',  ( 3.300023554882405730, 3.800000000000000266, -0.3745257243656798796 ) ) ;
#6004 = ADVANCED_FACE ( 'NONE', ( #3922, #1185 ), #470, .T. ) ;
#6005 = LINE ( 'NONE', #7357, #2874 ) ;
#6006 = DIRECTION ( 'NONE',  ( 0.0000000000000000000, 0.0000000000000000000, -1.000000000000000000 ) ) ;
#6007 = ORIENTED_EDGE ( 'NONE', *, *, #6910, .T. ) ;
#6008 = CARTESIAN_POINT ( 'NONE',  ( 2.543808081228466467, 3.799999999999999822, -0.3739576591678855921 ) ) ;
#6009 = ORIENTED_EDGE ( 'NONE', *, *, #3814, .T. ) ;
#6010 = CARTESIAN_POINT ( 'NONE',  ( 2.276612611073904446, 3.799999999999999822, 0.2632905792624019581 ) ) ;
#6011 = FILL_AREA_STYLE ('',( #9061 ) ) ;
#6012 = CARTESIAN_POINT ( 'NONE',  ( 2.295363248502650499, 3.790000000000000036, -0.5774182806441018334 ) ) ;
#6013 = CARTESIAN_POINT ( 'NONE',  ( -0.7574496613254433353, 3.800000000000000711, 0.1442207911333214243 ) ) ;
#6014 = CARTESIAN_POINT ( 'NONE',  ( 3.569999999999999396, 4.592425496802573972E-16, -1.250000000000000222 ) ) ;
#6015 = CARTESIAN_POINT ( 'NONE',  ( 3.645042735682137991, 3.790000000000000036, -0.3928028960287172078 ) ) ;
#6016 = CARTESIAN_POINT ( 'NONE',  ( 2.451137662597615563, 3.790000000000000036, -0.5207915878645377195 ) ) ;
#6017 =( NAMED_UNIT ( * ) SI_UNIT ( $, .STERADIAN. ) SOLID_ANGLE_UNIT ( ) );
#6018 = STYLED_ITEM ( 'NONE', ( #8360 ), #5637 ) ;
#6019 = SURFACE_STYLE_FILL_AREA ( #1272 ) ;
#6020 = ORIENTED_EDGE ( 'NONE', *, *, #8436, .F. ) ;
#6021 = ORIENTED_EDGE ( 'NONE', *, *, #6123, .T. ) ;
#6022 = UNCERTAINTY_MEASURE_WITH_UNIT (LENGTH_MEASURE( 1.000000000000000082E-05 ), #235, 'distance_accuracy_value', 'NONE');
#6023 = CARTESIAN_POINT ( 'NONE',  ( 2.101154736367721654, 3.799999999999998934, -0.09534614479894920613 ) ) ;
#6024 = COLOUR_RGB ( '',1.000000000000000000, 1.000000000000000000, 1.000000000000000000 ) ;
#6025 = VECTOR ( 'NONE', #2707, 1000.000000000000000 ) ;
#6026 = CARTESIAN_POINT ( 'NONE',  ( 1.753939196529848754, 3.799999999999999378, 0.2524855378229050040 ) ) ;
#6027 = ORIENTED_EDGE ( 'NONE', *, *, #6932, .T. ) ;
#6028 =( NAMED_UNIT ( * ) SI_UNIT ( $, .STERADIAN. ) SOLID_ANGLE_UNIT ( ) );
#6029 = COLOUR_RGB ( '',1.000000000000000000, 1.000000000000000000, 1.000000000000000000 ) ;
#6030 = B_SPLINE_SURFACE_WITH_KNOTS ( 'NONE', 3, 1, ( 
 ( #5499, #6334 ),
 ( #8532, #9210 ),
 ( #4055, #8458 ),
 ( #4851, #4719 ),
 ( #3281, #7806 ),
 ( #344, #2589 ),
 ( #9275, #5530 ),
 ( #8492, #1878 ),
 ( #1038, #6306 ),
 ( #1004, #7048 ),
 ( #4088, #9309 ),
 ( #4821, #7079 ),
 ( #8597, #9346 ),
 ( #5598, #1104 ),
 ( #4951, #1274 ),
 ( #4177, #6431 ),
 ( #444, #2777 ),
 ( #5758, #8002 ),
 ( #3480, #4209 ) ),
 .UNSPECIFIED., .F., .F., .F.,
 ( 4, 1, 1, 1, 1, 1, 1, 1, 1, 1, 1, 1, 1, 1, 1, 1, 4 ),
 ( 2, 2 ),
 ( 0.0000000000000000000, 0.06148425519689047075, 0.1217745277022101863, 0.1809195598139318184, 0.2402561150782712707, 0.3001144444023512992, 0.3611459476126108181, 0.4235005824125850360, 0.4886693612807187503, 0.5539541046535613189, 0.6175812610152613402, 0.6802384268167388504, 0.7421873887724537155, 0.8046632117692934516, 0.8682589893126624325, 0.9330202571803759559, 1.000000000000000000 ),
 ( 0.0000000000000000000, 1.000000000000000000 ),
 .UNSPECIFIED. ) ;
#6031 = EDGE_CURVE ( 'NONE', #4776, #8741, #8462, .T. ) ;
#6032 = PRESENTATION_STYLE_ASSIGNMENT (( #773 ) ) ;
#6033 = SURFACE_SIDE_STYLE ('',( #8985 ) ) ;
#6034 = CARTESIAN_POINT ( 'NONE',  ( 3.524980516662342467, 3.790000000000000036, -0.5764464971700981044 ) ) ;
#6035 = VECTOR ( 'NONE', #6965, 1000.000000000000000 ) ;
#6036 = ORIENTED_EDGE ( 'NONE', *, *, #7706, .T. ) ;
#6037 = SURFACE_STYLE_FILL_AREA ( #2929 ) ;
#6038 = CARTESIAN_POINT ( 'NONE',  ( 2.466272375381840298, 3.790000000000000480, 0.1928538371424289855 ) ) ;
#6039 = DIRECTION ( 'NONE',  ( -0.0000000000000000000, 0.0000000000000000000, 1.000000000000000000 ) ) ;
#6040 = VERTEX_POINT ( 'NONE', #5767 ) ;
#6041 =( LENGTH_UNIT ( ) NAMED_UNIT ( * ) SI_UNIT ( .MILLI., .METRE. ) );
#6042 = ADVANCED_FACE ( 'NONE', ( #5178 ), #7859, .T. ) ;
#6043 = CARTESIAN_POINT ( 'NONE',  ( 3.352567499437803633, 3.790000000000000480, -0.2591738843964321304 ) ) ;
#6044 = LINE ( 'NONE', #8268, #1977 ) ;
#6045 = DIRECTION ( 'NONE',  ( -0.0000000000000000000, 1.000000000000000000, -0.0000000000000000000 ) ) ;
#6046 = DIRECTION ( 'NONE',  ( 0.0000000000000000000, 0.0000000000000000000, 1.000000000000000000 ) ) ;
#6047 = CARTESIAN_POINT ( 'NONE',  ( 3.377485991806066234, 3.800000000000001155, -0.3559025794592514114 ) ) ;
#6048 = CARTESIAN_POINT ( 'NONE',  ( 2.070848071413046831, 3.799999999999999378, 0.1091476349899237752 ) ) ;
#6049 = CARTESIAN_POINT ( 'NONE',  ( 3.419483564252930208, 3.789999999999997815, 0.1632096387869315934 ) ) ;
#6050 = VERTEX_POINT ( 'NONE', #4129 ) ;
#6051 =( LENGTH_UNIT ( ) NAMED_UNIT ( * ) SI_UNIT ( .MILLI., .METRE. ) );
#6052 = EDGE_CURVE ( 'NONE', #5976, #5802, #2986, .T. ) ;
#6053 = CARTESIAN_POINT ( 'NONE',  ( 3.569999999999999396, 1.899999999999999911, 1.250000000000000000 ) ) ;
#6054 = CARTESIAN_POINT ( 'NONE',  ( -0.6614205193882920497, 3.800000000000000266, -0.03396994755823403572 ) ) ;
#6055 = CARTESIAN_POINT ( 'NONE',  ( 3.375310928442229130, 3.789999999999998703, 0.1293523829498002542 ) ) ;
#6056 = CARTESIAN_POINT ( 'NONE',  ( 1.584645889845636146, 3.800000000000000711, -0.4634226253938823481 ) ) ;
#6057 = CARTESIAN_POINT ( 'NONE',  ( 2.571337637904479223, 3.789999999999999147, -0.1688725777424255337 ) ) ;
#6058 = CARTESIAN_POINT ( 'NONE',  ( 1.877868262927276044, 3.800000000000001599, -0.2639356661962441453 ) ) ;
#6059 = EDGE_LOOP ( 'NONE', ( #1500, #6109, #9666, #8491, #4905, #8379, #3487, #3944 ) ) ;
#6060 = ORIENTED_EDGE ( 'NONE', *, *, #3260, .T. ) ;
#6061 = CARTESIAN_POINT ( 'NONE',  ( 2.123884878771047813, 3.790000000000001368, 0.04330725146975167306 ) ) ;
#6062 = CARTESIAN_POINT ( 'NONE',  ( 1.679978633118034859, 3.790000000000000036, 0.2636073603815393129 ) ) ;
#6063 = CARTESIAN_POINT ( 'NONE',  ( -5.500000000000000888, 3.799999999999999822, -4.500000000000001776 ) ) ;
#6064 = AXIS2_PLACEMENT_3D ( 'NONE', #7521, #719, #3847 ) ;
#6065 = B_SPLINE_SURFACE_WITH_KNOTS ( 'NONE', 3, 1, ( 
 ( #8199, #656 ),
 ( #7298, #4327 ),
 ( #2835, #9561 ),
 ( #7386, #5096 ),
 ( #3688, #687 ),
 ( #8060, #5064 ),
 ( #8875, #3655 ),
 ( #4388, #2123 ),
 ( #9648, #5919 ),
 ( #9616, #5130 ),
 ( #6548, #623 ) ),
 .UNSPECIFIED., .F., .F., .F.,
 ( 4, 1, 1, 1, 1, 1, 1, 1, 4 ),
 ( 2, 2 ),
 ( 0.0000000000000000000, 0.1072852142689554034, 0.2147458609696397958, 0.3229385595552856092, 0.4341161625174649874, 0.5534123109627947512, 0.6860729848107319784, 0.8342559920595843392, 1.000000000000000000 ),
 ( 0.0000000000000000000, 1.000000000000000000 ),
 .UNSPECIFIED. ) ;
#6066 = CYLINDRICAL_SURFACE ( 'NONE', #1575, 0.4999999999999995559 ) ;
#6067 = CARTESIAN_POINT ( 'NONE',  ( 1.584645889845636146, 3.800000000000001155, -0.4634226253938823481 ) ) ;
#6068 = EDGE_CURVE ( 'NONE', #7313, #2602, #4039, .T. ) ;
#6069 = ORIENTED_EDGE ( 'NONE', *, *, #3376, .T. ) ;
#6070 = CARTESIAN_POINT ( 'NONE',  ( 3.579108501112663987, 3.790000000000001368, -0.5615211936026194284 ) ) ;
#6071 = EDGE_LOOP ( 'NONE', ( #1731, #8584, #8827, #5353 ) ) ;
#6072 = SURFACE_STYLE_USAGE ( .BOTH. , #7550 ) ;
#6073 = CARTESIAN_POINT ( 'NONE',  ( -0.8758445906834821937, 3.799999999999999378, 0.2192223047627752941 ) ) ;
#6074 = CARTESIAN_POINT ( 'NONE',  ( 1.919992154589167388, 3.799999999999999822, -0.3975607811808380410 ) ) ;
#6075 = MECHANICAL_DESIGN_GEOMETRIC_PRESENTATION_REPRESENTATION (  '', ( #5570 ), #4893 ) ;
#6076 = PLANE ( 'NONE',  #6064 ) ;
#6077 = CARTESIAN_POINT ( 'NONE',  ( -0.1054380335486315573, 3.799999999999999822, 0.1610432578174366969 ) ) ;
#6078 = VERTEX_POINT ( 'NONE', #95 ) ;
#6079 = MECHANICAL_DESIGN_GEOMETRIC_PRESENTATION_REPRESENTATION (  '', ( #1048 ), #3907 ) ;
#6080 = CARTESIAN_POINT ( 'NONE',  ( 3.491635889791711023, 3.799999999999999378, -0.2397212363319664308 ) ) ;
#6081 = CARTESIAN_POINT ( 'NONE',  ( -3.145021366881965541, 3.799999999999999822, 0.2430945398687187897 ) ) ;
#6082 = CARTESIAN_POINT ( 'NONE',  ( 3.619722222861624594, 3.790000000000000036, -0.03254648577230689899 ) ) ;
#6083 = CARTESIAN_POINT ( 'NONE',  ( 2.188892713218763664, 3.789999999999998703, -0.5524070715046679458 ) ) ;
#6084 = CARTESIAN_POINT ( 'NONE',  ( -2.542457264317862897, 3.799999999999999822, 0.2430945398687187897 ) ) ;
#6085 = FILL_AREA_STYLE ('',( #47 ) ) ;
#6086 = CARTESIAN_POINT ( 'NONE',  ( 3.094561966451368384, 3.790000000000000036, 0.2430945398687187897 ) ) ;
#6087 = PRESENTATION_STYLE_ASSIGNMENT (( #4052 ) ) ;
#6088 = CARTESIAN_POINT ( 'NONE',  ( 1.834617084917077534, 3.800000000000001155, -0.4010104959359744869 ) ) ;
#6089 = ORIENTED_EDGE ( 'NONE', *, *, #5943, .T. ) ;
#6090 = EDGE_CURVE ( 'NONE', #2663, #9014, #711, .T. ) ;
#6091 = CARTESIAN_POINT ( 'NONE',  ( 2.173807885945427731, 3.800000000000001155, 0.1270272114303801214 ) ) ;
#6092 = SURFACE_SIDE_STYLE ('',( #2719 ) ) ;
#6093 = CARTESIAN_POINT ( 'NONE',  ( 1.465376794101129310, 3.800000000000001599, 0.1289973745304057728 ) ) ;
#6094 = MECHANICAL_DESIGN_GEOMETRIC_PRESENTATION_REPRESENTATION (  '', ( #7159 ), #1989 ) ;
#6095 = CARTESIAN_POINT ( 'NONE',  ( 1.487584097182264253, 3.790000000000000036, -0.2468538579568396452 ) ) ;
#6096 =( LENGTH_UNIT ( ) NAMED_UNIT ( * ) SI_UNIT ( .MILLI., .METRE. ) );
#6097 = B_SPLINE_CURVE_WITH_KNOTS ( 'NONE', 3,
 ( #6439, #5704, #5736, #4152, #2788, #2716, #9356, #8009, #1256, #352, #4991, #5604, #7911, #4188, #9417, #7949, #6412, #4957, #423, #1115, #3488, #4219, #6501 ),
 .UNSPECIFIED., .F., .F.,
 ( 4, 1, 1, 1, 1, 1, 1, 1, 1, 1, 1, 1, 1, 1, 1, 1, 1, 1, 1, 1, 4 ),
 ( 0.0000000000000000000, 0.06568119799063883157, 0.1284864641740648128, 0.1881751303280078114, 0.2451061306699864606, 0.2994484245294754543, 0.3508229360093823579, 0.3999416805337777658, 0.4466717436323720536, 0.4912545333734980035, 0.5333763442704362312, 0.5738527549682235218, 0.6125263117194523765, 0.6495971364453290153, 0.6855320415538496137, 0.7201057860682009704, 0.7538376629736496248, 0.8189254160467140942, 0.8804934616501646216, 0.9403113338460573623, 1.000000000000000000 ),
 .UNSPECIFIED. ) ;
#6098 = CARTESIAN_POINT ( 'NONE',  ( 3.629931074591578266, 3.800000000000001599, -0.5308149312095492567 ) ) ;
#6099 = ORIENTED_EDGE ( 'NONE', *, *, #7880, .F. ) ;
#6100 = COLOUR_RGB ( '',1.000000000000000000, 1.000000000000000000, 1.000000000000000000 ) ;
#6101 =( GEOMETRIC_REPRESENTATION_CONTEXT ( 3 ) GLOBAL_UNCERTAINTY_ASSIGNED_CONTEXT ( ( #2658 ) ) GLOBAL_UNIT_ASSIGNED_CONTEXT ( ( #7780, #5484, #8609 ) ) REPRESENTATION_CONTEXT ( 'NONE', 'WORKASPACE' ) );
#6102 = LINE ( 'NONE', #420, #8918 ) ;
#6103 = EDGE_CURVE ( 'NONE', #6814, #1757, #6331, .T. ) ;
#6104 = CARTESIAN_POINT ( 'NONE',  ( 2.420216477743419414, 3.789999999999999147, 0.2289468894993796910 ) ) ;
#6105 = CARTESIAN_POINT ( 'NONE',  ( -0.9285726215184478827, 3.799999999999999378, 0.2325748787438218501 ) ) ;
#6106 = CARTESIAN_POINT ( 'NONE',  ( 3.633576452357696329, 3.800000000000001155, -0.4075746317194185453 ) ) ;
#6107 = B_SPLINE_CURVE_WITH_KNOTS ( 'NONE', 3,
 ( #5264, #3097, #8376, #139, #9060, #7682, #7591, #5452, #5387, #1648, #3135, #3227, #1758, #4674, #4617, #1682, #3945, #199, #9131 ),
 .UNSPECIFIED., .F., .F.,
 ( 4, 1, 1, 1, 1, 1, 1, 1, 1, 1, 1, 1, 1, 1, 1, 1, 4 ),
 ( 0.0000000000000000000, 0.06154496601632323399, 0.1216942964020306384, 0.1811548554526328514, 0.2398753889119565885, 0.2987019424504289700, 0.3576474237092008845, 0.4176048428493668863, 0.4784940407282910479, 0.5404070506371329019, 0.6023449938728028252, 0.6650043279232334958, 0.7285593088233758285, 0.7936505420268854527, 0.8605342675902675209, 0.9292359605619636698, 1.000000000000000000 ),
 .UNSPECIFIED. ) ;
#6108 = CARTESIAN_POINT ( 'NONE',  ( 1.717700201718249664, 3.799999999999998046, -0.5749538535322042954 ) ) ;
#6109 = ORIENTED_EDGE ( 'NONE', *, *, #5964, .F. ) ;
#6110 = ORIENTED_EDGE ( 'NONE', *, *, #5109, .F. ) ;
#6111 = CARTESIAN_POINT ( 'NONE',  ( 1.487584097182264253, 3.790000000000000036, -0.2468538579568396452 ) ) ;
#6112 = CARTESIAN_POINT ( 'NONE',  ( -3.223386751497349767, 3.790000000000000036, 0.2430945398687187897 ) ) ;
#6113 = EDGE_CURVE ( 'NONE', #8271, #8955, #9290, .T. ) ;
#6114 = SURFACE_STYLE_FILL_AREA ( #3530 ) ;
#6115 = SURFACE_SIDE_STYLE ('',( #8555 ) ) ;
#6116 = CARTESIAN_POINT ( 'NONE',  ( 3.419483564252930208, 3.799999999999998490, 0.1632096387869315934 ) ) ;
#6117 = SURFACE_STYLE_USAGE ( .BOTH. , #6743 ) ;
#6118 = CARTESIAN_POINT ( 'NONE',  ( -0.7630839830508160393, 3.800000000000001155, -0.3212118340327357879 ) ) ;
#6119 = CARTESIAN_POINT ( 'NONE',  ( 3.537445591180051530, 3.800000000000000266, 0.2599709318957551529 ) ) ;
#6120 = CARTESIAN_POINT ( 'NONE',  ( 2.349901821787536260, 3.790000000000001812, -0.4873901694487444147 ) ) ;
#6121 = CARTESIAN_POINT ( 'NONE',  ( 3.419877562827367434, 3.799999999999999822, -0.5639198948945883805 ) ) ;
#6122 = CARTESIAN_POINT ( 'NONE',  ( 1.842896344064281822, 3.799999999999999822, -0.3852882731344188239 ) ) ;
#6123 = EDGE_CURVE ( 'NONE', #6078, #4759, #7295, .T. ) ;
#6124 = CARTESIAN_POINT ( 'NONE',  ( 2.105472800181350301, 3.790000000000001368, -0.04112354702014023311 ) ) ;
#6125 = LINE ( 'NONE', #9586, #842 ) ;
#6126 = CARTESIAN_POINT ( 'NONE',  ( 1.951195626069403000, 3.800000000000000266, -0.05273532938663545028 ) ) ;
#6127 = CARTESIAN_POINT ( 'NONE',  ( 1.538883082591327334, 3.799999999999999822, 0.1032240122543442024 ) ) ;
#6128 = CARTESIAN_POINT ( 'NONE',  ( 1.485782646221747605, 3.799999999999999378, -0.2186761852187053268 ) ) ;
#6129 = DIRECTION ( 'NONE',  ( 1.000000000000000000, 0.0000000000000000000, 0.0000000000000000000 ) ) ;
#6130 = CARTESIAN_POINT ( 'NONE',  ( 3.496805556194958697, 3.800000000000000266, -0.5774182806441018334 ) ) ;
#6131 = COLOUR_RGB ( '',1.000000000000000000, 1.000000000000000000, 1.000000000000000000 ) ;
#6132 = CARTESIAN_POINT ( 'NONE',  ( 3.488792735682137547, 3.799999999999999822, -0.4953669985928197961 ) ) ;
#6133 = CARTESIAN_POINT ( 'NONE',  ( 3.648408120297522483, 3.799999999999999822, 0.04597915525333414605 ) ) ;
#6134 = ORIENTED_EDGE ( 'NONE', *, *, #9175, .T. ) ;
#6135 = PRESENTATION_LAYER_ASSIGNMENT (  '', '', ( #7458 ) ) ;
#6136 =( NAMED_UNIT ( * ) PLANE_ANGLE_UNIT ( ) SI_UNIT ( $, .RADIAN. ) );
#6137 = ORIENTED_EDGE ( 'NONE', *, *, #9129, .F. ) ;
#6138 = CARTESIAN_POINT ( 'NONE',  ( 1.947288491257654242, 3.800000000000001155, -0.2921073294155335232 ) ) ;
#6139 = CARTESIAN_POINT ( 'NONE',  ( 1.679978633118034859, 3.790000000000000036, 0.2636073603815393129 ) ) ;
#6140 = LINE ( 'NONE', #3795, #7316 ) ;
#6141 = CARTESIAN_POINT ( 'NONE',  ( 0.5290170946564967114, 3.790000000000000036, -0.01331571654153768276 ) ) ;
#6142 = SURFACE_STYLE_FILL_AREA ( #8679 ) ;
#6143 =( GEOMETRIC_REPRESENTATION_CONTEXT ( 3 ) GLOBAL_UNCERTAINTY_ASSIGNED_CONTEXT ( ( #499 ) ) GLOBAL_UNIT_ASSIGNED_CONTEXT ( ( #6051, #82, #2323 ) ) REPRESENTATION_CONTEXT ( 'NONE', 'WORKASPACE' ) );
#6144 = ORIENTED_EDGE ( 'NONE', *, *, #6307, .T. ) ;
#6145 = DIRECTION ( 'NONE',  ( 0.4486095002441218837, 0.0000000000000000000, -0.8937278759727252941 ) ) ;
#6146 = CARTESIAN_POINT ( 'NONE',  ( 2.535779959290577423, 3.799999999999998490, 0.08321699359278572627 ) ) ;
#6147 = ORIENTED_EDGE ( 'NONE', *, *, #523, .F. ) ;
#6148 = CARTESIAN_POINT ( 'NONE',  ( 2.163895041892639703, 3.789999999999999591, -0.4297378208532544597 ) ) ;
#6149 = FILL_AREA_STYLE ('',( #3416 ) ) ;
#6150 =( NAMED_UNIT ( * ) PLANE_ANGLE_UNIT ( ) SI_UNIT ( $, .RADIAN. ) );
#6151 = UNCERTAINTY_MEASURE_WITH_UNIT (LENGTH_MEASURE( 1.000000000000000082E-05 ), #8797, 'distance_accuracy_value', 'NONE');
#6152 = CARTESIAN_POINT ( 'NONE',  ( 2.535376769973782363, 3.790000000000001812, -0.3975607811808377079 ) ) ;
#6153 = COLOUR_RGB ( '',1.000000000000000000, 1.000000000000000000, 1.000000000000000000 ) ;
#6154 = DIRECTION ( 'NONE',  ( 0.1308757600508718144, 0.0000000000000000000, -0.9913987771987146091 ) ) ;
#6155 = ORIENTED_EDGE ( 'NONE', *, *, #8800, .T. ) ;
#6156 = MECHANICAL_DESIGN_GEOMETRIC_PRESENTATION_REPRESENTATION (  '', ( #9300 ), #2491 ) ;
#6157 = VECTOR ( 'NONE', #4415, 1000.000000000000000 ) ;
#6158 = SURFACE_STYLE_FILL_AREA ( #7038 ) ;
#6159 = CARTESIAN_POINT ( 'NONE',  ( 2.145554749278118845, 3.800000000000000266, 0.08984490176883026813 ) ) ;
#6160 = CARTESIAN_POINT ( 'NONE',  ( 1.820925931211867743, 3.790000000000000480, 0.2184132198682121606 ) ) ;
#6161 = MECHANICAL_DESIGN_GEOMETRIC_PRESENTATION_REPRESENTATION (  '', ( #2000 ), #6484 ) ;
#6162 =( NAMED_UNIT ( * ) PLANE_ANGLE_UNIT ( ) SI_UNIT ( $, .RADIAN. ) );
#6163 = CARTESIAN_POINT ( 'NONE',  ( -2.839572648933247123, 3.790000000000000036, -0.4009759729517941573 ) ) ;
#6164 = EDGE_CURVE ( 'NONE', #6205, #4572, #2865, .T. ) ;
#6165 = CARTESIAN_POINT ( 'NONE',  ( 3.094561966451368384, 3.799999999999999822, -0.5774182806441018334 ) ) ;
#6166 = B_SPLINE_CURVE_WITH_KNOTS ( 'NONE', 3,
 ( #3171, #2672, #335, #8620, #5589, #7112, #2640, #8381, #4137, #9369, #4880, #366, #5617, #5391, #1129, #6119, #6389, #7892, #109 ),
 .UNSPECIFIED., .F., .F.,
 ( 4, 1, 1, 1, 1, 1, 1, 1, 1, 1, 1, 1, 1, 1, 1, 1, 4 ),
 ( 0.0000000000000000000, 0.06148425519689047075, 0.1217745277022101863, 0.1809195598139318184, 0.2402561150782712707, 0.3001144444023512992, 0.3611459476126108181, 0.4235005824125850360, 0.4886693612807187503, 0.5539541046535613189, 0.6175812610152613402, 0.6802384268167388504, 0.7421873887724537155, 0.8046632117692934516, 0.8682589893126624325, 0.9330202571803759559, 1.000000000000000000 ),
 .UNSPECIFIED. ) ;
#6167 = ORIENTED_EDGE ( 'NONE', *, *, #6164, .T. ) ;
#6168 = CARTESIAN_POINT ( 'NONE',  ( 1.465376794101129310, 3.800000000000001599, 0.1289973745304057728 ) ) ;
#6169 = PRESENTATION_STYLE_ASSIGNMENT (( #1841 ) ) ;
#6170 = UNCERTAINTY_MEASURE_WITH_UNIT (LENGTH_MEASURE( 1.000000000000000082E-05 ), #6411, 'distance_accuracy_value', 'NONE');
#6171 = ORIENTED_EDGE ( 'NONE', *, *, #4167, .F. ) ;
#6172 = CARTESIAN_POINT ( 'NONE',  ( -1.618258546369144790, 3.799999999999999822, -0.3325464857723068879 ) ) ;
#6174 = AXIS2_PLACEMENT_3D ( 'NONE', #2736, #4300, #5009 ) ;
#6173 = CARTESIAN_POINT ( 'NONE',  ( 3.022767094656496845, 3.789999999999999147, -0.3710080242338454348 ) ) ;
#6175 = DIRECTION ( 'NONE',  ( 0.0000000000000000000, 1.000000000000000000, 0.0000000000000000000 ) ) ;
#6176 = DIRECTION ( 'NONE',  ( 0.1316564214269280719, 0.0000000000000000000, 0.9912954083909877312 ) ) ;
#6177 = VECTOR ( 'NONE', #5870, 1000.000000000000000 ) ;
#6178 = DIRECTION ( 'NONE',  ( 0.0000000000000000000, 0.0000000000000000000, 1.000000000000000000 ) ) ;
#6179 = MECHANICAL_DESIGN_GEOMETRIC_PRESENTATION_REPRESENTATION (  '', ( #4858 ), #631 ) ;
#6180 = STYLED_ITEM ( 'NONE', ( #6984 ), #2218 ) ;
#6181 = ORIENTED_EDGE ( 'NONE', *, *, #69, .F. ) ;
#6182 = CARTESIAN_POINT ( 'NONE',  ( 2.040604857381409953, 3.800000000000000266, -0.3260288635621578224 ) ) ;
#6183 = CARTESIAN_POINT ( 'NONE',  ( 2.351465899659617609, 3.800000000000000266, 0.2574684982540237366 ) ) ;
#6184 = ORIENTED_EDGE ( 'NONE', *, *, #2895, .T. ) ;
#6185 = CARTESIAN_POINT ( 'NONE',  ( 3.473626356087214262, 3.789999999999999591, 0.2632583073560063047 ) ) ;
#6186 = ADVANCED_FACE ( 'NONE', ( #7185 ), #6552, .T. ) ;
#6187 = CARTESIAN_POINT ( 'NONE',  ( 2.566580241454019085, 3.790000000000000480, -0.05273532938663548497 ) ) ;
#6188 = DIRECTION ( 'NONE',  ( 0.0000000000000000000, 0.0000000000000000000, 1.000000000000000000 ) ) ;
#6189 = CARTESIAN_POINT ( 'NONE',  ( 3.619722222861624594, 3.799999999999999822, -0.03254648577230689899 ) ) ;
#6190 = CARTESIAN_POINT ( 'NONE',  ( 1.682382479271881559, 3.790000000000000480, -0.4953669985928199071 ) ) ;
#6191 = LINE ( 'NONE', #8086, #8995 ) ;
#6192 =( NAMED_UNIT ( * ) SI_UNIT ( $, .STERADIAN. ) SOLID_ANGLE_UNIT ( ) );
#6193 = CARTESIAN_POINT ( 'NONE',  ( 2.070848071413046831, 3.799999999999999378, 0.1091476349899237752 ) ) ;
#6194 = CARTESIAN_POINT ( 'NONE',  ( 1.854017094656496445, 3.799999999999999822, 0.04421633474051362561 ) ) ;
#6195 = STYLED_ITEM ( 'NONE', ( #1351 ), #3743 ) ;
#6196 = ORIENTED_EDGE ( 'NONE', *, *, #2619, .T. ) ;
#6197 = B_SPLINE_CURVE_WITH_KNOTS ( 'NONE', 3,
 ( #8258, #6806, #4615, #3849, #3095, #2382, #9058, #6080, #79, #7559, #3134 ),
 .UNSPECIFIED., .F., .F.,
 ( 4, 1, 1, 1, 1, 1, 1, 1, 4 ),
 ( 0.0000000000000000000, 0.05259428152913889210, 0.1249519739750391267, 0.2180938989285930996, 0.3335024107325185727, 0.4687891785044475679, 0.6249375859645952547, 0.8016830479282281985, 1.000000000000000000 ),
 .UNSPECIFIED. ) ;
#6198 = SURFACE_STYLE_USAGE ( .BOTH. , #9325 ) ;
#6199 = EDGE_CURVE ( 'NONE', #7207, #6695, #5185, .T. ) ;
#6200 = CARTESIAN_POINT ( 'NONE',  ( 2.061786702117383463, 3.790000000000000480, 0.08781782683561584202 ) ) ;
#6201 = CARTESIAN_POINT ( 'NONE',  ( 3.624084751261363646, 3.800000000000000266, -0.02619762815537325998 ) ) ;
#6202 = LINE ( 'NONE', #8743, #2951 ) ;
#6203 = CARTESIAN_POINT ( 'NONE',  ( 1.889598605024068290, 3.789999999999999591, 0.1441964596211580407 ) ) ;
#6204 = COLOUR_RGB ( '',1.000000000000000000, 1.000000000000000000, 1.000000000000000000 ) ;
#6205 = VERTEX_POINT ( 'NONE', #1201 ) ;
#6206 = CARTESIAN_POINT ( 'NONE',  ( 3.633576452357696329, 3.790000000000000480, -0.4075746317194185453 ) ) ;
#6207 = CARTESIAN_POINT ( 'NONE',  ( 3.022767094656496845, 3.790000000000000036, 0.2430945398687187897 ) ) ;
#6208 = DIRECTION ( 'NONE',  ( 0.0000000000000000000, 0.0000000000000000000, 1.000000000000000000 ) ) ;
#6209 = DIRECTION ( 'NONE',  ( -0.7969199129874928733, 0.0000000000000000000, 0.6040849710794060634 ) ) ;
#6210 = DIRECTION ( 'NONE',  ( 0.9912616106642336833, 0.0000000000000000000, -0.1319106486351626362 ) ) ;
#6211 = ORIENTED_EDGE ( 'NONE', *, *, #2081, .T. ) ;
#6212 = CARTESIAN_POINT ( 'NONE',  ( 2.027895299784701511, 3.790000000000000036, -0.1565849473107684686 ) ) ;
#6213 =( NAMED_UNIT ( * ) PLANE_ANGLE_UNIT ( ) SI_UNIT ( $, .RADIAN. ) );
#6214 = FACE_BOUND ( 'NONE', #3846, .T. ) ;
#6215 = DIRECTION ( 'NONE',  ( 0.4285842068721729126, 0.0000000000000000000, -0.9035018415143106774 ) ) ;
#6216 = EDGE_LOOP ( 'NONE', ( #2066, #3712, #695, #1537 ) ) ;
#6217 = CARTESIAN_POINT ( 'NONE',  ( 2.516016323513981856, 3.800000000000002043, 0.1251870212943832217 ) ) ;
#6218 = COLOUR_RGB ( '',1.000000000000000000, 1.000000000000000000, 1.000000000000000000 ) ;
#6219 = CARTESIAN_POINT ( 'NONE',  ( 3.487921245123651648, 3.800000000000000266, -0.5770885812406675308 ) ) ;
#6220 = FILL_AREA_STYLE_COLOUR ( '', #1344 ) ;
#6221 = SURFACE_STYLE_USAGE ( .BOTH. , #7600 ) ;
#6222 = ORIENTED_EDGE ( 'NONE', *, *, #9667, .F. ) ;
#6223 = LINE ( 'NONE', #4639, #4479 ) ;
#6224 = EDGE_CURVE ( 'NONE', #5502, #4965, #1568, .T. ) ;
#6225 = ORIENTED_EDGE ( 'NONE', *, *, #564, .F. ) ;
#6226 = CARTESIAN_POINT ( 'NONE',  ( 1.431212353219952549, 3.800000000000000711, -0.3532825223361693023 ) ) ;
#6227 = CARTESIAN_POINT ( 'NONE',  ( 2.222844925835732344, 3.790000000000000036, 0.2527246732528871109 ) ) ;
#6228 = FACE_OUTER_BOUND ( 'NONE', #5032, .T. ) ;
#6229 = CARTESIAN_POINT ( 'NONE',  ( 1.840795021125879671, 3.799999999999999378, 0.07635858660544002363 ) ) ;
#6230 = CARTESIAN_POINT ( 'NONE',  ( -3.223386751497349767, 3.790000000000000036, 0.2430945398687187897 ) ) ;
#6231 = CARTESIAN_POINT ( 'NONE',  ( 2.289053736734592892, 3.790000000000000036, 0.2635007648480972575 ) ) ;
#6232 = B_SPLINE_CURVE_WITH_KNOTS ( 'NONE', 3,
 ( #2268, #9735, #6761, #3646, #2169, #3183, #3050, #8337, #4633, #1601, #2339, #3155, #3866, #6794, #5348 ),
 .UNSPECIFIED., .F., .F.,
 ( 4, 1, 1, 1, 1, 1, 1, 1, 1, 1, 1, 1, 4 ),
 ( 0.0000000000000000000, 0.1128134007444598491, 0.2253938839207307587, 0.3395948145626998538, 0.4596754102248622464, 0.5217351900879325655, 0.5839258387389157923, 0.6481741447653687205, 0.7138810381130672456, 0.7810044549073886788, 0.8514509275565547153, 0.9240506926641784968, 1.000000000000000000 ),
 .UNSPECIFIED. ) ;
#6233 =( LENGTH_UNIT ( ) NAMED_UNIT ( * ) SI_UNIT ( .MILLI., .METRE. ) );
#6234 = ORIENTED_EDGE ( 'NONE', *, *, #7350, .F. ) ;
#6235 = ORIENTED_EDGE ( 'NONE', *, *, #3585, .F. ) ;
#6236 = EDGE_CURVE ( 'NONE', #5250, #9698, #5415, .T. ) ;
#6237 = PLANE ( 'NONE',  #1318 ) ;
#6238 = CARTESIAN_POINT ( 'NONE',  ( -0.7887694039929782353, 3.799999999999999822, -0.4728210284564954846 ) ) ;
#6239 = SURFACE_STYLE_USAGE ( .BOTH. , #6926 ) ;
#6240 = CARTESIAN_POINT ( 'NONE',  ( -0.9315598284204266166, 3.799999999999999822, -0.4524182806441018334 ) ) ;
#6241 = FACE_OUTER_BOUND ( 'NONE', #7494, .T. ) ;
#6242 = EDGE_CURVE ( 'NONE', #7796, #348, #2463, .T. ) ;
#6243 = SURFACE_SIDE_STYLE ('',( #7799 ) ) ;
#6244 = FILL_AREA_STYLE_COLOUR ( '', #50 ) ;
#6245 = COLOUR_RGB ( '',1.000000000000000000, 1.000000000000000000, 1.000000000000000000 ) ;
#6246 = UNCERTAINTY_MEASURE_WITH_UNIT (LENGTH_MEASURE( 1.000000000000000082E-05 ), #7454, 'distance_accuracy_value', 'NONE');
#6247 = EDGE_CURVE ( 'NONE', #6050, #4117, #3471, .T. ) ;
#6248 = DIRECTION ( 'NONE',  ( 0.0000000000000000000, 0.0000000000000000000, 1.000000000000000000 ) ) ;
#6249 = CARTESIAN_POINT ( 'NONE',  ( -0.9522361594800774487, 3.790000000000000036, 0.1500437120023123960 ) ) ;
#6250 = CARTESIAN_POINT ( 'NONE',  ( 2.108925061061111883, 3.790000000000000036, -0.2971399519715639537 ) ) ;
#6251 = CARTESIAN_POINT ( 'NONE',  ( 2.571336109764406075, 3.789999999999999591, -0.1443509112099901626 ) ) ;
#6252 = PLANE ( 'NONE',  #3345 ) ;
#6253 = CARTESIAN_POINT ( 'NONE',  ( -1.575790597651195890, 3.799999999999999822, -0.5569054601312812824 ) ) ;
#6254 = CARTESIAN_POINT ( 'NONE',  ( 3.648136273340094604, 3.799999999999999378, 0.05181697435153194420 ) ) ;
#6255 = ORIENTED_EDGE ( 'NONE', *, *, #6740, .F. ) ;
#6256 = AXIS2_PLACEMENT_3D ( 'NONE', #4358, #686, #622 ) ;
#6257 = LINE ( 'NONE', #8231, #2299 ) ;
#6258 = ORIENTED_EDGE ( 'NONE', *, *, #1013, .F. ) ;
#6259 = EDGE_LOOP ( 'NONE', ( #2476, #1364, #9212, #2108 ) ) ;
#6260 = EDGE_CURVE ( 'NONE', #9158, #7140, #8593, .T. ) ;
#6261 = CARTESIAN_POINT ( 'NONE',  ( 1.445924410002915161, 3.790000000000000036, -0.4013057577851021351 ) ) ;
#6262 = LINE ( 'NONE', #8971, #9186 ) ;
#6263 = CARTESIAN_POINT ( 'NONE',  ( 2.128560855481010705, 3.790000000000000924, 0.1949911916237331844 ) ) ;
#6264 = CARTESIAN_POINT ( 'NONE',  ( 1.851947568210547734, 3.800000000000000266, 0.04979883414189240076 ) ) ;
#6265 = B_SPLINE_CURVE_WITH_KNOTS ( 'NONE', 3,
 ( #3563, #568, #5753, #1336, #6582, #2735, #2127, #7932, #4205, #9438, #9655, #2225, #8230, #7391, #5134 ),
 .UNSPECIFIED., .F., .F.,
 ( 4, 1, 1, 1, 1, 1, 1, 1, 1, 1, 1, 1, 4 ),
 ( 0.0000000000000000000, 0.1128134007444562409, 0.2253938839207272615, 0.3395948145626997983, 0.4596754102248622464, 0.5217351900879325655, 0.5839258387389157923, 0.6481741447653688315, 0.7138810381130651361, 0.7810044549073886788, 0.8514509275565546043, 0.9240506926641769425, 0.9999999999999998890 ),
 .UNSPECIFIED. ) ;
#6266 = DIRECTION ( 'NONE',  ( -1.000000000000000000, 0.0000000000000000000, 0.0000000000000000000 ) ) ;
#6267 = VERTEX_POINT ( 'NONE', #6616 ) ;
#6268 = CARTESIAN_POINT ( 'NONE',  ( -5.000000000000000888, 3.799999999999999822, -4.500000000000001776 ) ) ;
#6269 =( LENGTH_UNIT ( ) NAMED_UNIT ( * ) SI_UNIT ( .MILLI., .METRE. ) );
#6270 = CARTESIAN_POINT ( 'NONE',  ( 4.999999999999996447, 3.799999999999999822, -4.500000000000001776 ) ) ;
#6271 = SURFACE_STYLE_FILL_AREA ( #8561 ) ;
#6272 =( LENGTH_UNIT ( ) NAMED_UNIT ( * ) SI_UNIT ( .MILLI., .METRE. ) );
#6273 = VERTEX_POINT ( 'NONE', #2191 ) ;
#6274 = ORIENTED_EDGE ( 'NONE', *, *, #1531, .F. ) ;
#6275 = CARTESIAN_POINT ( 'NONE',  ( 1.679978633118034859, 3.799999999999999822, 0.2636073603815393129 ) ) ;
#6276 =( GEOMETRIC_REPRESENTATION_CONTEXT ( 3 ) GLOBAL_UNCERTAINTY_ASSIGNED_CONTEXT ( ( #2276 ) ) GLOBAL_UNIT_ASSIGNED_CONTEXT ( ( #7267, #6543, #5027 ) ) REPRESENTATION_CONTEXT ( 'NONE', 'WORKASPACE' ) );
#6277 = VERTEX_POINT ( 'NONE', #3769 ) ;
#6278 = DIRECTION ( 'NONE',  ( -0.4484076232591096556, 0.0000000000000000000, 0.8938291802146069998 ) ) ;
#6279 = CARTESIAN_POINT ( 'NONE',  ( 5.499999999999999112, 3.799999999999999822, -5.000000000000000888 ) ) ;
#6280 = FACE_OUTER_BOUND ( 'NONE', #3258, .T. ) ;
#6281 = CARTESIAN_POINT ( 'NONE',  ( -5.569999999999999396, 1.399999999999999911, -0.3500000000000005329 ) ) ;
#6282 = CARTESIAN_POINT ( 'NONE',  ( 5.000000000000000000, 3.799999999999999822, 4.499999999999999112 ) ) ;
#6283 = CARTESIAN_POINT ( 'NONE',  ( 3.639954452419932984, 3.790000000000000924, -0.1218986022255804241 ) ) ;
#6284 = VECTOR ( 'NONE', #5259, 1000.000000000000000 ) ;
#6285 = SURFACE_STYLE_FILL_AREA ( #7824 ) ;
#6286 = VERTEX_POINT ( 'NONE', #630 ) ;
#6287 = CARTESIAN_POINT ( 'NONE',  ( 2.114652071951852008, 3.790000000000000036, -0.4934626313549278498 ) ) ;
#6288 = DIRECTION ( 'NONE',  ( 0.0000000000000000000, 0.0000000000000000000, 1.000000000000000000 ) ) ;
#6289 = ORIENTED_EDGE ( 'NONE', *, *, #5583, .F. ) ;
#6290 = FILL_AREA_STYLE_COLOUR ( '', #1450 ) ;
#6291 = EDGE_CURVE ( 'NONE', #186, #4132, #951, .T. ) ;
#6292 = CARTESIAN_POINT ( 'NONE',  ( 2.492962935836564142, 3.790000000000000480, 0.1617964017768510065 ) ) ;
#6293 = CARTESIAN_POINT ( 'NONE',  ( 3.500197479435228409, 3.789999999999999591, -0.1423094538230735562 ) ) ;
#6294 = CARTESIAN_POINT ( 'NONE',  ( 3.647597586835708672, 3.800000000000000266, 0.06338508014531271662 ) ) ;
#6295 = STYLED_ITEM ( 'NONE', ( #3561 ), #6705 ) ;
#6296 = LINE ( 'NONE', #4376, #4307 ) ;
#6297 = ORIENTED_EDGE ( 'NONE', *, *, #2989, .F. ) ;
#6298 = CARTESIAN_POINT ( 'NONE',  ( 1.438026708103370854, 3.799999999999999822, -0.3783475752762977540 ) ) ;
#6299 = CARTESIAN_POINT ( 'NONE',  ( 2.028115043185061417, 3.800000000000000711, -0.1191220650685185789 ) ) ;
#6300 = FILL_AREA_STYLE ('',( #9207 ) ) ;
#6301 = CARTESIAN_POINT ( 'NONE',  ( 2.499599019307690018, 3.799999999999999822, -0.1472884595004207153 ) ) ;
#6302 = LINE ( 'NONE', #6553, #5119 ) ;
#6303 = VERTEX_POINT ( 'NONE', #1406 ) ;
#6304 =( GEOMETRIC_REPRESENTATION_CONTEXT ( 3 ) GLOBAL_UNCERTAINTY_ASSIGNED_CONTEXT ( ( #4513 ) ) GLOBAL_UNIT_ASSIGNED_CONTEXT ( ( #887, #6136, #8344 ) ) REPRESENTATION_CONTEXT ( 'NONE', 'WORKASPACE' ) );
#6305 = CARTESIAN_POINT ( 'NONE',  ( 3.696546819987994947, 3.799999999999999822, -0.4604038796556674251 ) ) ;
#6306 = CARTESIAN_POINT ( 'NONE',  ( 3.669306179075507934, 3.799999999999999378, 0.1831653774008061286 ) ) ;
#6307 = EDGE_CURVE ( 'NONE', #9357, #7629, #5497, .T. ) ;
#6308 = ORIENTED_EDGE ( 'NONE', *, *, #8750, .F. ) ;
#6309 = CARTESIAN_POINT ( 'NONE',  ( 1.476094365145529164, 3.789999999999999147, 0.1474952883693587402 ) ) ;
#6310 = VECTOR ( 'NONE', #7374, 1000.000000000000000 ) ;
#6311 = CARTESIAN_POINT ( 'NONE',  ( 5.569999999999999396, 1.399999999999999911, 0.3499999999999996447 ) ) ;
#6312 = CARTESIAN_POINT ( 'NONE',  ( -0.7125792913136829165, 3.800000000000000711, -0.3867673685008437556 ) ) ;
#6313 = FACE_OUTER_BOUND ( 'NONE', #3954, .T. ) ;
#6314 = CARTESIAN_POINT ( 'NONE',  ( 2.466033127279198212, 3.800000000000000266, -0.3683479791088286048 ) ) ;
#6315 = ORIENTED_EDGE ( 'NONE', *, *, #2741, .T. ) ;
#6316 =( NAMED_UNIT ( * ) PLANE_ANGLE_UNIT ( ) SI_UNIT ( $, .RADIAN. ) );
#6317 = ORIENTED_EDGE ( 'NONE', *, *, #833, .F. ) ;
#6318 = CARTESIAN_POINT ( 'NONE',  ( -0.9761684451675314289, 3.789999999999998703, 0.1532722612017414499 ) ) ;
#6319 = CARTESIAN_POINT ( 'NONE',  ( -5.499999999999999112, 3.799999999999999822, 4.500000000000000888 ) ) ;
#6320 = CARTESIAN_POINT ( 'NONE',  ( 2.566580241454019085, 3.800000000000002043, -0.05273532938663548497 ) ) ;
#6321 = CARTESIAN_POINT ( 'NONE',  ( -5.569999999999999396, -0.07000000000000000666, -1.250000000000000222 ) ) ;
#6322 = CARTESIAN_POINT ( 'NONE',  ( 3.563631642226060769, 3.799999999999999378, -0.09162199058337816560 ) ) ;
#6323 = CARTESIAN_POINT ( 'NONE',  ( 3.421634732520274280, 3.800000000000000711, 0.2536897464439394900 ) ) ;
#6324 = CARTESIAN_POINT ( 'NONE',  ( 3.491677351066753143, 3.790000000000000036, 0.1815560783302572478 ) ) ;
#6325 = DIRECTION ( 'NONE',  ( 0.0000000000000000000, 0.0000000000000000000, 1.000000000000000000 ) ) ;
#6326 = CARTESIAN_POINT ( 'NONE',  ( 1.425220241996792536, 3.799999999999998934, -0.3260288635621580444 ) ) ;
#6327 = CARTESIAN_POINT ( 'NONE',  ( 2.115389422544560194, 3.790000000000000036, 0.1804486976128943654 ) ) ;
#6328 = DIRECTION ( 'NONE',  ( 0.0000000000000000000, -1.000000000000000000, -0.0000000000000000000 ) ) ;
#6329 = PRESENTATION_LAYER_ASSIGNMENT (  '', '', ( #7770 ) ) ;
#6330 = CARTESIAN_POINT ( 'NONE',  ( 2.497972633476698068, 3.789999999999999591, -0.1005098644305471162 ) ) ;
#6331 = B_SPLINE_CURVE_WITH_KNOTS ( 'NONE', 3,
 ( #550, #1943, #1532, #5099, #9203, #1962, #8898, #1787, #7834, #8058, #3053, #7921, #1951, #8746, #5103, #5037, #7304, #7966, #3517, #7331, #8807, #5821, #5695 ),
 .UNSPECIFIED., .F., .F.,
 ( 4, 1, 1, 1, 1, 1, 1, 1, 1, 1, 1, 1, 1, 1, 1, 1, 1, 1, 1, 1, 4 ),
 ( 0.0000000000000000000, 0.06038661931106300423, 0.1208832485859973327, 0.1827546186251399474, 0.2478110297583520638, 0.2812991000432493727, 0.3150876241506577746, 0.3497023955502760462, 0.3848565811185559737, 0.4209661972261035112, 0.4585111882611394019, 0.4971747221273123962, 0.5376020478662700830, 0.5805030184200119514, 0.6274675400267049064, 0.6783882095592439487, 0.7339832205925607145, 0.7937467045508351804, 0.8577136721607321324, 0.9266978643613861255, 1.000000000000000000 ),
 .UNSPECIFIED. ) ;
#6332 = CARTESIAN_POINT ( 'NONE',  ( 3.302193017034584788, 3.800000000000000711, -0.3584894687166538252 ) ) ;
#6333 = CARTESIAN_POINT ( 'NONE',  ( 3.656042047303650122, 3.800000000000001155, -0.5072185072815457163 ) ) ;
#6334 = CARTESIAN_POINT ( 'NONE',  ( 3.720202992092394023, 3.799999999999999822, 0.04710095012512902773 ) ) ;
#6335 = LINE ( 'NONE', #1198, #8091 ) ;
#6336 = STYLED_ITEM ( 'NONE', ( #7388 ), #6755 ) ;
#6337 = LINE ( 'NONE', #7517, #1656 ) ;
#6338 = ORIENTED_EDGE ( 'NONE', *, *, #2458, .T. ) ;
#6339 = VECTOR ( 'NONE', #1385, 1000.000000000000000 ) ;
#6340 = MECHANICAL_DESIGN_GEOMETRIC_PRESENTATION_REPRESENTATION (  '', ( #2654 ), #4649 ) ;
#6341 = CARTESIAN_POINT ( 'NONE',  ( -0.6527049081169018496, 3.799999999999998934, -0.2137045660241439771 ) ) ;
#6342 = SURFACE_SIDE_STYLE ('',( #1007 ) ) ;
#6343 =( NAMED_UNIT ( * ) PLANE_ANGLE_UNIT ( ) SI_UNIT ( $, .RADIAN. ) );
#6344 = CARTESIAN_POINT ( 'NONE',  ( 2.498378065364806666, 3.800000000000000266, -0.2128777842365949247 ) ) ;
#6345 = VERTEX_POINT ( 'NONE', #7363 ) ;
#6346 = CARTESIAN_POINT ( 'NONE',  ( 3.683223622587274093, 3.789999999999999147, -0.06950515566475941320 ) ) ;
#6347 = STYLED_ITEM ( 'NONE', ( #1001 ), #2894 ) ;
#6348 = AXIS2_PLACEMENT_3D ( 'NONE', #5628, #4091, #7873 ) ;
#6349 = CARTESIAN_POINT ( 'NONE',  ( 1.484305556194958076, 3.790000000000000036, -0.1569054601312812325 ) ) ;
#6350 =( LENGTH_UNIT ( ) NAMED_UNIT ( * ) SI_UNIT ( .MILLI., .METRE. ) );
#6351 = DIRECTION ( 'NONE',  ( 1.000000000000000000, 0.0000000000000000000, 0.0000000000000000000 ) ) ;
#6352 = SURFACE_STYLE_USAGE ( .BOTH. , #7194 ) ;
#6353 = UNCERTAINTY_MEASURE_WITH_UNIT (LENGTH_MEASURE( 1.000000000000000082E-05 ), #2798, 'distance_accuracy_value', 'NONE');
#6354 = ORIENTED_EDGE ( 'NONE', *, *, #3199, .T. ) ;
#6355 = DIRECTION ( 'NONE',  ( 1.000000000000000000, 0.0000000000000000000, 0.0000000000000000000 ) ) ;
#6356 = ORIENTED_EDGE ( 'NONE', *, *, #5222, .F. ) ;
#6357 = DIRECTION ( 'NONE',  ( 0.0000000000000000000, 0.0000000000000000000, -1.000000000000000000 ) ) ;
#6358 = FILL_AREA_STYLE_COLOUR ( '', #7109 ) ;
#6359 = STYLED_ITEM ( 'NONE', ( #4036 ), #8319 ) ;
#6360 = VECTOR ( 'NONE', #7486, 1000.000000000000000 ) ;
#6361 = EDGE_CURVE ( 'NONE', #2239, #4776, #19, .T. ) ;
#6362 = CARTESIAN_POINT ( 'NONE',  ( 2.483021859960419242, 3.790000000000000480, 0.0001013277027347003469 ) ) ;
#6363 = DIRECTION ( 'NONE',  ( -0.0000000000000000000, 1.000000000000000000, -0.0000000000000000000 ) ) ;
#6364 = CARTESIAN_POINT ( 'NONE',  ( 2.497972633476698068, 3.799999999999999378, -0.1005098644305471162 ) ) ;
#6365 = ORIENTED_EDGE ( 'NONE', *, *, #3133, .T. ) ;
#6366 = FILL_AREA_STYLE ('',( #4208 ) ) ;
#6367 = CARTESIAN_POINT ( 'NONE',  ( 3.524980516662342467, 3.799999999999999822, -0.5764464971700981044 ) ) ;
#6368 = FILL_AREA_STYLE ('',( #969 ) ) ;
#6369 = CARTESIAN_POINT ( 'NONE',  ( 1.412730427800444888, 3.789999999999999591, -0.1191220650685185789 ) ) ;
#6370 = SURFACE_STYLE_FILL_AREA ( #5401 ) ;
#6371 = PRODUCT_DEFINITION_FORMATION_WITH_SPECIFIED_SOURCE ( 'ANY', '', #757, .NOT_KNOWN. ) ;
#6372 = STYLED_ITEM ( 'NONE', ( #8734 ), #2245 ) ;
#6373 = COLOUR_RGB ( '',1.000000000000000000, 1.000000000000000000, 1.000000000000000000 ) ;
#6374 = CARTESIAN_POINT ( 'NONE',  ( -3.569999999999999396, 1.399999999999999911, -0.3500000000000003109 ) ) ;
#6375 = DIRECTION ( 'NONE',  ( -1.000000000000000000, 0.0000000000000000000, 8.673617379884036705E-17 ) ) ;
#6376 =( LENGTH_UNIT ( ) NAMED_UNIT ( * ) SI_UNIT ( .MILLI., .METRE. ) );
#6377 = CARTESIAN_POINT ( 'NONE',  ( 3.500197479435228409, 3.799999999999999378, -0.1423094538230735562 ) ) ;
#6378 = LINE ( 'NONE', #7683, #8829 ) ;
#6379 = CARTESIAN_POINT ( 'NONE',  ( 2.172745818100318083, 3.800000000000000266, -0.5432567312496370260 ) ) ;
#6380 = LINE ( 'NONE', #7330, #6847 ) ;
#6381 = PLANE ( 'NONE',  #6410 ) ;
#6382 = ORIENTED_EDGE ( 'NONE', *, *, #4474, .F. ) ;
#6383 =( NAMED_UNIT ( * ) PLANE_ANGLE_UNIT ( ) SI_UNIT ( $, .RADIAN. ) );
#6384 = DIRECTION ( 'NONE',  ( -0.0000000000000000000, 0.0000000000000000000, -1.000000000000000000 ) ) ;
#6385 = VERTEX_POINT ( 'NONE', #1516 ) ;
#6386 =( NAMED_UNIT ( * ) SI_UNIT ( $, .STERADIAN. ) SOLID_ANGLE_UNIT ( ) );
#6387 = CARTESIAN_POINT ( 'NONE',  ( 2.079919779613909281, 3.799999999999999378, -0.4422207073430279300 ) ) ;
#6388 = AXIS2_PLACEMENT_3D ( 'NONE', #5724, #6491, #2037 ) ;
#6389 = CARTESIAN_POINT ( 'NONE',  ( 3.514846845758437865, 3.799999999999999822, 0.2631150943902698658 ) ) ;
#6390 = CARTESIAN_POINT ( 'NONE',  ( -3.569999999999999396, 1.899999999999999911, 1.250000000000000000 ) ) ;
#6391 = ORIENTED_EDGE ( 'NONE', *, *, #564, .T. ) ;
#6392 = ORIENTED_EDGE ( 'NONE', *, *, #7419, .F. ) ;
#6393 = ADVANCED_FACE ( 'NONE', ( #245 ), #4466, .T. ) ;
#6394 = ORIENTED_EDGE ( 'NONE', *, *, #8683, .F. ) ;
#6395 = CARTESIAN_POINT ( 'NONE',  ( 3.344675140468271302, 3.789999999999999591, 0.2132209494995039867 ) ) ;
#6396 = DIRECTION ( 'NONE',  ( 0.0000000000000000000, 2.594525721059792005E-12, 1.000000000000000000 ) ) ;
#6397 = CARTESIAN_POINT ( 'NONE',  ( 5.000000000000000000, 3.799999999999999822, 4.499999999999999112 ) ) ;
#6398 = VERTEX_POINT ( 'NONE', #5204 ) ;
#6399 = PLANE ( 'NONE',  #6990 ) ;
#6400 =( NAMED_UNIT ( * ) SI_UNIT ( $, .STERADIAN. ) SOLID_ANGLE_UNIT ( ) );
#6401 = CARTESIAN_POINT ( 'NONE',  ( 2.101154736367721654, 3.789999999999999147, -0.09534614479894920613 ) ) ;
#6402 = DIRECTION ( 'NONE',  ( 0.0000000000000000000, 1.000000000000000000, 1.084202172485503448E-16 ) ) ;
#6403 = SURFACE_STYLE_USAGE ( .BOTH. , #1911 ) ;
#6404 = ORIENTED_EDGE ( 'NONE', *, *, #7129, .F. ) ;
#6405 = PLANE ( 'NONE',  #6348 ) ;
#6406 = COLOUR_RGB ( '',1.000000000000000000, 1.000000000000000000, 1.000000000000000000 ) ;
#6407 = DIRECTION ( 'NONE',  ( -1.000000000000000000, 0.0000000000000000000, 0.0000000000000000000 ) ) ;
#6408 = PRESENTATION_STYLE_ASSIGNMENT (( #5174 ) ) ;
#6409 =( NAMED_UNIT ( * ) PLANE_ANGLE_UNIT ( ) SI_UNIT ( $, .RADIAN. ) );
#6410 = AXIS2_PLACEMENT_3D ( 'NONE', #5806, #1088, #7847 ) ;
#6411 =( LENGTH_UNIT ( ) NAMED_UNIT ( * ) SI_UNIT ( .MILLI., .METRE. ) );
#6412 = CARTESIAN_POINT ( 'NONE',  ( 1.794662834509545224, 3.790000000000000480, -0.4512438781424355505 ) ) ;
#6413 = CARTESIAN_POINT ( 'NONE',  ( 1.655945946543664338, 3.789999999999998259, 0.1802321294552048370 ) ) ;
#6414 = CARTESIAN_POINT ( 'NONE',  ( 3.248408120297522128, 3.790000000000000036, 0.08876761679179567821 ) ) ;
#6415 = SURFACE_STYLE_USAGE ( .BOTH. , #330 ) ;
#6416 = EDGE_CURVE ( 'NONE', #2423, #6696, #9170, .T. ) ;
#6417 = CARTESIAN_POINT ( 'NONE',  ( 1.682382479271881559, 3.790000000000000480, 0.1815560783302572756 ) ) ;
#6418 = CARTESIAN_POINT ( 'NONE',  ( 2.297767094656497200, 3.799999999999999822, 0.1815560783302572478 ) ) ;
#6419 = VECTOR ( 'NONE', #2139, 1000.000000000000000 ) ;
#6420 = CARTESIAN_POINT ( 'NONE',  ( -0.9939439554337481386, 3.790000000000000480, -0.5499845467487024520 ) ) ;
#6421 = CARTESIAN_POINT ( 'NONE',  ( -0.7719561706126703005, 3.789999999999999591, 0.03679403911668790994 ) ) ;
#6422 = CARTESIAN_POINT ( 'NONE',  ( 2.173985595542400340, 3.790000000000001368, -0.4410855361367138072 ) ) ;
#6423 = DIRECTION ( 'NONE',  ( 0.0000000000000000000, 1.000000000000000000, 0.0000000000000000000 ) ) ;
#6424 = MECHANICAL_DESIGN_GEOMETRIC_PRESENTATION_REPRESENTATION (  '', ( #2930 ), #6732 ) ;
#6425 = CARTESIAN_POINT ( 'NONE',  ( 3.333909965596197456, 3.789999999999999591, -0.2828940030431193464 ) ) ;
#6426 = CARTESIAN_POINT ( 'NONE',  ( 1.682382479271881559, 3.800000000000000266, 0.1815560783302572756 ) ) ;
#6427 = CARTESIAN_POINT ( 'NONE',  ( 3.186869658759061252, 3.790000000000000036, 0.05847915525333415021 ) ) ;
#6428 = DIRECTION ( 'NONE',  ( -0.9036123719369733021, 0.0000000000000000000, -0.4283511191562794918 ) ) ;
#6429 = AXIS2_PLACEMENT_3D ( 'NONE', #479, #1260, #3550 ) ;
#6430 = CARTESIAN_POINT ( 'NONE',  ( 3.682776701402694641, 3.790000000000000480, -0.4774453781389554896 ) ) ;
#6431 = CARTESIAN_POINT ( 'NONE',  ( 3.537445591180051530, 3.800000000000000266, 0.2599709318957551529 ) ) ;
#6432 = EDGE_CURVE ( 'NONE', #6267, #1529, #4260, .T. ) ;
#6433 = CARTESIAN_POINT ( 'NONE',  ( -0.8807974777508961184, 3.790000000000000480, -0.5245322878522425958 ) ) ;
#6434 = ORIENTED_EDGE ( 'NONE', *, *, #385, .T. ) ;
#6435 = DIRECTION ( 'NONE',  ( -0.0000000000000000000, 0.0000000000000000000, -1.000000000000000000 ) ) ;
#6437 = AXIS2_PLACEMENT_3D ( 'NONE', #8669, #7947, #7841 ) ;
#6436 = CARTESIAN_POINT ( 'NONE',  ( -0.1054380335486315573, 3.790000000000000036, 0.2430945398687187897 ) ) ;
#6438 = CARTESIAN_POINT ( 'NONE',  ( 3.094561966451368384, 3.790000000000000036, 0.2430945398687187897 ) ) ;
#6439 = CARTESIAN_POINT ( 'NONE',  ( 1.884305556194958431, 3.790000000000000036, -0.1569054601312812325 ) ) ;
#6440 = ADVANCED_FACE ( 'NONE', ( #4832 ), #1483, .F. ) ;
#6441 = DIRECTION ( 'NONE',  ( -0.9034962347415942396, 0.0000000000000000000, -0.4285960263555438909 ) ) ;
#6442 = CARTESIAN_POINT ( 'NONE',  ( 1.493700287316967801, 3.790000000000000480, -0.01708925844646968714 ) ) ;
#6443 = SURFACE_STYLE_USAGE ( .BOTH. , #1187 ) ;
#6444 = ORIENTED_EDGE ( 'NONE', *, *, #9455, .T. ) ;
#6445 = CARTESIAN_POINT ( 'NONE',  ( 3.186869658759061252, 3.799999999999999822, 0.05847915525333415021 ) ) ;
#6446 = FILL_AREA_STYLE ('',( #7853 ) ) ;
#6447 = FILL_AREA_STYLE_COLOUR ( '', #7434 ) ;
#6448 = CARTESIAN_POINT ( 'NONE',  ( 2.114652071951852008, 3.799999999999999822, -0.4934626313549278498 ) ) ;
#6449 = CARTESIAN_POINT ( 'NONE',  ( -0.7599542725479195848, 3.789999999999999591, 0.01743637154173188764 ) ) ;
#6450 = CARTESIAN_POINT ( 'NONE',  ( 2.154599567575464114, 3.800000000000001155, -0.4173030974588872177 ) ) ;
#6451 = FACE_BOUND ( 'NONE', #8148, .T. ) ;
#6452 = ORIENTED_EDGE ( 'NONE', *, *, #4114, .T. ) ;
#6453 =( NAMED_UNIT ( * ) PLANE_ANGLE_UNIT ( ) SI_UNIT ( $, .RADIAN. ) );
#6454 = CARTESIAN_POINT ( 'NONE',  ( 3.300023554882405730, 3.790000000000000480, -0.3745257243656798796 ) ) ;
#6455 = VECTOR ( 'NONE', #2745, 1000.000000000000000 ) ;
#6456 = UNCERTAINTY_MEASURE_WITH_UNIT (LENGTH_MEASURE( 1.000000000000000082E-05 ), #239, 'distance_accuracy_value', 'NONE');
#6457 = MECHANICAL_DESIGN_GEOMETRIC_PRESENTATION_REPRESENTATION (  '', ( #413 ), #8160 ) ;
#6458 = CARTESIAN_POINT ( 'NONE',  ( 2.571337637904479223, 3.799999999999998934, -0.1688725777424255337 ) ) ;
#6459 = CARTESIAN_POINT ( 'NONE',  ( 3.569999999999999396, 1.899999999999999911, 0.3499999999999996447 ) ) ;
#6460 = CARTESIAN_POINT ( 'NONE',  ( -1.129849517563007222, 3.799999999999999378, -0.5568043012750605314 ) ) ;
#6461 = SURFACE_STYLE_FILL_AREA ( #676 ) ;
#6462 = CARTESIAN_POINT ( 'NONE',  ( -0.7292440446920015473, 3.799999999999999822, -0.4110130800401582407 ) ) ;
#6463 =( GEOMETRIC_REPRESENTATION_CONTEXT ( 3 ) GLOBAL_UNCERTAINTY_ASSIGNED_CONTEXT ( ( #1540 ) ) GLOBAL_UNIT_ASSIGNED_CONTEXT ( ( #5153, #2240, #2307 ) ) REPRESENTATION_CONTEXT ( 'NONE', 'WORKASPACE' ) );
#6464 = ORIENTED_EDGE ( 'NONE', *, *, #3068, .F. ) ;
#6465 = VERTEX_POINT ( 'NONE', #696 ) ;
#6466 = ORIENTED_EDGE ( 'NONE', *, *, #1890, .T. ) ;
#6467 = CARTESIAN_POINT ( 'NONE',  ( 3.496805556194958697, 3.790000000000000036, -0.5774182806441018334 ) ) ;
#6468 = FILL_AREA_STYLE ('',( #8698 ) ) ;
#6469 = CARTESIAN_POINT ( 'NONE',  ( -0.7853674410105873083, 3.790000000000000480, 0.05485304747391177987 ) ) ;
#6470 = CARTESIAN_POINT ( 'NONE',  ( 3.616140368191773646, 3.799999999999999378, -0.03712861688164192236 ) ) ;
#6471 = SURFACE_STYLE_FILL_AREA ( #3617 ) ;
#6472 = EDGE_CURVE ( 'NONE', #4784, #2238, #6951, .T. ) ;
#6473 = UNCERTAINTY_MEASURE_WITH_UNIT (LENGTH_MEASURE( 1.000000000000000082E-05 ), #1942, 'distance_accuracy_value', 'NONE');
#6474 =( GEOMETRIC_REPRESENTATION_CONTEXT ( 3 ) GLOBAL_UNCERTAINTY_ASSIGNED_CONTEXT ( ( #5720 ) ) GLOBAL_UNIT_ASSIGNED_CONTEXT ( ( #3207, #8420, #6192 ) ) REPRESENTATION_CONTEXT ( 'NONE', 'WORKASPACE' ) );
#6475 = CARTESIAN_POINT ( 'NONE',  ( 1.569411289816152966, 3.790000000000000924, 0.1372665214499449171 ) ) ;
#6476 = CARTESIAN_POINT ( 'NONE',  ( -0.6683696653167962021, 3.790000000000000480, -0.007837783470107224926 ) ) ;
#6477 = VECTOR ( 'NONE', #2534, 1000.000000000000000 ) ;
#6478 = CARTESIAN_POINT ( 'NONE',  ( -2.213130341240939991, 3.799999999999999822, -0.3338285370543582209 ) ) ;
#6479 = CARTESIAN_POINT ( 'NONE',  ( 3.421634732520274280, 3.790000000000000924, 0.2536897464439394900 ) ) ;
#6480 = SURFACE_STYLE_FILL_AREA ( #4695 ) ;
#6481 = CARTESIAN_POINT ( 'NONE',  ( 2.295363248502650499, 3.799999999999999822, -0.5774182806441018334 ) ) ;
#6482 = PRESENTATION_STYLE_ASSIGNMENT (( #2453 ) ) ;
#6483 = CARTESIAN_POINT ( 'NONE',  ( 2.288918959322370217, 3.800000000000000711, -0.4949026679305904564 ) ) ;
#6484 =( GEOMETRIC_REPRESENTATION_CONTEXT ( 3 ) GLOBAL_UNCERTAINTY_ASSIGNED_CONTEXT ( ( #7680 ) ) GLOBAL_UNIT_ASSIGNED_CONTEXT ( ( #5699, #8074, #7340 ) ) REPRESENTATION_CONTEXT ( 'NONE', 'WORKASPACE' ) );
#6485 = EDGE_CURVE ( 'NONE', #4166, #7903, #7061, .T. ) ;
#6486 = VECTOR ( 'NONE', #7063, 1000.000000000000000 ) ;
#6487 = DIRECTION ( 'NONE',  ( -0.0000000000000000000, -0.0000000000000000000, 1.000000000000000000 ) ) ;
#6488 = FACE_OUTER_BOUND ( 'NONE', #7989, .T. ) ;
#6489 = CARTESIAN_POINT ( 'NONE',  ( 3.656042047303650122, 3.790000000000001368, -0.5072185072815457163 ) ) ;
#6490 = EDGE_LOOP ( 'NONE', ( #4541, #2999, #7977, #3370, #4031, #8588 ) ) ;
#6491 = DIRECTION ( 'NONE',  ( 1.000000000000000000, 0.0000000000000000000, 0.0000000000000000000 ) ) ;
#6492 = CARTESIAN_POINT ( 'NONE',  ( 3.447770948294911708, 3.790000000000000924, -0.2718680685047344392 ) ) ;
#6493 = VECTOR ( 'NONE', #8936, 1000.000000000000000 ) ;
#6494 = CARTESIAN_POINT ( 'NONE',  ( 3.720202992092394023, 3.790000000000000036, 0.04710095012512902773 ) ) ;
#6495 = STYLED_ITEM ( 'NONE', ( #8043 ), #674 ) ;
#6496 = PRESENTATION_STYLE_ASSIGNMENT (( #2028 ) ) ;
#6497 =( LENGTH_UNIT ( ) NAMED_UNIT ( * ) SI_UNIT ( .MILLI., .METRE. ) );
#6498 = CARTESIAN_POINT ( 'NONE',  ( -1.177393161753760298, 3.799999999999999822, -0.4748541780799992451 ) ) ;
#6499 = VERTEX_POINT ( 'NONE', #3003 ) ;
#6500 = CARTESIAN_POINT ( 'NONE',  ( 3.022767094656496845, 3.790000000000000036, -0.02357212679794789753 ) ) ;
#6501 = CARTESIAN_POINT ( 'NONE',  ( 1.682382479271881559, 3.790000000000000480, -0.4953669985928199071 ) ) ;
#6502 = ORIENTED_EDGE ( 'NONE', *, *, #7737, .T. ) ;
#6503 = EDGE_CURVE ( 'NONE', #1216, #576, #5061, .T. ) ;
#6504 = FACE_OUTER_BOUND ( 'NONE', #1418, .T. ) ;
#6505 = ORIENTED_EDGE ( 'NONE', *, *, #4223, .F. ) ;
#6506 = VECTOR ( 'NONE', #3041, 1000.000000000000000 ) ;
#6507 = CARTESIAN_POINT ( 'NONE',  ( 1.530170133893502760, 3.800000000000001155, 0.08984490176883061507 ) ) ;
#6508 = FILL_AREA_STYLE_COLOUR ( '', #9118 ) ;
#6509 = CARTESIAN_POINT ( 'NONE',  ( -1.103242257156187955, 3.790000000000000480, 0.1608774803179862933 ) ) ;
#6510 = CARTESIAN_POINT ( 'NONE',  ( 3.314636764309941697, 3.790000000000001368, 0.1854830534817930865 ) ) ;
#6511 = FILL_AREA_STYLE ('',( #6447 ) ) ;
#6512 = PRESENTATION_STYLE_ASSIGNMENT (( #196 ) ) ;
#6513 = MECHANICAL_DESIGN_GEOMETRIC_PRESENTATION_REPRESENTATION (  '', ( #3711 ), #2029 ) ;
#6514 = CARTESIAN_POINT ( 'NONE',  ( -0.7276989724816781413, 3.790000000000000480, -0.07051422524950042015 ) ) ;
#6515 = CARTESIAN_POINT ( 'NONE',  ( 2.102968712566879006, 3.800000000000001155, -0.2468538579568398117 ) ) ;
#6516 = DIRECTION ( 'NONE',  ( 1.000000000000000000, -0.0000000000000000000, -0.0000000000000000000 ) ) ;
#6517 = ORIENTED_EDGE ( 'NONE', *, *, #6787, .F. ) ;
#6518 = DIRECTION ( 'NONE',  ( 0.0000000000000000000, 0.0000000000000000000, -1.000000000000000000 ) ) ;
#6519 = PLANE ( 'NONE',  #6174 ) ;
#6520 = CARTESIAN_POINT ( 'NONE',  ( 2.451137662597615563, 3.799999999999999822, -0.5207915878645377195 ) ) ;
#6521 = SURFACE_SIDE_STYLE ('',( #3417 ) ) ;
#6522 = CARTESIAN_POINT ( 'NONE',  ( 3.720202992092394023, 3.799999999999999822, 0.04710095012512902773 ) ) ;
#6523 = FILL_AREA_STYLE_COLOUR ( '', #4524 ) ;
#6524 = LINE ( 'NONE', #7257, #4546 ) ;
#6525 = CARTESIAN_POINT ( 'NONE',  ( -5.569999999999999396, 1.399999999999999911, 0.3499999999999996447 ) ) ;
#6526 = MECHANICAL_DESIGN_GEOMETRIC_PRESENTATION_REPRESENTATION (  '', ( #3030 ), #7710 ) ;
#6527 = EDGE_LOOP ( 'NONE', ( #3293, #218, #1005, #4931, #1400 ) ) ;
#6528 = FILL_AREA_STYLE ('',( #9545 ) ) ;
#6529 = CARTESIAN_POINT ( 'NONE',  ( 3.299988505063772504, 3.790000000000000924, -0.3991835111673161518 ) ) ;
#6530 = CARTESIAN_POINT ( 'NONE',  ( 1.043279915169317285, 3.799999999999999822, 0.2430945398687187897 ) ) ;
#6531 =( GEOMETRIC_REPRESENTATION_CONTEXT ( 3 ) GLOBAL_UNCERTAINTY_ASSIGNED_CONTEXT ( ( #3012 ) ) GLOBAL_UNIT_ASSIGNED_CONTEXT ( ( #3303, #4876, #5491 ) ) REPRESENTATION_CONTEXT ( 'NONE', 'WORKASPACE' ) );
#6532 = PRESENTATION_LAYER_ASSIGNMENT (  '', '', ( #115 ) ) ;
#6533 = VERTEX_POINT ( 'NONE', #9063 ) ;
#6534 = EDGE_LOOP ( 'NONE', ( #7114, #6222, #8502, #4212 ) ) ;
#6535 = PRESENTATION_STYLE_ASSIGNMENT (( #5412 ) ) ;
#6536 = LINE ( 'NONE', #7869, #7476 ) ;
#6537 = DIRECTION ( 'NONE',  ( -1.000000000000000000, 0.0000000000000000000, 0.0000000000000000000 ) ) ;
#6538 = EDGE_CURVE ( 'NONE', #6846, #5705, #1068, .T. ) ;
#6539 = PLANE ( 'NONE',  #59 ) ;
#6540 = ORIENTED_EDGE ( 'NONE', *, *, #6936, .F. ) ;
#6541 =( NAMED_UNIT ( * ) SI_UNIT ( $, .STERADIAN. ) SOLID_ANGLE_UNIT ( ) );
#6543 =( NAMED_UNIT ( * ) PLANE_ANGLE_UNIT ( ) SI_UNIT ( $, .RADIAN. ) );
#6542 = CARTESIAN_POINT ( 'NONE',  ( 2.467332183595162043, 3.789999999999999147, 0.04979883414189231056 ) ) ;
#6544 = CARTESIAN_POINT ( 'NONE',  ( -1.098745702318208117, 3.800000000000000266, -0.4735658754489029953 ) ) ;
#6545 = ORIENTED_EDGE ( 'NONE', *, *, #1531, .T. ) ;
#6546 =( LENGTH_UNIT ( ) NAMED_UNIT ( * ) SI_UNIT ( .MILLI., .METRE. ) );
#6547 = CARTESIAN_POINT ( 'NONE',  ( 2.101167261606363468, 3.799999999999999378, -0.2186761852187052990 ) ) ;
#6548 = CARTESIAN_POINT ( 'NONE',  ( 3.424209402348804332, 3.790000000000000036, -0.2907195626953838485 ) ) ;
#6549 = CARTESIAN_POINT ( 'NONE',  ( 2.314378445618084701, 3.790000000000000036, -0.5770850403972570541 ) ) ;
#6550 = DIRECTION ( 'NONE',  ( -0.9079593845004517716, 0.0000000000000000000, 0.4190581774617469502 ) ) ;
#6551 =( NAMED_UNIT ( * ) SI_UNIT ( $, .STERADIAN. ) SOLID_ANGLE_UNIT ( ) );
#6552 = PLANE ( 'NONE',  #5085 ) ;
#6553 = CARTESIAN_POINT ( 'NONE',  ( -5.569999999999999396, 1.899999999999999911, 1.250000000000000000 ) ) ;
#6554 = CARTESIAN_POINT ( 'NONE',  ( 1.804542783700777253, 3.800000000000000711, -0.5433301372367405069 ) ) ;
#6555 = ORIENTED_EDGE ( 'NONE', *, *, #8633, .F. ) ;
#6556 =( NAMED_UNIT ( * ) SI_UNIT ( $, .STERADIAN. ) SOLID_ANGLE_UNIT ( ) );
#6557 =( LENGTH_UNIT ( ) NAMED_UNIT ( * ) SI_UNIT ( .MILLI., .METRE. ) );
#6558 = CARTESIAN_POINT ( 'NONE',  ( -0.6646428256576036864, 3.799999999999998490, -0.2763126217663648965 ) ) ;
#6559 = ORIENTED_EDGE ( 'NONE', *, *, #2211, .T. ) ;
#6560 = EDGE_CURVE ( 'NONE', #7394, #3117, #8816, .T. ) ;
#6561 = ADVANCED_FACE ( 'NONE', ( #8249 ), #1548, .T. ) ;
#6562 = FILL_AREA_STYLE ('',( #8779 ) ) ;
#6563 = VECTOR ( 'NONE', #3991, 1000.000000000000000 ) ;
#6564 = FILL_AREA_STYLE ('',( #546 ) ) ;
#6566 = MECHANICAL_DESIGN_GEOMETRIC_PRESENTATION_REPRESENTATION (  '', ( #5678 ), #4375 ) ;
#6565 = DIRECTION ( 'NONE',  ( 0.0000000000000000000, 0.0000000000000000000, 1.000000000000000000 ) ) ;
#6567 = DIRECTION ( 'NONE',  ( 0.0000000000000000000, 0.0000000000000000000, -1.000000000000000000 ) ) ;
#6568 = SURFACE_STYLE_FILL_AREA ( #5977 ) ;
#6569 = EDGE_LOOP ( 'NONE', ( #5958, #5023, #7253, #8232, #4657, #4529, #2907, #6573 ) ) ;
#6570 = CARTESIAN_POINT ( 'NONE',  ( -0.9012231456508300598, 3.790000000000000480, 0.2265015311333027082 ) ) ;
#6571 = EDGE_CURVE ( 'NONE', #4652, #1625, #5562, .T. ) ;
#6572 = CARTESIAN_POINT ( 'NONE',  ( 1.557361202715703330, 3.800000000000000711, -0.5432567312496368039 ) ) ;
#6573 = ORIENTED_EDGE ( 'NONE', *, *, #7040, .T. ) ;
#6574 = CARTESIAN_POINT ( 'NONE',  ( 3.248408120297522128, 3.799999999999999822, 0.08876761679179567821 ) ) ;
#6576 = DIRECTION ( 'NONE',  ( -0.4283511191562794362, 0.0000000000000000000, 0.9036123719369731910 ) ) ;
#6575 = CARTESIAN_POINT ( 'NONE',  ( 2.430496370630562897, 3.790000000000000480, 0.1166635821150879132 ) ) ;
#6577 =( NAMED_UNIT ( * ) PLANE_ANGLE_UNIT ( ) SI_UNIT ( $, .RADIAN. ) );
#6578 = DIRECTION ( 'NONE',  ( 0.4190581774617470057, 0.0000000000000000000, 0.9079593845004517716 ) ) ;
#6579 = PLANE ( 'NONE',  #3271 ) ;
#6580 = CARTESIAN_POINT ( 'NONE',  ( 2.419927399085393116, 3.800000000000000266, -0.5433301372367407289 ) ) ;
#6581 = CARTESIAN_POINT ( 'NONE',  ( -2.361848289958888181, 3.790000000000000036, 0.2430945398687187897 ) ) ;
#6582 = CARTESIAN_POINT ( 'NONE',  ( 2.375288708386110059, 3.800000000000000711, 0.1627998907984856969 ) ) ;
#6583 =( GEOMETRIC_REPRESENTATION_CONTEXT ( 3 ) GLOBAL_UNCERTAINTY_ASSIGNED_CONTEXT ( ( #2704 ) ) GLOBAL_UNIT_ASSIGNED_CONTEXT ( ( #9409, #443, #6400 ) ) REPRESENTATION_CONTEXT ( 'NONE', 'WORKASPACE' ) );
#6584 = CARTESIAN_POINT ( 'NONE',  ( -5.499999999999999112, 3.799999999999999822, 4.500000000000000888 ) ) ;
#6585 = ORIENTED_EDGE ( 'NONE', *, *, #6856, .T. ) ;
#6586 = CARTESIAN_POINT ( 'NONE',  ( 2.551411794433566804, 3.799999999999999378, -0.3486399996208937591 ) ) ;
#6587 = CARTESIAN_POINT ( 'NONE',  ( 1.850255438749479842, 3.799999999999999378, -0.5073601207094881049 ) ) ;
#6588 = DIRECTION ( 'NONE',  ( 1.734723475976807094E-16, 0.0000000000000000000, 1.000000000000000000 ) ) ;
#6589 = CARTESIAN_POINT ( 'NONE',  ( 3.430120954244714415, 3.799999999999999822, -0.2854440806050804746 ) ) ;
#6590 = CARTESIAN_POINT ( 'NONE',  ( -0.7763190314723080743, 3.789999999999998703, -0.3417774033433207959 ) ) ;
#6591 = PLANE ( 'NONE',  #5972 ) ;
#6592 = CARTESIAN_POINT ( 'NONE',  ( -0.7719561706126703005, 3.789999999999999591, 0.03679403911668790994 ) ) ;
#6593 = CARTESIAN_POINT ( 'NONE',  ( 1.956100427989829971, 3.799999999999999822, -0.1565849473107684686 ) ) ;
#6594 = FACE_OUTER_BOUND ( 'NONE', #8286, .T. ) ;
#6595 =( NAMED_UNIT ( * ) SI_UNIT ( $, .STERADIAN. ) SOLID_ANGLE_UNIT ( ) );
#6596 = EDGE_CURVE ( 'NONE', #2157, #3034, #2515, .T. ) ;
#6597 = DIRECTION ( 'NONE',  ( -0.0000000000000000000, 0.0000000000000000000, -1.000000000000000000 ) ) ;
#6598 = SURFACE_SIDE_STYLE ('',( #5514 ) ) ;
#6599 = CARTESIAN_POINT ( 'NONE',  ( -1.177393161753760298, 3.790000000000000036, -0.4748541780799992451 ) ) ;
#6601 = SURFACE_STYLE_USAGE ( .BOTH. , #2864 ) ;
#6600 = CARTESIAN_POINT ( 'NONE',  ( 1.679978633118034859, 3.790000000000000036, -0.5774182806441018334 ) ) ;
#6602 = CARTESIAN_POINT ( 'NONE',  ( 2.163756855285428493, 3.799999999999999378, 0.1155454211852838253 ) ) ;
#6603 = ADVANCED_FACE ( 'NONE', ( #5799 ), #7948, .T. ) ;
#6604 = SURFACE_STYLE_FILL_AREA ( #2641 ) ;
#6605 = CARTESIAN_POINT ( 'NONE',  ( -0.4849252130358114310, 3.799999999999999822, -0.5569054601312812824 ) ) ;
#6606 = CARTESIAN_POINT ( 'NONE',  ( 1.884035032249627761, 3.800000000000000711, -0.1283638900843636077 ) ) ;
#6607 = ORIENTED_EDGE ( 'NONE', *, *, #4256, .T. ) ;
#6608 = EDGE_CURVE ( 'NONE', #7423, #7893, #3679, .T. ) ;
#6609 = VECTOR ( 'NONE', #2873, 1000.000000000000000 ) ;
#6610 = ORIENTED_EDGE ( 'NONE', *, *, #7616, .T. ) ;
#6611 = SURFACE_STYLE_USAGE ( .BOTH. , #8127 ) ;
#6612 = DIRECTION ( 'NONE',  ( -0.0000000000000000000, 1.000000000000000000, -0.0000000000000000000 ) ) ;
#6613 = CARTESIAN_POINT ( 'NONE',  ( -3.569999999999999396, 1.899999999999999911, 1.250000000000000000 ) ) ;
#6614 = VECTOR ( 'NONE', #9474, 1000.000000000000000 ) ;
#6615 = VECTOR ( 'NONE', #7823, 1000.000000000000000 ) ;
#6616 = CARTESIAN_POINT ( 'NONE',  ( -5.569999999999999396, -0.07000000000000000666, -1.250000000000000222 ) ) ;
#6617 = CARTESIAN_POINT ( 'NONE',  ( 1.771138557577874639, 3.800000000000000711, -0.5601909336832866515 ) ) ;
#6618 = DIRECTION ( 'NONE',  ( -0.0000000000000000000, 1.000000000000000000, -0.0000000000000000000 ) ) ;
#6619 = CARTESIAN_POINT ( 'NONE',  ( 3.491635889791711023, 3.799999999999999378, -0.2397212363319664308 ) ) ;
#6620 = CARTESIAN_POINT ( 'NONE',  ( -0.8428905424844457261, 3.789999999999999591, -0.4101617776637027646 ) ) ;
#6621 = EDGE_CURVE ( 'NONE', #53, #2423, #4027, .T. ) ;
#6622 = VERTEX_POINT ( 'NONE', #2723 ) ;
#6623 = VERTEX_POINT ( 'NONE', #2667 ) ;
#6624 = ORIENTED_EDGE ( 'NONE', *, *, #4922, .T. ) ;
#6625 = LINE ( 'NONE', #5510, #3721 ) ;
#6626 = LINE ( 'NONE', #1940, #8629 ) ;
#6627 = CARTESIAN_POINT ( 'NONE',  ( 3.437726880128067375, 3.790000000000000036, -0.2793658450293675655 ) ) ;
#6628 = VECTOR ( 'NONE', #1899, 1000.000000000000000 ) ;
#6629 = CARTESIAN_POINT ( 'NONE',  ( -0.8000832813214729944, 3.799999999999999378, 0.07150099606175130962 ) ) ;
#6630 = CARTESIAN_POINT ( 'NONE',  ( -1.177393161753760298, 3.799999999999999822, -0.4748541780799992451 ) ) ;
#6631 = VECTOR ( 'NONE', #4354, 1000.000000000000000 ) ;
#6632 = ORIENTED_EDGE ( 'NONE', *, *, #2989, .T. ) ;
#6633 = EDGE_CURVE ( 'NONE', #4702, #492, #8923, .T. ) ;
#6634 = VECTOR ( 'NONE', #6618, 1000.000000000000000 ) ;
#6635 = DIRECTION ( 'NONE',  ( 0.0000000000000000000, 1.000000000000000000, 0.0000000000000000000 ) ) ;
#6636 = CARTESIAN_POINT ( 'NONE',  ( 1.590137836315506092, 3.799999999999999822, -0.5602241840206924062 ) ) ;
#6638 = CARTESIAN_POINT ( 'NONE',  ( -3.569999999999999396, 1.399999999999999911, 0.3499999999999996447 ) ) ;
#6637 = CARTESIAN_POINT ( 'NONE',  ( 1.414351511622612634, 3.789999999999999591, -0.2306082648075719888 ) ) ;
#6639 = CARTESIAN_POINT ( 'NONE',  ( -0.8900534181640165077, 3.790000000000000036, -0.5280593062851274277 ) ) ;
#6640 = AXIS2_PLACEMENT_3D ( 'NONE', #4500, #2976, #1449 ) ;
#6641 = CARTESIAN_POINT ( 'NONE',  ( -0.7208226489332473230, 3.790000000000000036, -0.1469695626953838041 ) ) ;
#6642 = CARTESIAN_POINT ( 'NONE',  ( -3.569999999999999396, 1.899999999999999911, 0.3499999999999996447 ) ) ;
#6643 = ORIENTED_EDGE ( 'NONE', *, *, #6560, .T. ) ;
#6644 = AXIS2_PLACEMENT_3D ( 'NONE', #57, #5313, #5967 ) ;
#6645 = DIRECTION ( 'NONE',  ( 1.000000000000000000, 0.0000000000000000000, 0.0000000000000000000 ) ) ;
#6646 = CARTESIAN_POINT ( 'NONE',  ( -3.569999999999999396, 1.399999999999999911, 0.3499999999999996447 ) ) ;
#6647 = UNCERTAINTY_MEASURE_WITH_UNIT (LENGTH_MEASURE( 1.000000000000000082E-05 ), #7692, 'distance_accuracy_value', 'NONE');
#6648 = VECTOR ( 'NONE', #9220, 1000.000000000000114 ) ;
#6649 = CARTESIAN_POINT ( 'NONE',  ( 1.854017094656496445, 3.790000000000000036, 0.04421633474051362561 ) ) ;
#6650 = ADVANCED_FACE ( 'NONE', ( #2978 ), #2634, .T. ) ;
#6651 = FILL_AREA_STYLE_COLOUR ( '', #7227 ) ;
#6652 = CARTESIAN_POINT ( 'NONE',  ( 1.835753047213001476, 3.800000000000000711, -0.5207915878645380525 ) ) ;
#6653 = FILL_AREA_STYLE ('',( #2230 ) ) ;
#6654 = CARTESIAN_POINT ( 'NONE',  ( 2.515466664584009138, 3.789999999999999591, -0.4398262286402327970 ) ) ;
#6655 = CARTESIAN_POINT ( 'NONE',  ( -0.9074931621922620595, 3.799999999999999822, -0.4445312058487608242 ) ) ;
#6656 = MECHANICAL_DESIGN_GEOMETRIC_PRESENTATION_REPRESENTATION (  '', ( #8347 ), #8667 ) ;
#6657 = VERTEX_POINT ( 'NONE', #6445 ) ;
#6658 = ADVANCED_FACE ( 'NONE', ( #5177, #5285 ), #7851, .T. ) ;
#6659 = CARTESIAN_POINT ( 'NONE',  ( 3.491635889791711023, 3.789999999999999591, -0.2397212363319664308 ) ) ;
#6660 = CARTESIAN_POINT ( 'NONE',  ( -0.7422242662452301909, 3.790000000000000924, -0.2764519759598047521 ) ) ;
#6661 = CARTESIAN_POINT ( 'NONE',  ( -0.9382686618768081299, 3.800000000000000266, -0.4542734641575456034 ) ) ;
#6662 = CARTESIAN_POINT ( 'NONE',  ( 1.682382479271881559, 3.790000000000000924, 0.1815560783302572756 ) ) ;
#6663 = CARTESIAN_POINT ( 'NONE',  ( -1.031243040128246857, 3.790000000000000036, -0.4695296158033397393 ) ) ;
#6664 = ORIENTED_EDGE ( 'NONE', *, *, #1565, .F. ) ;
#6665 = UNCERTAINTY_MEASURE_WITH_UNIT (LENGTH_MEASURE( 1.000000000000000082E-05 ), #8641, 'distance_accuracy_value', 'NONE');
#6666 = STYLED_ITEM ( 'NONE', ( #3085 ), #8872 ) ;
#6667 = CARTESIAN_POINT ( 'NONE',  ( 1.900082049199392831, 3.800000000000000266, -0.4398262286402328525 ) ) ;
#6668 = EDGE_CURVE ( 'NONE', #5218, #3279, #2271, .T. ) ;
#6669 = CARTESIAN_POINT ( 'NONE',  ( 3.589453792449146086, 3.799999999999999378, 0.1534414701081699972 ) ) ;
#6671 =( NAMED_UNIT ( * ) PLANE_ANGLE_UNIT ( ) SI_UNIT ( $, .RADIAN. ) );
#6670 = CARTESIAN_POINT ( 'NONE',  ( -5.499999999999999112, 3.799999999999999822, 4.999999999999999112 ) ) ;
#6672 = CARTESIAN_POINT ( 'NONE',  ( 5.500000000000000000, 1.899999999999999911, -0.3500000000000004774 ) ) ;
#6673 = FILL_AREA_STYLE_COLOUR ( '', #4378 ) ;
#6674 = SURFACE_STYLE_USAGE ( .BOTH. , #8874 ) ;
#6675 = SURFACE_SIDE_STYLE ('',( #1984 ) ) ;
#6676 = VECTOR ( 'NONE', #8712, 1000.000000000000000 ) ;
#6677 = MECHANICAL_DESIGN_GEOMETRIC_PRESENTATION_REPRESENTATION (  '', ( #5164 ), #8878 ) ;
#6678 = COLOUR_RGB ( '',1.000000000000000000, 1.000000000000000000, 1.000000000000000000 ) ;
#6679 = ORIENTED_EDGE ( 'NONE', *, *, #9426, .T. ) ;
#6680 = CARTESIAN_POINT ( 'NONE',  ( 3.389643234176168196, 3.799999999999999822, -0.3306644213137816535 ) ) ;
#6681 =( NAMED_UNIT ( * ) PLANE_ANGLE_UNIT ( ) SI_UNIT ( $, .RADIAN. ) );
#6682 = CARTESIAN_POINT ( 'NONE',  ( 3.470411957209728282, 3.800000000000001155, -0.5764388064034913217 ) ) ;
#6683 = CARTESIAN_POINT ( 'NONE',  ( 1.955661303314305099, 3.800000000000000711, -0.1205133907851156233 ) ) ;
#6684 = CARTESIAN_POINT ( 'NONE',  ( 1.861325981885349368, 3.790000000000000924, 0.02258444817827548468 ) ) ;
#6685 =( NAMED_UNIT ( * ) PLANE_ANGLE_UNIT ( ) SI_UNIT ( $, .RADIAN. ) );
#6686 = CARTESIAN_POINT ( 'NONE',  ( -1.098745702318208117, 3.790000000000000480, -0.4735658754489029953 ) ) ;
#6687 = VECTOR ( 'NONE', #3151, 1000.000000000000000 ) ;
#6688 = CARTESIAN_POINT ( 'NONE',  ( 2.301725643584785708, 3.790000000000000036, -0.5773067800325213383 ) ) ;
#6689 = EDGE_LOOP ( 'NONE', ( #2278, #7349, #517, #2818 ) ) ;
#6690 = EDGE_CURVE ( 'NONE', #6997, #2718, #1426, .T. ) ;
#6691 = ADVANCED_FACE ( 'NONE', ( #1295 ), #5710, .T. ) ;
#6692 = ORIENTED_EDGE ( 'NONE', *, *, #5729, .T. ) ;
#6693 = CARTESIAN_POINT ( 'NONE',  ( -1.177393161753760298, 3.790000000000000036, -0.4748541780799992451 ) ) ;
#6694 = LINE ( 'NONE', #754, #7871 ) ;
#6695 = VERTEX_POINT ( 'NONE', #6478 ) ;
#6696 = VERTEX_POINT ( 'NONE', #4194 ) ;
#6697 = ADVANCED_FACE ( 'NONE', ( #703 ), #7886, .T. ) ;
#6698 = ADVANCED_FACE ( 'NONE', ( #3215 ), #1490, .T. ) ;
#6699 = MECHANICAL_DESIGN_GEOMETRIC_PRESENTATION_REPRESENTATION (  '', ( #7376 ), #7890 ) ;
#6700 = EDGE_CURVE ( 'NONE', #2551, #397, #3213, .T. ) ;
#6701 =( NAMED_UNIT ( * ) SI_UNIT ( $, .STERADIAN. ) SOLID_ANGLE_UNIT ( ) );
#6702 = CARTESIAN_POINT ( 'NONE',  ( -3.569999999999999396, 1.899999999999999911, 0.3499999999999996447 ) ) ;
#6703 = CARTESIAN_POINT ( 'NONE',  ( 1.499267456567236589, 3.789999999999999591, -0.4934626313549270726 ) ) ;
#6704 = CARTESIAN_POINT ( 'NONE',  ( 1.779577679350952124, 3.799999999999998490, 0.1502404609883683517 ) ) ;
#6705 = ADVANCED_FACE ( 'NONE', ( #9510 ), #7318, .T. ) ;
#6706 = FILL_AREA_STYLE_COLOUR ( '', #6406 ) ;
#6707 = CARTESIAN_POINT ( 'NONE',  ( 2.535376769973782363, 3.800000000000002043, -0.3975607811808377079 ) ) ;
#6708 = LINE ( 'NONE', #8464, #1063 ) ;
#6709 = CARTESIAN_POINT ( 'NONE',  ( -1.915694443805042058, 3.799999999999999822, 0.09950479627897516888 ) ) ;
#6710 = CARTESIAN_POINT ( 'NONE',  ( 1.699006398190857414, 3.799999999999999378, 0.2633303734483950498 ) ) ;
#6711 = PRESENTATION_STYLE_ASSIGNMENT (( #5475 ) ) ;
#6712 = CARTESIAN_POINT ( 'NONE',  ( 3.569999999999999396, 1.899999999999999911, -0.3500000000000003109 ) ) ;
#6713 = CARTESIAN_POINT ( 'NONE',  ( -0.9893548943332109991, 3.789999999999999147, 0.2406214376198544946 ) ) ;
#6714 = DIRECTION ( 'NONE',  ( -0.0000000000000000000, 1.000000000000000000, -0.0000000000000000000 ) ) ;
#6715 = CARTESIAN_POINT ( 'NONE',  ( 1.502816106556470244, 3.800000000000000266, -0.3392498686304550315 ) ) ;
#6716 = CARTESIAN_POINT ( 'NONE',  ( 3.496805556194958697, 3.799999999999999822, -0.5774182806441018334 ) ) ;
#6717 = SURFACE_STYLE_FILL_AREA ( #328 ) ;
#6718 = CARTESIAN_POINT ( 'NONE',  ( -2.833643161753760520, 3.799999999999999822, -0.5569054601312812824 ) ) ;
#6719 =( GEOMETRIC_REPRESENTATION_CONTEXT ( 3 ) GLOBAL_UNCERTAINTY_ASSIGNED_CONTEXT ( ( #5421 ) ) GLOBAL_UNIT_ASSIGNED_CONTEXT ( ( #2631, #1155, #7850 ) ) REPRESENTATION_CONTEXT ( 'NONE', 'WORKASPACE' ) );
#6720 =( LENGTH_UNIT ( ) NAMED_UNIT ( * ) SI_UNIT ( .MILLI., .METRE. ) );
#6721 = CARTESIAN_POINT ( 'NONE',  ( 1.734800031268405762, 3.790000000000000924, 0.1734214998187550427 ) ) ;
#6722 = ORIENTED_EDGE ( 'NONE', *, *, #7137, .F. ) ;
#6723 = VERTEX_POINT ( 'NONE', #8892 ) ;
#6724 = DIRECTION ( 'NONE',  ( -0.0000000000000000000, -4.818676322157801319E-16, 1.000000000000000000 ) ) ;
#6725 = LINE ( 'NONE', #4362, #5080 ) ;
#6726 = CARTESIAN_POINT ( 'NONE',  ( 2.295363248502650499, 3.790000000000000036, 0.2636073603815393129 ) ) ;
#6727 = ORIENTED_EDGE ( 'NONE', *, *, #1627, .T. ) ;
#6728 = DIRECTION ( 'NONE',  ( -0.4285960263555439465, 0.0000000000000000000, 0.9034962347415942396 ) ) ;
#6729 = B_SPLINE_CURVE_WITH_KNOTS ( 'NONE', 3,
 ( #2092, #2913, #2871, #8769, #8903, #8065, #8167, #2060, #5100, #8841, #9523 ),
 .UNSPECIFIED., .F., .F.,
 ( 4, 1, 1, 1, 1, 1, 1, 1, 4 ),
 ( 0.0000000000000000000, 0.1719006646132690275, 0.3306279320958806500, 0.4755488358809167315, 0.6067461903123618772, 0.7250238034674888477, 0.8297423869584567013, 0.9213228203439738362, 1.000000000000000000 ),
 .UNSPECIFIED. ) ;
#6730 = VERTEX_POINT ( 'NONE', #7515 ) ;
#6731 = CARTESIAN_POINT ( 'NONE',  ( 1.607295820977890477, 3.790000000000000924, -0.5663705693600160629 ) ) ;
#6732 =( GEOMETRIC_REPRESENTATION_CONTEXT ( 3 ) GLOBAL_UNCERTAINTY_ASSIGNED_CONTEXT ( ( #6473 ) ) GLOBAL_UNIT_ASSIGNED_CONTEXT ( ( #1942, #2040, #2742 ) ) REPRESENTATION_CONTEXT ( 'NONE', 'WORKASPACE' ) );
#6733 = CARTESIAN_POINT ( 'NONE',  ( 1.734800031268405762, 3.800000000000000711, 0.1734214998187550427 ) ) ;
#6734 = ADVANCED_FACE ( 'NONE', ( #9391 ), #6539, .T. ) ;
#6735 = LINE ( 'NONE', #5719, #7790 ) ;
#6736 = VECTOR ( 'NONE', #3005, 1000.000000000000000 ) ;
#6737 = VERTEX_POINT ( 'NONE', #4516 ) ;
#6738 = CARTESIAN_POINT ( 'NONE',  ( 1.569362738643898858, 3.790000000000000036, -0.4514595827786482829 ) ) ;
#6739 = CIRCLE ( 'NONE', #5126, 0.4999999999999995559 ) ;
#6740 = EDGE_CURVE ( 'NONE', #4073, #7101, #6922, .T. ) ;
#6741 = CARTESIAN_POINT ( 'NONE',  ( 2.258177770973458287, 3.799999999999998934, 0.2611160120651015992 ) ) ;
#6742 = ORIENTED_EDGE ( 'NONE', *, *, #8989, .T. ) ;
#6743 = SURFACE_SIDE_STYLE ('',( #2997 ) ) ;
#6744 = ADVANCED_FACE ( 'NONE', ( #933 ), #8220, .T. ) ;
#6745 = VECTOR ( 'NONE', #6209, 1000.000000000000227 ) ;
#6746 = CARTESIAN_POINT ( 'NONE',  ( -0.9893548943332109991, 3.799999999999998934, 0.2406214376198544946 ) ) ;
#6747 = CARTESIAN_POINT ( 'NONE',  ( 1.955953022519863804, 3.799999999999999822, -0.1688725777424255337 ) ) ;
#6748 = CARTESIAN_POINT ( 'NONE',  ( 1.530508830318332070, 3.800000000000000711, -0.4039395849288013873 ) ) ;
#6749 = CARTESIAN_POINT ( 'NONE',  ( 2.386523172962490058, 3.789999999999998703, -0.5601909336832864295 ) ) ;
#6750 = LINE ( 'NONE', #1520, #8395 ) ;
#6751 = CARTESIAN_POINT ( 'NONE',  ( 3.022767094656496845, 3.799999999999998934, -0.02357212679794789753 ) ) ;
#6752 = EDGE_CURVE ( 'NONE', #975, #2819, #4243, .T. ) ;
#6753 = ORIENTED_EDGE ( 'NONE', *, *, #2625, .F. ) ;
#6754 = FACE_OUTER_BOUND ( 'NONE', #996, .T. ) ;
#6755 = ADVANCED_FACE ( 'NONE', ( #8113 ), #2212, .T. ) ;
#6756 = UNCERTAINTY_MEASURE_WITH_UNIT (LENGTH_MEASURE( 1.000000000000000082E-05 ), #4551, 'distance_accuracy_value', 'NONE');
#6757 = CARTESIAN_POINT ( 'NONE',  ( 1.513176240096394842, 3.799999999999998046, 0.1949911916237324072 ) ) ;
#6758 = PRESENTATION_LAYER_ASSIGNMENT (  '', '', ( #4080 ) ) ;
#6759 = COLOUR_RGB ( '',0.5019607843137254832, 0.5019607843137254832, 0.5019607843137254832 ) ;
#6760 = EDGE_CURVE ( 'NONE', #8289, #2023, #6694, .T. ) ;
#6761 = CARTESIAN_POINT ( 'NONE',  ( 1.708940878092556126, 3.790000000000000036, 0.1804612112185774719 ) ) ;
#6762 = VERTEX_POINT ( 'NONE', #8954 ) ;
#6763 = VECTOR ( 'NONE', #9475, 1000.000000000000000 ) ;
#6764 = VERTEX_POINT ( 'NONE', #1571 ) ;
#6765 = EDGE_LOOP ( 'NONE', ( #3597, #990, #2475 ) ) ;
#6766 = CARTESIAN_POINT ( 'NONE',  ( 3.571831937699081916, 3.800000000000001155, 0.1633474097024513461 ) ) ;
#6767 = EDGE_LOOP ( 'NONE', ( #7972, #8695, #6184, #299 ) ) ;
#6768 = CARTESIAN_POINT ( 'NONE',  ( 3.299801386531980629, 3.799999999999999378, -0.3853173816508244087 ) ) ;
#6769 = CARTESIAN_POINT ( 'NONE',  ( 3.346931938144426244, 3.799999999999998934, -0.2659033339381827177 ) ) ;
#6770 = MECHANICAL_DESIGN_GEOMETRIC_PRESENTATION_REPRESENTATION (  '', ( #1099 ), #7275 ) ;
#6771 = UNCERTAINTY_MEASURE_WITH_UNIT (LENGTH_MEASURE( 1.000000000000000082E-05 ), #7933, 'distance_accuracy_value', 'NONE');
#6772 = SURFACE_STYLE_FILL_AREA ( #3936 ) ;
#6773 = CARTESIAN_POINT ( 'NONE',  ( -1.618258546369144790, 3.790000000000000036, -0.3325464857723068879 ) ) ;
#6774 = PRESENTATION_LAYER_ASSIGNMENT (  '', '', ( #1048 ) ) ;
#6775 = CARTESIAN_POINT ( 'NONE',  ( 2.551411794433566804, 3.789999999999999591, -0.3486399996208937591 ) ) ;
#6776 = CARTESIAN_POINT ( 'NONE',  ( 2.205769150959461911, 3.800000000000001155, 0.2467327106665015979 ) ) ;
#6777 = CARTESIAN_POINT ( 'NONE',  ( 3.397022776110675935, 3.800000000000002931, 0.1482956075303329957 ) ) ;
#6778 = ORIENTED_EDGE ( 'NONE', *, *, #7945, .F. ) ;
#6779 = PLANE ( 'NONE',  #8718 ) ;
#6780 = DIRECTION ( 'NONE',  ( -1.000000000000000000, -0.0000000000000000000, -8.673617379884036705E-17 ) ) ;
#6781 = CARTESIAN_POINT ( 'NONE',  ( -0.7414095166604942611, 3.790000000000000480, 0.1265685369533988969 ) ) ;
#6782 = CARTESIAN_POINT ( 'NONE',  ( 3.419483564252930208, 3.789999999999997815, 0.1632096387869315934 ) ) ;
#6783 = ORIENTED_EDGE ( 'NONE', *, *, #1753, .F. ) ;
#6784 = CARTESIAN_POINT ( 'NONE',  ( 1.484305556194958076, 3.800000000000000266, -0.1569054601312812325 ) ) ;
#6785 = CARTESIAN_POINT ( 'NONE',  ( 1.882993449980191025, 3.800000000000001155, -0.2128777842365947859 ) ) ;
#6786 = ADVANCED_FACE ( 'NONE', ( #5626 ), #1427, .T. ) ;
#6787 = EDGE_CURVE ( 'NONE', #9585, #1985, #1699, .T. ) ;
#6788 = CARTESIAN_POINT ( 'NONE',  ( 2.103040503681885554, 3.789999999999999591, -0.06723864106931314033 ) ) ;
#6789 = CARTESIAN_POINT ( 'NONE',  ( 1.736081284275001524, 3.799999999999998934, 0.2574684982540236811 ) ) ;
#6790 = CARTESIAN_POINT ( 'NONE',  ( 1.607460310451117147, 3.800000000000001155, 0.2527246732528872775 ) ) ;
#6791 =( GEOMETRIC_REPRESENTATION_CONTEXT ( 3 ) GLOBAL_UNCERTAINTY_ASSIGNED_CONTEXT ( ( #8501 ) ) GLOBAL_UNIT_ASSIGNED_CONTEXT ( ( #7351, #9516, #2082 ) ) REPRESENTATION_CONTEXT ( 'NONE', 'WORKASPACE' ) );
#6792 = LINE ( 'NONE', #7617, #4796 ) ;
#6793 = EDGE_LOOP ( 'NONE', ( #4023, #8621, #2563, #5474 ) ) ;
#6794 = CARTESIAN_POINT ( 'NONE',  ( 1.851947568210547734, 3.790000000000000480, 0.04979883414189240076 ) ) ;
#6795 = CARTESIAN_POINT ( 'NONE',  ( 3.524980516662342467, 3.800000000000000266, -0.5764464971700981044 ) ) ;
#6796 =( GEOMETRIC_REPRESENTATION_CONTEXT ( 3 ) GLOBAL_UNCERTAINTY_ASSIGNED_CONTEXT ( ( #9601 ) ) GLOBAL_UNIT_ASSIGNED_CONTEXT ( ( #7797, #8455, #2584 ) ) REPRESENTATION_CONTEXT ( 'NONE', 'WORKASPACE' ) );
#6797 = EDGE_CURVE ( 'NONE', #5897, #8726, #9143, .T. ) ;
#6798 = CARTESIAN_POINT ( 'NONE',  ( 1.043279915169317285, 3.790000000000000036, -0.4748541780799992451 ) ) ;
#6799 = LINE ( 'NONE', #650, #9137 ) ;
#6800 = ORIENTED_EDGE ( 'NONE', *, *, #6886, .T. ) ;
#6801 = FILL_AREA_STYLE ('',( #3718 ) ) ;
#6802 = CARTESIAN_POINT ( 'NONE',  ( 3.390698142856266362, 3.790000000000000480, -0.2243729461700540440 ) ) ;
#6803 = FILL_AREA_STYLE_COLOUR ( '', #3141 ) ;
#6804 = COLOUR_RGB ( '',1.000000000000000000, 1.000000000000000000, 1.000000000000000000 ) ;
#6805 =( GEOMETRIC_REPRESENTATION_CONTEXT ( 3 ) GLOBAL_UNCERTAINTY_ASSIGNED_CONTEXT ( ( #2294 ) ) GLOBAL_UNIT_ASSIGNED_CONTEXT ( ( #1995, #3587, #4196 ) ) REPRESENTATION_CONTEXT ( 'NONE', 'WORKASPACE' ) );
#6806 = CARTESIAN_POINT ( 'NONE',  ( 3.425960573184847924, 3.799999999999999822, -0.2891568139374816049 ) ) ;
#6807 = CARTESIAN_POINT ( 'NONE',  ( 2.029747343764663370, 3.799999999999999378, -0.08304316017111335047 ) ) ;
#6808 = CARTESIAN_POINT ( 'NONE',  ( 3.316036325425727682, 3.790000000000000036, 0.04822274499692388167 ) ) ;
#6809 = ORIENTED_EDGE ( 'NONE', *, *, #3490, .T. ) ;
#6810 = CARTESIAN_POINT ( 'NONE',  ( 2.172745818100318083, 3.790000000000000480, -0.5432567312496370260 ) ) ;
#6811 = CARTESIAN_POINT ( 'NONE',  ( -0.8112039693918619010, 3.799999999999998934, 0.1881554536679727330 ) ) ;
#6812 = CARTESIAN_POINT ( 'NONE',  ( -2.361848289958888181, 3.790000000000000036, 0.2430945398687187897 ) ) ;
#6813 = VECTOR ( 'NONE', #788, 1000.000000000000000 ) ;
#6814 = VERTEX_POINT ( 'NONE', #6890 ) ;
#6815 = CARTESIAN_POINT ( 'NONE',  ( 2.154267697975941420, 3.790000000000000036, 0.1032240122543448269 ) ) ;
#6816 = ORIENTED_EDGE ( 'NONE', *, *, #4381, .F. ) ;
#6817 = CARTESIAN_POINT ( 'NONE',  ( 1.942358837204898991, 3.789999999999998703, 0.007348803480033286664 ) ) ;
#6818 = CARTESIAN_POINT ( 'NONE',  ( 1.446402086732767600, 3.800000000000000711, 0.08781782683561602243 ) ) ;
#6819 =( NAMED_UNIT ( * ) SI_UNIT ( $, .STERADIAN. ) SOLID_ANGLE_UNIT ( ) );
#6820 = SURFACE_STYLE_FILL_AREA ( #6528 ) ;
#6821 =( NAMED_UNIT ( * ) PLANE_ANGLE_UNIT ( ) SI_UNIT ( $, .RADIAN. ) );
#6822 = PRESENTATION_STYLE_ASSIGNMENT (( #6415 ) ) ;
#6823 = VECTOR ( 'NONE', #2288, 1000.000000000000000 ) ;
#6824 = PRESENTATION_LAYER_ASSIGNMENT (  '', '', ( #4140 ) ) ;
#6825 = CARTESIAN_POINT ( 'NONE',  ( 1.863898201240328012, 3.790000000000000480, -0.4925144705909383913 ) ) ;
#6826 = CARTESIAN_POINT ( 'NONE',  ( 1.699006398190857414, 3.789999999999999591, 0.2633303734483950498 ) ) ;
#6827 = MECHANICAL_DESIGN_GEOMETRIC_PRESENTATION_REPRESENTATION (  '', ( #2836 ), #9350 ) ;
#6828 = SURFACE_SIDE_STYLE ('',( #6568 ) ) ;
#6829 = CARTESIAN_POINT ( 'NONE',  ( -1.575790597651195890, 3.790000000000000036, -0.5569054601312812824 ) ) ;
#6830 = VECTOR ( 'NONE', #6208, 1000.000000000000000 ) ;
#6831 =( LENGTH_UNIT ( ) NAMED_UNIT ( * ) SI_UNIT ( .MILLI., .METRE. ) );
#6832 = VECTOR ( 'NONE', #4074, 1000.000000000000000 ) ;
#6833 = PRESENTATION_LAYER_ASSIGNMENT (  '', '', ( #1511 ) ) ;
#6834 = DIRECTION ( 'NONE',  ( 1.000000000000000000, -0.0000000000000000000, -0.0000000000000000000 ) ) ;
#6835 = SURFACE_STYLE_USAGE ( .BOTH. , #6115 ) ;
#6836 =( LENGTH_UNIT ( ) NAMED_UNIT ( * ) SI_UNIT ( .MILLI., .METRE. ) );
#6837 = CARTESIAN_POINT ( 'NONE',  ( 3.569999999999999396, 1.899999999999999911, -0.3500000000000003109 ) ) ;
#6838 =( NAMED_UNIT ( * ) PLANE_ANGLE_UNIT ( ) SI_UNIT ( $, .RADIAN. ) );
#6839 = DIRECTION ( 'NONE',  ( -1.000000000000000000, 0.0000000000000000000, 0.0000000000000000000 ) ) ;
#6840 = CARTESIAN_POINT ( 'NONE',  ( 3.299690171579573672, 3.790000000000000036, -0.3907195626953838818 ) ) ;
#6841 = UNCERTAINTY_MEASURE_WITH_UNIT (LENGTH_MEASURE( 1.000000000000000082E-05 ), #5592, 'distance_accuracy_value', 'NONE');
#6842 = CARTESIAN_POINT ( 'NONE',  ( 2.569525115333506360, 3.790000000000000480, -0.2278390325579516262 ) ) ;
#6843 = CARTESIAN_POINT ( 'NONE',  ( 1.682382479271881559, 3.800000000000002043, -0.4953669985928199071 ) ) ;
#6844 = PRESENTATION_LAYER_ASSIGNMENT (  '', '', ( #6347 ) ) ;
#6845 = MECHANICAL_DESIGN_GEOMETRIC_PRESENTATION_REPRESENTATION (  '', ( #5832 ), #1120 ) ;
#6846 = VERTEX_POINT ( 'NONE', #192 ) ;
#6847 = VECTOR ( 'NONE', #8098, 1000.000000000000000 ) ;
#6848 = VERTEX_POINT ( 'NONE', #6173 ) ;
#6849 = ORIENTED_EDGE ( 'NONE', *, *, #1399, .F. ) ;
#6850 = CARTESIAN_POINT ( 'NONE',  ( -5.500000000000000000, 1.399999999999999911, 0.3499999999999995337 ) ) ;
#6851 = CARTESIAN_POINT ( 'NONE',  ( 1.951195626069403000, 3.790000000000000480, -0.05273532938663545028 ) ) ;
#6852 = CARTESIAN_POINT ( 'NONE',  ( 1.691241375650337719, 3.800000000000000266, 0.1811908712876173499 ) ) ;
#6853 = FACE_OUTER_BOUND ( 'NONE', #3782, .T. ) ;
#6854 = AXIS2_PLACEMENT_3D ( 'NONE', #8721, #8109, #8817 ) ;
#6855 =( NAMED_UNIT ( * ) SI_UNIT ( $, .STERADIAN. ) SOLID_ANGLE_UNIT ( ) );
#6856 = EDGE_CURVE ( 'NONE', #7140, #4972, #6223, .T. ) ;
#6857 = B_SPLINE_CURVE_WITH_KNOTS ( 'NONE', 3,
 ( #8399, #9081, #1665, #3924, #5282, #9146, #2368, #8367, #783, #4603, #94 ),
 .UNSPECIFIED., .F., .F.,
 ( 4, 1, 1, 1, 1, 1, 1, 1, 4 ),
 ( 0.0000000000000000000, 0.1072852142689554034, 0.2147458609696397958, 0.3229385595552856092, 0.4341161625174649874, 0.5534123109627947512, 0.6860729848107319784, 0.8342559920595843392, 1.000000000000000000 ),
 .UNSPECIFIED. ) ;
#6858 = PRESENTATION_LAYER_ASSIGNMENT (  '', '', ( #8052 ) ) ;
#6859 = EDGE_LOOP ( 'NONE', ( #9472, #9216, #3243, #1051 ) ) ;
#6860 = COLOUR_RGB ( '',1.000000000000000000, 1.000000000000000000, 1.000000000000000000 ) ;
#6861 = VECTOR ( 'NONE', #9694, 1000.000000000000000 ) ;
#6862 = LINE ( 'NONE', #1827, #6628 ) ;
#6863 = CARTESIAN_POINT ( 'NONE',  ( 2.535779959290577423, 3.789999999999998703, 0.08321699359278572627 ) ) ;
#6864 = CARTESIAN_POINT ( 'NONE',  ( 1.900631708129366659, 3.789999999999999591, 0.1251870212943829164 ) ) ;
#6865 = ORIENTED_EDGE ( 'NONE', *, *, #3510, .F. ) ;
#6866 = CARTESIAN_POINT ( 'NONE',  ( -3.569999999999999396, -0.07000000000000000666, -1.250000000000000222 ) ) ;
#6867 = CARTESIAN_POINT ( 'NONE',  ( 1.522513170301027063, 3.789999999999999591, -0.3895421529915992775 ) ) ;
#6868 = SURFACE_STYLE_USAGE ( .BOTH. , #3223 ) ;
#6869 = PRESENTATION_LAYER_ASSIGNMENT (  '', '', ( #4858 ) ) ;
#6870 = CARTESIAN_POINT ( 'NONE',  ( 3.428477223892431258, 3.790000000000000036, -0.1945791446513255307 ) ) ;
#6871 = CARTESIAN_POINT ( 'NONE',  ( 2.571485043374445834, 3.799999999999999822, -0.1565849473107684686 ) ) ;
#6872 = CARTESIAN_POINT ( 'NONE',  ( 2.070220520020294330, 3.789999999999999591, -0.4224663756187391761 ) ) ;
#6873 = PLANE ( 'NONE',  #5252 ) ;
#6874 = UNCERTAINTY_MEASURE_WITH_UNIT (LENGTH_MEASURE( 1.000000000000000082E-05 ), #626, 'distance_accuracy_value', 'NONE');
#6875 = CARTESIAN_POINT ( 'NONE',  ( 3.571936781611344536, 3.790000000000000924, -0.4695838680075724025 ) ) ;
#6876 = CARTESIAN_POINT ( 'NONE',  ( 1.869604256533587083, 3.800000000000001155, -0.3096958051587142546 ) ) ;
#6877 = VECTOR ( 'NONE', #4654, 1000.000000000000000 ) ;
#6878 = ORIENTED_EDGE ( 'NONE', *, *, #8366, .F. ) ;
#6879 = CARTESIAN_POINT ( 'NONE',  ( 2.220064526222541801, 3.790000000000000036, 0.1622370331663030574 ) ) ;
#6880 = CARTESIAN_POINT ( 'NONE',  ( 1.877578320451948501, 3.799999999999999378, 0.1617964017768511453 ) ) ;
#6881 = FACE_OUTER_BOUND ( 'NONE', #7999, .T. ) ;
#6882 = CARTESIAN_POINT ( 'NONE',  ( 1.854017094656496445, 3.790000000000000036, 0.04421633474051362561 ) ) ;
#6883 = PRESENTATION_LAYER_ASSIGNMENT (  '', '', ( #1160 ) ) ;
#6884 = SURFACE_STYLE_FILL_AREA ( #661 ) ;
#6885 = CARTESIAN_POINT ( 'NONE',  ( 1.484331281231579425, 3.790000000000000036, -0.1676445191832757475 ) ) ;
#6886 = EDGE_CURVE ( 'NONE', #4597, #4117, #7702, .T. ) ;
#6887 = DIRECTION ( 'NONE',  ( 1.000000000000000000, 0.0000000000000000000, 0.0000000000000000000 ) ) ;
#6888 = ORIENTED_EDGE ( 'NONE', *, *, #1420, .T. ) ;
#6889 = DIRECTION ( 'NONE',  ( -0.0000000000000000000, 1.000000000000000000, 3.423796334164751519E-16 ) ) ;
#6890 = CARTESIAN_POINT ( 'NONE',  ( 2.297767094656497644, 3.800000000000000266, -0.4953669985928199071 ) ) ;
#6891 = FILL_AREA_STYLE ('',( #4700 ) ) ;
#6892 = CARTESIAN_POINT ( 'NONE',  ( 1.955665776529766475, 3.799999999999998934, -0.1928172289829195030 ) ) ;
#6893 = VERTEX_POINT ( 'NONE', #3972 ) ;
#6894 = ADVANCED_FACE ( 'NONE', ( #8577 ), #4797, .T. ) ;
#6895 =( NAMED_UNIT ( * ) SI_UNIT ( $, .STERADIAN. ) SOLID_ANGLE_UNIT ( ) );
#6896 = CARTESIAN_POINT ( 'NONE',  ( -1.305438033548631749, 3.790000000000000036, -0.5569054601312812824 ) ) ;
#6897 = DIRECTION ( 'NONE',  ( 0.0000000000000000000, -1.000000000000000000, 0.0000000000000000000 ) ) ;
#6898 = STYLED_ITEM ( 'NONE', ( #5883 ), #8233 ) ;
#6899 = CARTESIAN_POINT ( 'NONE',  ( 2.028115916506145755, 3.790000000000000480, -0.1943146323351606364 ) ) ;
#6900 = CARTESIAN_POINT ( 'NONE',  ( -1.033405138582506710, 3.790000000000000480, 0.1583565338867685968 ) ) ;
#6901 = CARTESIAN_POINT ( 'NONE',  ( 2.145893445702946600, 3.790000000000000924, -0.4039395849288020535 ) ) ;
#6902 = CARTESIAN_POINT ( 'NONE',  ( 2.102215027008351722, 3.789999999999999591, -0.4777132154023924770 ) ) ;
#6903 = FILL_AREA_STYLE_COLOUR ( '', #2342 ) ;
#6904 =( NAMED_UNIT ( * ) SI_UNIT ( $, .STERADIAN. ) SOLID_ANGLE_UNIT ( ) );
#6905 = CARTESIAN_POINT ( 'NONE',  ( 3.488792735682137547, 3.790000000000000036, -0.4953669985928197961 ) ) ;
#6906 = CARTESIAN_POINT ( 'NONE',  ( 2.099690171579573938, 3.790000000000000036, -0.1569054601312812325 ) ) ;
#6907 = DIRECTION ( 'NONE',  ( 0.0000000000000000000, 0.0000000000000000000, -1.000000000000000000 ) ) ;
#6908 = LINE ( 'NONE', #4421, #8330 ) ;
#6909 = ORIENTED_EDGE ( 'NONE', *, *, #4244, .F. ) ;
#6910 = EDGE_CURVE ( 'NONE', #5355, #9564, #2964, .T. ) ;
#6911 = CARTESIAN_POINT ( 'NONE',  ( 1.936049084918894714, 3.790000000000000036, 0.03449039170126989157 ) ) ;
#6912 =( NAMED_UNIT ( * ) SI_UNIT ( $, .STERADIAN. ) SOLID_ANGLE_UNIT ( ) );
#6913 = CARTESIAN_POINT ( 'NONE',  ( 1.604587141200801703, 3.789999999999998259, -0.4759831676715794990 ) ) ;
#6914 =( NAMED_UNIT ( * ) SI_UNIT ( $, .STERADIAN. ) SOLID_ANGLE_UNIT ( ) );
#6915 = MECHANICAL_DESIGN_GEOMETRIC_PRESENTATION_REPRESENTATION (  '', ( #2202 ), #1333 ) ;
#6916 = B_SPLINE_CURVE_WITH_KNOTS ( 'NONE', 3,
 ( #3261, #9222, #4734, #2569, #1786, #2541, #7744, #5383, #4645, #3295, #4037 ),
 .UNSPECIFIED., .F., .F.,
 ( 4, 1, 1, 1, 1, 1, 1, 1, 4 ),
 ( 0.0000000000000000000, 0.1815353013762853462, 0.3470816724816271903, 0.4955678164315520107, 0.6283573018772142804, 0.7455196699921573522, 0.8458307507576519058, 0.9307818073847589080, 0.9999999999999998890 ),
 .UNSPECIFIED. ) ;
#6917 = CARTESIAN_POINT ( 'NONE',  ( 1.455463456028430969, 3.799999999999999378, 0.1091476349899237475 ) ) ;
#6918 = ORIENTED_EDGE ( 'NONE', *, *, #2110, .T. ) ;
#6919 = ADVANCED_FACE ( 'NONE', ( #3206 ), #5478, .F. ) ;
#6920 = ORIENTED_EDGE ( 'NONE', *, *, #1565, .T. ) ;
#6921 = PRESENTATION_LAYER_ASSIGNMENT (  '', '', ( #373 ) ) ;
#6922 = LINE ( 'NONE', #9492, #6813 ) ;
#6923 = EDGE_CURVE ( 'NONE', #8375, #4032, #5163, .T. ) ;
#6924 = DIRECTION ( 'NONE',  ( -0.0000000000000000000, 1.000000000000000000, -0.0000000000000000000 ) ) ;
#6925 = CARTESIAN_POINT ( 'NONE',  ( 1.954157598910256199, 3.789999999999999591, -0.08564916785487805551 ) ) ;
#6926 = SURFACE_SIDE_STYLE ('',( #5847 ) ) ;
#6927 = B_SPLINE_CURVE_WITH_KNOTS ( 'NONE', 3,
 ( #5955, #1544, #6010, #6741, #9654, #2251, #6776, #42, #3000, #5298, #3765, #2354, #800, #9718, #8969, #658, #6048, #4492, #5923, #5237, #724, #1582, #1437, #6807, #1513, #3032, #8260 ),
 .UNSPECIFIED., .F., .F.,
 ( 4, 1, 1, 1, 1, 1, 1, 1, 1, 1, 1, 1, 1, 1, 1, 1, 1, 1, 1, 1, 1, 1, 1, 1, 4 ),
 ( 0.0000000000000000000, 0.03378714634699096775, 0.06662165772429336219, 0.09928487809597195957, 0.1313611650426503019, 0.1635851875953435453, 0.1961039269870678003, 0.2289022543238163065, 0.2621580559050080139, 0.2959912222583164776, 0.3302178457248003407, 0.3650598258919539041, 0.4009507373401077213, 0.4376203820767374797, 0.4757075294370919916, 0.5153806916250481818, 0.5564135414931641321, 0.5997648298727310534, 0.6464241555840871678, 0.6964314445175667778, 0.7497815178015574400, 0.8065733069755323115, 0.8674355315653993204, 0.9318867532508740004, 1.000000000000000000 ),
 .UNSPECIFIED. ) ;
#6928 = CARTESIAN_POINT ( 'NONE',  ( 1.686341028200170067, 3.799999999999999822, -0.5773067800325212273 ) ) ;
#6929 = EDGE_LOOP ( 'NONE', ( #38, #936, #8500, #9543 ) ) ;
#6930 = CARTESIAN_POINT ( 'NONE',  ( 1.673669121349976807, 3.790000000000000036, 0.2635007648480972575 ) ) ;
#6931 = ORIENTED_EDGE ( 'NONE', *, *, #2211, .F. ) ;
#6932 = EDGE_CURVE ( 'NONE', #1766, #1625, #4697, .T. ) ;
#6933 = CARTESIAN_POINT ( 'NONE',  ( 3.186869658759061252, 3.799999999999999822, -0.02357212679794789753 ) ) ;
#6934 = DIRECTION ( 'NONE',  ( 1.000000000000000000, 0.0000000000000000000, 0.0000000000000000000 ) ) ;
#6935 = PRESENTATION_STYLE_ASSIGNMENT (( #2044 ) ) ;
#6936 = EDGE_CURVE ( 'NONE', #2300, #1491, #3896, .T. ) ;
#6937 = VECTOR ( 'NONE', #4837, 1000.000000000000000 ) ;
#6938 = CARTESIAN_POINT ( 'NONE',  ( 2.046596968604565525, 3.799999999999998490, -0.3532825223361694134 ) ) ;
#6939 = DIRECTION ( 'NONE',  ( -1.000000000000000000, 0.0000000000000000000, 8.673617379884036705E-17 ) ) ;
#6940 = CARTESIAN_POINT ( 'NONE',  ( 0.2052991459385476447, 3.790000000000000036, -0.09536699859281973224 ) ) ;
#6941 = LINE ( 'NONE', #9403, #4606 ) ;
#6942 = CARTESIAN_POINT ( 'NONE',  ( 2.436310546596483384, 3.800000000000001155, 0.2184132198682124659 ) ) ;
#6943 = DIRECTION ( 'NONE',  ( -1.000000000000000000, -0.0000000000000000000, -8.673617379884036705E-17 ) ) ;
#6944 = CARTESIAN_POINT ( 'NONE',  ( 2.295363248502650499, 3.790000000000000036, -0.5774182806441018334 ) ) ;
#6945 = MECHANICAL_DESIGN_GEOMETRIC_PRESENTATION_REPRESENTATION (  '', ( #4080 ), #1416 ) ;
#6946 = UNCERTAINTY_MEASURE_WITH_UNIT (LENGTH_MEASURE( 1.000000000000000082E-05 ), #1838, 'distance_accuracy_value', 'NONE');
#6947 = CARTESIAN_POINT ( 'NONE',  ( 1.573508097834148689, 3.799999999999999378, -0.5524070715046676128 ) ) ;
#6948 = CARTESIAN_POINT ( 'NONE',  ( 2.053752721885401478, 3.790000000000000480, 0.06469670046766447247 ) ) ;
#6949 = CARTESIAN_POINT ( 'NONE',  ( -3.569999999999999396, 1.399999999999999911, -0.3500000000000005329 ) ) ;
#6950 = VECTOR ( 'NONE', #2638, 1000.000000000000000 ) ;
#6951 = B_SPLINE_CURVE_WITH_KNOTS ( 'NONE', 3,
 ( #9001, #5852, #1375, #7462, #2917, #3825, #5266, #8325, #4676, #4619, #6872, #7528, #3069, #6902, #8380, #3200, #8302, #8416, #6810, #6083, #141, #3912, #768, #1620, #5390, #863, #6012 ),
 .UNSPECIFIED., .F., .F.,
 ( 4, 1, 1, 1, 1, 1, 1, 1, 1, 1, 1, 1, 1, 1, 1, 1, 1, 1, 1, 1, 1, 1, 1, 1, 4 ),
 ( 0.0000000000000000000, 0.06859462225874239649, 0.1332460424433008217, 0.1943125864682561654, 0.2512792231169659329, 0.3045134392563466630, 0.3542349066533246327, 0.4004805887739887327, 0.4434107549384916358, 0.4840148686163446845, 0.5232523007732023945, 0.5610423727283596618, 0.5979002393643999547, 0.6335184888561948835, 0.6683143511696513217, 0.7024956712863819064, 0.7366853535134585407, 0.7702931693607880659, 0.8034372550192482310, 0.8359129516660288584, 0.8684602457892905969, 0.9008465382431827262, 0.9334665246307081166, 0.9662575752981231725, 1.000000000000000000 ),
 .UNSPECIFIED. ) ;
#6952 = CARTESIAN_POINT ( 'NONE',  ( 1.569362738643898858, 3.790000000000000036, -0.4514595827786482829 ) ) ;
#6953 = CARTESIAN_POINT ( 'NONE',  ( 1.417003717024246212, 3.789999999999999591, -0.04914469658553778653 ) ) ;
#6954 = FILL_AREA_STYLE ('',( #5472 ) ) ;
#6955 = FILL_AREA_STYLE_COLOUR ( '', #9288 ) ;
#6956 = COLOUR_RGB ( '',1.000000000000000000, 1.000000000000000000, 1.000000000000000000 ) ;
#6957 =( GEOMETRIC_REPRESENTATION_CONTEXT ( 3 ) GLOBAL_UNCERTAINTY_ASSIGNED_CONTEXT ( ( #793 ) ) GLOBAL_UNIT_ASSIGNED_CONTEXT ( ( #3073, #8419, #1690 ) ) REPRESENTATION_CONTEXT ( 'NONE', 'WORKASPACE' ) );
#6958 = SURFACE_STYLE_FILL_AREA ( #957 ) ;
#6959 = ORIENTED_EDGE ( 'NONE', *, *, #8868, .F. ) ;
#6960 = CARTESIAN_POINT ( 'NONE',  ( 1.864766111721336106, 3.790000000000000480, 0.1781115233935073594 ) ) ;
#6961 =( GEOMETRIC_REPRESENTATION_CONTEXT ( 3 ) GLOBAL_UNCERTAINTY_ASSIGNED_CONTEXT ( ( #188 ) ) GLOBAL_UNIT_ASSIGNED_CONTEXT ( ( #535, #1271, #5694 ) ) REPRESENTATION_CONTEXT ( 'NONE', 'WORKASPACE' ) );
#6962 = DIRECTION ( 'NONE',  ( 0.0000000000000000000, 1.084202172485503448E-16, -1.000000000000000000 ) ) ;
#6963 = ORIENTED_EDGE ( 'NONE', *, *, #9311, .F. ) ;
#6964 = CARTESIAN_POINT ( 'NONE',  ( 2.410047449894161975, 3.800000000000000711, -0.4512438781424363277 ) ) ;
#6965 = DIRECTION ( 'NONE',  ( -0.0000000000000000000, 1.000000000000000000, -0.0000000000000000000 ) ) ;
#6966 =( NAMED_UNIT ( * ) SI_UNIT ( $, .STERADIAN. ) SOLID_ANGLE_UNIT ( ) );
#6967 = UNCERTAINTY_MEASURE_WITH_UNIT (LENGTH_MEASURE( 1.000000000000000082E-05 ), #4432, 'distance_accuracy_value', 'NONE');
#6968 = ORIENTED_EDGE ( 'NONE', *, *, #6247, .T. ) ;
#6969 = CARTESIAN_POINT ( 'NONE',  ( 2.027970275363550900, 3.799999999999999822, -0.1694072073643111687 ) ) ;
#6970 = CARTESIAN_POINT ( 'NONE',  ( -5.499999999999999112, 0.0000000000000000000, 4.500000000000000888 ) ) ;
#6971 = VERTEX_POINT ( 'NONE', #7739 ) ;
#6972 = CARTESIAN_POINT ( 'NONE',  ( 2.124045930632793233, 3.790000000000001368, -0.3574397987871510418 ) ) ;
#6973 = ORIENTED_EDGE ( 'NONE', *, *, #5921, .F. ) ;
#6974 = EDGE_CURVE ( 'NONE', #871, #8675, #2152, .T. ) ;
#6975 = CARTESIAN_POINT ( 'NONE',  ( 2.351465899659617609, 3.790000000000000480, 0.2574684982540237366 ) ) ;
#6976 = PRESENTATION_STYLE_ASSIGNMENT (( #9127 ) ) ;
#6977 = CARTESIAN_POINT ( 'NONE',  ( 2.466033127279198212, 3.790000000000000480, -0.3683479791088286048 ) ) ;
#6978 = CARTESIAN_POINT ( 'NONE',  ( -3.569999999999999396, 1.899999999999999911, 1.250000000000000000 ) ) ;
#6979 = DIRECTION ( 'NONE',  ( 0.4285842068721729126, 0.0000000000000000000, -0.9035018415143106774 ) ) ;
#6980 = ORIENTED_EDGE ( 'NONE', *, *, #1903, .F. ) ;
#6981 = CARTESIAN_POINT ( 'NONE',  ( -1.098745702318208117, 3.790000000000000480, -0.4735658754489029953 ) ) ;
#6982 = PRESENTATION_LAYER_ASSIGNMENT (  '', '', ( #2608 ) ) ;
#6983 = FACE_OUTER_BOUND ( 'NONE', #8025, .T. ) ;
#6984 = PRESENTATION_STYLE_ASSIGNMENT (( #6221 ) ) ;
#6985 = CARTESIAN_POINT ( 'NONE',  ( 1.526632180392236471, 3.799999999999999378, -0.5210176971794607814 ) ) ;
#6986 = CARTESIAN_POINT ( 'NONE',  ( 2.046656102888047890, 3.789999999999999591, 0.03951974538138132431 ) ) ;
#6987 = CARTESIAN_POINT ( 'NONE',  ( 1.515137771247793363, 3.800000000000000266, 0.05991275284011749608 ) ) ;
#6988 = VECTOR ( 'NONE', #7715, 1000.000000000000000 ) ;
#6989 = VECTOR ( 'NONE', #891, 1000.000000000000000 ) ;
#6990 = AXIS2_PLACEMENT_3D ( 'NONE', #4887, #2615, #9306 ) ;
#6991 = CARTESIAN_POINT ( 'NONE',  ( -1.129849517563007222, 3.789999999999999591, -0.5568043012750605314 ) ) ;
#6992 = CARTESIAN_POINT ( 'NONE',  ( 1.412585268847275755, 3.790000000000000924, -0.1438694420551717701 ) ) ;
#6993 = VECTOR ( 'NONE', #7346, 1000.000000000000000 ) ;
#6994 = CARTESIAN_POINT ( 'NONE',  ( -2.698547007907606154, 3.790000000000000036, -0.09536699859281973224 ) ) ;
#6995 = EDGE_CURVE ( 'NONE', #8422, #6737, #4595, .T. ) ;
#6996 = CARTESIAN_POINT ( 'NONE',  ( 2.070848071413046831, 3.789999999999999591, 0.1091476349899237752 ) ) ;
#6997 = VERTEX_POINT ( 'NONE', #3324 ) ;
#6998 = FILL_AREA_STYLE_COLOUR ( '', #5057 ) ;
#6999 = ORIENTED_EDGE ( 'NONE', *, *, #2248, .T. ) ;
#7000 = ORIENTED_EDGE ( 'NONE', *, *, #7428, .T. ) ;
#7002 =( GEOMETRIC_REPRESENTATION_CONTEXT ( 3 ) GLOBAL_UNCERTAINTY_ASSIGNED_CONTEXT ( ( #3744 ) ) GLOBAL_UNIT_ASSIGNED_CONTEXT ( ( #361, #4133, #2668 ) ) REPRESENTATION_CONTEXT ( 'NONE', 'WORKASPACE' ) );
#7001 = CARTESIAN_POINT ( 'NONE',  ( -0.8364367200706169792, 3.800000000000000711, -0.5044025060432844043 ) ) ;
#7003 = CARTESIAN_POINT ( 'NONE',  ( 3.622118283932435734, 3.789999999999999591, -0.4211909324294217383 ) ) ;
#7004 = CLOSED_SHELL ( 'NONE', ( #9593, #8906, #5965, #7960, #8184, #8180, #9692, #1453, #6919, #5012, #5999, #6440, #367, #3784, #8241, #6786, #6734, #9600, #2980, #9643, #6691, #9008, #2484, #2348, #8226, #7536, #675, #8864, #7912, #2261, #5853, #674, #8195, #9691, #585, #5914, #1174, #9701, #7175, #4449, #4958, #3723, #3779, #5232, #3036, #8913, #9388, #666, #3733, #742, #792, #519, #5950, #4409, #8087, #8319, #7430, #2245, #9000, #9487, #5276, #6603, #1164, #2994, #1642, #717, #5124, #5171, #5864, #5179, #3948, #8961, #6658, #3735, #2207, #3028, #7384, #9556, #727, #4189, #1441, #8701, #36, #6, #4503, #2903, #3267, #7968, #8132, #3640, #3472, #1443, #8815, #2850, #7612, #1350, #8293, #1950, #6755, #7339, #8896, #7224, #6705, #2947, #7488, #2218, #3677, #4453, #2098, #2894, #9038, #8013, #5076, #6042, #2119, #219, #6698, #4496, #2717, #2049, #639, #1394, #5159, #8141, #6744, #7375, #3685, #2165, #2313, #2005, #1558, #7471, #6561, #9230, #5959, #7750, #1509, #8233, #4400, #6393, #6004, #5901, #2942, #683, #425, #6894, #6697, #6650, #6186, #3046 ) ) ;
#7005 = FILL_AREA_STYLE ('',( #6244 ) ) ;
#7006 = CARTESIAN_POINT ( 'NONE',  ( 2.142016795776851446, 3.799999999999998934, -0.5210176971794607814 ) ) ;
#7007 = FILL_AREA_STYLE ('',( #1649 ) ) ;
#7008 = ORIENTED_EDGE ( 'NONE', *, *, #2722, .F. ) ;
#7009 = FILL_AREA_STYLE_COLOUR ( '', #6373 ) ;
#7010 = SURFACE_SIDE_STYLE ('',( #6958 ) ) ;
#7011 = CARTESIAN_POINT ( 'NONE',  ( -2.289572648933247745, 3.799999999999999822, 0.2430945398687187897 ) ) ;
#7012 = CARTESIAN_POINT ( 'NONE',  ( 3.374801221033974397, 3.799999999999999378, -0.5397923557868671285 ) ) ;
#7013 = COLOUR_RGB ( '',1.000000000000000000, 1.000000000000000000, 1.000000000000000000 ) ;
#7014 = CARTESIAN_POINT ( 'NONE',  ( 1.475407117240397747, 3.790000000000000480, -0.4605388633064053661 ) ) ;
#7015 = CARTESIAN_POINT ( 'NONE',  ( 2.061786702117383463, 3.800000000000000266, 0.08781782683561584202 ) ) ;
#7016 = PRESENTATION_LAYER_ASSIGNMENT (  '', '', ( #2698 ) ) ;
#7017 = B_SPLINE_CURVE_WITH_KNOTS ( 'NONE', 3,
 ( #4915, #412, #9342, #1968, #1067, #2643, #3343, #1875, #277, #8626, #5527 ),
 .UNSPECIFIED., .F., .F.,
 ( 4, 1, 1, 1, 1, 1, 1, 1, 4 ),
 ( 0.0000000000000000000, 0.1590042985173770185, 0.3046460998968138489, 0.4385469045795923893, 0.5623222987759274316, 0.6774325425257305966, 0.7868973929387552690, 0.8936108891042671143, 1.000000000000000000 ),
 .UNSPECIFIED. ) ;
#7018 = CARTESIAN_POINT ( 'NONE',  ( 1.854017094656496445, 3.799999999999999822, 0.04421633474051362561 ) ) ;
#7019 = CARTESIAN_POINT ( 'NONE',  ( -0.6490277771383753391, 3.790000000000000036, -0.1468093062851274222 ) ) ;
#7020 = CARTESIAN_POINT ( 'NONE',  ( 1.500004807159944775, 3.790000000000000924, 0.1804486976128947817 ) ) ;
#7021 = ORIENTED_EDGE ( 'NONE', *, *, #940, .F. ) ;
#7022 = CARTESIAN_POINT ( 'NONE',  ( 3.569999999999999396, 1.900000000000000355, -1.250000000000000222 ) ) ;
#7023 = PRESENTATION_LAYER_ASSIGNMENT (  '', '', ( #5014 ) ) ;
#7024 = ORIENTED_EDGE ( 'NONE', *, *, #2237, .T. ) ;
#7025 = ORIENTED_EDGE ( 'NONE', *, *, #4201, .T. ) ;
#7026 = CARTESIAN_POINT ( 'NONE',  ( 2.493252878311892573, 3.790000000000000480, -0.2639356661962443118 ) ) ;
#7027 =( NAMED_UNIT ( * ) SI_UNIT ( $, .STERADIAN. ) SOLID_ANGLE_UNIT ( ) );
#7028 = CARTESIAN_POINT ( 'NONE',  ( 3.719687437406275166, 3.800000000000000711, 0.03695941114475750910 ) ) ;
#7029 = AXIS2_PLACEMENT_3D ( 'NONE', #4950, #2739, #5757 ) ;
#7030 = CARTESIAN_POINT ( 'NONE',  ( 2.188892713218763664, 3.789999999999998703, -0.5524070715046679458 ) ) ;
#7031 = DIRECTION ( 'NONE',  ( -1.000000000000000000, 0.0000000000000000000, 0.0000000000000000000 ) ) ;
#7032 = FACE_OUTER_BOUND ( 'NONE', #1990, .T. ) ;
#7033 = DIRECTION ( 'NONE',  ( -0.0000000000000000000, 0.0000000000000000000, 1.000000000000000000 ) ) ;
#7034 = ORIENTED_EDGE ( 'NONE', *, *, #8427, .F. ) ;
#7035 = CARTESIAN_POINT ( 'NONE',  ( 2.403768688732015768, 3.800000000000001155, 0.2383671981594534806 ) ) ;
#7036 = CARTESIAN_POINT ( 'NONE',  ( 3.569999999999999396, 1.399999999999999911, -0.3500000000000003109 ) ) ;
#7037 = CARTESIAN_POINT ( 'NONE',  ( 3.500197479435228409, 3.799999999999999378, -0.1423094538230735562 ) ) ;
#7038 = FILL_AREA_STYLE ('',( #1865 ) ) ;
#7039 = SURFACE_STYLE_FILL_AREA ( #6468 ) ;
#7040 = EDGE_CURVE ( 'NONE', #9534, #5836, #7627, .T. ) ;
#7041 = ORIENTED_EDGE ( 'NONE', *, *, #4223, .T. ) ;
#7042 = CARTESIAN_POINT ( 'NONE',  ( 1.420731560802830806, 3.790000000000001368, -0.2964604602438241088 ) ) ;
#7043 = CARTESIAN_POINT ( 'NONE',  ( 0.2052991459385476447, 3.790000000000000036, -0.09536699859281971836 ) ) ;
#7044 = CARTESIAN_POINT ( 'NONE',  ( 2.499419647634240960, 3.790000000000000036, -0.1283638900843636355 ) ) ;
#7045 = EDGE_LOOP ( 'NONE', ( #1963, #9226, #6918, #3077, #33, #7571, #381, #1237 ) ) ;
#7046 = DIRECTION ( 'NONE',  ( 0.0000000000000000000, 1.000000000000000000, 1.141265444721583757E-16 ) ) ;
#7047 = CARTESIAN_POINT ( 'NONE',  ( 3.552557480221095965, 3.799999999999999378, -0.5708242042970157470 ) ) ;
#7048 = CARTESIAN_POINT ( 'NONE',  ( 3.653755604240219945, 3.799999999999999378, 0.1994358897105536488 ) ) ;
#7049 = CARTESIAN_POINT ( 'NONE',  ( 1.476094365145529164, 3.789999999999999147, 0.1474952883693587402 ) ) ;
#7050 = DIRECTION ( 'NONE',  ( -0.0000000000000000000, 1.000000000000000000, -0.0000000000000000000 ) ) ;
#7051 = DIRECTION ( 'NONE',  ( -0.4489997666093132334, 0.0000000000000000000, -0.8935318738493788215 ) ) ;
#7052 = CARTESIAN_POINT ( 'NONE',  ( 1.412730427800444888, 3.799999999999999378, -0.1191220650685185789 ) ) ;
#7053 = UNCERTAINTY_MEASURE_WITH_UNIT (LENGTH_MEASURE( 1.000000000000000082E-05 ), #6497, 'distance_accuracy_value', 'NONE');
#7054 = ORIENTED_EDGE ( 'NONE', *, *, #6886, .F. ) ;
#7055 = VERTEX_POINT ( 'NONE', #2655 ) ;
#7056 = CARTESIAN_POINT ( 'NONE',  ( 1.115074786964188824, 3.790000000000000036, 0.2430945398687187897 ) ) ;
#7057 = CARTESIAN_POINT ( 'NONE',  ( -0.6646428256576036864, 3.799999999999998490, -0.2763126217663648965 ) ) ;
#7058 = DIRECTION ( 'NONE',  ( -0.0000000000000000000, 1.000000000000000000, -0.0000000000000000000 ) ) ;
#7059 = LINE ( 'NONE', #3408, #3100 ) ;
#7060 = FILL_AREA_STYLE ('',( #4704 ) ) ;
#7061 = LINE ( 'NONE', #897, #2744 ) ;
#7062 = CARTESIAN_POINT ( 'NONE',  ( 2.102215027008351722, 3.799999999999999378, -0.4777132154023924770 ) ) ;
#7063 = DIRECTION ( 'NONE',  ( 0.0000000000000000000, 1.000000000000000000, 0.0000000000000000000 ) ) ;
#7064 = CARTESIAN_POINT ( 'NONE',  ( 2.544427912229963340, 3.790000000000000480, 0.05984903665336747253 ) ) ;
#7065 =( NAMED_UNIT ( * ) PLANE_ANGLE_UNIT ( ) SI_UNIT ( $, .RADIAN. ) );
#7066 = UNCERTAINTY_MEASURE_WITH_UNIT (LENGTH_MEASURE( 1.000000000000000082E-05 ), #9497, 'distance_accuracy_value', 'NONE');
#7067 = PLANE ( 'NONE',  #8813 ) ;
#7068 = CARTESIAN_POINT ( 'NONE',  ( -3.223386751497349767, 3.790000000000000036, 0.2430945398687187897 ) ) ;
#7069 = CARTESIAN_POINT ( 'NONE',  ( 3.533068408557002549, 3.789999999999999591, 0.1772521092274686183 ) ) ;
#7070 = STYLED_ITEM ( 'NONE', ( #6976 ), #3685 ) ;
#7071 = DIRECTION ( 'NONE',  ( 0.5661055431932078275, 0.0000000000000000000, -0.8243327689506968481 ) ) ;
#7072 = ORIENTED_EDGE ( 'NONE', *, *, #5652, .T. ) ;
#7073 = EDGE_CURVE ( 'NONE', #8053, #3639, #1175, .T. ) ;
#7074 = CARTESIAN_POINT ( 'NONE',  ( 2.103130200689170781, 3.790000000000000036, 0.1645680294739878535 ) ) ;
#7075 = CARTESIAN_POINT ( 'NONE',  ( 3.498691490612237498, 3.790000000000000480, 0.1813607246131793138 ) ) ;
#7076 = LINE ( 'NONE', #4430, #7189 ) ;
#7077 =( NAMED_UNIT ( * ) SI_UNIT ( $, .STERADIAN. ) SOLID_ANGLE_UNIT ( ) );
#7078 = CARTESIAN_POINT ( 'NONE',  ( 1.880131375055913434, 3.800000000000000266, -0.07374269096409047375 ) ) ;
#7079 = CARTESIAN_POINT ( 'NONE',  ( 3.618754553502099292, 3.800000000000000266, 0.2276588057009266419 ) ) ;
#7080 = FACE_OUTER_BOUND ( 'NONE', #4808, .T. ) ;
#7081 = DIRECTION ( 'NONE',  ( 0.1308757600508718144, 0.0000000000000000000, -0.9913987771987146091 ) ) ;
#7082 = ORIENTED_EDGE ( 'NONE', *, *, #3929, .F. ) ;
#7083 = CARTESIAN_POINT ( 'NONE',  ( 1.431271487503432249, 3.800000000000000266, 0.03951974538138159493 ) ) ;
#7084 = ORIENTED_EDGE ( 'NONE', *, *, #5652, .F. ) ;
#7085 = MECHANICAL_DESIGN_GEOMETRIC_PRESENTATION_REPRESENTATION (  '', ( #605 ), #1119 ) ;
#7086 = SURFACE_STYLE_FILL_AREA ( #3599 ) ;
#7087 = VECTOR ( 'NONE', #1486, 1000.000000000000114 ) ;
#7088 = VECTOR ( 'NONE', #49, 1000.000000000000000 ) ;
#7089 = CARTESIAN_POINT ( 'NONE',  ( 5.569999999999999396, 1.900000000000000355, -1.250000000000000222 ) ) ;
#7090 = DIRECTION ( 'NONE',  ( -1.000000000000000000, 0.0000000000000000000, 0.0000000000000000000 ) ) ;
#7091 = STYLED_ITEM ( 'NONE', ( #4959 ), #8087 ) ;
#7092 = SURFACE_STYLE_USAGE ( .BOTH. , #293 ) ;
#7093 = ORIENTED_EDGE ( 'NONE', *, *, #1452, .F. ) ;
#7094 = EDGE_LOOP ( 'NONE', ( #8152, #9188, #6089, #7581 ) ) ;
#7095 = SURFACE_STYLE_FILL_AREA ( #7005 ) ;
#7096 = SURFACE_STYLE_FILL_AREA ( #2605 ) ;
#7097 = ORIENTED_EDGE ( 'NONE', *, *, #7725, .T. ) ;
#7098 = PRESENTATION_STYLE_ASSIGNMENT (( #5979 ) ) ;
#7099 = CARTESIAN_POINT ( 'NONE',  ( 2.053411323487987605, 3.800000000000000711, -0.3783475752762975874 ) ) ;
#7100 = DIRECTION ( 'NONE',  ( 0.4486095002441218837, 0.0000000000000000000, -0.8937278759727252941 ) ) ;
#7101 = VERTEX_POINT ( 'NONE', #3289 ) ;
#7102 = CARTESIAN_POINT ( 'NONE',  ( -0.6494548431019259160, 3.789999999999999591, -0.1174351285856989197 ) ) ;
#7103 = FILL_AREA_STYLE ('',( #3465 ) ) ;
#7104 = EDGE_CURVE ( 'NONE', #4759, #4597, #3961, .T. ) ;
#7105 = LINE ( 'NONE', #2329, #4191 ) ;
#7106 = FILL_AREA_STYLE ('',( #3498 ) ) ;
#7107 = CARTESIAN_POINT ( 'NONE',  ( 0.2052991459385476447, 3.799999999999999822, -0.09536699859281973224 ) ) ;
#7108 = CARTESIAN_POINT ( 'NONE',  ( -1.586207264317862631, 3.790000000000000036, -0.5569054601312812824 ) ) ;
#7109 = COLOUR_RGB ( '',1.000000000000000000, 1.000000000000000000, 1.000000000000000000 ) ;
#7110 = MECHANICAL_DESIGN_GEOMETRIC_PRESENTATION_REPRESENTATION (  '', ( #6295 ), #6791 ) ;
#7111 = LINE ( 'NONE', #4305, #1489 ) ;
#7112 = CARTESIAN_POINT ( 'NONE',  ( 3.703774085558618978, 3.799999999999999822, 0.1290033061593627295 ) ) ;
#7113 = PRESENTATION_STYLE_ASSIGNMENT (( #2220 ) ) ;
#7114 = ORIENTED_EDGE ( 'NONE', *, *, #8138, .T. ) ;
#7115 = CARTESIAN_POINT ( 'NONE',  ( 3.299801386531980629, 3.789999999999999591, -0.3853173816508244087 ) ) ;
#7116 = COLOUR_RGB ( '',1.000000000000000000, 1.000000000000000000, 1.000000000000000000 ) ;
#7117 = SURFACE_STYLE_USAGE ( .BOTH. , #1905 ) ;
#7118 = SURFACE_SIDE_STYLE ('',( #8252 ) ) ;
#7119 = STYLED_ITEM ( 'NONE', ( #9247 ), #9556 ) ;
#7120 = CARTESIAN_POINT ( 'NONE',  ( 3.629931074591578266, 3.800000000000001155, -0.5308149312095492567 ) ) ;
#7121 = CARTESIAN_POINT ( 'NONE',  ( 1.043279915169317285, 3.790000000000000036, -0.4748541780799992451 ) ) ;
#7122 = ORIENTED_EDGE ( 'NONE', *, *, #7409, .T. ) ;
#7123 = EDGE_CURVE ( 'NONE', #975, #6040, #8569, .T. ) ;
#7124 = ORIENTED_EDGE ( 'NONE', *, *, #8210, .T. ) ;
#7125 =( NAMED_UNIT ( * ) SI_UNIT ( $, .STERADIAN. ) SOLID_ANGLE_UNIT ( ) );
#7126 = LINE ( 'NONE', #393, #2926 ) ;
#7127 = DIRECTION ( 'NONE',  ( -1.000000000000000000, -0.0000000000000000000, -8.673617379884036705E-17 ) ) ;
#7129 = EDGE_CURVE ( 'NONE', #1300, #5378, #7980, .T. ) ;
#7128 = CARTESIAN_POINT ( 'NONE',  ( -3.145021366881965541, 3.799999999999999822, 0.2430945398687187897 ) ) ;
#7130 = ORIENTED_EDGE ( 'NONE', *, *, #2448, .T. ) ;
#7131 = FILL_AREA_STYLE_COLOUR ( '', #3405 ) ;
#7132 = CARTESIAN_POINT ( 'NONE',  ( 2.306508885023383471, 3.790000000000000036, -0.4949033076565250155 ) ) ;
#7133 = ORIENTED_EDGE ( 'NONE', *, *, #3638, .T. ) ;
#7134 = CARTESIAN_POINT ( 'NONE',  ( 1.484332858381818721, 3.790000000000000036, -0.1462200432618289969 ) ) ;
#7135 = CARTESIAN_POINT ( 'NONE',  ( -2.245982905343503866, 3.790000000000000036, -0.5569054601312812824 ) ) ;
#7136 = FILL_AREA_STYLE ('',( #9425 ) ) ;
#7137 = EDGE_CURVE ( 'NONE', #6657, #1204, #3664, .T. ) ;
#7138 = CARTESIAN_POINT ( 'NONE',  ( 2.301727798699757965, 3.790000000000000480, 0.2635147117056074739 ) ) ;
#7139 = CARTESIAN_POINT ( 'NONE',  ( 2.350184646653020071, 3.790000000000000480, 0.1734214998187547652 ) ) ;
#7140 = VERTEX_POINT ( 'NONE', #6436 ) ;
#7141 = CARTESIAN_POINT ( 'NONE',  ( 2.027895299784701511, 3.790000000000000036, -0.1565849473107684686 ) ) ;
#7142 =( NAMED_UNIT ( * ) SI_UNIT ( $, .STERADIAN. ) SOLID_ANGLE_UNIT ( ) );
#7143 = PRESENTATION_LAYER_ASSIGNMENT (  '', '', ( #7456 ) ) ;
#7144 = PLANE ( 'NONE',  #762 ) ;
#7145 =( NAMED_UNIT ( * ) PLANE_ANGLE_UNIT ( ) SI_UNIT ( $, .RADIAN. ) );
#7146 = CARTESIAN_POINT ( 'NONE',  ( 5.569999999999999396, 0.0000000000000000000, 0.0000000000000000000 ) ) ;
#7147 = CARTESIAN_POINT ( 'NONE',  ( -0.4131303412409393916, 3.790000000000000036, 0.1610432578174366969 ) ) ;
#7148 = VECTOR ( 'NONE', #5007, 1000.000000000000000 ) ;
#7149 = CARTESIAN_POINT ( 'NONE',  ( 2.027895299784701511, 3.790000000000000036, -0.1565849473107684686 ) ) ;
#7150 =( GEOMETRIC_REPRESENTATION_CONTEXT ( 3 ) GLOBAL_UNCERTAINTY_ASSIGNED_CONTEXT ( ( #1988 ) ) GLOBAL_UNIT_ASSIGNED_CONTEXT ( ( #1833, #311, #1098 ) ) REPRESENTATION_CONTEXT ( 'NONE', 'WORKASPACE' ) );
#7151 = CARTESIAN_POINT ( 'NONE',  ( 1.420872147434188326, 3.800000000000001155, -0.01744779821163019648 ) ) ;
#7152 = ORIENTED_EDGE ( 'NONE', *, *, #4928, .T. ) ;
#7153 = FACE_OUTER_BOUND ( 'NONE', #3126, .T. ) ;
#7154 = DIRECTION ( 'NONE',  ( 0.0000000000000000000, -1.000000000000000000, 0.0000000000000000000 ) ) ;
#7155 =( LENGTH_UNIT ( ) NAMED_UNIT ( * ) SI_UNIT ( .MILLI., .METRE. ) );
#7156 = DIRECTION ( 'NONE',  ( 0.0000000000000000000, 0.0000000000000000000, -1.000000000000000000 ) ) ;
#7157 = CARTESIAN_POINT ( 'NONE',  ( 0.3501709408103427235, 3.790000000000000036, -0.4009759729517941573 ) ) ;
#7158 = ORIENTED_EDGE ( 'NONE', *, *, #1793, .T. ) ;
#7159 = STYLED_ITEM ( 'NONE', ( #1681 ), #6658 ) ;
#7160 = CARTESIAN_POINT ( 'NONE',  ( 1.569411289816152966, 3.800000000000001155, 0.1372665214499449171 ) ) ;
#7161 = ORIENTED_EDGE ( 'NONE', *, *, #1592, .T. ) ;
#7162 = MECHANICAL_DESIGN_GEOMETRIC_PRESENTATION_REPRESENTATION (  '', ( #6372 ), #3675 ) ;
#7163 = CARTESIAN_POINT ( 'NONE',  ( 3.389135384824799591, 3.790000000000001812, 0.2412062470975882555 ) ) ;
#7164 = CARTESIAN_POINT ( 'NONE',  ( -1.177393161753760298, 3.799999999999999822, -0.4748541780799992451 ) ) ;
#7165 = DIRECTION ( 'NONE',  ( 0.0000000000000000000, 1.000000000000000000, 0.0000000000000000000 ) ) ;
#7166 = ORIENTED_EDGE ( 'NONE', *, *, #5363, .T. ) ;
#7167 = FILL_AREA_STYLE ('',( #4937 ) ) ;
#7168 = ORIENTED_EDGE ( 'NONE', *, *, #3628, .F. ) ;
#7169 = CARTESIAN_POINT ( 'NONE',  ( 2.394962294735568431, 3.800000000000000711, 0.1502404609883683795 ) ) ;
#7170 = CARTESIAN_POINT ( 'NONE',  ( -0.9636625355508945390, 3.790000000000000480, -0.5460638533495413283 ) ) ;
#7171 = COLOUR_RGB ( '',1.000000000000000000, 1.000000000000000000, 1.000000000000000000 ) ;
#7172 = DIRECTION ( 'NONE',  ( 0.0000000000000000000, -1.000000000000000000, -1.141265444721583757E-16 ) ) ;
#7173 = MECHANICAL_DESIGN_GEOMETRIC_PRESENTATION_REPRESENTATION (  '', ( #6666 ), #9172 ) ;
#7174 = EDGE_CURVE ( 'NONE', #7903, #5351, #5504, .T. ) ;
#7175 = ADVANCED_FACE ( 'NONE', ( #7615 ), #4805, .T. ) ;
#7176 = DIRECTION ( 'NONE',  ( -1.000000000000000000, 0.0000000000000000000, 0.0000000000000000000 ) ) ;
#7177 =( NAMED_UNIT ( * ) SI_UNIT ( $, .STERADIAN. ) SOLID_ANGLE_UNIT ( ) );
#7178 = CARTESIAN_POINT ( 'NONE',  ( 3.644021569999964960, 3.789999999999999591, 0.08056646718051066469 ) ) ;
#7179 = UNCERTAINTY_MEASURE_WITH_UNIT (LENGTH_MEASURE( 1.000000000000000082E-05 ), #3889, 'distance_accuracy_value', 'NONE');
#7180 = CARTESIAN_POINT ( 'NONE',  ( 2.476710597269963454, 3.790000000000000480, 0.02258444817827516896 ) ) ;
#7181 = ORIENTED_EDGE ( 'NONE', *, *, #7616, .F. ) ;
#7182 = DIRECTION ( 'NONE',  ( 0.0000000000000000000, 1.836970198721029688E-16, -1.000000000000000000 ) ) ;
#7183 = CARTESIAN_POINT ( 'NONE',  ( -0.8624954909431520322, 3.799999999999998490, -0.5175582320623165478 ) ) ;
#7184 = LINE ( 'NONE', #7022, #5182 ) ;
#7185 = FACE_OUTER_BOUND ( 'NONE', #3091, .T. ) ;
#7186 = CARTESIAN_POINT ( 'NONE',  ( -0.7208226489332473230, 3.790000000000000036, -0.1469695626953838041 ) ) ;
#7187 = FACE_OUTER_BOUND ( 'NONE', #8624, .T. ) ;
#7188 = UNCERTAINTY_MEASURE_WITH_UNIT (LENGTH_MEASURE( 1.000000000000000082E-05 ), #1993, 'distance_accuracy_value', 'NONE');
#7189 = VECTOR ( 'NONE', #3690, 1000.000000000000114 ) ;
#7190 = CARTESIAN_POINT ( 'NONE',  ( 1.515137771247793363, 3.790000000000000480, 0.05991275284011749608 ) ) ;
#7191 = LINE ( 'NONE', #9524, #1578 ) ;
#7192 = ORIENTED_EDGE ( 'NONE', *, *, #3929, .T. ) ;
#7193 =( NAMED_UNIT ( * ) SI_UNIT ( $, .STERADIAN. ) SOLID_ANGLE_UNIT ( ) );
#7194 = SURFACE_SIDE_STYLE ('',( #6114 ) ) ;
#7195 = SURFACE_SIDE_STYLE ('',( #4168 ) ) ;
#7196 = ORIENTED_EDGE ( 'NONE', *, *, #9139, .T. ) ;
#7197 = FACE_OUTER_BOUND ( 'NONE', #5868, .T. ) ;
#7198 =( NAMED_UNIT ( * ) PLANE_ANGLE_UNIT ( ) SI_UNIT ( $, .RADIAN. ) );
#7199 = LINE ( 'NONE', #7596, #8374 ) ;
#7200 =( NAMED_UNIT ( * ) SI_UNIT ( $, .STERADIAN. ) SOLID_ANGLE_UNIT ( ) );
#7201 = PRESENTATION_LAYER_ASSIGNMENT (  '', '', ( #8890 ) ) ;
#7202 = CARTESIAN_POINT ( 'NONE',  ( -0.7495608486830364070, 3.790000000000000036, -0.003029647583314454794 ) ) ;
#7203 = CARTESIAN_POINT ( 'NONE',  ( 2.219971756585418898, 3.790000000000000924, -0.4759831676715790549 ) ) ;
#7204 = ORIENTED_EDGE ( 'NONE', *, *, #1074, .T. ) ;
#7205 = VERTEX_POINT ( 'NONE', #9483 ) ;
#7206 = EDGE_CURVE ( 'NONE', #1529, #5917, #2038, .T. ) ;
#7207 = VERTEX_POINT ( 'NONE', #2687 ) ;
#7208 =( NAMED_UNIT ( * ) SI_UNIT ( $, .STERADIAN. ) SOLID_ANGLE_UNIT ( ) );
#7209 = CARTESIAN_POINT ( 'NONE',  ( -0.1054380335486315573, 3.799999999999999822, 0.2430945398687187897 ) ) ;
#7210 = SURFACE_SIDE_STYLE ('',( #4852 ) ) ;
#7211 = ORIENTED_EDGE ( 'NONE', *, *, #7300, .F. ) ;
#7212 = EDGE_LOOP ( 'NONE', ( #7969, #3237, #3379, #6392 ) ) ;
#7213 = DIRECTION ( 'NONE',  ( -0.0000000000000000000, 1.000000000000000000, -0.0000000000000000000 ) ) ;
#7214 = CARTESIAN_POINT ( 'NONE',  ( 3.524980516662342467, 3.790000000000000036, -0.5764464971700981044 ) ) ;
#7215 = CARTESIAN_POINT ( 'NONE',  ( 3.624084751261363646, 3.790000000000000480, -0.02619762815537325998 ) ) ;
#7216 = CARTESIAN_POINT ( 'NONE',  ( -0.8900534181640165077, 3.790000000000000036, -0.5280593062851274277 ) ) ;
#7217 = VECTOR ( 'NONE', #7777, 1000.000000000000000 ) ;
#7218 = SURFACE_SIDE_STYLE ('',( #7282 ) ) ;
#7219 = VECTOR ( 'NONE', #2327, 1000.000000000000000 ) ;
#7220 = DIRECTION ( 'NONE',  ( 0.0000000000000000000, -1.000000000000000000, -0.0000000000000000000 ) ) ;
#7221 = AXIS2_PLACEMENT_3D ( 'NONE', #6395, #1934, #3446 ) ;
#7222 = DIRECTION ( 'NONE',  ( 0.0000000000000000000, 1.000000000000000000, 3.423796334164751519E-16 ) ) ;
#7223 = CARTESIAN_POINT ( 'NONE',  ( 3.563631642226060769, 3.799999999999999378, -0.09162199058337816560 ) ) ;
#7224 = ADVANCED_FACE ( 'NONE', ( #7153 ), #8755, .T. ) ;
#7225 = ORIENTED_EDGE ( 'NONE', *, *, #7232, .F. ) ;
#7226 = COLOUR_RGB ( '',0.5019607843137254832, 0.5019607843137254832, 0.5019607843137254832 ) ;
#7227 = COLOUR_RGB ( '',1.000000000000000000, 1.000000000000000000, 1.000000000000000000 ) ;
#7228 = ORIENTED_EDGE ( 'NONE', *, *, #8316, .F. ) ;
#7229 = CARTESIAN_POINT ( 'NONE',  ( 1.508500263386431062, 3.790000000000000036, 0.04330725146975168000 ) ) ;
#7230 = SURFACE_STYLE_FILL_AREA ( #5634 ) ;
#7231 = CARTESIAN_POINT ( 'NONE',  ( -0.6874781561669022212, 3.790000000000000036, 0.04157388594193024006 ) ) ;
#7232 = EDGE_CURVE ( 'NONE', #6893, #6040, #1045, .T. ) ;
#7233 = CARTESIAN_POINT ( 'NONE',  ( 2.295363248502650499, 3.790000000000000036, 0.2636073603815393129 ) ) ;
#7234 = CARTESIAN_POINT ( 'NONE',  ( 3.343356456525288678, 3.789999999999999591, 0.2125273966656758273 ) ) ;
#7235 = CARTESIAN_POINT ( 'NONE',  ( 2.394962294735568431, 3.790000000000000924, 0.1502404609883683795 ) ) ;
#7236 = VECTOR ( 'NONE', #6129, 1000.000000000000000 ) ;
#7237 = CARTESIAN_POINT ( 'NONE',  ( 2.172745818100318083, 3.800000000000000266, -0.5432567312496370260 ) ) ;
#7238 = CARTESIAN_POINT ( 'NONE',  ( -0.7237299009480101519, 3.789999999999999591, -0.09509850256644200583 ) ) ;
#7239 = CARTESIAN_POINT ( 'NONE',  ( 2.245047036960797993, 3.789999999999998259, -0.4874147027430336121 ) ) ;
#7240 = FACE_BOUND ( 'NONE', #1080, .T. ) ;
#7241 = ORIENTED_EDGE ( 'NONE', *, *, #7314, .F. ) ;
#7242 = ORIENTED_EDGE ( 'NONE', *, *, #7482, .T. ) ;
#7243 = ORIENTED_EDGE ( 'NONE', *, *, #9404, .F. ) ;
#7244 = AXIS2_PLACEMENT_3D ( 'NONE', #3698, #701, #4501 ) ;
#7245 = DIRECTION ( 'NONE',  ( -1.000000000000000000, 0.0000000000000000000, 0.0000000000000000000 ) ) ;
#7246 = CARTESIAN_POINT ( 'NONE',  ( 3.094561966451368384, 3.799999999999999822, 0.05847915525333415021 ) ) ;
#7247 = CARTESIAN_POINT ( 'NONE',  ( 2.314378445618084701, 3.799999999999999822, -0.5770850403972570541 ) ) ;
#7248 = CARTESIAN_POINT ( 'NONE',  ( 3.709946581835984247, 3.790000000000000036, -0.4420016139774352038 ) ) ;
#7249 = CARTESIAN_POINT ( 'NONE',  ( 2.099770461950070555, 3.789999999999999591, -0.1254817473077357026 ) ) ;
#7250 = CARTESIAN_POINT ( 'NONE',  ( 3.459990879992474788, 3.790000000000000924, -0.2625909675962110890 ) ) ;
#7251 = EDGE_CURVE ( 'NONE', #8854, #1766, #9344, .T. ) ;
#7252 = CARTESIAN_POINT ( 'NONE',  ( -0.6495115390037301539, 3.800000000000000711, -0.1806350370198903377 ) ) ;
#7253 = ORIENTED_EDGE ( 'NONE', *, *, #6596, .T. ) ;
#7254 = CARTESIAN_POINT ( 'NONE',  ( 1.548372239900811964, 3.789999999999999591, 0.1155454211852845053 ) ) ;
#7256 = EDGE_CURVE ( 'NONE', #4010, #5341, #2381, .T. ) ;
#7255 = CARTESIAN_POINT ( 'NONE',  ( 3.404102976585719809, 3.799999999999999822, -0.4666663876541276013 ) ) ;
#7257 = CARTESIAN_POINT ( 'NONE',  ( 3.094561966451368384, 3.790000000000000036, -0.02357212679794789753 ) ) ;
#7258 = CARTESIAN_POINT ( 'NONE',  ( 2.374780826894379082, 3.790000000000000036, -0.4759237100520955499 ) ) ;
#7259 = AXIS2_PLACEMENT_3D ( 'NONE', #7640, #2511, #3193 ) ;
#7260 = CARTESIAN_POINT ( 'NONE',  ( 3.531741453630855787, 3.790000000000000036, -0.2110721267979479565 ) ) ;
#7261 = CARTESIAN_POINT ( 'NONE',  ( -0.7264525577128847500, 3.790000000000000924, 0.1074199148251074043 ) ) ;
#7262 = ORIENTED_EDGE ( 'NONE', *, *, #1215, .F. ) ;
#7263 = ORIENTED_EDGE ( 'NONE', *, *, #4778, .F. ) ;
#7264 = EDGE_CURVE ( 'NONE', #8162, #5006, #5385, .T. ) ;
#7265 = CARTESIAN_POINT ( 'NONE',  ( -1.066749000632985389, 3.790000000000000036, 0.1599204053160963035 ) ) ;
#7266 = SURFACE_SIDE_STYLE ('',( #7917 ) ) ;
#7267 =( LENGTH_UNIT ( ) NAMED_UNIT ( * ) SI_UNIT ( .MILLI., .METRE. ) );
#7268 = UNCERTAINTY_MEASURE_WITH_UNIT (LENGTH_MEASURE( 1.000000000000000082E-05 ), #8638, 'distance_accuracy_value', 'NONE');
#7269 = LINE ( 'NONE', #9704, #4576 ) ;
#7270 = SURFACE_SIDE_STYLE ('',( #3848 ) ) ;
#7271 =( NAMED_UNIT ( * ) SI_UNIT ( $, .STERADIAN. ) SOLID_ANGLE_UNIT ( ) );
#7272 = COLOUR_RGB ( '',1.000000000000000000, 1.000000000000000000, 1.000000000000000000 ) ;
#7273 = ORIENTED_EDGE ( 'NONE', *, *, #2002, .F. ) ;
#7274 = SURFACE_STYLE_USAGE ( .BOTH. , #2702 ) ;
#7275 =( GEOMETRIC_REPRESENTATION_CONTEXT ( 3 ) GLOBAL_UNCERTAINTY_ASSIGNED_CONTEXT ( ( #4425 ) ) GLOBAL_UNIT_ASSIGNED_CONTEXT ( ( #9073, #4542, #9108 ) ) REPRESENTATION_CONTEXT ( 'NONE', 'WORKASPACE' ) );
#7276 = CARTESIAN_POINT ( 'NONE',  ( 0.9202029920923936457, 3.790000000000000036, -0.4748541780799992451 ) ) ;
#7277 = CARTESIAN_POINT ( 'NONE',  ( 3.617183021405535825, 3.789999999999999591, -0.5404194624732847618 ) ) ;
#7278 = CARTESIAN_POINT ( 'NONE',  ( 1.928423465843850604, 3.790000000000000036, -0.3739576591678854256 ) ) ;
#7279 = VECTOR ( 'NONE', #8505, 1000.000000000000000 ) ;
#7280 = CARTESIAN_POINT ( 'NONE',  ( -0.6736469917367923221, 3.790000000000000924, -0.3057606555928848446 ) ) ;
#7281 = VERTEX_POINT ( 'NONE', #8110 ) ;
#7282 = SURFACE_STYLE_FILL_AREA ( #6564 ) ;
#7283 = CARTESIAN_POINT ( 'NONE',  ( 3.355187167036842055, 3.790000000000001368, -0.5243023941363791351 ) ) ;
#7284 = CARTESIAN_POINT ( 'NONE',  ( -3.569999999999999396, 1.900000000000000355, -1.249999999999999556 ) ) ;
#7285 = EDGE_CURVE ( 'NONE', #2396, #7874, #4347, .T. ) ;
#7286 = VERTEX_POINT ( 'NONE', #3702 ) ;
#7287 = ORIENTED_EDGE ( 'NONE', *, *, #6752, .F. ) ;
#7288 = AXIS2_PLACEMENT_3D ( 'NONE', #6712, #3792, #2254 ) ;
#7289 = CARTESIAN_POINT ( 'NONE',  ( -0.7743657107995683964, 3.789999999999999147, 0.1603500661947875883 ) ) ;
#7290 = CARTESIAN_POINT ( 'NONE',  ( 1.417043018437051494, 3.799999999999999378, -0.2646563308636123990 ) ) ;
#7291 = SURFACE_STYLE_USAGE ( .BOTH. , #7266 ) ;
#7292 = FACE_OUTER_BOUND ( 'NONE', #7667, .T. ) ;
#7293 = CARTESIAN_POINT ( 'NONE',  ( -2.542457264317862897, 3.799999999999999822, 0.2430945398687187897 ) ) ;
#7294 = CARTESIAN_POINT ( 'NONE',  ( 2.173807885945427731, 3.800000000000001155, 0.1270272114303801214 ) ) ;
#7295 = LINE ( 'NONE', #8716, #5762 ) ;
#7296 = CARTESIAN_POINT ( 'NONE',  ( -1.063479183217076907, 3.799999999999999822, -0.5553696877733285131 ) ) ;
#7297 = SURFACE_STYLE_USAGE ( .BOTH. , #7270 ) ;
#7298 = CARTESIAN_POINT ( 'NONE',  ( 3.371574900890997206, 3.790000000000000924, -0.3897988950729489588 ) ) ;
#7299 = MECHANICAL_DESIGN_GEOMETRIC_PRESENTATION_REPRESENTATION (  '', ( #2616 ), #2934 ) ;
#7300 = EDGE_CURVE ( 'NONE', #4032, #4652, #7832, .T. ) ;
#7301 = CARTESIAN_POINT ( 'NONE',  ( 2.403422923281495649, 3.790000000000000036, -0.5523995926297621262 ) ) ;
#7302 =( LENGTH_UNIT ( ) NAMED_UNIT ( * ) SI_UNIT ( .MILLI., .METRE. ) );
#7303 = SURFACE_SIDE_STYLE ('',( #6019 ) ) ;
#7304 = CARTESIAN_POINT ( 'NONE',  ( 2.108925061061111883, 3.799999999999999822, -0.2971399519715639537 ) ) ;
#7305 = SURFACE_SIDE_STYLE ('',( #6884 ) ) ;
#7306 = CARTESIAN_POINT ( 'NONE',  ( 1.888750978974151673, 3.790000000000000036, -0.4587483108834661816 ) ) ;
#7307 = CARTESIAN_POINT ( 'NONE',  ( -0.9758110742898242762, 3.790000000000002256, -0.4625210356058304662 ) ) ;
#7308 = CARTESIAN_POINT ( 'NONE',  ( 3.580523883348727843, 3.790000000000000924, -0.07583706328067314761 ) ) ;
#7309 = CARTESIAN_POINT ( 'NONE',  ( -0.7208226489332473230, 3.799999999999999822, -0.1469695626953838041 ) ) ;
#7310 = EDGE_LOOP ( 'NONE', ( #723, #8345, #2764, #1657, #1965, #4550, #7779, #6009, #3084, #7563, #3106, #3335, #2517 ) ) ;
#7311 = COLOUR_RGB ( '',1.000000000000000000, 1.000000000000000000, 1.000000000000000000 ) ;
#7312 = DIRECTION ( 'NONE',  ( -1.000000000000000000, -0.0000000000000000000, -0.0000000000000000000 ) ) ;
#7313 = VERTEX_POINT ( 'NONE', #641 ) ;
#7314 = EDGE_CURVE ( 'NONE', #8355, #9148, #2143, .T. ) ;
#7315 = PRESENTATION_STYLE_ASSIGNMENT (( #7117 ) ) ;
#7316 = VECTOR ( 'NONE', #836, 1000.000000000000000 ) ;
#7317 = CARTESIAN_POINT ( 'NONE',  ( -0.9579402735733794083, 3.790000000000001812, 0.2373925479198054633 ) ) ;
#7318 = PLANE ( 'NONE',  #1457 ) ;
#7319 = ORIENTED_EDGE ( 'NONE', *, *, #9370, .F. ) ;
#7321 =( LENGTH_UNIT ( ) NAMED_UNIT ( * ) SI_UNIT ( .MILLI., .METRE. ) );
#7320 =( NAMED_UNIT ( * ) SI_UNIT ( $, .STERADIAN. ) SOLID_ANGLE_UNIT ( ) );
#7322 = FILL_AREA_STYLE ('',( #9518 ) ) ;
#7323 =( GEOMETRIC_REPRESENTATION_CONTEXT ( 3 ) GLOBAL_UNCERTAINTY_ASSIGNED_CONTEXT ( ( #3301 ) ) GLOBAL_UNIT_ASSIGNED_CONTEXT ( ( #2411, #2243, #6595 ) ) REPRESENTATION_CONTEXT ( 'NONE', 'WORKASPACE' ) );
#7324 = FILL_AREA_STYLE_COLOUR ( '', #7771 ) ;
#7325 = DIRECTION ( 'NONE',  ( -1.000000000000000000, 0.0000000000000000000, 0.0000000000000000000 ) ) ;
#7326 = MECHANICAL_DESIGN_GEOMETRIC_PRESENTATION_REPRESENTATION (  '', ( #6336 ), #6463 ) ;
#7327 = ORIENTED_EDGE ( 'NONE', *, *, #5241, .T. ) ;
#7328 = CARTESIAN_POINT ( 'NONE',  ( -2.698547007907606154, 3.790000000000000036, -0.09536699859281973224 ) ) ;
#7329 = CARTESIAN_POINT ( 'NONE',  ( -5.500000000000000000, 1.899999999999999911, -0.3500000000000004774 ) ) ;
#7330 = CARTESIAN_POINT ( 'NONE',  ( -5.500000000000000000, 1.399999999999999911, 0.3499999999999995337 ) ) ;
#7331 = CARTESIAN_POINT ( 'NONE',  ( 2.101167261606363468, 3.799999999999998934, -0.2186761852187052990 ) ) ;
#7332 = DIRECTION ( 'NONE',  ( 0.0000000000000000000, -0.0000000000000000000, 1.000000000000000000 ) ) ;
#7333 =( NAMED_UNIT ( * ) SI_UNIT ( $, .STERADIAN. ) SOLID_ANGLE_UNIT ( ) );
#7334 = VECTOR ( 'NONE', #6588, 1000.000000000000000 ) ;
#7335 = CARTESIAN_POINT ( 'NONE',  ( -0.6844936187850543252, 3.799999999999999822, -0.3340480174352129517 ) ) ;
#7336 =( GEOMETRIC_REPRESENTATION_CONTEXT ( 3 ) GLOBAL_UNCERTAINTY_ASSIGNED_CONTEXT ( ( #2593 ) ) GLOBAL_UNIT_ASSIGNED_CONTEXT ( ( #2080, #5054, #3619 ) ) REPRESENTATION_CONTEXT ( 'NONE', 'WORKASPACE' ) );
#7337 = ORIENTED_EDGE ( 'NONE', *, *, #8711, .F. ) ;
#7338 = PRESENTATION_STYLE_ASSIGNMENT (( #8495 ) ) ;
#7339 = ADVANCED_FACE ( 'NONE', ( #4118 ), #7446, .T. ) ;
#7340 =( NAMED_UNIT ( * ) SI_UNIT ( $, .STERADIAN. ) SOLID_ANGLE_UNIT ( ) );
#7341 = CARTESIAN_POINT ( 'NONE',  ( -0.7240674387289940395, 3.790000000000001812, -0.2016754735382939590 ) ) ;
#7342 =( GEOMETRIC_REPRESENTATION_CONTEXT ( 3 ) GLOBAL_UNCERTAINTY_ASSIGNED_CONTEXT ( ( #7489 ) ) GLOBAL_UNIT_ASSIGNED_CONTEXT ( ( #7825, #8587, #2417 ) ) REPRESENTATION_CONTEXT ( 'NONE', 'WORKASPACE' ) );
#7343 =( GEOMETRIC_REPRESENTATION_CONTEXT ( 3 ) GLOBAL_UNCERTAINTY_ASSIGNED_CONTEXT ( ( #7470 ) ) GLOBAL_UNIT_ASSIGNED_CONTEXT ( ( #3390, #6821, #7510 ) ) REPRESENTATION_CONTEXT ( 'NONE', 'WORKASPACE' ) );
#7344 = CARTESIAN_POINT ( 'NONE',  ( -0.7599542725479195848, 3.799999999999999378, 0.01743637154173188764 ) ) ;
#7345 = EDGE_LOOP ( 'NONE', ( #3398, #3054, #8635, #2504 ) ) ;
#7346 = DIRECTION ( 'NONE',  ( 0.0000000000000000000, 1.000000000000000000, 0.0000000000000000000 ) ) ;
#7347 = LINE ( 'NONE', #9387, #3413 ) ;
#7348 = MECHANICAL_DESIGN_GEOMETRIC_PRESENTATION_REPRESENTATION (  '', ( #6359 ), #3863 ) ;
#7349 = ORIENTED_EDGE ( 'NONE', *, *, #2175, .F. ) ;
#7350 = EDGE_CURVE ( 'NONE', #147, #2551, #4689, .T. ) ;
#7351 =( LENGTH_UNIT ( ) NAMED_UNIT ( * ) SI_UNIT ( .MILLI., .METRE. ) );
#7352 = MECHANICAL_DESIGN_GEOMETRIC_PRESENTATION_REPRESENTATION (  '', ( #3378 ), #7860 ) ;
#7354 = CARTESIAN_POINT ( 'NONE',  ( -0.9364262822676659992, 3.800000000000001155, -0.5411494752136910558 ) ) ;
#7353 = FILL_AREA_STYLE ('',( #4520 ) ) ;
#7355 = CARTESIAN_POINT ( 'NONE',  ( 2.105472800181350301, 3.800000000000001155, -0.04112354702014023311 ) ) ;
#7356 = ORIENTED_EDGE ( 'NONE', *, *, #8711, .T. ) ;
#7357 = CARTESIAN_POINT ( 'NONE',  ( -3.023386751497350033, 3.790000000000000036, -0.01331571654153768276 ) ) ;
#7358 = VECTOR ( 'NONE', #6176, 1000.000000000000000 ) ;
#7359 = CARTESIAN_POINT ( 'NONE',  ( 0.3458440177334194399, 3.790000000000000036, -0.5569054601312812824 ) ) ;
#7360 = FILL_AREA_STYLE ('',( #1401 ) ) ;
#7361 = CARTESIAN_POINT ( 'NONE',  ( 3.396321820637040467, 3.799999999999999822, -0.5533265405615452881 ) ) ;
#7362 = UNCERTAINTY_MEASURE_WITH_UNIT (LENGTH_MEASURE( 1.000000000000000082E-05 ), #2446, 'distance_accuracy_value', 'NONE');
#7363 = CARTESIAN_POINT ( 'NONE',  ( -5.000000000000000888, 0.0000000000000000000, -5.000000000000000888 ) ) ;
#7364 = CARTESIAN_POINT ( 'NONE',  ( -0.6490277771383753391, 3.799999999999999822, -0.1468093062851274222 ) ) ;
#7365 = CARTESIAN_POINT ( 'NONE',  ( 1.679978633118034859, 3.790000000000000036, -0.5774182806441018334 ) ) ;
#7366 = CARTESIAN_POINT ( 'NONE',  ( 3.510872811582554931, 3.800000000000000266, -0.2258731314161079584 ) ) ;
#7367 = CARTESIAN_POINT ( 'NONE',  ( -0.7208226489332473230, 3.790000000000000036, -0.1469695626953838041 ) ) ;
#7368 = CARTESIAN_POINT ( 'NONE',  ( 3.459990879992474788, 3.790000000000000924, -0.2625909675962110890 ) ) ;
#7369 = CARTESIAN_POINT ( 'NONE',  ( -0.8512514634985121065, 3.800000000000000266, 0.1127853994455231823 ) ) ;
#7370 = CARTESIAN_POINT ( 'NONE',  ( 3.094561966451368384, 3.790000000000000036, 0.2430945398687187897 ) ) ;
#7371 = VECTOR ( 'NONE', #1297, 1000.000000000000000 ) ;
#7372 = VERTEX_POINT ( 'NONE', #2854 ) ;
#7373 =( NAMED_UNIT ( * ) SI_UNIT ( $, .STERADIAN. ) SOLID_ANGLE_UNIT ( ) );
#7374 = DIRECTION ( 'NONE',  ( -0.0000000000000000000, 1.000000000000000000, -0.0000000000000000000 ) ) ;
#7375 = ADVANCED_FACE ( 'NONE', ( #8219 ), #8213, .T. ) ;
#7376 = STYLED_ITEM ( 'NONE', ( #149 ), #4189 ) ;
#7377 = UNCERTAINTY_MEASURE_WITH_UNIT (LENGTH_MEASURE( 1.000000000000000082E-05 ), #372, 'distance_accuracy_value', 'NONE');
#7378 = EDGE_CURVE ( 'NONE', #7742, #8760, #5971, .T. ) ;
#7379 = CARTESIAN_POINT ( 'NONE',  ( 1.412731301121529226, 3.799999999999999822, -0.1943146323351605809 ) ) ;
#7380 = ORIENTED_EDGE ( 'NONE', *, *, #8932, .T. ) ;
#7382 = FILL_AREA_STYLE_COLOUR ( '', #1356 ) ;
#7381 = SURFACE_SIDE_STYLE ('',( #8599 ) ) ;
#7383 = CARTESIAN_POINT ( 'NONE',  ( 3.569999999999999396, 4.592425496802573972E-16, -1.250000000000000222 ) ) ;
#7384 = ADVANCED_FACE ( 'NONE', ( #5498 ), #1590, .T. ) ;
#7385 =( NAMED_UNIT ( * ) SI_UNIT ( $, .STERADIAN. ) SOLID_ANGLE_UNIT ( ) );
#7386 = CARTESIAN_POINT ( 'NONE',  ( 3.374263288044273335, 3.789999999999999147, -0.3685451713263663276 ) ) ;
#7387 = ORIENTED_EDGE ( 'NONE', *, *, #8615, .T. ) ;
#7388 = PRESENTATION_STYLE_ASSIGNMENT (( #4487 ) ) ;
#7389 = CARTESIAN_POINT ( 'NONE',  ( 2.557555558679265317, 3.800000000000001155, -0.3213087569115580244 ) ) ;
#7390 = CARTESIAN_POINT ( 'NONE',  ( 0.9671581202975220171, 3.799999999999999822, -0.5569054601312812824 ) ) ;
#7391 = CARTESIAN_POINT ( 'NONE',  ( 2.467332183595162043, 3.799999999999998934, 0.04979883414189231056 ) ) ;
#7392 = CARTESIAN_POINT ( 'NONE',  ( 1.679978633118034859, 3.799999999999999822, 0.2636073603815393129 ) ) ;
#7393 = EDGE_LOOP ( 'NONE', ( #607, #6110, #210, #3705, #8696, #552, #4213, #3423 ) ) ;
#7394 = VERTEX_POINT ( 'NONE', #4021 ) ;
#7395 = SURFACE_SIDE_STYLE ('',( #5648 ) ) ;
#7396 = CARTESIAN_POINT ( 'NONE',  ( -0.6494548431019259160, 3.799999999999999378, -0.1174351285856989197 ) ) ;
#7397 = CARTESIAN_POINT ( 'NONE',  ( 1.788038307896880230, 3.789999999999999591, -0.5523995926297620152 ) ) ;
#7398 = CARTESIAN_POINT ( 'NONE',  ( 3.527498115277961865, 3.800000000000001599, -0.4908293860856615121 ) ) ;
#7399 = CARTESIAN_POINT ( 'NONE',  ( 1.857690888016053421, 3.800000000000000266, -0.3501078295086467729 ) ) ;
#7400 = CARTESIAN_POINT ( 'NONE',  ( -0.9315598284204266166, 3.799999999999999822, -0.4524182806441018334 ) ) ;
#7401 = AXIS2_PLACEMENT_3D ( 'NONE', #8120, #3756, #8893 ) ;
#7402 = COLOUR_RGB ( '',1.000000000000000000, 1.000000000000000000, 1.000000000000000000 ) ;
#7403 = COLOUR_RGB ( '',1.000000000000000000, 1.000000000000000000, 1.000000000000000000 ) ;
#7404 = DIRECTION ( 'NONE',  ( 1.000000000000000000, 0.0000000000000000000, 0.0000000000000000000 ) ) ;
#7405 = CARTESIAN_POINT ( 'NONE',  ( -0.7719561706126703005, 3.799999999999999378, 0.03679403911668790994 ) ) ;
#7406 = CARTESIAN_POINT ( 'NONE',  ( -0.9525334825125656435, 3.799999999999998934, -0.4582180933151702162 ) ) ;
#7407 = LINE ( 'NONE', #8660, #840 ) ;
#7408 = CARTESIAN_POINT ( 'NONE',  ( 3.682862221301265393, 3.789999999999999591, 0.1658382005809326543 ) ) ;
#7409 = EDGE_CURVE ( 'NONE', #8666, #1029, #923, .T. ) ;
#7410 = VECTOR ( 'NONE', #5364, 1000.000000000000000 ) ;
#7411 =( NAMED_UNIT ( * ) SI_UNIT ( $, .STERADIAN. ) SOLID_ANGLE_UNIT ( ) );
#7412 = CARTESIAN_POINT ( 'NONE',  ( -1.305438033548631749, 3.799999999999999822, 0.2430945398687187897 ) ) ;
#7413 = CARTESIAN_POINT ( 'NONE',  ( 1.425220241996792536, 3.789999999999999147, -0.3260288635621580444 ) ) ;
#7414 = STYLED_ITEM ( 'NONE', ( #2217 ), #2165 ) ;
#7415 = CARTESIAN_POINT ( 'NONE',  ( -3.223386751497349767, 3.799999999999999822, 0.2430945398687187897 ) ) ;
#7416 =( NAMED_UNIT ( * ) PLANE_ANGLE_UNIT ( ) SI_UNIT ( $, .RADIAN. ) );
#7417 =( LENGTH_UNIT ( ) NAMED_UNIT ( * ) SI_UNIT ( .MILLI., .METRE. ) );
#7418 = AXIS2_PLACEMENT_3D ( 'NONE', #6702, #1470, #8956 ) ;
#7419 = EDGE_CURVE ( 'NONE', #4519, #4169, #9255, .T. ) ;
#7420 = LINE ( 'NONE', #5486, #9057 ) ;
#7421 = ORIENTED_EDGE ( 'NONE', *, *, #3253, .F. ) ;
#7422 = CARTESIAN_POINT ( 'NONE',  ( 3.683223622587274093, 3.799999999999998934, -0.06950515566475941320 ) ) ;
#7423 = VERTEX_POINT ( 'NONE', #4752 ) ;
#7424 = VERTEX_POINT ( 'NONE', #906 ) ;
#7425 = CARTESIAN_POINT ( 'NONE',  ( 2.441009188196716639, 3.799999999999999378, -0.4154715111534626470 ) ) ;
#7426 = CARTESIAN_POINT ( 'NONE',  ( 3.305570913596949989, 3.799999999999998046, -0.4403946869792306762 ) ) ;
#7427 = CARTESIAN_POINT ( 'NONE',  ( 1.954157598910256199, 3.799999999999999378, -0.08564916785487805551 ) ) ;
#7428 = EDGE_CURVE ( 'NONE', #2718, #3639, #7269, .T. ) ;
#7429 = CARTESIAN_POINT ( 'NONE',  ( 1.877079247993659994, 3.790000000000000924, -0.04804218787586597705 ) ) ;
#7430 = ADVANCED_FACE ( 'NONE', ( #4690 ), #2462, .T. ) ;
#7431 =( LENGTH_UNIT ( ) NAMED_UNIT ( * ) SI_UNIT ( .MILLI., .METRE. ) );
#7432 = CARTESIAN_POINT ( 'NONE',  ( 1.955665776529766475, 3.799999999999998934, -0.1928172289829195030 ) ) ;
#7433 = CARTESIAN_POINT ( 'NONE',  ( 3.590759957264912483, 3.799999999999999822, -0.4541929303493904002 ) ) ;
#7434 = COLOUR_RGB ( '',1.000000000000000000, 1.000000000000000000, 1.000000000000000000 ) ;
#7435 = CARTESIAN_POINT ( 'NONE',  ( 1.825624572812101887, 3.799999999999999378, -0.4154715111534629246 ) ) ;
#7436 =( NAMED_UNIT ( * ) PLANE_ANGLE_UNIT ( ) SI_UNIT ( $, .RADIAN. ) );
#7437 = EDGE_CURVE ( 'NONE', #2200, #492, #5432, .T. ) ;
#7438 = ORIENTED_EDGE ( 'NONE', *, *, #1824, .F. ) ;
#7439 = VERTEX_POINT ( 'NONE', #244 ) ;
#7440 = ORIENTED_EDGE ( 'NONE', *, *, #4608, .F. ) ;
#7441 = ADVANCED_FACE ( 'NONE', ( #8088 ), #2613, .F. ) ;
#7442 = LINE ( 'NONE', #725, #1713 ) ;
#7443 = CARTESIAN_POINT ( 'NONE',  ( 3.430120954244714415, 3.790000000000000036, -0.2854440806050804746 ) ) ;
#7444 = ORIENTED_EDGE ( 'NONE', *, *, #4778, .T. ) ;
#7445 = EDGE_LOOP ( 'NONE', ( #1611, #9261, #6211, #3932 ) ) ;
#7446 = PLANE ( 'NONE',  #590 ) ;
#7447 = STYLED_ITEM ( 'NONE', ( #9555 ), #3472 ) ;
#7448 = PRESENTATION_STYLE_ASSIGNMENT (( #4744 ) ) ;
#7449 = CARTESIAN_POINT ( 'NONE',  ( 3.569999999999999396, 1.899999999999999911, -0.3500000000000003109 ) ) ;
#7450 = ORIENTED_EDGE ( 'NONE', *, *, #7285, .F. ) ;
#7451 = SURFACE_STYLE_FILL_AREA ( #237 ) ;
#7452 = LINE ( 'NONE', #1369, #4650 ) ;
#7453 = EDGE_LOOP ( 'NONE', ( #5703, #5754, #2824 ) ) ;
#7454 =( LENGTH_UNIT ( ) NAMED_UNIT ( * ) SI_UNIT ( .MILLI., .METRE. ) );
#7455 = CARTESIAN_POINT ( 'NONE',  ( 1.691241375650337719, 3.800000000000000266, 0.1811908712876173499 ) ) ;
#7456 = STYLED_ITEM ( 'NONE', ( #7448 ), #5124 ) ;
#7457 = VECTOR ( 'NONE', #7814, 1000.000000000000000 ) ;
#7458 = STYLED_ITEM ( 'NONE', ( #8680 ), #7384 ) ;
#7459 = SURFACE_STYLE_USAGE ( .BOTH. , #3822 ) ;
#7460 = CARTESIAN_POINT ( 'NONE',  ( 3.299690171579573672, 3.799999999999999822, -0.3907195626953838818 ) ) ;
#7461 = CARTESIAN_POINT ( 'NONE',  ( -0.4131303412409393916, 3.790000000000000036, 0.1610432578174366969 ) ) ;
#7462 = CARTESIAN_POINT ( 'NONE',  ( 2.029736127007227164, 3.789999999999998259, -0.2306082648075719055 ) ) ;
#7463 = CARTESIAN_POINT ( 'NONE',  ( -0.8524992498395963514, 3.799999999999999822, 0.2104383025219470071 ) ) ;
#7464 = CARTESIAN_POINT ( 'NONE',  ( 1.485782646221747605, 3.799999999999998934, -0.2186761852187053268 ) ) ;
#7465 = CARTESIAN_POINT ( 'NONE',  ( 1.734517206402920841, 3.800000000000000711, -0.4873901694487445813 ) ) ;
#7466 = PLANE ( 'NONE',  #7244 ) ;
#7467 = ORIENTED_EDGE ( 'NONE', *, *, #3109, .T. ) ;
#7468 = ORIENTED_EDGE ( 'NONE', *, *, #5117, .T. ) ;
#7469 = EDGE_CURVE ( 'NONE', #9251, #739, #2525, .T. ) ;
#7470 = UNCERTAINTY_MEASURE_WITH_UNIT (LENGTH_MEASURE( 1.000000000000000082E-05 ), #3390, 'distance_accuracy_value', 'NONE');
#7471 = ADVANCED_FACE ( 'NONE', ( #500 ), #7864, .F. ) ;
#7472 = DIRECTION ( 'NONE',  ( -0.4188422247446084157, 0.0000000000000000000, -0.9080590238365492395 ) ) ;
#7473 = PRESENTATION_STYLE_ASSIGNMENT (( #9490 ) ) ;
#7474 = CARTESIAN_POINT ( 'NONE',  ( 1.759904093001494196, 3.790000000000000924, 0.1627998907984854193 ) ) ;
#7475 = STYLED_ITEM ( 'NONE', ( #2171 ), #6042 ) ;
#7476 = VECTOR ( 'NONE', #4850, 1000.000000000000000 ) ;
#7477 = CARTESIAN_POINT ( 'NONE',  ( 3.653755604240219945, 3.789999999999999591, 0.1994358897105536488 ) ) ;
#7478 = CARTESIAN_POINT ( 'NONE',  ( -3.145021366881965541, 3.790000000000000036, 0.2430945398687187897 ) ) ;
#7479 = ORIENTED_EDGE ( 'NONE', *, *, #9608, .F. ) ;
#7480 = EDGE_LOOP ( 'NONE', ( #5433, #3430, #7152, #893 ) ) ;
#7481 = AXIS2_PLACEMENT_3D ( 'NONE', #4176, #4142, #7046 ) ;
#7482 = EDGE_CURVE ( 'NONE', #776, #9585, #7017, .T. ) ;
#7483 = CARTESIAN_POINT ( 'NONE',  ( 1.679978633118034859, 3.790000000000000036, -0.5774182806441018334 ) ) ;
#7484 = CARTESIAN_POINT ( 'NONE',  ( 3.629193660582460623, 3.799999999999999378, 0.1131363185966454965 ) ) ;
#7485 =( NAMED_UNIT ( * ) PLANE_ANGLE_UNIT ( ) SI_UNIT ( $, .RADIAN. ) );
#7486 = DIRECTION ( 'NONE',  ( -0.0000000000000000000, 1.000000000000000000, -0.0000000000000000000 ) ) ;
#7487 = CARTESIAN_POINT ( 'NONE',  ( 1.759904093001494196, 3.800000000000000711, 0.1627998907984854193 ) ) ;
#7488 = ADVANCED_FACE ( 'NONE', ( #8963 ), #4846, .T. ) ;
#7489 = UNCERTAINTY_MEASURE_WITH_UNIT (LENGTH_MEASURE( 1.000000000000000082E-05 ), #7825, 'distance_accuracy_value', 'NONE');
#7490 = CARTESIAN_POINT ( 'NONE',  ( 1.490387241356369241, 3.789999999999999591, -0.2729754930126634949 ) ) ;
#7491 = VERTEX_POINT ( 'NONE', #7043 ) ;
#7492 = FACE_OUTER_BOUND ( 'NONE', #8139, .T. ) ;
#7493 = PRESENTATION_LAYER_ASSIGNMENT (  '', '', ( #6495 ) ) ;
#7494 = EDGE_LOOP ( 'NONE', ( #8901, #3943, #9105, #3754 ) ) ;
#7495 = CARTESIAN_POINT ( 'NONE',  ( 2.566637654286980208, 3.790000000000000036, -0.2609284761034967315 ) ) ;
#7496 = CARTESIAN_POINT ( 'NONE',  ( 2.499318405410779320, 3.800000000000000266, -0.1853307715138228229 ) ) ;
#7497 = CARTESIAN_POINT ( 'NONE',  ( 2.386675343966922380, 3.799999999999999822, 0.2459632427422754619 ) ) ;
#7498 = CARTESIAN_POINT ( 'NONE',  ( 1.900631708129366659, 3.799999999999999378, 0.1251870212943829164 ) ) ;
#7499 = FILL_AREA_STYLE ('',( #6651 ) ) ;
#7500 = CARTESIAN_POINT ( 'NONE',  ( 3.483464292464946155, 3.790000000000000480, 0.1811566773342571102 ) ) ;
#7501 = CARTESIAN_POINT ( 'NONE',  ( 1.490387241356369241, 3.799999999999999378, -0.2729754930126634949 ) ) ;
#7502 = VECTOR ( 'NONE', #814, 1000.000000000000000 ) ;
#7503 = CARTESIAN_POINT ( 'NONE',  ( 1.805566691152024950, 3.799999999999999378, -0.4405382854319115915 ) ) ;
#7504 = CARTESIAN_POINT ( 'NONE',  ( 3.299690171579573672, 3.790000000000000036, -0.3907195626953838818 ) ) ;
#7505 = ORIENTED_EDGE ( 'NONE', *, *, #439, .F. ) ;
#7506 = ORIENTED_EDGE ( 'NONE', *, *, #8515, .F. ) ;
#7507 = COLOUR_RGB ( '',1.000000000000000000, 1.000000000000000000, 1.000000000000000000 ) ;
#7508 = CARTESIAN_POINT ( 'NONE',  ( 3.079978633118034992, 3.790000000000000036, -0.5774182806441018334 ) ) ;
#7509 = CARTESIAN_POINT ( 'NONE',  ( 1.476094365145529164, 3.799999999999998934, 0.1474952883693587402 ) ) ;
#7510 =( NAMED_UNIT ( * ) SI_UNIT ( $, .STERADIAN. ) SOLID_ANGLE_UNIT ( ) );
#7511 = ORIENTED_EDGE ( 'NONE', *, *, #4315, .T. ) ;
#7512 = AXIS2_PLACEMENT_3D ( 'NONE', #142, #1763, #5420 ) ;
#7513 = COLOUR_RGB ( '',1.000000000000000000, 1.000000000000000000, 1.000000000000000000 ) ;
#7514 = CARTESIAN_POINT ( 'NONE',  ( 1.955665776529766475, 3.789999999999999147, -0.1928172289829195030 ) ) ;
#7515 = CARTESIAN_POINT ( 'NONE',  ( 0.3501709408103427235, 3.799999999999999822, -0.4009759729517941573 ) ) ;
#7516 = MECHANICAL_DESIGN_GEOMETRIC_PRESENTATION_REPRESENTATION (  '', ( #7458 ), #2153 ) ;
#7517 = CARTESIAN_POINT ( 'NONE',  ( 5.569999999999999396, 1.899999999999999911, 0.3499999999999996447 ) ) ;
#7518 = CARTESIAN_POINT ( 'NONE',  ( 3.375521092148595415, 3.790000000000000924, -0.2373038272511685254 ) ) ;
#7519 = ORIENTED_EDGE ( 'NONE', *, *, #195, .T. ) ;
#7520 = EDGE_LOOP ( 'NONE', ( #6783, #382, #9349, #2712 ) ) ;
#7521 = CARTESIAN_POINT ( 'NONE',  ( 5.569999999999999396, -0.07000000000000000666, 1.249999999999999778 ) ) ;
#7522 = MECHANICAL_DESIGN_GEOMETRIC_PRESENTATION_REPRESENTATION (  '', ( #5014 ), #9533 ) ;
#7523 = CARTESIAN_POINT ( 'NONE',  ( 2.571337637904479223, 3.799999999999999378, -0.1688725777424255337 ) ) ;
#7524 = VECTOR ( 'NONE', #6924, 1000.000000000000000 ) ;
#7525 = DIRECTION ( 'NONE',  ( -1.000000000000000000, 0.0000000000000000000, 0.0000000000000000000 ) ) ;
#7526 = CARTESIAN_POINT ( 'NONE',  ( 2.571045918698920296, 3.799999999999998490, -0.1205133907851156094 ) ) ;
#7527 = SURFACE_STYLE_FILL_AREA ( #7103 ) ;
#7528 = CARTESIAN_POINT ( 'NONE',  ( 2.079919779613909281, 3.789999999999999591, -0.4422207073430279300 ) ) ;
#7529 = CARTESIAN_POINT ( 'NONE',  ( -0.7922684149292588129, 3.790000000000000480, 0.1750910982741324395 ) ) ;
#7530 = CARTESIAN_POINT ( 'NONE',  ( 1.682382479271881559, 3.800000000000000266, -0.4953669985928199071 ) ) ;
#7531 = LINE ( 'NONE', #9299, #3575 ) ;
#7532 = CARTESIAN_POINT ( 'NONE',  ( -0.9234503498128678878, 3.800000000000000266, -0.4497606601941956939 ) ) ;
#7533 = STYLED_ITEM ( 'NONE', ( #1131 ), #2823 ) ;
#7534 = PRESENTATION_LAYER_ASSIGNMENT (  '', '', ( #3362 ) ) ;
#7535 = SURFACE_STYLE_FILL_AREA ( #1836 ) ;
#7536 = ADVANCED_FACE ( 'NONE', ( #4060 ), #7555, .T. ) ;
#7537 = CARTESIAN_POINT ( 'NONE',  ( 2.271330561928281089, 3.789999999999999147, 0.1802321294552049480 ) ) ;
#7538 = CARTESIAN_POINT ( 'NONE',  ( 1.699006398190857414, 3.799999999999999378, 0.2633303734483950498 ) ) ;
#7539 = CARTESIAN_POINT ( 'NONE',  ( 1.661227995689288806, 3.800000000000000711, 0.2632905792624020691 ) ) ;
#7540 = VECTOR ( 'NONE', #3878, 1000.000000000000000 ) ;
#7541 = SURFACE_SIDE_STYLE ('',( #281 ) ) ;
#7542 = EDGE_CURVE ( 'NONE', #313, #194, #9315, .T. ) ;
#7543 = DIRECTION ( 'NONE',  ( 0.0000000000000000000, 0.0000000000000000000, -1.000000000000000000 ) ) ;
#7544 = MECHANICAL_DESIGN_GEOMETRIC_PRESENTATION_REPRESENTATION (  '', ( #9550 ), #820 ) ;
#7545 = CARTESIAN_POINT ( 'NONE',  ( 3.642849349057077468, 3.799999999999999822, -0.5197577635285900444 ) ) ;
#7546 = UNCERTAINTY_MEASURE_WITH_UNIT (LENGTH_MEASURE( 1.000000000000000082E-05 ), #3891, 'distance_accuracy_value', 'NONE');
#7547 = LINE ( 'NONE', #3192, #8834 ) ;
#7548 = VERTEX_POINT ( 'NONE', #2061 ) ;
#7549 = LINE ( 'NONE', #1937, #1589 ) ;
#7550 = SURFACE_SIDE_STYLE ('',( #6820 ) ) ;
#7551 = CARTESIAN_POINT ( 'NONE',  ( -3.569999999999999396, 1.900000000000000355, -1.249999999999999556 ) ) ;
#7552 = ORIENTED_EDGE ( 'NONE', *, *, #5097, .T. ) ;
#7553 = SURFACE_STYLE_USAGE ( .BOTH. , #6828 ) ;
#7554 = CARTESIAN_POINT ( 'NONE',  ( 3.390698142856266362, 3.800000000000000266, -0.2243729461700540440 ) ) ;
#7555 = CYLINDRICAL_SURFACE ( 'NONE', #9094, 0.5000000000000004441 ) ;
#7556 = PRESENTATION_STYLE_ASSIGNMENT (( #3143 ) ) ;
#7557 = CARTESIAN_POINT ( 'NONE',  ( -5.569999999999999396, 1.900000000000000355, -0.3500000000000004774 ) ) ;
#7558 = PRODUCT_DEFINITION ( 'UNKNOWN', '', #6371, #12 ) ;
#7559 = CARTESIAN_POINT ( 'NONE',  ( 3.524523535216745884, 3.800000000000000266, -0.2161914078481227131 ) ) ;
#7560 = CARTESIAN_POINT ( 'NONE',  ( 2.489276370633699553, 3.800000000000000711, -0.2874214496715564726 ) ) ;
#7561 = PRESENTATION_STYLE_ASSIGNMENT (( #2054 ) ) ;
#7562 = CARTESIAN_POINT ( 'NONE',  ( 3.397022776110675935, 3.790000000000002256, 0.1482956075303329957 ) ) ;
#7563 = ORIENTED_EDGE ( 'NONE', *, *, #5275, .T. ) ;
#7564 = EDGE_CURVE ( 'NONE', #9084, #5580, #6735, .T. ) ;
#7565 = DIRECTION ( 'NONE',  ( -0.0000000000000000000, 0.0000000000000000000, 1.000000000000000000 ) ) ;
#7566 = LINE ( 'NONE', #6933, #8041 ) ;
#7567 = CARTESIAN_POINT ( 'NONE',  ( -0.6874781561669022212, 3.790000000000000036, 0.04157388594193024006 ) ) ;
#7568 = DIRECTION ( 'NONE',  ( 1.000000000000000000, -0.0000000000000000000, -8.673617379884036705E-17 ) ) ;
#7569 = CARTESIAN_POINT ( 'NONE',  ( 1.779390334892710479, 3.800000000000002043, -0.4634638939416597103 ) ) ;
#7570 = VECTOR ( 'NONE', #6724, 1000.000000000000000 ) ;
#7571 = ORIENTED_EDGE ( 'NONE', *, *, #9125, .T. ) ;
#7572 = CARTESIAN_POINT ( 'NONE',  ( 2.163756855285428493, 3.799999999999999378, 0.1155454211852838253 ) ) ;
#7573 = CARTESIAN_POINT ( 'NONE',  ( 1.955951494379790212, 3.800000000000000711, -0.1443509112099901626 ) ) ;
#7574 = CARTESIAN_POINT ( 'NONE',  ( 1.573905384339234548, 3.799999999999998934, 0.2389261544143911620 ) ) ;
#7575 = AXIS2_PLACEMENT_3D ( 'NONE', #6896, #1645, #6934 ) ;
#7576 = CARTESIAN_POINT ( 'NONE',  ( 3.186869658759061252, 3.790000000000000036, -0.02357212679794789753 ) ) ;
#7577 = CARTESIAN_POINT ( 'NONE',  ( 1.679978633118034859, 3.790000000000000036, -0.5774182806441018334 ) ) ;
#7578 = VERTEX_POINT ( 'NONE', #4946 ) ;
#7579 = ORIENTED_EDGE ( 'NONE', *, *, #7992, .T. ) ;
#7580 = DIRECTION ( 'NONE',  ( -0.0000000000000000000, 1.000000000000000000, -0.0000000000000000000 ) ) ;
#7581 = ORIENTED_EDGE ( 'NONE', *, *, #5456, .T. ) ;
#7582 = CARTESIAN_POINT ( 'NONE',  ( -0.7574496613254433353, 3.800000000000000711, 0.1442207911333214243 ) ) ;
#7583 = CARTESIAN_POINT ( 'NONE',  ( 3.310808822647691496, 3.790000000000000924, -0.3273840573840389179 ) ) ;
#7584 = FILL_AREA_STYLE ('',( #1361 ) ) ;
#7585 = PRESENTATION_LAYER_ASSIGNMENT (  '', '', ( #605 ) ) ;
#7586 = LINE ( 'NONE', #6207, #2686 ) ;
#7587 = CARTESIAN_POINT ( 'NONE',  ( 1.956100427989829971, 3.790000000000000036, -0.1565849473107684686 ) ) ;
#7588 = SURFACE_STYLE_FILL_AREA ( #7322 ) ;
#7589 = MECHANICAL_DESIGN_GEOMETRIC_PRESENTATION_REPRESENTATION (  '', ( #1781 ), #5074 ) ;
#7590 = ORIENTED_EDGE ( 'NONE', *, *, #4928, .F. ) ;
#7591 = CARTESIAN_POINT ( 'NONE',  ( -0.7675577865294048729, 3.789999999999998703, -0.4539034630893974964 ) ) ;
#7592 = DIRECTION ( 'NONE',  ( -1.000000000000000000, 0.0000000000000000000, 0.0000000000000000000 ) ) ;
#7593 = CARTESIAN_POINT ( 'NONE',  ( 2.074870757243024055, 3.790000000000000480, 0.1170568512188468191 ) ) ;
#7594 = CARTESIAN_POINT ( 'NONE',  ( -0.7240674387289940395, 3.800000000000001599, -0.2016754735382939590 ) ) ;
#7595 = CARTESIAN_POINT ( 'NONE',  ( -3.569999999999999396, 1.900000000000000355, -1.250000000000000222 ) ) ;
#7596 = CARTESIAN_POINT ( 'NONE',  ( -5.569999999999999396, 1.900000000000000355, -1.250000000000000222 ) ) ;
#7597 = EDGE_LOOP ( 'NONE', ( #3898, #9733, #4746, #3717, #4477, #8093, #2493, #5454 ) ) ;
#7598 = CARTESIAN_POINT ( 'NONE',  ( 3.444561197889682624, 3.789999999999999591, -0.5719109760741298842 ) ) ;
#7599 = CARTESIAN_POINT ( 'NONE',  ( 2.551411794433566804, 3.789999999999999591, -0.3486399996208937591 ) ) ;
#7600 = SURFACE_SIDE_STYLE ('',( #873 ) ) ;
#7601 = FILL_AREA_STYLE_COLOUR ( '', #9661 ) ;
#7602 =( LENGTH_UNIT ( ) NAMED_UNIT ( * ) SI_UNIT ( .MILLI., .METRE. ) );
#7603 =( NAMED_UNIT ( * ) PLANE_ANGLE_UNIT ( ) SI_UNIT ( $, .RADIAN. ) );
#7604 = CARTESIAN_POINT ( 'NONE',  ( 1.493540445676497574, 3.800000000000002043, -0.2971399519715639537 ) ) ;
#7605 = B_SPLINE_CURVE_WITH_KNOTS ( 'NONE', 3,
 ( #3071, #3040, #9003, #5961, #6055, #5245, #6782, #1518, #1587, #7500, #9032 ),
 .UNSPECIFIED., .F., .F.,
 ( 4, 1, 1, 1, 1, 1, 1, 1, 4 ),
 ( 0.0000000000000000000, 0.1590042985173770185, 0.3046460998968138489, 0.4385469045795923893, 0.5623222987759274316, 0.6774325425257305966, 0.7868973929387552690, 0.8936108891042671143, 1.000000000000000000 ),
 .UNSPECIFIED. ) ;
#7606 = CARTESIAN_POINT ( 'NONE',  ( 3.656042047303650122, 3.790000000000001368, -0.5072185072815457163 ) ) ;
#7607 = EDGE_CURVE ( 'NONE', #6730, #7313, #9074, .T. ) ;
#7608 = CARTESIAN_POINT ( 'NONE',  ( 1.820389706562468124, 3.789999999999998703, -0.5326732509952263328 ) ) ;
#7609 = CARTESIAN_POINT ( 'NONE',  ( 1.920395343905964225, 3.790000000000000924, 0.08321699359278572627 ) ) ;
#7610 = VERTEX_POINT ( 'NONE', #3515 ) ;
#7611 = SURFACE_STYLE_USAGE ( .BOTH. , #3933 ) ;
#7612 = ADVANCED_FACE ( 'NONE', ( #8032 ), #2007, .T. ) ;
#7613 = CARTESIAN_POINT ( 'NONE',  ( 1.679978633118034859, 3.799999999999999822, -0.5774182806441018334 ) ) ;
#7614 = CARTESIAN_POINT ( 'NONE',  ( 1.484381215943066268, 3.790000000000000480, -0.1884900411267377285 ) ) ;
#7615 = FACE_OUTER_BOUND ( 'NONE', #934, .T. ) ;
#7616 = EDGE_CURVE ( 'NONE', #4972, #9104, #854, .T. ) ;
#7617 = CARTESIAN_POINT ( 'NONE',  ( -2.542457264317862897, 3.790000000000000036, 0.2430945398687187897 ) ) ;
#7618 = CARTESIAN_POINT ( 'NONE',  ( 2.571336109764406075, 3.799999999999999378, -0.1443509112099901626 ) ) ;
#7619 = CARTESIAN_POINT ( 'NONE',  ( 2.271206569469773839, 3.790000000000000924, -0.4939731607068253427 ) ) ;
#7620 = EDGE_LOOP ( 'NONE', ( #8568, #5195, #1503, #8222 ) ) ;
#7621 = CARTESIAN_POINT ( 'NONE',  ( -0.8243225768948330145, 3.799999999999999822, -0.3952727919126775569 ) ) ;
#7622 = LINE ( 'NONE', #9628, #7865 ) ;
#7623 = CARTESIAN_POINT ( 'NONE',  ( 2.498378065364806666, 3.790000000000000480, -0.2128777842365949247 ) ) ;
#7624 = CARTESIAN_POINT ( 'NONE',  ( 3.338719515753362899, 3.799999999999999378, -0.5058764542547719012 ) ) ;
#7625 = CARTESIAN_POINT ( 'NONE',  ( 3.094561966451368384, 3.790000000000000036, 0.05847915525333415021 ) ) ;
#7626 = CARTESIAN_POINT ( 'NONE',  ( 1.759396211509763219, 3.800000000000001599, -0.4759237100520952168 ) ) ;
#7627 = LINE ( 'NONE', #7128, #116 ) ;
#7628 = ORIENTED_EDGE ( 'NONE', *, *, #5726, .T. ) ;
#7629 = VERTEX_POINT ( 'NONE', #1239 ) ;
#7630 = CARTESIAN_POINT ( 'NONE',  ( 2.184795905200767940, 3.789999999999998703, 0.1372665214499442510 ) ) ;
#7631 = CARTESIAN_POINT ( 'NONE',  ( 1.942358837204898991, 3.799999999999998490, 0.007348803480033286664 ) ) ;
#7632 = CARTESIAN_POINT ( 'NONE',  ( 1.833009161081260663, 3.790000000000000036, 0.09088717523767125828 ) ) ;
#7633 = CARTESIAN_POINT ( 'NONE',  ( 1.484305556194958076, 3.790000000000000036, -0.1569054601312812325 ) ) ;
#7634 = CARTESIAN_POINT ( 'NONE',  ( 1.557839628067080984, 3.790000000000000036, 0.2299355100815988762 ) ) ;
#7635 =( GEOMETRIC_REPRESENTATION_CONTEXT ( 3 ) GLOBAL_UNCERTAINTY_ASSIGNED_CONTEXT ( ( #6456 ) ) GLOBAL_UNIT_ASSIGNED_CONTEXT ( ( #239, #7198, #403 ) ) REPRESENTATION_CONTEXT ( 'NONE', 'WORKASPACE' ) );
#7636 = CARTESIAN_POINT ( 'NONE',  ( 1.936049084918894714, 3.790000000000000036, 0.03449039170126989157 ) ) ;
#7637 = CARTESIAN_POINT ( 'NONE',  ( 3.645042735682137991, 3.800000000000000711, -0.3928028960287172078 ) ) ;
#7638 = FACE_OUTER_BOUND ( 'NONE', #3283, .T. ) ;
#7639 = CARTESIAN_POINT ( 'NONE',  ( 1.788038307896880230, 3.799999999999999378, -0.5523995926297620152 ) ) ;
#7640 = CARTESIAN_POINT ( 'NONE',  ( 0.3561004279898300484, 3.790000000000000036, -0.5569054601312812824 ) ) ;
#7641 = DIRECTION ( 'NONE',  ( -1.000000000000000000, 0.0000000000000000000, 0.0000000000000000000 ) ) ;
#7642 = COLOUR_RGB ( '',1.000000000000000000, 1.000000000000000000, 1.000000000000000000 ) ;
#7643 = SURFACE_STYLE_FILL_AREA ( #8514 ) ;
#7644 = PRESENTATION_LAYER_ASSIGNMENT (  '', '', ( #3167 ) ) ;
#7645 = CARTESIAN_POINT ( 'NONE',  ( 2.137897785685643370, 3.790000000000000480, -0.3895421529915990000 ) ) ;
#7646 = SURFACE_STYLE_FILL_AREA ( #4321 ) ;
#7647 =( LENGTH_UNIT ( ) NAMED_UNIT ( * ) SI_UNIT ( .MILLI., .METRE. ) );
#7648 = DIRECTION ( 'NONE',  ( 0.0000000000000000000, -1.000000000000000000, 0.0000000000000000000 ) ) ;
#7649 = CARTESIAN_POINT ( 'NONE',  ( 2.493252878311892573, 3.790000000000000480, -0.2639356661962443118 ) ) ;
#7650 = CARTESIAN_POINT ( 'NONE',  ( 3.487921245123651648, 3.790000000000000480, -0.5770885812406675308 ) ) ;
#7651 = VECTOR ( 'NONE', #2059, 1000.000000000000114 ) ;
#7652 = CARTESIAN_POINT ( 'NONE',  ( 1.708626773431231483, 3.800000000000001155, -0.4939749220478086289 ) ) ;
#7653 = VECTOR ( 'NONE', #2514, 1000.000000000000000 ) ;
#7654 = ORIENTED_EDGE ( 'NONE', *, *, #3615, .F. ) ;
#7655 = ORIENTED_EDGE ( 'NONE', *, *, #7922, .T. ) ;
#7656 = UNCERTAINTY_MEASURE_WITH_UNIT (LENGTH_MEASURE( 1.000000000000000082E-05 ), #44, 'distance_accuracy_value', 'NONE');
#7657 = CARTESIAN_POINT ( 'NONE',  ( 1.412731301121529226, 3.799999999999999822, -0.1943146323351605809 ) ) ;
#7658 = FACE_OUTER_BOUND ( 'NONE', #3548, .T. ) ;
#7659 = LINE ( 'NONE', #7036, #8720 ) ;
#7660 = CARTESIAN_POINT ( 'NONE',  ( 1.804831862358804440, 3.799999999999999378, 0.2289468894993802461 ) ) ;
#7661 = DIRECTION ( 'NONE',  ( -0.8244855201331799943, 0.0000000000000000000, -0.5658830507187150305 ) ) ;
#7662 = VERTEX_POINT ( 'NONE', #4977 ) ;
#7663 = CARTESIAN_POINT ( 'NONE',  ( 1.569362738643898858, 3.800000000000000266, -0.4514595827786482829 ) ) ;
#7664 = EDGE_CURVE ( 'NONE', #7704, #2423, #5675, .T. ) ;
#7665 = CARTESIAN_POINT ( 'NONE',  ( 2.091478980530145027, 3.790000000000000036, 0.1474952883693587680 ) ) ;
#7666 = B_SPLINE_CURVE_WITH_KNOTS ( 'NONE', 3,
 ( #2012, #2740, #7249, #6401, #7967, #9476, #3518, #4982, #465, #1245, #7870, #9410, #3426, #2682, #375, #8632, #5625, #416, #504, #5658, #1173, #2097, #1342 ),
 .UNSPECIFIED., .F., .F.,
 ( 4, 1, 1, 1, 1, 1, 1, 1, 1, 1, 1, 1, 1, 1, 1, 1, 1, 1, 1, 1, 4 ),
 ( 0.0000000000000000000, 0.07295106587586645819, 0.1415836941865449838, 0.2059264601708668541, 0.2653013571846052909, 0.3205972327139278155, 0.3718165030988101472, 0.4187897697094518090, 0.4616987286157644976, 0.5021335821035652902, 0.5408043152926476083, 0.5781805253279658219, 0.6142968652075136982, 0.6496782432647876249, 0.6842994600896366020, 0.7183589527723605039, 0.7520808646475959369, 0.8176524386023857893, 0.8797220764054370923, 0.9399655597309872768, 1.000000000000000000 ),
 .UNSPECIFIED. ) ;
#7667 = EDGE_LOOP ( 'NONE', ( #1030, #1116, #2792, #2394 ) ) ;
#7668 = CARTESIAN_POINT ( 'NONE',  ( 3.624084751261363646, 3.790000000000000480, -0.02619762815537325998 ) ) ;
#7669 = VERTEX_POINT ( 'NONE', #5781 ) ;
#7670 = LINE ( 'NONE', #3855, #6861 ) ;
#7671 = ORIENTED_EDGE ( 'NONE', *, *, #7232, .T. ) ;
#7672 = LINE ( 'NONE', #7731, #5221 ) ;
#7673 = CARTESIAN_POINT ( 'NONE',  ( 2.351465899659617609, 3.790000000000000480, 0.2574684982540237366 ) ) ;
#7675 = STYLED_ITEM ( 'NONE', ( #5916 ), #675 ) ;
#7674 = CARTESIAN_POINT ( 'NONE',  ( 1.686343183315141880, 3.789999999999999591, 0.2635147117056074184 ) ) ;
#7676 =( NAMED_UNIT ( * ) SI_UNIT ( $, .STERADIAN. ) SOLID_ANGLE_UNIT ( ) );
#7677 = CARTESIAN_POINT ( 'NONE',  ( 1.910224228834059179, 3.799999999999999378, -0.4193163166873626335 ) ) ;
#7678 = DIRECTION ( 'NONE',  ( 0.0000000000000000000, 0.0000000000000000000, 1.000000000000000000 ) ) ;
#7679 =( NAMED_UNIT ( * ) PLANE_ANGLE_UNIT ( ) SI_UNIT ( $, .RADIAN. ) );
#7680 = UNCERTAINTY_MEASURE_WITH_UNIT (LENGTH_MEASURE( 1.000000000000000082E-05 ), #5699, 'distance_accuracy_value', 'NONE');
#7681 = PRESENTATION_STYLE_ASSIGNMENT (( #1397 ) ) ;
#7682 = CARTESIAN_POINT ( 'NONE',  ( -0.7887694039929782353, 3.790000000000000036, -0.4728210284564954846 ) ) ;
#7683 = CARTESIAN_POINT ( 'NONE',  ( 2.643279915169317373, 3.799999999999999822, 0.05847915525333415021 ) ) ;
#7684 = ORIENTED_EDGE ( 'NONE', *, *, #1547, .T. ) ;
#7685 = CARTESIAN_POINT ( 'NONE',  ( 2.113379244631374387, 3.790000000000000036, -0.3191883843805205512 ) ) ;
#7686 = EDGE_CURVE ( 'NONE', #4448, #4132, #1475, .T. ) ;
#7687 = COLOUR_RGB ( '',1.000000000000000000, 1.000000000000000000, 1.000000000000000000 ) ;
#7688 = CARTESIAN_POINT ( 'NONE',  ( 2.504983220408684375, 3.800000000000001599, 0.1441964596211582073 ) ) ;
#7689 = CARTESIAN_POINT ( 'NONE',  ( 2.495949819766633659, 3.789999999999998703, -0.2390418438729721429 ) ) ;
#7690 = CARTESIAN_POINT ( 'NONE',  ( 3.560344344892248269, 3.790000000000000036, -0.4770909674268088430 ) ) ;
#7691 = CARTESIAN_POINT ( 'NONE',  ( 3.287080069309396002, 3.799999999999998934, 0.1517119343459143455 ) ) ;
#7692 =( LENGTH_UNIT ( ) NAMED_UNIT ( * ) SI_UNIT ( .MILLI., .METRE. ) );
#7693 = STYLED_ITEM ( 'NONE', ( #8048 ), #219 ) ;
#7694 = VECTOR ( 'NONE', #6325, 1000.000000000000000 ) ;
#7695 = ORIENTED_EDGE ( 'NONE', *, *, #6236, .F. ) ;
#7696 = FACE_OUTER_BOUND ( 'NONE', #6767, .T. ) ;
#7697 = CARTESIAN_POINT ( 'NONE',  ( 1.590137836315506092, 3.799999999999999822, -0.5602241840206924062 ) ) ;
#7698 = CARTESIAN_POINT ( 'NONE',  ( 2.289053736734592892, 3.799999999999999822, 0.2635007648480972575 ) ) ;
#7699 = LINE ( 'NONE', #5835, #6419 ) ;
#7700 = CARTESIAN_POINT ( 'NONE',  ( 1.794545117865567141, 3.799999999999999378, 0.1382796999709349495 ) ) ;
#7701 = MECHANICAL_DESIGN_GEOMETRIC_PRESENTATION_REPRESENTATION (  '', ( #8890 ), #3212 ) ;
#7702 = B_SPLINE_CURVE_WITH_KNOTS ( 'NONE', 3,
 ( #3931, #5444, #9122, #2407, #1707, #8432, #9181, #5320, #99, #4578, #9088, #2374, #823, #7582, #8342, #1750, #2507, #7711, #8465, #6073, #3871, #6105, #5356, #4610, #5377, #1639, #3161 ),
 .UNSPECIFIED., .F., .F.,
 ( 4, 1, 1, 1, 1, 1, 1, 1, 1, 1, 1, 1, 1, 1, 1, 1, 1, 1, 1, 1, 1, 1, 1, 1, 4 ),
 ( 0.0000000000000000000, 0.04608068338724802954, 0.09080679960761635361, 0.1342952705290697546, 0.1770243856662443993, 0.2188227336826558678, 0.2602441163273735980, 0.3010798671134451432, 0.3416138942851573157, 0.3815834185517463784, 0.4201195913296169593, 0.4580746185423139050, 0.4947384876076567628, 0.5311946228937139969, 0.5669336984503784427, 0.6027126507379956255, 0.6383266061284350590, 0.6748532488548245611, 0.7134673707840597512, 0.7544418038483806654, 0.7978153607124994773, 0.8439894562081109441, 0.8930715698796480861, 0.9449633461781440369, 1.000000000000000000 ),
 .UNSPECIFIED. ) ;
#7703 = ORIENTED_EDGE ( 'NONE', *, *, #2125, .F. ) ;
#7704 = VERTEX_POINT ( 'NONE', #2809 ) ;
#7705 = CARTESIAN_POINT ( 'NONE',  ( 1.487745585304555584, 3.790000000000000480, 0.1645680294739878535 ) ) ;
#7706 = EDGE_CURVE ( 'NONE', #4101, #3565, #6265, .T. ) ;
#7707 = ORIENTED_EDGE ( 'NONE', *, *, #1753, .T. ) ;
#7708 =( NAMED_UNIT ( * ) PLANE_ANGLE_UNIT ( ) SI_UNIT ( $, .RADIAN. ) );
#7709 = CARTESIAN_POINT ( 'NONE',  ( 1.557839628067080984, 3.799999999999999822, 0.2299355100815988762 ) ) ;
#7710 =( GEOMETRIC_REPRESENTATION_CONTEXT ( 3 ) GLOBAL_UNCERTAINTY_ASSIGNED_CONTEXT ( ( #1559 ) ) GLOBAL_UNIT_ASSIGNED_CONTEXT ( ( #2547, #9293, #9229 ) ) REPRESENTATION_CONTEXT ( 'NONE', 'WORKASPACE' ) );
#7711 = CARTESIAN_POINT ( 'NONE',  ( -0.8310875631656116092, 3.800000000000001155, 0.2000565069749153935 ) ) ;
#7712 = CIRCLE ( 'NONE', #5831, 0.4999999999999995559 ) ;
#7713 = CARTESIAN_POINT ( 'NONE',  ( 3.645042735682137991, 3.790000000000000036, -0.3928028960287172078 ) ) ;
#7714 = CARTESIAN_POINT ( 'NONE',  ( 2.431410174924656609, 3.790000000000000480, -0.4287360923902946430 ) ) ;
#7715 = DIRECTION ( 'NONE',  ( -0.0000000000000000000, 1.000000000000000000, -0.0000000000000000000 ) ) ;
#7716 = CARTESIAN_POINT ( 'NONE',  ( 3.531741453630855787, 3.790000000000000036, -0.2110721267979479565 ) ) ;
#7717 = STYLED_ITEM ( 'NONE', ( #4623 ), #5276 ) ;
#7718 = CARTESIAN_POINT ( 'NONE',  ( 2.036116176187444005, 3.799999999999998490, -0.2964604602438243308 ) ) ;
#7719 = DIRECTION ( 'NONE',  ( -0.0000000000000000000, 0.0000000000000000000, -1.000000000000000000 ) ) ;
#7720 = CARTESIAN_POINT ( 'NONE',  ( 2.102968712566879006, 3.790000000000000924, -0.2468538579568398117 ) ) ;
#7721 = CARTESIAN_POINT ( 'NONE',  ( 2.333123867502030713, 3.800000000000001599, 0.2609139509444463045 ) ) ;
#7722 = CARTESIAN_POINT ( 'NONE',  ( 2.394774950277323899, 3.789999999999998703, -0.4634638939416588221 ) ) ;
#7723 = CARTESIAN_POINT ( 'NONE',  ( 3.629193660582460623, 3.789999999999999591, 0.1131363185966454965 ) ) ;
#7724 = EDGE_LOOP ( 'NONE', ( #5227, #4788, #329, #9034, #2438, #3904, #6225, #3629, #7008, #6959, #1646, #1528, #7590, #3493, #8859, #5664, #4006 ) ) ;
#7725 = EDGE_CURVE ( 'NONE', #1029, #4448, #5215, .T. ) ;
#7726 = CARTESIAN_POINT ( 'NONE',  ( 2.046656102888047890, 3.799999999999999378, 0.03951974538138132431 ) ) ;
#7727 = SURFACE_STYLE_USAGE ( .BOTH. , #9239 ) ;
#7728 = CARTESIAN_POINT ( 'NONE',  ( 3.617183021405535825, 3.799999999999999378, -0.5404194624732847618 ) ) ;
#7729 = SURFACE_SIDE_STYLE ('',( #2905 ) ) ;
#7730 = SURFACE_SIDE_STYLE ('',( #6370 ) ) ;
#7731 = CARTESIAN_POINT ( 'NONE',  ( 3.022767094656496845, 3.799999999999999822, -0.02357212679794789753 ) ) ;
#7732 = CARTESIAN_POINT ( 'NONE',  ( -1.923226495087093424, 3.790000000000000036, 0.2430945398687187897 ) ) ;
#7733 = B_SPLINE_CURVE_WITH_KNOTS ( 'NONE', 3,
 ( #9240, #4112, #315, #4755, #1103, #1837, #8596, #343, #2527, #5597, #4790 ),
 .UNSPECIFIED., .F., .F.,
 ( 4, 1, 1, 1, 1, 1, 1, 1, 4 ),
 ( 0.0000000000000000000, 0.1105883385953356779, 0.2245417540535955825, 0.3425034940501041070, 0.4643240984173578334, 0.5907560327017663537, 0.7222274753555144589, 0.8588428362087241474, 0.9999999999999998890 ),
 .UNSPECIFIED. ) ;
#7734 = CARTESIAN_POINT ( 'NONE',  ( 1.661227995689288806, 3.790000000000000924, 0.2632905792624020691 ) ) ;
#7735 = ORIENTED_EDGE ( 'NONE', *, *, #9617, .T. ) ;
#7736 = PRESENTATION_LAYER_ASSIGNMENT (  '', '', ( #4724 ) ) ;
#7737 = EDGE_CURVE ( 'NONE', #737, #4965, #1772, .T. ) ;
#7738 = CARTESIAN_POINT ( 'NONE',  ( -1.057521366881964964, 3.799999999999999822, 0.2430945398687187897 ) ) ;
#7739 = CARTESIAN_POINT ( 'NONE',  ( 3.094561966451368384, 3.790000000000000036, -0.02357212679794789753 ) ) ;
#7740 = CARTESIAN_POINT ( 'NONE',  ( -1.233643161753760209, 3.799999999999999822, -0.4748541780799992451 ) ) ;
#7741 = CARTESIAN_POINT ( 'NONE',  ( -2.213130341240939991, 3.790000000000000036, -0.3338285370543582209 ) ) ;
#7742 = VERTEX_POINT ( 'NONE', #8713 ) ;
#7743 = EDGE_CURVE ( 'NONE', #5006, #8690, #7442, .T. ) ;
#7744 = CARTESIAN_POINT ( 'NONE',  ( 3.375521092148595415, 3.800000000000000711, -0.2373038272511685254 ) ) ;
#7745 = CARTESIAN_POINT ( 'NONE',  ( -1.541655982266580738, 3.790000000000000036, 0.2430945398687187897 ) ) ;
#7746 = EDGE_CURVE ( 'NONE', #2650, #8162, #8373, .T. ) ;
#7747 = CARTESIAN_POINT ( 'NONE',  ( 2.079919779613909281, 3.789999999999999591, -0.4422207073430279300 ) ) ;
#7748 = DIRECTION ( 'NONE',  ( 0.0000000000000000000, 0.0000000000000000000, 1.000000000000000000 ) ) ;
#7749 = FILL_AREA_STYLE_COLOUR ( '', #3923 ) ;
#7750 = ADVANCED_FACE ( 'NONE', ( #7197 ), #3731, .T. ) ;
#7751 = CARTESIAN_POINT ( 'NONE',  ( 2.562875101269155742, 3.789999999999999147, -0.02169293796749992634 ) ) ;
#7752 = DIRECTION ( 'NONE',  ( -0.0000000000000000000, 0.0000000000000000000, -1.000000000000000000 ) ) ;
#7753 = EDGE_LOOP ( 'NONE', ( #4973, #5871, #2197, #1331, #4856, #9039, #6753, #6274, #5374, #1581, #9114, #4283, #6931 ) ) ;
#7754 = CARTESIAN_POINT ( 'NONE',  ( 3.595693280904245892, 3.799999999999998934, -0.06106713894877497523 ) ) ;
#7755 = CARTESIAN_POINT ( 'NONE',  ( -5.500000000000000888, 0.0000000000000000000, -5.000000000000000888 ) ) ;
#7756 = CARTESIAN_POINT ( 'NONE',  ( -1.305438033548631749, 3.799999999999999822, -0.5569054601312812824 ) ) ;
#7757 = AXIS2_PLACEMENT_3D ( 'NONE', #6282, #3940, #7678 ) ;
#7758 = LINE ( 'NONE', #9154, #7524 ) ;
#7759 = B_SPLINE_SURFACE_WITH_KNOTS ( 'NONE', 3, 1, ( 
 ( #6808, #3790 ),
 ( #801, #8998 ),
 ( #1545, #8261 ),
 ( #43, #4651 ),
 ( #4528, #2384 ),
 ( #7562, #6777 ),
 ( #6049, #6116 ),
 ( #8298, #831 ),
 ( #9096, #1617 ),
 ( #5388, #1583 ),
 ( #3098, #765 ) ),
 .UNSPECIFIED., .F., .F., .F.,
 ( 4, 1, 1, 1, 1, 1, 1, 1, 4 ),
 ( 2, 2 ),
 ( 0.0000000000000000000, 0.1590042985173770185, 0.3046460998968138489, 0.4385469045795923893, 0.5623222987759274316, 0.6774325425257305966, 0.7868973929387552690, 0.8936108891042671143, 1.000000000000000000 ),
 ( 0.0000000000000000000, 1.000000000000000000 ),
 .UNSPECIFIED. ) ;
#7760 = VECTOR ( 'NONE', #7838, 1000.000000000000000 ) ;
#7761 = DIRECTION ( 'NONE',  ( -0.0000000000000000000, 1.000000000000000000, -0.0000000000000000000 ) ) ;
#7762 = SURFACE_SIDE_STYLE ('',( #324 ) ) ;
#7763 = VECTOR ( 'NONE', #5525, 1000.000000000000000 ) ;
#7764 = B_SPLINE_CURVE_WITH_KNOTS ( 'NONE', 3,
 ( #301, #3297, #4072, #8414, #1894, #5608, #9393, #4835, #6575, #356, #2117, #5641, #2601, #6542, #327 ),
 .UNSPECIFIED., .F., .F.,
 ( 4, 1, 1, 1, 1, 1, 1, 1, 1, 1, 1, 1, 4 ),
 ( 0.0000000000000000000, 0.1128134007444562409, 0.2253938839207272615, 0.3395948145626997983, 0.4596754102248622464, 0.5217351900879325655, 0.5839258387389157923, 0.6481741447653688315, 0.7138810381130651361, 0.7810044549073886788, 0.8514509275565546043, 0.9240506926641769425, 0.9999999999999998890 ),
 .UNSPECIFIED. ) ;
#7765 = CARTESIAN_POINT ( 'NONE',  ( 1.043279915169317285, 3.790000000000000036, 0.2430945398687187897 ) ) ;
#7766 =( NAMED_UNIT ( * ) SI_UNIT ( $, .STERADIAN. ) SOLID_ANGLE_UNIT ( ) );
#7767 = CARTESIAN_POINT ( 'NONE',  ( 2.173224243451696847, 3.790000000000000036, 0.2299355100815985709 ) ) ;
#7768 = CARTESIAN_POINT ( 'NONE',  ( 3.641596040529572864, 3.799999999999998934, 0.005800962839374324172 ) ) ;
#7769 = UNCERTAINTY_MEASURE_WITH_UNIT (LENGTH_MEASURE( 1.000000000000000082E-05 ), #928, 'distance_accuracy_value', 'NONE');
#7770 = STYLED_ITEM ( 'NONE', ( #4053 ), #5214 ) ;
#7771 = COLOUR_RGB ( '',1.000000000000000000, 1.000000000000000000, 1.000000000000000000 ) ;
#7772 = PRESENTATION_STYLE_ASSIGNMENT (( #8472 ) ) ;
#7773 = CARTESIAN_POINT ( 'NONE',  ( 0.9202029920923936457, 3.799999999999999822, -0.4748541780799992451 ) ) ;
#7774 = MECHANICAL_DESIGN_GEOMETRIC_PRESENTATION_REPRESENTATION (  '', ( #3290 ), #721 ) ;
#7775 = EDGE_LOOP ( 'NONE', ( #4275, #3614, #1018, #8622 ) ) ;
#7776 = CARTESIAN_POINT ( 'NONE',  ( 2.489276370633699553, 3.800000000000000711, -0.2874214496715564726 ) ) ;
#7777 = DIRECTION ( 'NONE',  ( -1.000000000000000000, 0.0000000000000000000, 0.0000000000000000000 ) ) ;
#7778 = CARTESIAN_POINT ( 'NONE',  ( 3.720202992092394023, 3.800000000000001599, 0.04710095012512902773 ) ) ;
#7779 = ORIENTED_EDGE ( 'NONE', *, *, #5863, .T. ) ;
#7780 =( LENGTH_UNIT ( ) NAMED_UNIT ( * ) SI_UNIT ( .MILLI., .METRE. ) );
#7781 = ORIENTED_EDGE ( 'NONE', *, *, #549, .T. ) ;
#7782 = CARTESIAN_POINT ( 'NONE',  ( 5.500000000000000000, 3.799999999999999822, 4.499999999999999112 ) ) ;
#7783 = ORIENTED_EDGE ( 'NONE', *, *, #6031, .T. ) ;
#7784 = CARTESIAN_POINT ( 'NONE',  ( 3.485634986956816839, 3.789999999999999591, 0.2634905188735594539 ) ) ;
#7785 = ORIENTED_EDGE ( 'NONE', *, *, #8126, .T. ) ;
#7786 = EDGE_CURVE ( 'NONE', #2222, #9564, #3709, .T. ) ;
#7787 = CARTESIAN_POINT ( 'NONE',  ( 2.386675343966922380, 3.800000000000001599, 0.2459632427422754619 ) ) ;
#7788 = UNCERTAINTY_MEASURE_WITH_UNIT (LENGTH_MEASURE( 1.000000000000000082E-05 ), #5188, 'distance_accuracy_value', 'NONE');
#7789 = CARTESIAN_POINT ( 'NONE',  ( 3.483900451636830375, 3.799999999999999822, -0.1540517545194285687 ) ) ;
#7790 = VECTOR ( 'NONE', #1298, 1000.000000000000000 ) ;
#7791 = CARTESIAN_POINT ( 'NONE',  ( 3.473626356087214262, 3.799999999999999378, 0.2632583073560063047 ) ) ;
#7792 = EDGE_LOOP ( 'NONE', ( #7093, #7034, #6452, #7511 ) ) ;
#7793 = SURFACE_STYLE_USAGE ( .BOTH. , #8480 ) ;
#7794 = VECTOR ( 'NONE', #4377, 1000.000000000000000 ) ;
#7795 = CARTESIAN_POINT ( 'NONE',  ( 1.445924410002915161, 3.799999999999999822, -0.4013057577851021351 ) ) ;
#7796 = VERTEX_POINT ( 'NONE', #5198 ) ;
#7797 =( LENGTH_UNIT ( ) NAMED_UNIT ( * ) SI_UNIT ( .MILLI., .METRE. ) );
#7798 = FILL_AREA_STYLE_COLOUR ( '', #6024 ) ;
#7799 = SURFACE_STYLE_FILL_AREA ( #984 ) ;
#7800 = FILL_AREA_STYLE_COLOUR ( '', #1849 ) ;
#7801 = FACE_OUTER_BOUND ( 'NONE', #1674, .T. ) ;
#7802 = EDGE_LOOP ( 'NONE', ( #390, #6356, #3519, #2075, #7262 ) ) ;
#7803 = CARTESIAN_POINT ( 'NONE',  ( 3.316925927135973229, 3.799999999999998046, -0.3121850026264190170 ) ) ;
#7804 = STYLED_ITEM ( 'NONE', ( #3435 ), #9230 ) ;
#7805 = CARTESIAN_POINT ( 'NONE',  ( 1.805269001318347666, 3.800000000000000711, 0.1280820660708407166 ) ) ;
#7806 = CARTESIAN_POINT ( 'NONE',  ( 3.711325453318744305, 3.800000000000000266, 0.1095950518862168488 ) ) ;
#7807 = EDGE_CURVE ( 'NONE', #4420, #919, #9428, .T. ) ;
#7808 = CARTESIAN_POINT ( 'NONE',  ( 2.142754822409887350, 3.790000000000000036, 0.2079658861806445158 ) ) ;
#7809 = VERTEX_POINT ( 'NONE', #3766 ) ;
#7810 = CARTESIAN_POINT ( 'NONE',  ( 1.412510684400086536, 3.799999999999999822, -0.1565849473107684686 ) ) ;
#7811 = DIRECTION ( 'NONE',  ( 0.0000000000000000000, -0.0000000000000000000, -1.000000000000000000 ) ) ;
#7812 = COLOUR_RGB ( '',1.000000000000000000, 1.000000000000000000, 1.000000000000000000 ) ;
#7813 = CARTESIAN_POINT ( 'NONE',  ( -0.6490277771383753391, 3.799999999999999822, -0.1468093062851274222 ) ) ;
#7814 = DIRECTION ( 'NONE',  ( 1.000000000000000000, 0.0000000000000000000, 0.0000000000000000000 ) ) ;
#7815 = CARTESIAN_POINT ( 'NONE',  ( 2.441009188196716639, 3.799999999999999378, -0.4154715111534626470 ) ) ;
#7816 = ORIENTED_EDGE ( 'NONE', *, *, #3939, .T. ) ;
#7817 = ORIENTED_EDGE ( 'NONE', *, *, #1467, .T. ) ;
#7818 = CARTESIAN_POINT ( 'NONE',  ( 3.094561966451368384, 3.799999999999999822, -0.5774182806441018334 ) ) ;
#7819 = ORIENTED_EDGE ( 'NONE', *, *, #9447, .T. ) ;
#7820 = CARTESIAN_POINT ( 'NONE',  ( 3.464591371151894528, 3.790000000000000480, -0.4945559473554231866 ) ) ;
#7821 = SURFACE_SIDE_STYLE ('',( #7643 ) ) ;
#7822 = CARTESIAN_POINT ( 'NONE',  ( 2.544427912229963340, 3.800000000000002043, 0.05984903665336747253 ) ) ;
#7823 = DIRECTION ( 'NONE',  ( -0.0000000000000000000, -1.000000000000000000, -1.100712865467517202E-16 ) ) ;
#7824 = FILL_AREA_STYLE ('',( #4907 ) ) ;
#7825 =( LENGTH_UNIT ( ) NAMED_UNIT ( * ) SI_UNIT ( .MILLI., .METRE. ) );
#7826 = B_SPLINE_SURFACE_WITH_KNOTS ( 'NONE', 3, 1, ( 
 ( #2099, #3605 ),
 ( #8811, #573 ),
 ( #5823, #6589 ),
 ( #2133, #4369 ),
 ( #6492, #2039 ),
 ( #7250, #9596 ),
 ( #5107, #599 ),
 ( #5860, #6619 ),
 ( #2778, #7366 ),
 ( #8717, #9477 ),
 ( #8174, #3697 ) ),
 .UNSPECIFIED., .F., .F., .F.,
 ( 4, 1, 1, 1, 1, 1, 1, 1, 4 ),
 ( 2, 2 ),
 ( 0.0000000000000000000, 0.05259428152913889210, 0.1249519739750391267, 0.2180938989285930996, 0.3335024107325185727, 0.4687891785044475679, 0.6249375859645952547, 0.8016830479282281985, 1.000000000000000000 ),
 ( 0.0000000000000000000, 1.000000000000000000 ),
 .UNSPECIFIED. ) ;
#7827 = CARTESIAN_POINT ( 'NONE',  ( 2.497972633476698068, 3.789999999999999591, -0.1005098644305471162 ) ) ;
#7828 = CARTESIAN_POINT ( 'NONE',  ( 2.276612611073904446, 3.790000000000000036, 0.2632905792624019581 ) ) ;
#7829 = CARTESIAN_POINT ( 'NONE',  ( 3.589453792449146086, 3.789999999999999591, 0.1534414701081699972 ) ) ;
#7830 = AXIS2_PLACEMENT_3D ( 'NONE', #3757, #6897, #1472 ) ;
#7831 = CARTESIAN_POINT ( 'NONE',  ( 2.483021859960419242, 3.790000000000000480, 0.0001013277027347003469 ) ) ;
#7832 = B_SPLINE_CURVE_WITH_KNOTS ( 'NONE', 3,
 ( #8916, #4412, #8781, #2949, #7369, #4340, #8075, #6629, #8860, #7405, #2922, #5113, #9629, #9575, #8182, #1414, #1311, #9603, #9671 ),
 .UNSPECIFIED., .F., .F.,
 ( 4, 1, 1, 1, 1, 1, 1, 1, 1, 1, 1, 1, 1, 1, 1, 1, 4 ),
 ( 0.0000000000000000000, 0.06241450026327794581, 0.1233382314733144219, 0.1831245376921933343, 0.2417829946389430384, 0.3005788825509772555, 0.3596800748966257344, 0.4188816408500468103, 0.4795306644577834732, 0.5408505357600389418, 0.6023033958983800007, 0.6644632119464731757, 0.7278057226670119340, 0.7928948147812350244, 0.8596723283028316898, 0.9284644007334890148, 1.000000000000000000 ),
 .UNSPECIFIED. ) ;
#7833 = CARTESIAN_POINT ( 'NONE',  ( 1.884214403923073933, 3.799999999999999378, -0.1472884595004206876 ) ) ;
#7834 = CARTESIAN_POINT ( 'NONE',  ( 2.163895041892639703, 3.799999999999999378, -0.4297378208532544597 ) ) ;
#7835 = CARTESIAN_POINT ( 'NONE',  ( 3.648071134994826714, 3.790000000000001368, 0.03931838960591380050 ) ) ;
#7836 = CARTESIAN_POINT ( 'NONE',  ( 3.719687437406275166, 3.789999999999999147, 0.03695941114475750910 ) ) ;
#7837 = PRESENTATION_LAYER_ASSIGNMENT (  '', '', ( #918 ) ) ;
#7838 = DIRECTION ( 'NONE',  ( -0.0000000000000000000, 1.000000000000000000, -0.0000000000000000000 ) ) ;
#7839 = EDGE_LOOP ( 'NONE', ( #9481, #8778, #7552, #2107, #5321, #1165, #2888, #1144, #6007, #5493, #1382, #8116 ) ) ;
#7840 =( NAMED_UNIT ( * ) SI_UNIT ( $, .STERADIAN. ) SOLID_ANGLE_UNIT ( ) );
#7841 = DIRECTION ( 'NONE',  ( -1.000000000000000000, 0.0000000000000000000, 0.0000000000000000000 ) ) ;
#7842 = CARTESIAN_POINT ( 'NONE',  ( 2.479228594823294607, 3.799999999999998934, -0.3304827822602797727 ) ) ;
#7843 = CARTESIAN_POINT ( 'NONE',  ( 3.531741453630855787, 3.800000000000001599, -0.2110721267979479565 ) ) ;
#7844 =( GEOMETRIC_REPRESENTATION_CONTEXT ( 3 ) GLOBAL_UNCERTAINTY_ASSIGNED_CONTEXT ( ( #1242 ) ) GLOBAL_UNIT_ASSIGNED_CONTEXT ( ( #7431, #8938, #9569 ) ) REPRESENTATION_CONTEXT ( 'NONE', 'WORKASPACE' ) );
#7845 = PRESENTATION_LAYER_ASSIGNMENT (  '', '', ( #3671 ) ) ;
#7846 = SURFACE_SIDE_STYLE ('',( #9488 ) ) ;
#7847 = DIRECTION ( 'NONE',  ( 0.0000000000000000000, -0.0000000000000000000, -1.000000000000000000 ) ) ;
#7848 = DIRECTION ( 'NONE',  ( 0.4494802773921304229, 0.0000000000000000000, 0.8932902553120645184 ) ) ;
#7849 = VERTEX_POINT ( 'NONE', #6709 ) ;
#7850 =( NAMED_UNIT ( * ) SI_UNIT ( $, .STERADIAN. ) SOLID_ANGLE_UNIT ( ) );
#7851 = PLANE ( 'NONE',  #2791 ) ;
#7852 =( LENGTH_UNIT ( ) NAMED_UNIT ( * ) SI_UNIT ( .MILLI., .METRE. ) );
#7853 = FILL_AREA_STYLE_COLOUR ( '', #159 ) ;
#7854 = CARTESIAN_POINT ( 'NONE',  ( 2.409929733250182338, 3.799999999999999378, 0.1382796999709349495 ) ) ;
#7855 = SURFACE_STYLE_FILL_AREA ( #668 ) ;
#7856 = DIRECTION ( 'NONE',  ( -0.0000000000000000000, 0.0000000000000000000, 1.000000000000000000 ) ) ;
#7857 =( GEOMETRIC_REPRESENTATION_CONTEXT ( 3 ) GLOBAL_UNCERTAINTY_ASSIGNED_CONTEXT ( ( #7988 ) ) GLOBAL_UNIT_ASSIGNED_CONTEXT ( ( #8630, #2646, #4949 ) ) REPRESENTATION_CONTEXT ( 'NONE', 'WORKASPACE' ) );
#7858 = EDGE_CURVE ( 'NONE', #5201, #5355, #6262, .T. ) ;
#7859 = B_SPLINE_SURFACE_WITH_KNOTS ( 'NONE', 3, 1, ( 
 ( #8248, #4510 ),
 ( #8284, #3810 ),
 ( #9737, #2889 ),
 ( #3645, #4279 ),
 ( #4807, #644 ),
 ( #6663, #9674 ),
 ( #4450, #9165 ),
 ( #6981, #6544 ),
 ( #1376, #3162 ),
 ( #755, #259 ),
 ( #6599, #7164 ) ),
 .UNSPECIFIED., .F., .F., .F.,
 ( 4, 1, 1, 1, 1, 1, 1, 1, 4 ),
 ( 2, 2 ),
 ( 0.0000000000000000000, 0.08431861695858246242, 0.1792845142139038728, 0.2865825276465614468, 0.4051114834342780524, 0.5355928734189743246, 0.6781902099934125072, 0.8329758397604878351, 1.000000000000000000 ),
 ( 0.0000000000000000000, 1.000000000000000000 ),
 .UNSPECIFIED. ) ;
#7860 =( GEOMETRIC_REPRESENTATION_CONTEXT ( 3 ) GLOBAL_UNCERTAINTY_ASSIGNED_CONTEXT ( ( #8099 ) ) GLOBAL_UNIT_ASSIGNED_CONTEXT ( ( #2500, #7708, #9243 ) ) REPRESENTATION_CONTEXT ( 'NONE', 'WORKASPACE' ) );
#7861 = ORIENTED_EDGE ( 'NONE', *, *, #9236, .T. ) ;
#7862 = FILL_AREA_STYLE_COLOUR ( '', #4153 ) ;
#7863 = FILL_AREA_STYLE ('',( #338 ) ) ;
#7864 = PLANE ( 'NONE',  #5131 ) ;
#7865 = VECTOR ( 'NONE', #5966, 1000.000000000000000 ) ;
#7866 = CARTESIAN_POINT ( 'NONE',  ( 3.299690171579573672, 3.799999999999999822, -0.3907195626953838818 ) ) ;
#7867 = UNCERTAINTY_MEASURE_WITH_UNIT (LENGTH_MEASURE( 1.000000000000000082E-05 ), #830, 'distance_accuracy_value', 'NONE');
#7868 = CARTESIAN_POINT ( 'NONE',  ( 0.3501709408103427235, 3.790000000000000036, -0.4009759729517941573 ) ) ;
#7869 = CARTESIAN_POINT ( 'NONE',  ( 3.491677351066753143, 3.790000000000000036, 0.1815560783302572478 ) ) ;
#7870 = CARTESIAN_POINT ( 'NONE',  ( 2.130522386632408782, 3.790000000000000480, 0.05991275284011745444 ) ) ;
#7871 = VECTOR ( 'NONE', #5974, 1000.000000000000000 ) ;
#7872 =( GEOMETRIC_REPRESENTATION_CONTEXT ( 3 ) GLOBAL_UNCERTAINTY_ASSIGNED_CONTEXT ( ( #4613 ) ) GLOBAL_UNIT_ASSIGNED_CONTEXT ( ( #4948, #4110, #5656 ) ) REPRESENTATION_CONTEXT ( 'NONE', 'WORKASPACE' ) );
#7873 = DIRECTION ( 'NONE',  ( -0.4189977888269743600, 0.0000000000000000000, -0.9079872537420919931 ) ) ;
#7874 = VERTEX_POINT ( 'NONE', #5985 ) ;
#7875 = FACE_OUTER_BOUND ( 'NONE', #3366, .T. ) ;
#7876 = PRESENTATION_LAYER_ASSIGNMENT (  '', '', ( #6372 ) ) ;
#7877 = DIRECTION ( 'NONE',  ( -1.000000000000000000, 0.0000000000000000000, 0.0000000000000000000 ) ) ;
#7878 = DIRECTION ( 'NONE',  ( -0.4188422247446084157, 0.0000000000000000000, -0.9080590238365492395 ) ) ;
#7879 = CARTESIAN_POINT ( 'NONE',  ( 3.475491453630855876, 3.799999999999999822, -0.1601105883364094817 ) ) ;
#7880 = EDGE_CURVE ( 'NONE', #6695, #1533, #485, .T. ) ;
#7881 =( GEOMETRIC_REPRESENTATION_CONTEXT ( 3 ) GLOBAL_UNCERTAINTY_ASSIGNED_CONTEXT ( ( #4030 ) ) GLOBAL_UNIT_ASSIGNED_CONTEXT ( ( #8008, #475, #8724 ) ) REPRESENTATION_CONTEXT ( 'NONE', 'WORKASPACE' ) );
#7882 = FILL_AREA_STYLE_COLOUR ( '', #4220 ) ;
#7883 = CARTESIAN_POINT ( 'NONE',  ( 3.373526001086312842, 3.789999999999999147, 0.2329508867667602345 ) ) ;
#7884 = CARTESIAN_POINT ( 'NONE',  ( 3.022767094656496845, 3.790000000000000036, 0.2430945398687187897 ) ) ;
#7885 = COLOUR_RGB ( '',1.000000000000000000, 1.000000000000000000, 1.000000000000000000 ) ;
#7886 = PLANE ( 'NONE',  #3304 ) ;
#7887 = CARTESIAN_POINT ( 'NONE',  ( 3.616140368191773646, 3.799999999999999378, -0.03712861688164192236 ) ) ;
#7888 = CARTESIAN_POINT ( 'NONE',  ( 2.469401710041112086, 3.790000000000000036, 0.04421633474051362561 ) ) ;
#7889 = VECTOR ( 'NONE', #834, 999.9999999999998863 ) ;
#7890 =( GEOMETRIC_REPRESENTATION_CONTEXT ( 3 ) GLOBAL_UNCERTAINTY_ASSIGNED_CONTEXT ( ( #7769 ) ) GLOBAL_UNIT_ASSIGNED_CONTEXT ( ( #928, #6150, #6904 ) ) REPRESENTATION_CONTEXT ( 'NONE', 'WORKASPACE' ) );
#7891 = FACE_OUTER_BOUND ( 'NONE', #7775, .T. ) ;
#7892 = CARTESIAN_POINT ( 'NONE',  ( 3.499486735684728789, 3.799999999999999822, 0.2634414398678928682 ) ) ;
#7893 = VERTEX_POINT ( 'NONE', #5238 ) ;
#7894 = EDGE_CURVE ( 'NONE', #6737, #2663, #5202, .T. ) ;
#7895 = B_SPLINE_SURFACE_WITH_KNOTS ( 'NONE', 3, 1, ( 
 ( #486, #6418 ),
 ( #435, #1929 ),
 ( #8651, #9494 ),
 ( #7139, #1158 ),
 ( #1959, #4939 ),
 ( #7235, #7169 ),
 ( #1191, #7854 ),
 ( #5615, #2697 ),
 ( #1126, #2727 ),
 ( #7956, #3501 ),
 ( #3533, #4875 ),
 ( #9429, #7925 ),
 ( #8708, #3469 ),
 ( #363, #2669 ),
 ( #7888, #4162 ) ),
 .UNSPECIFIED., .F., .F., .F.,
 ( 4, 1, 1, 1, 1, 1, 1, 1, 1, 1, 1, 1, 4 ),
 ( 2, 2 ),
 ( 0.0000000000000000000, 0.1128134007444562409, 0.2253938839207272615, 0.3395948145626997983, 0.4596754102248622464, 0.5217351900879325655, 0.5839258387389157923, 0.6481741447653688315, 0.7138810381130651361, 0.7810044549073886788, 0.8514509275565546043, 0.9240506926641769425, 0.9999999999999998890 ),
 ( 0.0000000000000000000, 1.000000000000000000 ),
 .UNSPECIFIED. ) ;
#7896 = DIRECTION ( 'NONE',  ( -0.0000000000000000000, 1.000000000000000000, -0.0000000000000000000 ) ) ;
#7897 = CARTESIAN_POINT ( 'NONE',  ( 3.571831937699081916, 3.790000000000001368, 0.1633474097024513461 ) ) ;
#7898 = UNCERTAINTY_MEASURE_WITH_UNIT (LENGTH_MEASURE( 1.000000000000000082E-05 ), #4135, 'distance_accuracy_value', 'NONE');
#7899 = CARTESIAN_POINT ( 'NONE',  ( 3.705405302302031689, 3.789999999999999591, -0.4482382794832075468 ) ) ;
#7900 = PLANE ( 'NONE',  #6388 ) ;
#7901 = CARTESIAN_POINT ( 'NONE',  ( 3.475491453630855876, 3.790000000000000036, -0.1601105883364094817 ) ) ;
#7902 = CARTESIAN_POINT ( 'NONE',  ( 3.655368788574169248, 3.789999999999998703, -0.1055413038643951695 ) ) ;
#7903 = VERTEX_POINT ( 'NONE', #7329 ) ;
#7904 = ORIENTED_EDGE ( 'NONE', *, *, #5117, .F. ) ;
#7905 = VERTEX_POINT ( 'NONE', #5924 ) ;
#7906 = SURFACE_STYLE_FILL_AREA ( #6085 ) ;
#7907 = CARTESIAN_POINT ( 'NONE',  ( -1.915694443805042058, 3.790000000000000036, 0.09950479627897516888 ) ) ;
#7908 = CARTESIAN_POINT ( 'NONE',  ( -5.569999999999999396, 1.900000000000000355, -1.250000000000000222 ) ) ;
#7909 = PRESENTATION_LAYER_ASSIGNMENT (  '', '', ( #6898 ) ) ;
#7910 = ORIENTED_EDGE ( 'NONE', *, *, #8786, .T. ) ;
#7911 = CARTESIAN_POINT ( 'NONE',  ( 1.834617084917077534, 3.789999999999999591, -0.4010104959359744869 ) ) ;
#7912 = ADVANCED_FACE ( 'NONE', ( #1211 ), #7759, .T. ) ;
#7913 = VERTEX_POINT ( 'NONE', #8324 ) ;
#7914 = SURFACE_STYLE_FILL_AREA ( #137 ) ;
#7915 = UNCERTAINTY_MEASURE_WITH_UNIT (LENGTH_MEASURE( 1.000000000000000082E-05 ), #6096, 'distance_accuracy_value', 'NONE');
#7916 = LINE ( 'NONE', #4920, #976 ) ;
#7917 = SURFACE_STYLE_FILL_AREA ( #6446 ) ;
#7918 = VECTOR ( 'NONE', #206, 1000.000000000000000 ) ;
#7919 = CARTESIAN_POINT ( 'NONE',  ( 1.497747553103865314, 3.789999999999999147, 0.005029526254132453238 ) ) ;
#7920 = CARTESIAN_POINT ( 'NONE',  ( 3.252617076156747444, 3.790000000000000036, 0.09639042054563470852 ) ) ;
#7921 = CARTESIAN_POINT ( 'NONE',  ( 2.137897785685643370, 3.800000000000000266, -0.3895421529915990000 ) ) ;
#7922 = EDGE_CURVE ( 'NONE', #739, #1985, #3937, .T. ) ;
#7923 = FACE_OUTER_BOUND ( 'NONE', #9228, .T. ) ;
#7924 = CARTESIAN_POINT ( 'NONE',  ( 3.421634732520274280, 3.800000000000000711, 0.2536897464439394900 ) ) ;
#7925 = CARTESIAN_POINT ( 'NONE',  ( 2.456179636510497311, 3.800000000000001599, 0.07635858660544021792 ) ) ;
#7926 = DIRECTION ( 'NONE',  ( -0.0000000000000000000, 0.0000000000000000000, -1.000000000000000000 ) ) ;
#7927 = PRESENTATION_STYLE_ASSIGNMENT (( #1820 ) ) ;
#7928 = CARTESIAN_POINT ( 'NONE',  ( 5.569999999999999396, 1.899999999999999911, 1.250000000000000000 ) ) ;
#7929 = B_SPLINE_SURFACE_WITH_KNOTS ( 'NONE', 3, 1, ( 
 ( #3428, #6130 ),
 ( #3837, #2403 ),
 ( #6034, #6795 ),
 ( #5316, #3121 ),
 ( #6070, #2341 ),
 ( #2370, #3052 ),
 ( #4575, #9048 ),
 ( #8283, #6098 ),
 ( #749, #7545 ),
 ( #7606, #3808 ),
 ( #3778, #128 ),
 ( #3083, #8984 ),
 ( #5998, #8338 ),
 ( #1603, #9083 ),
 ( #4605, #1634 ) ),
 .UNSPECIFIED., .F., .F., .F.,
 ( 4, 1, 1, 1, 1, 1, 1, 1, 1, 1, 1, 1, 4 ),
 ( 2, 2 ),
 ( 0.0000000000000000000, 0.1072327993600873941, 0.2132518127818481268, 0.3188304473075868062, 0.4267935306342739432, 0.4836459507827191029, 0.5436038220211419913, 0.6083076495640840076, 0.6771267602600400393, 0.7506856360204949841, 0.8287134184432869421, 0.9121903482234514637, 1.000000000000000000 ),
 ( 0.0000000000000000000, 1.000000000000000000 ),
 .UNSPECIFIED. ) ;
#7930 = VERTEX_POINT ( 'NONE', #6082 ) ;
#7931 = MECHANICAL_DESIGN_GEOMETRIC_PRESENTATION_REPRESENTATION (  '', ( #1134 ), #187 ) ;
#7932 = CARTESIAN_POINT ( 'NONE',  ( 2.420653616702963529, 3.799999999999999822, 0.1280820660708406333 ) ) ;
#7933 =( LENGTH_UNIT ( ) NAMED_UNIT ( * ) SI_UNIT ( .MILLI., .METRE. ) );
#7934 = CARTESIAN_POINT ( 'NONE',  ( 3.333909965596197456, 3.799999999999999378, -0.2828940030431193464 ) ) ;
#7935 = SURFACE_STYLE_FILL_AREA ( #6149 ) ;
#7936 =( GEOMETRIC_REPRESENTATION_CONTEXT ( 3 ) GLOBAL_UNCERTAINTY_ASSIGNED_CONTEXT ( ( #3812 ) ) GLOBAL_UNIT_ASSIGNED_CONTEXT ( ( #3025, #1572, #824 ) ) REPRESENTATION_CONTEXT ( 'NONE', 'WORKASPACE' ) );
#7937 =( NAMED_UNIT ( * ) SI_UNIT ( $, .STERADIAN. ) SOLID_ANGLE_UNIT ( ) );
#7938 = DIRECTION ( 'NONE',  ( -1.000000000000000000, 0.0000000000000000000, 0.0000000000000000000 ) ) ;
#7939 = ORIENTED_EDGE ( 'NONE', *, *, #1093, .T. ) ;
#7940 = CARTESIAN_POINT ( 'NONE',  ( -0.8364367200706169792, 3.800000000000000711, -0.5044025060432844043 ) ) ;
#7941 = EDGE_CURVE ( 'NONE', #6050, #9699, #2067, .T. ) ;
#7942 = LINE ( 'NONE', #3460, #3861 ) ;
#7943 = PLANE ( 'NONE',  #2365 ) ;
#7945 = EDGE_CURVE ( 'NONE', #348, #9148, #3277, .T. ) ;
#7944 = FILL_AREA_STYLE ('',( #5732 ) ) ;
#7946 = ORIENTED_EDGE ( 'NONE', *, *, #249, .T. ) ;
#7947 = DIRECTION ( 'NONE',  ( -0.0000000000000000000, 0.0000000000000000000, -1.000000000000000000 ) ) ;
#7948 = B_SPLINE_SURFACE_WITH_KNOTS ( 'NONE', 3, 1, ( 
 ( #3300, #2516 ),
 ( #6251, #2548 ),
 ( #303, #8475 ),
 ( #234, #1056 ),
 ( #6187, #6320 ),
 ( #7751, #269 ),
 ( #2604, #9334 ),
 ( #1861, #171 ),
 ( #7064, #7822 ),
 ( #8550, #5419 ),
 ( #8580, #5518 ),
 ( #1024, #6217 ),
 ( #1794, #7688 ),
 ( #6292, #1825 ),
 ( #4709, #3333 ),
 ( #8445, #5488 ),
 ( #4105, #1762 ),
 ( #1724, #6942 ),
 ( #5457, #992 ),
 ( #4075, #7035 ),
 ( #2486, #7787 ),
 ( #9231, #3983 ),
 ( #6975, #9195 ),
 ( #202, #7721 ),
 ( #7953, #1956 ),
 ( #7138, #3409 ),
 ( #7233, #431 ) ),
 .UNSPECIFIED., .F., .F., .F.,
 ( 4, 1, 1, 1, 1, 1, 1, 1, 1, 1, 1, 1, 1, 1, 1, 1, 1, 1, 1, 1, 1, 1, 1, 1, 4 ),
 ( 2, 2 ),
 ( 0.0000000000000000000, 0.06506328961727922411, 0.1267731664665229518, 0.1855157632260792111, 0.2407646791677151010, 0.2929797960235981935, 0.3422503727797676087, 0.3889192861856605732, 0.4327756640583106940, 0.4746284326311180357, 0.5147746906379533360, 0.5536058934984422475, 0.5914264064311732794, 0.6280281199460675534, 0.6638036341103205062, 0.6989843361316639969, 0.7335914893067050357, 0.7676284691511404690, 0.8012083477865922232, 0.8342638397266239902, 0.8669806947287772569, 0.8997197415181612534, 0.9327019124985386211, 0.9661758834327492940, 1.000000000000000000 ),
 ( 0.0000000000000000000, 1.000000000000000000 ),
 .UNSPECIFIED. ) ;
#7949 = CARTESIAN_POINT ( 'NONE',  ( 1.805566691152024950, 3.789999999999999591, -0.4405382854319115915 ) ) ;
#7950 =( GEOMETRIC_REPRESENTATION_CONTEXT ( 3 ) GLOBAL_UNCERTAINTY_ASSIGNED_CONTEXT ( ( #3902 ) ) GLOBAL_UNIT_ASSIGNED_CONTEXT ( ( #2609, #5365, #3375 ) ) REPRESENTATION_CONTEXT ( 'NONE', 'WORKASPACE' ) );
#7951 = CARTESIAN_POINT ( 'NONE',  ( 1.530170133893502760, 3.790000000000000924, 0.08984490176883061507 ) ) ;
#7952 = PRESENTATION_STYLE_ASSIGNMENT (( #1291 ) ) ;
#7953 = CARTESIAN_POINT ( 'NONE',  ( 2.314391013575472833, 3.790000000000000480, 0.2633303734483951053 ) ) ;
#7955 = ORIENTED_EDGE ( 'NONE', *, *, #4416, .F. ) ;
#7954 = CARTESIAN_POINT ( 'NONE',  ( 3.300765359436435897, 3.789999999999999147, 0.1693892104276903676 ) ) ;
#7956 = CARTESIAN_POINT ( 'NONE',  ( 2.439831702025903049, 3.790000000000000036, 0.1043437430488219075 ) ) ;
#7957 = CARTESIAN_POINT ( 'NONE',  ( 2.061309025387530802, 3.800000000000000711, -0.4013057577851021906 ) ) ;
#7958 = CARTESIAN_POINT ( 'NONE',  ( -0.7404519271764260502, 3.790000000000000480, -0.02437977563357974012 ) ) ;
#7959 = CARTESIAN_POINT ( 'NONE',  ( 2.124045930632793233, 3.800000000000001599, -0.3574397987871510418 ) ) ;
#7960 = ADVANCED_FACE ( 'NONE', ( #8484 ), #3066, .F. ) ;
#7961 = CARTESIAN_POINT ( 'NONE',  ( 2.471813542679687004, 3.790000000000000036, 0.03707810857678106586 ) ) ;
#7962 = SURFACE_STYLE_USAGE ( .BOTH. , #1935 ) ;
#7963 = DIRECTION ( 'NONE',  ( -1.000000000000000000, 0.0000000000000000000, 0.0000000000000000000 ) ) ;
#7964 = STYLED_ITEM ( 'NONE', ( #5902 ), #5159 ) ;
#7965 = SURFACE_STYLE_USAGE ( .BOTH. , #7303 ) ;
#7966 = CARTESIAN_POINT ( 'NONE',  ( 2.105771856740985104, 3.799999999999999378, -0.2729754930126632728 ) ) ;
#7967 = CARTESIAN_POINT ( 'NONE',  ( 2.103040503681885554, 3.789999999999999591, -0.06723864106931314033 ) ) ;
#7968 = ADVANCED_FACE ( 'NONE', ( #1958 ), #4804, .T. ) ;
#7969 = ORIENTED_EDGE ( 'NONE', *, *, #3762, .F. ) ;
#7970 = CARTESIAN_POINT ( 'NONE',  ( 2.643279915169317373, 3.790000000000000036, 0.05847915525333415021 ) ) ;
#7971 = FILL_AREA_STYLE_COLOUR ( '', #7116 ) ;
#7972 = ORIENTED_EDGE ( 'NONE', *, *, #7264, .F. ) ;
#7973 = CARTESIAN_POINT ( 'NONE',  ( 1.569411289816152966, 3.790000000000000924, 0.1372665214499449171 ) ) ;
#7974 = CARTESIAN_POINT ( 'NONE',  ( 3.488792735682137547, 3.799999999999999822, -0.4953669985928197961 ) ) ;
#7975 = SURFACE_SIDE_STYLE ('',( #291 ) ) ;
#7976 = CARTESIAN_POINT ( 'NONE',  ( 2.297767094656497644, 3.790000000000000480, -0.4953669985928199071 ) ) ;
#7977 = ORIENTED_EDGE ( 'NONE', *, *, #9447, .F. ) ;
#7978 = EDGE_CURVE ( 'NONE', #827, #9738, #2178, .T. ) ;
#7979 = VERTEX_POINT ( 'NONE', #6970 ) ;
#7980 = LINE ( 'NONE', #980, #3322 ) ;
#7981 = CARTESIAN_POINT ( 'NONE',  ( 1.558423270560813201, 3.790000000000001368, 0.1270272114303794275 ) ) ;
#7982 = CARTESIAN_POINT ( 'NONE',  ( -0.6519986867291961419, 3.790000000000000480, -0.08871720958959508629 ) ) ;
#7983 = CARTESIAN_POINT ( 'NONE',  ( 0.0000000000000000000, 3.799999999999999822, 0.0000000000000000000 ) ) ;
#7984 = ORIENTED_EDGE ( 'NONE', *, *, #778, .T. ) ;
#7985 = CARTESIAN_POINT ( 'NONE',  ( 3.314636764309941697, 3.800000000000001155, 0.1854830534817930865 ) ) ;
#7986 =( LENGTH_UNIT ( ) NAMED_UNIT ( * ) SI_UNIT ( .MILLI., .METRE. ) );
#7987 = CARTESIAN_POINT ( 'NONE',  ( 2.258179779123871800, 3.799999999999999822, -0.5749190937986857763 ) ) ;
#7988 = UNCERTAINTY_MEASURE_WITH_UNIT (LENGTH_MEASURE( 1.000000000000000082E-05 ), #8630, 'distance_accuracy_value', 'NONE');
#7989 = EDGE_LOOP ( 'NONE', ( #2377, #4473, #5482, #1412 ) ) ;
#7990 = CARTESIAN_POINT ( 'NONE',  ( 2.105771856740985104, 3.799999999999999822, -0.2729754930126632728 ) ) ;
#7991 = PRESENTATION_LAYER_ASSIGNMENT (  '', '', ( #8489 ) ) ;
#7992 = EDGE_CURVE ( 'NONE', #4239, #8375, #8457, .T. ) ;
#7993 = CARTESIAN_POINT ( 'NONE',  ( 2.295363248502650499, 3.800000000000000266, -0.5774182806441018334 ) ) ;
#7994 = SURFACE_STYLE_FILL_AREA ( #7136 ) ;
#7995 = CARTESIAN_POINT ( 'NONE',  ( 3.344401710041112086, 3.790000000000000036, -0.2689246909005120756 ) ) ;
#7996 = SURFACE_STYLE_USAGE ( .BOTH. , #4265 ) ;
#7997 = CARTESIAN_POINT ( 'NONE',  ( 0.1663568382462400908, 3.790000000000000036, -0.01331571654153768276 ) ) ;
#7998 = ORIENTED_EDGE ( 'NONE', *, *, #5347, .F. ) ;
#7999 = EDGE_LOOP ( 'NONE', ( #7243, #6404, #7025, #8513 ) ) ;
#8000 = CARTESIAN_POINT ( 'NONE',  ( -1.923226495087093424, 3.799999999999999822, 0.2430945398687187897 ) ) ;
#8001 = CARTESIAN_POINT ( 'NONE',  ( 3.629931074591578266, 3.790000000000001368, -0.5308149312095492567 ) ) ;
#8002 = CARTESIAN_POINT ( 'NONE',  ( 3.499486735684728789, 3.799999999999999822, 0.2634414398678928682 ) ) ;
#8003 = CARTESIAN_POINT ( 'NONE',  ( 3.616140368191773646, 3.789999999999999591, -0.03712861688164192236 ) ) ;
#8004 = COLOUR_RGB ( '',1.000000000000000000, 1.000000000000000000, 1.000000000000000000 ) ;
#8005 = DIRECTION ( 'NONE',  ( 8.673617379884036705E-17, -0.0000000000000000000, 1.000000000000000000 ) ) ;
#8006 = CARTESIAN_POINT ( 'NONE',  ( 1.508500263386431062, 3.790000000000000036, 0.04330725146975168000 ) ) ;
#8007 = CARTESIAN_POINT ( 'NONE',  ( 3.464591371151894528, 3.790000000000000480, -0.4945559473554231866 ) ) ;
#8008 =( LENGTH_UNIT ( ) NAMED_UNIT ( * ) SI_UNIT ( .MILLI., .METRE. ) );
#8009 = CARTESIAN_POINT ( 'NONE',  ( 1.869604256533587083, 3.789999999999999591, -0.3096958051587142546 ) ) ;
#8010 = EDGE_CURVE ( 'NONE', #1357, #3117, #6378, .T. ) ;
#8011 = LINE ( 'NONE', #528, #4839 ) ;
#8012 = ORIENTED_EDGE ( 'NONE', *, *, #3628, .T. ) ;
#8013 = ADVANCED_FACE ( 'NONE', ( #8140 ), #5453, .T. ) ;
#8014 = CARTESIAN_POINT ( 'NONE',  ( 1.673580517992105943, 3.789999999999999591, 0.1811152736735189284 ) ) ;
#8015 = DIRECTION ( 'NONE',  ( 0.0000000000000000000, 0.0000000000000000000, -1.000000000000000000 ) ) ;
#8016 = EDGE_LOOP ( 'NONE', ( #6865, #7082, #7166, #9670 ) ) ;
#8017 = FILL_AREA_STYLE_COLOUR ( '', #7513 ) ;
#8018 =( NAMED_UNIT ( * ) PLANE_ANGLE_UNIT ( ) SI_UNIT ( $, .RADIAN. ) );
#8019 = COLOUR_RGB ( '',1.000000000000000000, 1.000000000000000000, 1.000000000000000000 ) ;
#8020 = CARTESIAN_POINT ( 'NONE',  ( -1.233643161753760209, 3.790000000000000036, 0.1610432578174366969 ) ) ;
#8021 = CARTESIAN_POINT ( 'NONE',  ( 2.102215027008351722, 3.799999999999999378, -0.4777132154023924770 ) ) ;
#8022 = SURFACE_STYLE_FILL_AREA ( #8685 ) ;
#8023 = CARTESIAN_POINT ( 'NONE',  ( 2.099765831327681020, 3.790000000000000480, -0.1884900411267376730 ) ) ;
#8024 = VECTOR ( 'NONE', #4237, 1000.000000000000000 ) ;
#8025 = EDGE_LOOP ( 'NONE', ( #4938, #7337, #8642, #448 ) ) ;
#8026 = ORIENTED_EDGE ( 'NONE', *, *, #2743, .F. ) ;
#8027 = AXIS2_PLACEMENT_3D ( 'NONE', #8592, #2679, #4084 ) ;
#8028 = ORIENTED_EDGE ( 'NONE', *, *, #2675, .F. ) ;
#8029 =( NAMED_UNIT ( * ) SI_UNIT ( $, .STERADIAN. ) SOLID_ANGLE_UNIT ( ) );
#8030 = DIRECTION ( 'NONE',  ( -0.0000000000000000000, -4.818676322157801319E-16, 1.000000000000000000 ) ) ;
#8031 = PLANE ( 'NONE',  #2352 ) ;
#8032 = FACE_OUTER_BOUND ( 'NONE', #7792, .T. ) ;
#8033 = COLOUR_RGB ( '',1.000000000000000000, 1.000000000000000000, 1.000000000000000000 ) ;
#8034 = VERTEX_POINT ( 'NONE', #1760 ) ;
#8035 = CARTESIAN_POINT ( 'NONE',  ( 2.333084817102866193, 3.800000000000000266, -0.5749538535322046284 ) ) ;
#8036 = CARTESIAN_POINT ( 'NONE',  ( 1.910224228834059179, 3.799999999999999378, -0.4193163166873626335 ) ) ;
#8037 = CARTESIAN_POINT ( 'NONE',  ( 2.571485043374445834, 3.799999999999999822, -0.1565849473107684686 ) ) ;
#8038 = SURFACE_STYLE_FILL_AREA ( #4336 ) ;
#8039 = DIRECTION ( 'NONE',  ( 0.0000000000000000000, -1.000000000000000000, -1.100712865467517202E-16 ) ) ;
#8040 = SURFACE_STYLE_USAGE ( .BOTH. , #1278 ) ;
#8041 = VECTOR ( 'NONE', #6178, 1000.000000000000000 ) ;
#8042 = DIRECTION ( 'NONE',  ( -0.0000000000000000000, 1.000000000000000000, -0.0000000000000000000 ) ) ;
#8043 = PRESENTATION_STYLE_ASSIGNMENT (( #5614 ) ) ;
#8044 = ORIENTED_EDGE ( 'NONE', *, *, #5109, .T. ) ;
#8045 =( NAMED_UNIT ( * ) SI_UNIT ( $, .STERADIAN. ) SOLID_ANGLE_UNIT ( ) );
#8046 = STYLED_ITEM ( 'NONE', ( #6711 ), #5864 ) ;
#8047 = ORIENTED_EDGE ( 'NONE', *, *, #8891, .F. ) ;
#8048 = PRESENTATION_STYLE_ASSIGNMENT (( #9604 ) ) ;
#8049 = SURFACE_SIDE_STYLE ('',( #1012 ) ) ;
#8050 = EDGE_CURVE ( 'NONE', #5737, #3265, #7764, .T. ) ;
#8051 = CARTESIAN_POINT ( 'NONE',  ( 1.414351511622612634, 3.799999999999999378, -0.2306082648075719888 ) ) ;
#8052 = STYLED_ITEM ( 'NONE', ( #5944 ), #1642 ) ;
#8053 = VERTEX_POINT ( 'NONE', #7782 ) ;
#8054 = CARTESIAN_POINT ( 'NONE',  ( 3.299690171579573672, 3.790000000000000036, -0.3907195626953838818 ) ) ;
#8056 = CARTESIAN_POINT ( 'NONE',  ( -1.063479183217076907, 3.790000000000000036, -0.5553696877733285131 ) ) ;
#8055 = CARTESIAN_POINT ( 'NONE',  ( 3.371879232583199659, 3.790000000000000036, -0.4009694946949780014 ) ) ;
#8057 = DIRECTION ( 'NONE',  ( 1.000000000000000000, 0.0000000000000000000, 0.0000000000000000000 ) ) ;
#8058 = CARTESIAN_POINT ( 'NONE',  ( 2.154599567575464114, 3.800000000000000711, -0.4173030974588872177 ) ) ;
#8059 = CARTESIAN_POINT ( 'NONE',  ( 2.163895041892639703, 3.799999999999999822, -0.4297378208532544597 ) ) ;
#8060 = CARTESIAN_POINT ( 'NONE',  ( 3.382592879063990310, 3.789999999999999591, -0.3433488462400128838 ) ) ;
#8061 = PRESENTATION_STYLE_ASSIGNMENT (( #4677 ) ) ;
#8062 = ORIENTED_EDGE ( 'NONE', *, *, #9734, .F. ) ;
#8063 = ORIENTED_EDGE ( 'NONE', *, *, #8615, .F. ) ;
#8064 = CARTESIAN_POINT ( 'NONE',  ( 2.403422923281495649, 3.800000000000000266, -0.5523995926297621262 ) ) ;
#8065 = CARTESIAN_POINT ( 'NONE',  ( -1.003205936435493717, 3.800000000000001155, 0.1561679446733620080 ) ) ;
#8066 = CARTESIAN_POINT ( 'NONE',  ( 2.504135594358767314, 3.799999999999999822, -0.4587483108834662926 ) ) ;
#8067 = SURFACE_SIDE_STYLE ('',( #1223 ) ) ;
#8068 = PLANE ( 'NONE',  #9053 ) ;
#8069 = CARTESIAN_POINT ( 'NONE',  ( 1.884305556194958431, 3.799999999999999822, -0.1569054601312812325 ) ) ;
#8070 = CARTESIAN_POINT ( 'NONE',  ( -0.7283009371288510225, 3.789999999999999147, -0.2276139079440586688 ) ) ;
#8071 = EDGE_LOOP ( 'NONE', ( #1476, #7000, #4048, #3328, #490, #5576, #5193, #977, #273, #4924, #2766, #6020 ) ) ;
#8072 = EDGE_CURVE ( 'NONE', #4627, #3139, #8473, .T. ) ;
#8073 = VERTEX_POINT ( 'NONE', #4900 ) ;
#8074 =( NAMED_UNIT ( * ) PLANE_ANGLE_UNIT ( ) SI_UNIT ( $, .RADIAN. ) );
#8075 = CARTESIAN_POINT ( 'NONE',  ( -0.8159516507631511262, 3.799999999999999822, 0.08671722207408669170 ) ) ;
#8076 = CARTESIAN_POINT ( 'NONE',  ( -1.233643161753760209, 3.790000000000000036, -0.4748541780799992451 ) ) ;
#8077 = UNCERTAINTY_MEASURE_WITH_UNIT (LENGTH_MEASURE( 1.000000000000000082E-05 ), #7647, 'distance_accuracy_value', 'NONE');
#8078 = FILL_AREA_STYLE_COLOUR ( '', #7403 ) ;
#8079 = PRESENTATION_LAYER_ASSIGNMENT (  '', '', ( #7070 ) ) ;
#8080 = ORIENTED_EDGE ( 'NONE', *, *, #2979, .T. ) ;
#8081 = PRESENTATION_STYLE_ASSIGNMENT (( #6239 ) ) ;
#8082 =( LENGTH_UNIT ( ) NAMED_UNIT ( * ) SI_UNIT ( .MILLI., .METRE. ) );
#8083 = EDGE_CURVE ( 'NONE', #7849, #2088, #8943, .T. ) ;
#8084 = CARTESIAN_POINT ( 'NONE',  ( -0.9314875290058229895, 3.800000000000000266, 0.1460214375437843271 ) ) ;
#8085 =( NAMED_UNIT ( * ) SI_UNIT ( $, .STERADIAN. ) SOLID_ANGLE_UNIT ( ) );
#8086 = CARTESIAN_POINT ( 'NONE',  ( 3.079978633118034992, 3.790000000000000036, -0.5774182806441018334 ) ) ;
#8087 = ADVANCED_FACE ( 'NONE', ( #4502, #2749 ), #6381, .F. ) ;
#8088 = FACE_OUTER_BOUND ( 'NONE', #6534, .T. ) ;
#8089 = CARTESIAN_POINT ( 'NONE',  ( 5.500000000000000000, 0.0000000000000000000, 1.249999999999999556 ) ) ;
#8090 = SURFACE_STYLE_USAGE ( .BOTH. , #2184 ) ;
#8091 = VECTOR ( 'NONE', #3598, 1000.000000000000000 ) ;
#8092 = LINE ( 'NONE', #4451, #2837 ) ;
#8093 = ORIENTED_EDGE ( 'NONE', *, *, #11, .F. ) ;
#8094 = CARTESIAN_POINT ( 'NONE',  ( 2.419927399085393116, 3.790000000000000036, -0.5433301372367407289 ) ) ;
#8095 = CARTESIAN_POINT ( 'NONE',  ( 1.854017094656496445, 3.790000000000000036, 0.04421633474051362561 ) ) ;
#8096 = CARTESIAN_POINT ( 'NONE',  ( 3.300578795363713347, 3.800000000000000711, -0.4159304971638932980 ) ) ;
#8097 = AXIS2_PLACEMENT_3D ( 'NONE', #8158, #9584, #558 ) ;
#8098 = DIRECTION ( 'NONE',  ( 0.0000000000000000000, 0.0000000000000000000, 1.000000000000000000 ) ) ;
#8099 = UNCERTAINTY_MEASURE_WITH_UNIT (LENGTH_MEASURE( 1.000000000000000082E-05 ), #2500, 'distance_accuracy_value', 'NONE');
#8100 = CARTESIAN_POINT ( 'NONE',  ( 2.569525115333506360, 3.800000000000000266, -0.2278390325579516262 ) ) ;
#8101 = DIRECTION ( 'NONE',  ( -0.4285960263555439465, 0.0000000000000000000, 0.9034962347415942396 ) ) ;
#8102 = CARTESIAN_POINT ( 'NONE',  ( 1.788038307896880230, 3.799999999999999378, -0.5523995926297620152 ) ) ;
#8103 = DIRECTION ( 'NONE',  ( -0.0000000000000000000, 1.000000000000000000, -0.0000000000000000000 ) ) ;
#8104 = CARTESIAN_POINT ( 'NONE',  ( -3.569999999999999396, 1.899999999999999911, -0.3500000000000003109 ) ) ;
#8105 = CARTESIAN_POINT ( 'NONE',  ( -0.7908140242404595455, 3.800000000000000711, -0.3612272568586085697 ) ) ;
#8106 = AXIS2_PLACEMENT_3D ( 'NONE', #5956, #4464, #8935 ) ;
#8107 = CLOSED_SHELL ( 'NONE', ( #1317, #955, #5810, #4355, #8872, #5637, #2013, #4554, #4229, #5214 ) ) ;
#8108 = COLOUR_RGB ( '',1.000000000000000000, 1.000000000000000000, 1.000000000000000000 ) ;
#8109 = DIRECTION ( 'NONE',  ( 0.9035018415143106774, 0.0000000000000000000, 0.4285842068721729126 ) ) ;
#8110 = CARTESIAN_POINT ( 'NONE',  ( 5.500000000000000000, 0.0000000000000000000, 4.499999999999999112 ) ) ;
#8111 = ORIENTED_EDGE ( 'NONE', *, *, #7123, .F. ) ;
#8112 = CARTESIAN_POINT ( 'NONE',  ( -0.7495608486830364070, 3.790000000000000036, -0.003029647583314454794 ) ) ;
#8113 = FACE_OUTER_BOUND ( 'NONE', #6929, .T. ) ;
#8114 = DIRECTION ( 'NONE',  ( -0.4188422247446084157, 0.0000000000000000000, -0.9080590238365492395 ) ) ;
#8115 = EDGE_CURVE ( 'NONE', #2924, #7742, #714, .T. ) ;
#8116 = ORIENTED_EDGE ( 'NONE', *, *, #1285, .T. ) ;
#8117 = ORIENTED_EDGE ( 'NONE', *, *, #8083, .F. ) ;
#8118 = CARTESIAN_POINT ( 'NONE',  ( -0.8112039693918619010, 3.789999999999999147, 0.1881554536679727330 ) ) ;
#8119 = CARTESIAN_POINT ( 'NONE',  ( -0.9522361594800774487, 3.790000000000000036, 0.1500437120023123960 ) ) ;
#8121 = CARTESIAN_POINT ( 'NONE',  ( -1.102704885490792597, 3.790000000000000036, -0.5566088628912957414 ) ) ;
#8120 = CARTESIAN_POINT ( 'NONE',  ( -1.586207264317862631, 3.790000000000000036, -0.5569054601312812824 ) ) ;
#8122 = CARTESIAN_POINT ( 'NONE',  ( 2.103040503681885554, 3.799999999999999378, -0.06723864106931314033 ) ) ;
#8123 =( NAMED_UNIT ( * ) SI_UNIT ( $, .STERADIAN. ) SOLID_ANGLE_UNIT ( ) );
#8124 = CARTESIAN_POINT ( 'NONE',  ( 1.861325981885349368, 3.790000000000000924, 0.02258444817827548468 ) ) ;
#8125 =( NAMED_UNIT ( * ) PLANE_ANGLE_UNIT ( ) SI_UNIT ( $, .RADIAN. ) );
#8126 = EDGE_CURVE ( 'NONE', #7610, #777, #2587, .T. ) ;
#8127 = SURFACE_SIDE_STYLE ('',( #8608 ) ) ;
#8128 = FILL_AREA_STYLE ('',( #3691 ) ) ;
#8129 = CARTESIAN_POINT ( 'NONE',  ( 3.487921245123651648, 3.800000000000000266, -0.5770885812406675308 ) ) ;
#8130 = CARTESIAN_POINT ( 'NONE',  ( 1.717739252117415072, 3.800000000000001599, 0.2609139509444463045 ) ) ;
#8131 = CARTESIAN_POINT ( 'NONE',  ( 1.867637244575802269, 3.789999999999999147, 0.0001013277027345159647 ) ) ;
#8132 = ADVANCED_FACE ( 'NONE', ( #7187 ), #1923, .T. ) ;
#8133 = PLANE ( 'NONE',  #4396 ) ;
#8134 = CARTESIAN_POINT ( 'NONE',  ( 1.735974414681587863, 3.790000000000001812, -0.5714175968243345727 ) ) ;
#8135 = CARTESIAN_POINT ( 'NONE',  ( -1.163610191100081570, 3.789999999999999591, -0.4748128102341729884 ) ) ;
#8136 = CARTESIAN_POINT ( 'NONE',  ( 2.465640054134096371, 3.790000000000000924, -0.5073601207094887711 ) ) ;
#8137 = CARTESIAN_POINT ( 'NONE',  ( -0.8845570087788091618, 3.790000000000000924, -0.4346990021141842742 ) ) ;
#8138 = EDGE_CURVE ( 'NONE', #5925, #9578, #4723, .T. ) ;
#8139 = EDGE_LOOP ( 'NONE', ( #2131, #3461, #6155, #394 ) ) ;
#8140 = FACE_OUTER_BOUND ( 'NONE', #9041, .T. ) ;
#8141 = ADVANCED_FACE ( 'NONE', ( #5317 ), #2992, .T. ) ;
#8142 = DIRECTION ( 'NONE',  ( 0.0000000000000000000, -1.000000000000000000, -0.0000000000000000000 ) ) ;
#8143 = CARTESIAN_POINT ( 'NONE',  ( -0.9074931621922620595, 3.790000000000000036, -0.4445312058487608242 ) ) ;
#8144 = CARTESIAN_POINT ( 'NONE',  ( -0.7237299009480101519, 3.789999999999999591, -0.09509850256644200583 ) ) ;
#8145 = PRESENTATION_STYLE_ASSIGNMENT (( #5782 ) ) ;
#8146 = ORIENTED_EDGE ( 'NONE', *, *, #6031, .F. ) ;
#8147 = ORIENTED_EDGE ( 'NONE', *, *, #8474, .F. ) ;
#8148 = EDGE_LOOP ( 'NONE', ( #2030, #6679, #5677, #8415 ) ) ;
#8149 = CARTESIAN_POINT ( 'NONE',  ( 3.720052789092632484, 3.790000000000000480, 0.05427314786126399837 ) ) ;
#8150 = VECTOR ( 'NONE', #6645, 1000.000000000000000 ) ;
#8151 = SURFACE_STYLE_FILL_AREA ( #6511 ) ;
#8152 = ORIENTED_EDGE ( 'NONE', *, *, #3638, .F. ) ;
#8153 = ORIENTED_EDGE ( 'NONE', *, *, #1388, .T. ) ;
#8154 = DIRECTION ( 'NONE',  ( 0.0000000000000000000, 0.0000000000000000000, 1.000000000000000000 ) ) ;
#8155 = CARTESIAN_POINT ( 'NONE',  ( 1.679978633118034859, 3.799999999999999822, -0.5774182806441018334 ) ) ;
#8156 = VERTEX_POINT ( 'NONE', #9681 ) ;
#8157 =( NAMED_UNIT ( * ) PLANE_ANGLE_UNIT ( ) SI_UNIT ( $, .RADIAN. ) );
#8158 = CARTESIAN_POINT ( 'NONE',  ( 3.569999999999999396, 0.0000000000000000000, 0.0000000000000000000 ) ) ;
#8159 = PRESENTATION_STYLE_ASSIGNMENT (( #6868 ) ) ;
#8160 =( GEOMETRIC_REPRESENTATION_CONTEXT ( 3 ) GLOBAL_UNCERTAINTY_ASSIGNED_CONTEXT ( ( #9511 ) ) GLOBAL_UNIT_ASSIGNED_CONTEXT ( ( #7417, #2963, #3727 ) ) REPRESENTATION_CONTEXT ( 'NONE', 'WORKASPACE' ) );
#8161 = VECTOR ( 'NONE', #4791, 1000.000000000000000 ) ;
#8162 = VERTEX_POINT ( 'NONE', #715 ) ;
#8163 = CARTESIAN_POINT ( 'NONE',  ( 1.867637244575802269, 3.799999999999998934, 0.0001013277027345159647 ) ) ;
#8164 = FILL_AREA_STYLE_COLOUR ( '', #9457 ) ;
#8165 = MECHANICAL_DESIGN_GEOMETRIC_PRESENTATION_REPRESENTATION (  '', ( #3483 ), #8664 ) ;
#8166 = CARTESIAN_POINT ( 'NONE',  ( 3.540423948101122154, 3.800000000000000711, -0.2047541017580125355 ) ) ;
#8167 = CARTESIAN_POINT ( 'NONE',  ( -0.9761684451675314289, 3.799999999999998490, 0.1532722612017414499 ) ) ;
#8168 = ORIENTED_EDGE ( 'NONE', *, *, #5777, .F. ) ;
#8169 = CARTESIAN_POINT ( 'NONE',  ( 3.022767094656496845, 3.790000000000000036, 0.05847915525333415021 ) ) ;
#8170 = DIRECTION ( 'NONE',  ( -0.0000000000000000000, -1.000000000000000000, -0.0000000000000000000 ) ) ;
#8171 = FILL_AREA_STYLE ('',( #9659 ) ) ;
#8172 = CARTESIAN_POINT ( 'NONE',  ( 1.936027179048951163, 3.799999999999999822, -0.3486399996208937035 ) ) ;
#8173 = CARTESIAN_POINT ( 'NONE',  ( 3.508392680984250944, 3.799999999999998046, -0.4946134002385267348 ) ) ;
#8174 = CARTESIAN_POINT ( 'NONE',  ( 3.531741453630855787, 3.790000000000000036, -0.2110721267979479565 ) ) ;
#8175 = LINE ( 'NONE', #3060, #8855 ) ;
#8176 =( NAMED_UNIT ( * ) SI_UNIT ( $, .STERADIAN. ) SOLID_ANGLE_UNIT ( ) );
#8177 = PRESENTATION_LAYER_ASSIGNMENT (  '', '', ( #5328 ) ) ;
#8178 = EDGE_LOOP ( 'NONE', ( #9214, #6909, #2657, #1525 ) ) ;
#8179 = FACE_OUTER_BOUND ( 'NONE', #2797, .T. ) ;
#8180 = ADVANCED_FACE ( 'NONE', ( #592 ), #5122, .F. ) ;
#8181 =( LENGTH_UNIT ( ) NAMED_UNIT ( * ) SI_UNIT ( .MILLI., .METRE. ) );
#8182 = CARTESIAN_POINT ( 'NONE',  ( -0.7276989724816781413, 3.800000000000000266, -0.07051422524950042015 ) ) ;
#8183 = MECHANICAL_DESIGN_GEOMETRIC_PRESENTATION_REPRESENTATION (  '', ( #427 ), #9672 ) ;
#8184 = ADVANCED_FACE ( 'NONE', ( #7638 ), #758, .F. ) ;
#8185 = LINE ( 'NONE', #295, #8880 ) ;
#8186 = SURFACE_STYLE_FILL_AREA ( #8171 ) ;
#8187 = MECHANICAL_DESIGN_GEOMETRIC_PRESENTATION_REPRESENTATION (  '', ( #2495 ), #2673 ) ;
#8188 = CARTESIAN_POINT ( 'NONE',  ( -2.660726495087093912, 3.790000000000000036, -0.01331571654153768276 ) ) ;
#8189 = ORIENTED_EDGE ( 'NONE', *, *, #7941, .T. ) ;
#8190 = EDGE_CURVE ( 'NONE', #9324, #2003, #8528, .T. ) ;
#8191 = DIRECTION ( 'NONE',  ( 0.1316564214269280719, 0.0000000000000000000, 0.9912954083909877312 ) ) ;
#8193 = SURFACE_SIDE_STYLE ('',( #9326 ) ) ;
#8192 =( NAMED_UNIT ( * ) SI_UNIT ( $, .STERADIAN. ) SOLID_ANGLE_UNIT ( ) );
#8194 = CARTESIAN_POINT ( 'NONE',  ( -2.698547007907606154, 3.799999999999999822, -0.09536699859281973224 ) ) ;
#8195 = ADVANCED_FACE ( 'NONE', ( #6594 ), #5176, .T. ) ;
#8196 = SURFACE_STYLE_USAGE ( .BOTH. , #5915 ) ;
#8197 = COLOUR_RGB ( '',1.000000000000000000, 1.000000000000000000, 1.000000000000000000 ) ;
#8198 = CARTESIAN_POINT ( 'NONE',  ( 0.0000000000000000000, 3.799999999999999822, 0.0000000000000000000 ) ) ;
#8199 = CARTESIAN_POINT ( 'NONE',  ( 3.371485043374446100, 3.790000000000000036, -0.3940849473107685408 ) ) ;
#8200 = STYLED_ITEM ( 'NONE', ( #3715 ), #717 ) ;
#8201 = CARTESIAN_POINT ( 'NONE',  ( 2.543808081228466467, 3.789999999999999591, -0.3739576591678855921 ) ) ;
#8202 = CARTESIAN_POINT ( 'NONE',  ( 2.394774950277323899, 3.799999999999998490, -0.4634638939416588221 ) ) ;
#8203 = FILL_AREA_STYLE_COLOUR ( '', #8019 ) ;
#8204 = ORIENTED_EDGE ( 'NONE', *, *, #8640, .F. ) ;
#8205 = CARTESIAN_POINT ( 'NONE',  ( 3.475491453630855876, 3.790000000000000036, -0.1601105883364094817 ) ) ;
#8206 = CARTESIAN_POINT ( 'NONE',  ( 1.882588018092081095, 3.789999999999999147, -0.1005098644305472133 ) ) ;
#8207 = SURFACE_STYLE_USAGE ( .BOTH. , #7305 ) ;
#8208 = CARTESIAN_POINT ( 'NONE',  ( 1.558600980157784921, 3.800000000000001155, -0.4410855361367141958 ) ) ;
#8209 = CARTESIAN_POINT ( 'NONE',  ( 2.351359030066202838, 3.789999999999999591, -0.5714175968243343506 ) ) ;
#8210 = EDGE_CURVE ( 'NONE', #3139, #8422, #2870, .T. ) ;
#8211 = UNCERTAINTY_MEASURE_WITH_UNIT (LENGTH_MEASURE( 1.000000000000000082E-05 ), #2182, 'distance_accuracy_value', 'NONE');
#8212 = CARTESIAN_POINT ( 'NONE',  ( 3.524523535216745884, 3.790000000000000480, -0.2161914078481227131 ) ) ;
#8214 = PRESENTATION_LAYER_ASSIGNMENT (  '', '', ( #7693 ) ) ;
#8213 = PLANE ( 'NONE',  #6644 ) ;
#8215 = CARTESIAN_POINT ( 'NONE',  ( -0.7333025345784440763, 3.789999999999999147, -0.04694186904013437911 ) ) ;
#8216 = FACE_OUTER_BOUND ( 'NONE', #5630, .T. ) ;
#8217 = VERTEX_POINT ( 'NONE', #3349 ) ;
#8218 = CARTESIAN_POINT ( 'NONE',  ( 3.694557363670644357, 3.790000000000000480, 0.1479163947727218931 ) ) ;
#8219 = FACE_OUTER_BOUND ( 'NONE', #1224, .T. ) ;
#8220 = PLANE ( 'NONE',  #4328 ) ;
#8221 = FACE_BOUND ( 'NONE', #9329, .T. ) ;
#8222 = ORIENTED_EDGE ( 'NONE', *, *, #3148, .T. ) ;
#8223 = CARTESIAN_POINT ( 'NONE',  ( 3.324729164347034249, 3.790000000000000924, -0.2973682562471666735 ) ) ;
#8224 = VECTOR ( 'NONE', #7472, 1000.000000000000227 ) ;
#8225 = UNCERTAINTY_MEASURE_WITH_UNIT (LENGTH_MEASURE( 1.000000000000000082E-05 ), #1864, 'distance_accuracy_value', 'NONE');
#8226 = ADVANCED_FACE ( 'NONE', ( #1692 ), #4043, .T. ) ;
#8227 = CARTESIAN_POINT ( 'NONE',  ( 0.7253311972205992442, 3.799999999999999822, 0.2430945398687187897 ) ) ;
#8228 = PRESENTATION_LAYER_ASSIGNMENT (  '', '', ( #5141 ) ) ;
#8229 = CARTESIAN_POINT ( 'NONE',  ( 2.458280959448897907, 3.800000000000000266, -0.3852882731344189904 ) ) ;
#8230 = CARTESIAN_POINT ( 'NONE',  ( 2.463284401663674128, 3.799999999999999378, 0.06071763165408175511 ) ) ;
#8231 = CARTESIAN_POINT ( 'NONE',  ( 0.3458440177334194399, 3.799999999999999822, -0.5569054601312812824 ) ) ;
#8232 = ORIENTED_EDGE ( 'NONE', *, *, #4547, .T. ) ;
#8233 = ADVANCED_FACE ( 'NONE', ( #9412 ), #6399, .T. ) ;
#8234 = CARTESIAN_POINT ( 'NONE',  ( 1.884305556194958431, 3.790000000000000036, -0.1569054601312812325 ) ) ;
#8235 = VECTOR ( 'NONE', #8042, 1000.000000000000000 ) ;
#8236 = CARTESIAN_POINT ( 'NONE',  ( -2.839572648933247123, 3.790000000000000036, -0.4009759729517941573 ) ) ;
#8237 = CARTESIAN_POINT ( 'NONE',  ( 1.484381215943066268, 3.800000000000000266, -0.1884900411267377285 ) ) ;
#8238 = CARTESIAN_POINT ( 'NONE',  ( 2.295363248502650499, 3.790000000000000036, -0.5774182806441018334 ) ) ;
#8239 = CARTESIAN_POINT ( 'NONE',  ( -3.569999999999999396, 1.900000000000000355, -1.249999999999999556 ) ) ;
#8240 = PRESENTATION_LAYER_ASSIGNMENT (  '', '', ( #6018 ) ) ;
#8241 = ADVANCED_FACE ( 'NONE', ( #1573 ), #3424, .T. ) ;
#8242 = EDGE_LOOP ( 'NONE', ( #65, #1813, #4763, #9029 ) ) ;
#8243 = ORIENTED_EDGE ( 'NONE', *, *, #3749, .F. ) ;
#8244 =( NAMED_UNIT ( * ) PLANE_ANGLE_UNIT ( ) SI_UNIT ( $, .RADIAN. ) );
#8245 = VECTOR ( 'NONE', #6889, 1000.000000000000000 ) ;
#8246 = CARTESIAN_POINT ( 'NONE',  ( 3.716335662498762016, 3.790000000000000924, 0.08933656738702683286 ) ) ;
#8247 = EDGE_CURVE ( 'NONE', #3992, #737, #9273, .T. ) ;
#8248 = CARTESIAN_POINT ( 'NONE',  ( -0.9315598284204266166, 3.790000000000000036, -0.4524182806441018334 ) ) ;
#8249 = FACE_OUTER_BOUND ( 'NONE', #238, .T. ) ;
#8250 = CARTESIAN_POINT ( 'NONE',  ( 2.551433700303507912, 3.789999999999999591, 0.03449039170126975973 ) ) ;
#8251 = CARTESIAN_POINT ( 'NONE',  ( 3.644021569999964960, 3.799999999999999378, 0.08056646718051066469 ) ) ;
#8252 = SURFACE_STYLE_FILL_AREA ( #6366 ) ;
#8253 = CARTESIAN_POINT ( 'NONE',  ( 3.475491453630855876, 3.790000000000000036, -0.1601105883364094817 ) ) ;
#8254 = CARTESIAN_POINT ( 'NONE',  ( 1.484331281231579425, 3.790000000000000036, -0.1676445191832757475 ) ) ;
#8255 = ORIENTED_EDGE ( 'NONE', *, *, #3680, .F. ) ;
#8256 = EDGE_CURVE ( 'NONE', #4166, #424, #7407, .T. ) ;
#8257 = LINE ( 'NONE', #8205, #961 ) ;
#8258 = CARTESIAN_POINT ( 'NONE',  ( 3.424209402348804332, 3.799999999999999822, -0.2907195626953838485 ) ) ;
#8259 = VERTEX_POINT ( 'NONE', #314 ) ;
#8260 = CARTESIAN_POINT ( 'NONE',  ( 2.027895299784701511, 3.799999999999999822, -0.1565849473107684686 ) ) ;
#8261 = CARTESIAN_POINT ( 'NONE',  ( 3.334377380940880098, 3.800000000000001155, 0.07892490930688116080 ) ) ;
#8262 = CARTESIAN_POINT ( 'NONE',  ( 1.936049084918894714, 3.799999999999999822, 0.03449039170126989157 ) ) ;
#8263 =( NAMED_UNIT ( * ) SI_UNIT ( $, .STERADIAN. ) SOLID_ANGLE_UNIT ( ) );
#8264 = CARTESIAN_POINT ( 'NONE',  ( -0.7124361592673232879, 3.790000000000000036, 0.08671693696931787043 ) ) ;
#8265 = DIRECTION ( 'NONE',  ( -1.000000000000000000, 0.0000000000000000000, 0.0000000000000000000 ) ) ;
#8266 = CARTESIAN_POINT ( 'NONE',  ( 1.629662421576184350, 3.800000000000000711, -0.4874147027430334456 ) ) ;
#8267 = CARTESIAN_POINT ( 'NONE',  ( 2.314378445618084701, 3.790000000000000036, -0.5770850403972570541 ) ) ;
#8268 = CARTESIAN_POINT ( 'NONE',  ( -3.569999999999999396, 1.899999999999999911, 0.3499999999999996447 ) ) ;
#8269 = EDGE_LOOP ( 'NONE', ( #2867, #8785, #7819, #1469 ) ) ;
#8270 = ORIENTED_EDGE ( 'NONE', *, *, #752, .T. ) ;
#8271 = VERTEX_POINT ( 'NONE', #5563 ) ;
#8272 = ORIENTED_EDGE ( 'NONE', *, *, #8190, .F. ) ;
#8273 = CARTESIAN_POINT ( 'NONE',  ( 2.130522386632408782, 3.800000000000000266, 0.05991275284011745444 ) ) ;
#8274 = CARTESIAN_POINT ( 'NONE',  ( -5.569999999999999396, 1.900000000000000355, -1.250000000000000222 ) ) ;
#8275 = EDGE_LOOP ( 'NONE', ( #5935, #1668, #4692, #3485 ) ) ;
#8276 = SURFACE_SIDE_STYLE ('',( #215 ) ) ;
#8277 = PRESENTATION_LAYER_ASSIGNMENT (  '', '', ( #9581 ) ) ;
#8278 = VECTOR ( 'NONE', #8749, 1000.000000000000000 ) ;
#8279 = B_SPLINE_SURFACE_WITH_KNOTS ( 'NONE', 3, 1, ( 
 ( #6349, #9361 ),
 ( #7134, #4867 ),
 ( #3436, #9225 ),
 ( #988, #398 ),
 ( #1991, #5909 ),
 ( #2692, #4899 ),
 ( #6442, #4995 ),
 ( #7919, #2024 ),
 ( #1186, #5155 ),
 ( #7229, #8731 ),
 ( #7190, #2721 ),
 ( #1953, #8645 ),
 ( #7951, #6507 ),
 ( #3463, #2957 ),
 ( #2214, #1151 ),
 ( #7981, #8672 ),
 ( #6475, #7160 ),
 ( #4192, #3527 ),
 ( #9392, #4254 ),
 ( #8702, #5680 ),
 ( #6413, #9420 ),
 ( #8014, #3496 ),
 ( #4221, #4932 ) ),
 .UNSPECIFIED., .F., .F., .F.,
 ( 4, 1, 1, 1, 1, 1, 1, 1, 1, 1, 1, 1, 1, 1, 1, 1, 1, 1, 1, 1, 4 ),
 ( 2, 2 ),
 ( 0.0000000000000000000, 0.07295106587586649982, 0.1415836941865450671, 0.2059264601708671039, 0.2653013571846053464, 0.3205972327139282596, 0.3718165030988102582, 0.4187897697094519756, 0.4616987286157646087, 0.5021335821035654012, 0.5408043152926478303, 0.5781805253279660439, 0.6142968652075150304, 0.6496782432647877359, 0.6842994600896380453, 0.7183589527723606150, 0.7520808646475976023, 0.8176524386023857893, 0.8797220764054370923, 0.9399655597309873878, 1.000000000000000000 ),
 ( 0.0000000000000000000, 1.000000000000000000 ),
 .UNSPECIFIED. ) ;
#8280 = EDGE_CURVE ( 'NONE', #6205, #260, #5411, .T. ) ;
#8281 = PRESENTATION_STYLE_ASSIGNMENT (( #7793 ) ) ;
#8282 = CARTESIAN_POINT ( 'NONE',  ( -5.499999999999999112, 0.0000000000000000000, 4.999999999999999112 ) ) ;
#8283 = CARTESIAN_POINT ( 'NONE',  ( 3.629931074591578266, 3.790000000000001368, -0.5308149312095492567 ) ) ;
#8284 = CARTESIAN_POINT ( 'NONE',  ( -0.9382686618768081299, 3.790000000000000480, -0.4542734641575456034 ) ) ;
#8285 = VECTOR ( 'NONE', #9, 1000.000000000000000 ) ;
#8286 = EDGE_LOOP ( 'NONE', ( #8582, #3348, #6444, #608 ) ) ;
#8287 = CARTESIAN_POINT ( 'NONE',  ( 1.888750978974151673, 3.790000000000000036, -0.4587483108834661816 ) ) ;
#8288 = DIRECTION ( 'NONE',  ( 0.0000000000000000000, 0.0000000000000000000, 1.000000000000000000 ) ) ;
#8289 = VERTEX_POINT ( 'NONE', #9376 ) ;
#8290 = CARTESIAN_POINT ( 'NONE',  ( -5.569999999999999396, 1.899999999999999911, 0.3499999999999996447 ) ) ;
#8291 = CARTESIAN_POINT ( 'NONE',  ( 3.467074540218500811, 3.799999999999999822, -0.1661056940779699342 ) ) ;
#8292 = SURFACE_STYLE_FILL_AREA ( #2101 ) ;
#8293 = ADVANCED_FACE ( 'NONE', ( #24 ), #3452, .T. ) ;
#8294 = MECHANICAL_DESIGN_GEOMETRIC_PRESENTATION_REPRESENTATION (  '', ( #7964 ), #3785 ) ;
#8295 = CARTESIAN_POINT ( 'NONE',  ( -1.541655982266580738, 3.790000000000000036, 0.2430945398687187897 ) ) ;
#8296 = VECTOR ( 'NONE', #1999, 1000.000000000000000 ) ;
#8297 = CARTESIAN_POINT ( 'NONE',  ( 2.562673106642268106, 3.799999999999998934, -0.2921073294155333011 ) ) ;
#8298 = CARTESIAN_POINT ( 'NONE',  ( 3.442839919392749692, 3.790000000000000924, 0.1737701488940280314 ) ) ;
#8299 = ORIENTED_EDGE ( 'NONE', *, *, #5524, .T. ) ;
#8300 = CARTESIAN_POINT ( 'NONE',  ( 2.200030505230249567, 3.790000000000000036, -0.4634226253938829032 ) ) ;
#8301 = SURFACE_STYLE_FILL_AREA ( #6954 ) ;
#8302 = CARTESIAN_POINT ( 'NONE',  ( 2.142016795776851446, 3.789999999999999147, -0.5210176971794607814 ) ) ;
#8303 = CARTESIAN_POINT ( 'NONE',  ( -1.057521366881964964, 3.790000000000000036, 0.2430945398687187897 ) ) ;
#8304 = CARTESIAN_POINT ( 'NONE',  ( -0.9131303412409393916, 3.799999999999999822, 0.1406906937148726111 ) ) ;
#8305 = CARTESIAN_POINT ( 'NONE',  ( -1.907040597651196157, 3.790000000000000036, 0.2430945398687187897 ) ) ;
#8306 = UNCERTAINTY_MEASURE_WITH_UNIT (LENGTH_MEASURE( 1.000000000000000082E-05 ), #5546, 'distance_accuracy_value', 'NONE');
#8307 = CARTESIAN_POINT ( 'NONE',  ( -1.305438033548631749, 3.790000000000000036, 0.2430945398687187897 ) ) ;
#8308 =( NAMED_UNIT ( * ) SI_UNIT ( $, .STERADIAN. ) SOLID_ANGLE_UNIT ( ) );
#8309 = ORIENTED_EDGE ( 'NONE', *, *, #9125, .F. ) ;
#8310 = EDGE_CURVE ( 'NONE', #4580, #2088, #4714, .T. ) ;
#8311 = CARTESIAN_POINT ( 'NONE',  ( 2.101154736367721654, 3.789999999999999147, -0.09534614479894920613 ) ) ;
#8312 = CARTESIAN_POINT ( 'NONE',  ( 1.686343183315141880, 3.789999999999999591, 0.2635147117056074184 ) ) ;
#8313 = CARTESIAN_POINT ( 'NONE',  ( 1.455463456028430969, 3.799999999999999378, 0.1091476349899237475 ) ) ;
#8314 = CARTESIAN_POINT ( 'NONE',  ( 3.537445591180051530, 3.790000000000000480, 0.2599709318957551529 ) ) ;
#8315 = PRESENTATION_LAYER_ASSIGNMENT (  '', '', ( #3311 ) ) ;
#8316 = EDGE_CURVE ( 'NONE', #3363, #5669, #468, .T. ) ;
#8317 = CARTESIAN_POINT ( 'NONE',  ( 1.835753047213001476, 3.790000000000000924, -0.5207915878645380525 ) ) ;
#8318 = DIRECTION ( 'NONE',  ( 0.0000000000000000000, 1.100712865467517079E-16, -1.000000000000000000 ) ) ;
#8319 = ADVANCED_FACE ( 'NONE', ( #8348 ), #5254, .T. ) ;
#8320 = CARTESIAN_POINT ( 'NONE',  ( 1.502816106556470244, 3.790000000000000480, -0.3392498686304550315 ) ) ;
#8321 =( GEOMETRIC_REPRESENTATION_CONTEXT ( 3 ) GLOBAL_UNCERTAINTY_ASSIGNED_CONTEXT ( ( #9107 ) ) GLOBAL_UNIT_ASSIGNED_CONTEXT ( ( #8745, #1241, #1337 ) ) REPRESENTATION_CONTEXT ( 'NONE', 'WORKASPACE' ) );
#8322 = DIRECTION ( 'NONE',  ( -0.7969199129874928733, 0.0000000000000000000, 0.6040849710794060634 ) ) ;
#8323 = CARTESIAN_POINT ( 'NONE',  ( 2.495949819766633659, 3.799999999999998490, -0.2390418438729721429 ) ) ;
#8324 = CARTESIAN_POINT ( 'NONE',  ( -2.361848289958888181, 3.790000000000000036, 0.2430945398687187897 ) ) ;
#8325 = CARTESIAN_POINT ( 'NONE',  ( 2.046596968604565525, 3.789999999999998703, -0.3532825223361694134 ) ) ;
#8326 = CARTESIAN_POINT ( 'NONE',  ( -1.045712049745829209, 3.790000000000000924, 0.2429961407179871413 ) ) ;
#8327 = PLANE ( 'NONE',  #3388 ) ;
#8328 = FILL_AREA_STYLE ('',( #3882 ) ) ;
#8329 = VECTOR ( 'NONE', #5884, 1000.000000000000000 ) ;
#8330 = VECTOR ( 'NONE', #1428, 1000.000000000000000 ) ;
#8331 = EDGE_LOOP ( 'NONE', ( #6742, #5042, #1851, #29 ) ) ;
#8332 = EDGE_CURVE ( 'NONE', #2003, #5897, #8594, .T. ) ;
#8333 = CARTESIAN_POINT ( 'NONE',  ( 2.199996760639216564, 3.790000000000000480, 0.1495469454566811518 ) ) ;
#8334 = CARTESIAN_POINT ( 'NONE',  ( 1.955661303314305099, 3.800000000000000711, -0.1205133907851156233 ) ) ;
#8335 = CARTESIAN_POINT ( 'NONE',  ( 1.682382479271881559, 3.790000000000000480, 0.1815560783302572756 ) ) ;
#8336 = CARTESIAN_POINT ( 'NONE',  ( 1.629662421576184350, 3.800000000000001155, -0.4874147027430334456 ) ) ;
#8337 = CARTESIAN_POINT ( 'NONE',  ( 1.805269001318347666, 3.790000000000000924, 0.1280820660708407166 ) ) ;
#8338 = CARTESIAN_POINT ( 'NONE',  ( 3.696546819987994947, 3.800000000000000266, -0.4604038796556674251 ) ) ;
#8339 = EDGE_LOOP ( 'NONE', ( #4159, #5367, #8826, #7783 ) ) ;
#8340 =( GEOMETRIC_REPRESENTATION_CONTEXT ( 3 ) GLOBAL_UNCERTAINTY_ASSIGNED_CONTEXT ( ( #6151 ) ) GLOBAL_UNIT_ASSIGNED_CONTEXT ( ( #8797, #3626, #589 ) ) REPRESENTATION_CONTEXT ( 'NONE', 'WORKASPACE' ) );
#8341 = CARTESIAN_POINT ( 'NONE',  ( 2.451719098787100037, 3.790000000000000480, 0.2063785621625762456 ) ) ;
#8342 = CARTESIAN_POINT ( 'NONE',  ( -0.7743657107995683964, 3.799999999999998934, 0.1603500661947875883 ) ) ;
#8343 = AXIS2_PLACEMENT_3D ( 'NONE', #5700, #450, #2070 ) ;
#8344 =( NAMED_UNIT ( * ) SI_UNIT ( $, .STERADIAN. ) SOLID_ANGLE_UNIT ( ) );
#8345 = ORIENTED_EDGE ( 'NONE', *, *, #4381, .T. ) ;
#8346 = CARTESIAN_POINT ( 'NONE',  ( -0.03364316175375998974, 3.799999999999999822, 0.2430945398687187897 ) ) ;
#8347 = STYLED_ITEM ( 'NONE', ( #7473 ), #1443 ) ;
#8348 = FACE_OUTER_BOUND ( 'NONE', #8863, .T. ) ;
#8349 = CARTESIAN_POINT ( 'NONE',  ( 3.346931938144426244, 3.789999999999999147, -0.2659033339381827177 ) ) ;
#8350 = CARTESIAN_POINT ( 'NONE',  ( 2.492962935836564142, 3.800000000000000266, 0.1617964017768510065 ) ) ;
#8351 = CARTESIAN_POINT ( 'NONE',  ( 3.709946581835984247, 3.790000000000000036, -0.4420016139774352038 ) ) ;
#8352 = CARTESIAN_POINT ( 'NONE',  ( -0.7344229225091342128, 3.799999999999999822, -0.2525232097483113836 ) ) ;
#8353 = CARTESIAN_POINT ( 'NONE',  ( -0.8524992498395963514, 3.790000000000000036, 0.2104383025219470071 ) ) ;
#8354 =( NAMED_UNIT ( * ) PLANE_ANGLE_UNIT ( ) SI_UNIT ( $, .RADIAN. ) );
#8355 = VERTEX_POINT ( 'NONE', #6726 ) ;
#8356 = DIRECTION ( 'NONE',  ( -1.000000000000000000, 0.0000000000000000000, 0.0000000000000000000 ) ) ;
#8357 = CARTESIAN_POINT ( 'NONE',  ( 1.825624572812101887, 3.789999999999999591, -0.4154715111534629246 ) ) ;
#8358 =( GEOMETRIC_REPRESENTATION_CONTEXT ( 3 ) GLOBAL_UNCERTAINTY_ASSIGNED_CONTEXT ( ( #5125 ) ) GLOBAL_UNIT_ASSIGNED_CONTEXT ( ( #4934, #1091, #8676 ) ) REPRESENTATION_CONTEXT ( 'NONE', 'WORKASPACE' ) );
#8359 = CARTESIAN_POINT ( 'NONE',  ( 2.105472800181350301, 3.800000000000001155, -0.04112354702014023311 ) ) ;
#8360 = PRESENTATION_STYLE_ASSIGNMENT (( #910 ) ) ;
#8361 = SURFACE_STYLE_USAGE ( .BOTH. , #6092 ) ;
#8362 = CARTESIAN_POINT ( 'NONE',  ( 1.851947568210547734, 3.790000000000000480, 0.04979883414189240076 ) ) ;
#8363 = PRESENTATION_LAYER_ASSIGNMENT (  '', '', ( #6359 ) ) ;
#8364 = CARTESIAN_POINT ( 'NONE',  ( 1.548510426508025173, 3.799999999999999378, -0.4297378208532539046 ) ) ;
#8365 = VERTEX_POINT ( 'NONE', #6798 ) ;
#8366 = EDGE_CURVE ( 'NONE', #6398, #8355, #1035, .T. ) ;
#8367 = CARTESIAN_POINT ( 'NONE',  ( 3.398901560097624230, 3.790000000000000036, -0.3176308813003988485 ) ) ;
#8368 = VECTOR ( 'NONE', #2830, 1000.000000000000227 ) ;
#8370 = PRESENTATION_LAYER_ASSIGNMENT (  '', '', ( #77 ) ) ;
#8369 = CARTESIAN_POINT ( 'NONE',  ( 3.648136273340094604, 3.799999999999999378, 0.05181697435153194420 ) ) ;
#8371 = ORIENTED_EDGE ( 'NONE', *, *, #4081, .F. ) ;
#8372 = PLANE ( 'NONE',  #3195 ) ;
#8373 = LINE ( 'NONE', #5885, #5541 ) ;
#8374 = VECTOR ( 'NONE', #6188, 1000.000000000000000 ) ;
#8375 = VERTEX_POINT ( 'NONE', #5376 ) ;
#8376 = CARTESIAN_POINT ( 'NONE',  ( -0.8624954909431520322, 3.789999999999998703, -0.5175582320623165478 ) ) ;
#8377 = CARTESIAN_POINT ( 'NONE',  ( 2.480150727105950637, 3.799999999999999822, 0.1781115233935070263 ) ) ;
#8378 = ORIENTED_EDGE ( 'NONE', *, *, #846, .T. ) ;
#8379 = ORIENTED_EDGE ( 'NONE', *, *, #4881, .F. ) ;
#8380 = CARTESIAN_POINT ( 'NONE',  ( 2.114652071951852008, 3.790000000000000036, -0.4934626313549278498 ) ) ;
#8381 = CARTESIAN_POINT ( 'NONE',  ( 3.682862221301265393, 3.799999999999999378, 0.1658382005809326543 ) ) ;
#8382 = CARTESIAN_POINT ( 'NONE',  ( 2.458280959448897907, 3.790000000000000480, -0.3852882731344189904 ) ) ;
#8383 = VECTOR ( 'NONE', #7938, 1000.000000000000000 ) ;
#8384 =( LENGTH_UNIT ( ) NAMED_UNIT ( * ) SI_UNIT ( .MILLI., .METRE. ) );
#8385 = ORIENTED_EDGE ( 'NONE', *, *, #4904, .F. ) ;
#8386 = STYLED_ITEM ( 'NONE', ( #6408 ), #383 ) ;
#8387 = ORIENTED_EDGE ( 'NONE', *, *, #549, .F. ) ;
#8388 = UNCERTAINTY_MEASURE_WITH_UNIT (LENGTH_MEASURE( 1.000000000000000082E-05 ), #1343, 'distance_accuracy_value', 'NONE');
#8389 = CARTESIAN_POINT ( 'NONE',  ( 2.245349201703936703, 3.799999999999999822, 0.1732875679849622819 ) ) ;
#8390 = CARTESIAN_POINT ( 'NONE',  ( 1.679978633118034859, 3.799999999999999822, 0.2636073603815393129 ) ) ;
#8391 = CARTESIAN_POINT ( 'NONE',  ( 1.840795021125879671, 3.789999999999999591, 0.07635858660544002363 ) ) ;
#8392 = VECTOR ( 'NONE', #760, 1000.000000000000000 ) ;
#8393 = AXIS2_PLACEMENT_3D ( 'NONE', #6268, #3386, #4026 ) ;
#8394 = B_SPLINE_CURVE_WITH_KNOTS ( 'NONE', 3,
 ( #27, #1383, #7443, #6627, #2166, #7368, #1413, #6659, #2981, #8212, #2263 ),
 .UNSPECIFIED., .F., .F.,
 ( 4, 1, 1, 1, 1, 1, 1, 1, 4 ),
 ( 0.0000000000000000000, 0.05259428152913889210, 0.1249519739750391267, 0.2180938989285930996, 0.3335024107325185727, 0.4687891785044475679, 0.6249375859645952547, 0.8016830479282281985, 1.000000000000000000 ),
 .UNSPECIFIED. ) ;
#8395 = VECTOR ( 'NONE', #86, 1000.000000000000000 ) ;
#8396 = DIRECTION ( 'NONE',  ( 0.0000000000000000000, 0.0000000000000000000, 1.000000000000000000 ) ) ;
#8397 = LINE ( 'NONE', #8518, #1739 ) ;
#8398 = EDGE_CURVE ( 'NONE', #424, #4483, #1817, .T. ) ;
#8399 = CARTESIAN_POINT ( 'NONE',  ( 3.371485043374446100, 3.790000000000000036, -0.3940849473107685408 ) ) ;
#8400 = EDGE_LOOP ( 'NONE', ( #6234, #6181, #9433, #9192 ) ) ;
#8401 = CARTESIAN_POINT ( 'NONE',  ( 1.476094365145529164, 3.799999999999998934, 0.1474952883693587402 ) ) ;
#8402 = LINE ( 'NONE', #5727, #2452 ) ;
#8403 = ORIENTED_EDGE ( 'NONE', *, *, #9268, .F. ) ;
#8404 = SURFACE_STYLE_USAGE ( .BOTH. , #4033 ) ;
#8405 = CARTESIAN_POINT ( 'NONE',  ( 1.929043296845347477, 3.789999999999999147, 0.05984903665336745171 ) ) ;
#8406 = CARTESIAN_POINT ( 'NONE',  ( 3.590759957264912483, 3.790000000000000036, -0.4541929303493904002 ) ) ;
#8407 = CARTESIAN_POINT ( 'NONE',  ( -0.4131303412409393916, 3.799999999999999822, -0.5569054601312812824 ) ) ;
#8408 = LINE ( 'NONE', #1017, #2111 ) ;
#8409 = DIRECTION ( 'NONE',  ( -1.000000000000000000, 0.0000000000000000000, 0.0000000000000000000 ) ) ;
#8410 = FILL_AREA_STYLE_COLOUR ( '', #6860 ) ;
#8411 = LINE ( 'NONE', #6459, #6763 ) ;
#8412 =( GEOMETRIC_REPRESENTATION_CONTEXT ( 3 ) GLOBAL_UNCERTAINTY_ASSIGNED_CONTEXT ( ( #9128 ) ) GLOBAL_UNIT_ASSIGNED_CONTEXT ( ( #3367, #9328, #7320 ) ) REPRESENTATION_CONTEXT ( 'NONE', 'WORKASPACE' ) );
#8413 = CARTESIAN_POINT ( 'NONE',  ( 2.032427633821668689, 3.790000000000001812, -0.2646563308636123990 ) ) ;
#8414 = CARTESIAN_POINT ( 'NONE',  ( 2.350184646653020071, 3.790000000000000480, 0.1734214998187547652 ) ) ;
#8415 = ORIENTED_EDGE ( 'NONE', *, *, #6242, .T. ) ;
#8416 = CARTESIAN_POINT ( 'NONE',  ( 2.156970626239353983, 3.790000000000000480, -0.5328682805817642754 ) ) ;
#8417 = CARTESIAN_POINT ( 'NONE',  ( 2.450001700301692953, 3.790000000000000036, -0.4010104959359746535 ) ) ;
#8418 = CARTESIAN_POINT ( 'NONE',  ( 3.545780294989803849, 3.789999999999999147, -0.4845324539536109976 ) ) ;
#8419 =( NAMED_UNIT ( * ) PLANE_ANGLE_UNIT ( ) SI_UNIT ( $, .RADIAN. ) );
#8420 =( NAMED_UNIT ( * ) PLANE_ANGLE_UNIT ( ) SI_UNIT ( $, .RADIAN. ) );
#8421 = EDGE_CURVE ( 'NONE', #9324, #2551, #3573, .T. ) ;
#8422 = VERTEX_POINT ( 'NONE', #161 ) ;
#8423 = CARTESIAN_POINT ( 'NONE',  ( 1.425220241996792536, 3.789999999999999147, -0.3260288635621580444 ) ) ;
#8424 = CARTESIAN_POINT ( 'NONE',  ( 1.936049084918894714, 3.799999999999999822, 0.03449039170126989157 ) ) ;
#8425 = CARTESIAN_POINT ( 'NONE',  ( 1.484385846565454692, 3.799999999999999378, -0.1254817473077356749 ) ) ;
#8426 = CARTESIAN_POINT ( 'NONE',  ( 1.497994629246758302, 3.799999999999998490, -0.3191883843805204957 ) ) ;
#8427 = EDGE_CURVE ( 'NONE', #266, #2602, #7758, .T. ) ;
#8428 = CARTESIAN_POINT ( 'NONE',  ( 1.527370207025271931, 3.790000000000001368, 0.2079658861806452375 ) ) ;
#8429 = CARTESIAN_POINT ( 'NONE',  ( 1.446402086732767600, 3.790000000000000924, 0.08781782683561602243 ) ) ;
#8430 = STYLED_ITEM ( 'NONE', ( #9606 ), #9701 ) ;
#8431 = VECTOR ( 'NONE', #5133, 1000.000000000000000 ) ;
#8432 = CARTESIAN_POINT ( 'NONE',  ( -0.6614205193882920497, 3.800000000000000266, -0.03396994755823403572 ) ) ;
#8433 = ORIENTED_EDGE ( 'NONE', *, *, #426, .T. ) ;
#8434 = CARTESIAN_POINT ( 'NONE',  ( 3.488792735682137547, 3.800000000000000711, -0.4953669985928197961 ) ) ;
#8435 = FILL_AREA_STYLE_COLOUR ( '', #2932 ) ;
#8436 = EDGE_CURVE ( 'NONE', #6997, #7704, #3096, .T. ) ;
#8437 = SURFACE_SIDE_STYLE ('',( #1605 ) ) ;
#8438 = PLANE ( 'NONE',  #3581 ) ;
#8439 = EDGE_CURVE ( 'NONE', #260, #2718, #5761, .T. ) ;
#8440 = EDGE_LOOP ( 'NONE', ( #8766, #926, #8953, #300 ) ) ;
#8441 = CARTESIAN_POINT ( 'NONE',  ( 3.450982042714459297, 3.790000000000000480, -0.1775678797339264037 ) ) ;
#8442 = CARTESIAN_POINT ( 'NONE',  ( 0.7253311972205992442, 3.790000000000000036, 0.2430945398687187897 ) ) ;
#8443 = CARTESIAN_POINT ( 'NONE',  ( 2.099690171579573938, 3.790000000000000036, -0.1569054601312812325 ) ) ;
#8444 = ORIENTED_EDGE ( 'NONE', *, *, #7978, .F. ) ;
#8445 = CARTESIAN_POINT ( 'NONE',  ( 2.466272375381840298, 3.790000000000000480, 0.1928538371424289855 ) ) ;
#8446 = CARTESIAN_POINT ( 'NONE',  ( -1.141816238676836903, 3.790000000001856328, 0.1610432578174366969 ) ) ;
#8447 = CARTESIAN_POINT ( 'NONE',  ( 3.444561197889682624, 3.799999999999999378, -0.5719109760741298842 ) ) ;
#8448 = CARTESIAN_POINT ( 'NONE',  ( 3.260803468802988991, 3.799999999999999378, 0.1112167258530219471 ) ) ;
#8449 = PLANE ( 'NONE',  #5857 ) ;
#8450 = PRESENTATION_LAYER_ASSIGNMENT (  '', '', ( #7447 ) ) ;
#8451 = VECTOR ( 'NONE', #8288, 1000.000000000000000 ) ;
#8452 = ORIENTED_EDGE ( 'NONE', *, *, #7746, .T. ) ;
#8453 = CARTESIAN_POINT ( 'NONE',  ( 1.499267456567236589, 3.789999999999999591, -0.4934626313549270726 ) ) ;
#8454 = ORIENTED_EDGE ( 'NONE', *, *, #6690, .F. ) ;
#8455 =( NAMED_UNIT ( * ) PLANE_ANGLE_UNIT ( ) SI_UNIT ( $, .RADIAN. ) );
#8456 = CARTESIAN_POINT ( 'NONE',  ( 1.497747553103865314, 3.799999999999998934, 0.005029526254132453238 ) ) ;
#8457 = B_SPLINE_CURVE_WITH_KNOTS ( 'NONE', 3,
 ( #2576, #3979, #8471, #5418, #6900, #200, #6318, #6249, #8512, #4675, #169 ),
 .UNSPECIFIED., .F., .F.,
 ( 4, 1, 1, 1, 1, 1, 1, 1, 4 ),
 ( 0.0000000000000000000, 0.1719006646132690275, 0.3306279320958806500, 0.4755488358809167315, 0.6067461903123618772, 0.7250238034674888477, 0.8297423869584567013, 0.9213228203439738362, 1.000000000000000000 ),
 .UNSPECIFIED. ) ;
#8458 = CARTESIAN_POINT ( 'NONE',  ( 3.719755299933873438, 3.800000000000000266, 0.06847826409968708894 ) ) ;
#8459 = CARTESIAN_POINT ( 'NONE',  ( 1.425668251510276097, 3.790000000000000924, 0.01206474284102864586 ) ) ;
#8460 = DIRECTION ( 'NONE',  ( -0.0000000000000000000, 0.0000000000000000000, -1.000000000000000000 ) ) ;
#8461 = CARTESIAN_POINT ( 'NONE',  ( 1.607460310451117147, 3.790000000000001368, 0.2527246732528872775 ) ) ;
#8462 = LINE ( 'NONE', #5148, #3911 ) ;
#8463 = PRESENTATION_LAYER_ASSIGNMENT (  '', '', ( #3415 ) ) ;
#8464 = CARTESIAN_POINT ( 'NONE',  ( 0.9202029920923936457, 3.790000000000000036, -0.4748541780799992451 ) ) ;
#8465 = CARTESIAN_POINT ( 'NONE',  ( -0.8524992498395963514, 3.799999999999999822, 0.2104383025219470071 ) ) ;
#8466 = PRESENTATION_LAYER_ASSIGNMENT (  '', '', ( #3483 ) ) ;
#8467 = CARTESIAN_POINT ( 'NONE',  ( 3.641123665402751897, 3.790000000000000480, -0.3978517395538879176 ) ) ;
#8468 = LINE ( 'NONE', #4698, #4371 ) ;
#8469 = SURFACE_SIDE_STYLE ('',( #7914 ) ) ;
#8470 =( NAMED_UNIT ( * ) SI_UNIT ( $, .STERADIAN. ) SOLID_ANGLE_UNIT ( ) );
#8471 = CARTESIAN_POINT ( 'NONE',  ( -1.103242257156187955, 3.790000000000000480, 0.1608774803179862933 ) ) ;
#8472 = SURFACE_STYLE_USAGE ( .BOTH. , #2483 ) ;
#8473 = LINE ( 'NONE', #3197, #3588 ) ;
#8474 = EDGE_CURVE ( 'NONE', #5737, #4101, #1308, .T. ) ;
#8475 = CARTESIAN_POINT ( 'NONE',  ( 2.571045918698920296, 3.800000000000000266, -0.1205133907851156094 ) ) ;
#8476 = CARTESIAN_POINT ( 'NONE',  ( 2.374780826894379082, 3.790000000000000036, -0.4759237100520955499 ) ) ;
#8477 = PLANE ( 'NONE',  #8694 ) ;
#8478 = PRESENTATION_STYLE_ASSIGNMENT (( #8196 ) ) ;
#8479 = CARTESIAN_POINT ( 'NONE',  ( 3.485634986956816839, 3.799999999999999378, 0.2634905188735594539 ) ) ;
#8480 = SURFACE_SIDE_STYLE ('',( #6158 ) ) ;
#8481 = STYLED_ITEM ( 'NONE', ( #1085 ), #6603 ) ;
#8482 = EDGE_LOOP ( 'NONE', ( #6816, #4471, #456, #2234 ) ) ;
#8483 = VECTOR ( 'NONE', #2226, 999.9999999999998863 ) ;
#8484 = FACE_OUTER_BOUND ( 'NONE', #8071, .T. ) ;
#8485 = SURFACE_STYLE_FILL_AREA ( #2552 ) ;
#8486 = CARTESIAN_POINT ( 'NONE',  ( 2.041052866894890627, 3.790000000000000924, 0.01206474284102889913 ) ) ;
#8487 = FILL_AREA_STYLE ('',( #5398 ) ) ;
#8488 = SURFACE_STYLE_FILL_AREA ( #3149 ) ;
#8489 = STYLED_ITEM ( 'NONE', ( #2632 ), #8748 ) ;
#8490 = CARTESIAN_POINT ( 'NONE',  ( 1.872607621536647837, 3.799999999999999378, -0.02348787548307907508 ) ) ;
#8491 = ORIENTED_EDGE ( 'NONE', *, *, #8398, .F. ) ;
#8492 = CARTESIAN_POINT ( 'NONE',  ( 3.682862221301265393, 3.789999999999999591, 0.1658382005809326543 ) ) ;
#8493 = EDGE_CURVE ( 'NONE', #9183, #776, #8468, .T. ) ;
#8494 = LINE ( 'NONE', #4267, #8024 ) ;
#8495 = SURFACE_STYLE_USAGE ( .BOTH. , #6033 ) ;
#8496 = ORIENTED_EDGE ( 'NONE', *, *, #4104, .T. ) ;
#8497 = B_SPLINE_CURVE_WITH_KNOTS ( 'NONE', 3,
 ( #1515, #660, #6683, #7427, #2253, #2287, #1404, #8262, #3732, #17, #4530, #7498, #2156, #5986, #594, #4465, #9690, #5199, #5957, #2940, #1482, #2189, #2916, #8130, #6710, #3035, #7392 ),
 .UNSPECIFIED., .F., .F.,
 ( 4, 1, 1, 1, 1, 1, 1, 1, 1, 1, 1, 1, 1, 1, 1, 1, 1, 1, 1, 1, 1, 1, 1, 1, 4 ),
 ( 0.0000000000000000000, 0.06506328961727918248, 0.1267731664665228963, 0.1855157632260790723, 0.2407646791677149622, 0.2929797960235980270, 0.3422503727797670536, 0.3889192861856599626, 0.4327756640583100278, 0.4746284326311173141, 0.5147746906379533360, 0.5536058934984421365, 0.5914264064311723912, 0.6280281199460665542, 0.6638036341103206173, 0.6989843361316641079, 0.7335914893067050357, 0.7676284691511391367, 0.8012083477865921122, 0.8342638397266226580, 0.8669806947287757026, 0.8997197415181596991, 0.9327019124985385101, 0.9661758834327492940, 1.000000000000000000 ),
 .UNSPECIFIED. ) ;
#8498 = EDGE_LOOP ( 'NONE', ( #1381, #5283, #1854, #4522 ) ) ;
#8499 = CARTESIAN_POINT ( 'NONE',  ( 3.632487641251072041, 3.789999999999999147, -0.01396876745188510745 ) ) ;
#8500 = ORIENTED_EDGE ( 'NONE', *, *, #817, .T. ) ;
#8501 = UNCERTAINTY_MEASURE_WITH_UNIT (LENGTH_MEASURE( 1.000000000000000082E-05 ), #7351, 'distance_accuracy_value', 'NONE');
#8502 = ORIENTED_EDGE ( 'NONE', *, *, #8753, .F. ) ;
#8503 = LINE ( 'NONE', #9725, #6506 ) ;
#8504 = DIRECTION ( 'NONE',  ( -1.000000000000000000, 0.0000000000000000000, 0.0000000000000000000 ) ) ;
#8505 = DIRECTION ( 'NONE',  ( -1.000000000000000000, -0.0000000000000000000, -0.0000000000000000000 ) ) ;
#8506 =( NAMED_UNIT ( * ) PLANE_ANGLE_UNIT ( ) SI_UNIT ( $, .RADIAN. ) );
#8507 = CARTESIAN_POINT ( 'NONE',  ( -1.233643161753760209, 3.790000000000000036, -0.4748541780799992451 ) ) ;
#8508 = CARTESIAN_POINT ( 'NONE',  ( -2.245982905343503866, 3.790000000000000036, -0.5569054601312812824 ) ) ;
#8509 = CIRCLE ( 'NONE', #7757, 0.5000000000000004441 ) ;
#8510 = PRESENTATION_STYLE_ASSIGNMENT (( #5520 ) ) ;
#8511 = CARTESIAN_POINT ( 'NONE',  ( 2.188892713218763664, 3.799999999999998490, -0.5524070715046679458 ) ) ;
#8512 = CARTESIAN_POINT ( 'NONE',  ( -0.9314875290058229895, 3.790000000000000480, 0.1460214375437843271 ) ) ;
#8513 = ORIENTED_EDGE ( 'NONE', *, *, #8980, .T. ) ;
#8514 = FILL_AREA_STYLE ('',( #7749 ) ) ;
#8515 = EDGE_CURVE ( 'NONE', #100, #8289, #9515, .T. ) ;
#8516 = FACE_OUTER_BOUND ( 'NONE', #1495, .T. ) ;
#8517 = CARTESIAN_POINT ( 'NONE',  ( -0.8631275937410624044, 3.800000000000000266, -0.4231134750096893216 ) ) ;
#8518 = CARTESIAN_POINT ( 'NONE',  ( -2.984444443805042368, 3.790000000000000036, -0.09536699859281973224 ) ) ;
#8519 = UNCERTAINTY_MEASURE_WITH_UNIT (LENGTH_MEASURE( 1.000000000000000082E-05 ), #8082, 'distance_accuracy_value', 'NONE');
#8520 = SURFACE_SIDE_STYLE ('',( #6285 ) ) ;
#8521 = CARTESIAN_POINT ( 'NONE',  ( 3.455864188801919479, 3.800000000000000711, 0.2612054432595094511 ) ) ;
#8522 = CARTESIAN_POINT ( 'NONE',  ( 3.637577668648372953, 3.799999999999999822, 0.09706382748640528246 ) ) ;
#8523 = FACE_OUTER_BOUND ( 'NONE', #2971, .T. ) ;
#8524 = CARTESIAN_POINT ( 'NONE',  ( 1.673668946307135474, 3.799999999999999822, -0.5773123683654480809 ) ) ;
#8525 = CARTESIAN_POINT ( 'NONE',  ( 2.041052866894890627, 3.800000000000000711, 0.01206474284102889913 ) ) ;
#8526 = DIRECTION ( 'NONE',  ( 0.0000000000000000000, 0.0000000000000000000, -1.000000000000000000 ) ) ;
#8527 = AXIS2_PLACEMENT_3D ( 'NONE', #4014, #6839, #4621 ) ;
#8528 = B_SPLINE_CURVE_WITH_KNOTS ( 'NONE', 3,
 ( #5978, #1429, #3651, #6637, #9640, #3783, #7413, #5876, #2899, #5156, #651, #8993, #1391, #4383, #6703, #9612, #2215, #3026, #2958, #5187, #2242, #6731, #4452, #680, #5947, #1471, #6600 ),
 .UNSPECIFIED., .F., .F.,
 ( 4, 1, 1, 1, 1, 1, 1, 1, 1, 1, 1, 1, 1, 1, 1, 1, 1, 1, 1, 1, 1, 1, 1, 1, 4 ),
 ( 0.0000000000000000000, 0.06859462225874241037, 0.1332460424433008772, 0.1943125864682562765, 0.2512792231169662105, 0.3045134392563467740, 0.3542349066533250768, 0.4004805887739887882, 0.4434107549384918023, 0.4840148686163448510, 0.5232523007732031717, 0.5610423727283605499, 0.5979002393643999547, 0.6335184888561958827, 0.6683143511696512107, 0.7024956712863819064, 0.7366853535134585407, 0.7702931693607892871, 0.8034372550192495632, 0.8359129516660287473, 0.8684602457892904859, 0.9008465382431826152, 0.9334665246307080055, 0.9662575752981230615, 0.9999999999999998890 ),
 .UNSPECIFIED. ) ;
#8529 = PRESENTATION_STYLE_ASSIGNMENT (( #8661 ) ) ;
#8530 = ORIENTED_EDGE ( 'NONE', *, *, #7607, .F. ) ;
#8531 = CARTESIAN_POINT ( 'NONE',  ( 3.705405302302031689, 3.799999999999999378, -0.4482382794832075468 ) ) ;
#8532 = CARTESIAN_POINT ( 'NONE',  ( 3.720052789092632484, 3.790000000000000480, 0.05427314786126399837 ) ) ;
#8533 = CARTESIAN_POINT ( 'NONE',  ( -0.1054380335486315573, 3.799999999999999822, 0.1610432578174366969 ) ) ;
#8534 = ORIENTED_EDGE ( 'NONE', *, *, #7542, .F. ) ;
#8535 = CARTESIAN_POINT ( 'NONE',  ( 2.276612611073904446, 3.790000000000000036, 0.2632905792624019581 ) ) ;
#8536 = EDGE_LOOP ( 'NONE', ( #858, #7438, #6391, #6060 ) ) ;
#8537 = AXIS2_PLACEMENT_3D ( 'NONE', #3211, #7661, #2557 ) ;
#8538 = CARTESIAN_POINT ( 'NONE',  ( 1.542230129548662454, 3.789999999999999147, 0.2196965566099910450 ) ) ;
#8539 = FACE_OUTER_BOUND ( 'NONE', #1348, .T. ) ;
#8540 = PRESENTATION_LAYER_ASSIGNMENT (  '', '', ( #3030 ) ) ;
#8541 = CARTESIAN_POINT ( 'NONE',  ( -0.8807974777508961184, 3.800000000000000266, -0.5245322878522425958 ) ) ;
#8542 = LINE ( 'NONE', #584, #1261 ) ;
#8543 =( LENGTH_UNIT ( ) NAMED_UNIT ( * ) SI_UNIT ( .MILLI., .METRE. ) );
#8544 = PLANE ( 'NONE',  #3020 ) ;
#8545 = ORIENTED_EDGE ( 'NONE', *, *, #1321, .F. ) ;
#8546 = AXIS2_PLACEMENT_3D ( 'NONE', #2842, #5889, #7332 ) ;
#8547 =( GEOMETRIC_REPRESENTATION_CONTEXT ( 3 ) GLOBAL_UNCERTAINTY_ASSIGNED_CONTEXT ( ( #1863 ) ) GLOBAL_UNIT_ASSIGNED_CONTEXT ( ( #6233, #1011, #4667 ) ) REPRESENTATION_CONTEXT ( 'NONE', 'WORKASPACE' ) );
#8548 = CARTESIAN_POINT ( 'NONE',  ( 2.061309025387530802, 3.800000000000000711, -0.4013057577851021906 ) ) ;
#8549 = CARTESIAN_POINT ( 'NONE',  ( 2.099765831327681020, 3.790000000000000480, -0.1884900411267376730 ) ) ;
#8550 = CARTESIAN_POINT ( 'NONE',  ( 2.535779959290577423, 3.789999999999998703, 0.08321699359278572627 ) ) ;
#8551 = FILL_AREA_STYLE ('',( #1826 ) ) ;
#8552 = CARTESIAN_POINT ( 'NONE',  ( 3.475491453630855876, 3.790000000000000036, -0.1601105883364094817 ) ) ;
#8553 = CARTESIAN_POINT ( 'NONE',  ( 3.389135384824799591, 3.800000000000001599, 0.2412062470975882555 ) ) ;
#8554 = CARTESIAN_POINT ( 'NONE',  ( 3.589453792449146086, 3.789999999999999591, 0.1534414701081699972 ) ) ;
#8555 = SURFACE_STYLE_FILL_AREA ( #2449 ) ;
#8556 = ORIENTED_EDGE ( 'NONE', *, *, #3552, .F. ) ;
#8557 = EDGE_CURVE ( 'NONE', #9738, #3482, #8704, .T. ) ;
#8558 = AXIS2_PLACEMENT_3D ( 'NONE', #1632, #6887, #7543 ) ;
#8559 = CARTESIAN_POINT ( 'NONE',  ( 1.557361202715703330, 3.790000000000000924, -0.5432567312496368039 ) ) ;
#8560 = CARTESIAN_POINT ( 'NONE',  ( 2.289053736734592892, 3.790000000000000036, 0.2635007648480972575 ) ) ;
#8561 = FILL_AREA_STYLE ('',( #9375 ) ) ;
#8562 = CARTESIAN_POINT ( 'NONE',  ( 3.344401710041112086, 3.799999999999999822, -0.2689246909005120756 ) ) ;
#8563 = DIRECTION ( 'NONE',  ( -1.000000000000000000, 0.0000000000000000000, 0.0000000000000000000 ) ) ;
#8564 = DIRECTION ( 'NONE',  ( -0.0000000000000000000, 1.000000000000000000, -0.0000000000000000000 ) ) ;
#8565 = VECTOR ( 'NONE', #6487, 1000.000000000000000 ) ;
#8566 = CARTESIAN_POINT ( 'NONE',  ( -3.569999999999999396, 1.900000000000000355, -1.249999999999999556 ) ) ;
#8567 = CARTESIAN_POINT ( 'NONE',  ( 2.115389422544560194, 3.790000000000000036, 0.1804486976128943654 ) ) ;
#8568 = ORIENTED_EDGE ( 'NONE', *, *, #1556, .F. ) ;
#8569 = LINE ( 'NONE', #5537, #7279 ) ;
#8570 = CARTESIAN_POINT ( 'NONE',  ( -5.569999999999999396, 1.900000000000000355, -0.3500000000000004774 ) ) ;
#8571 = CARTESIAN_POINT ( 'NONE',  ( 3.186869658759061252, 3.799999999999999822, 0.05847915525333415021 ) ) ;
#8572 = SURFACE_STYLE_USAGE ( .BOTH. , #3357 ) ;
#8573 = FILL_AREA_STYLE_COLOUR ( '', #2350 ) ;
#8574 = ORIENTED_EDGE ( 'NONE', *, *, #6538, .F. ) ;
#8575 = CARTESIAN_POINT ( 'NONE',  ( 3.719687437406275166, 3.789999999999999147, 0.03695941114475750910 ) ) ;
#8576 = MECHANICAL_DESIGN_GEOMETRIC_PRESENTATION_REPRESENTATION (  '', ( #7693 ), #7881 ) ;
#8577 = FACE_OUTER_BOUND ( 'NONE', #3209, .T. ) ;
#8578 = CARTESIAN_POINT ( 'NONE',  ( 2.258179779123871800, 3.799999999999999822, -0.5749190937986857763 ) ) ;
#8579 = DIRECTION ( 'NONE',  ( -0.0000000000000000000, 0.0000000000000000000, -1.000000000000000000 ) ) ;
#8580 = CARTESIAN_POINT ( 'NONE',  ( 2.526314654068355203, 3.790000000000000480, 0.1049202445333096562 ) ) ;
#8581 = CARTESIAN_POINT ( 'NONE',  ( -3.145021366881965541, 3.790000000000000036, 0.2430945398687187897 ) ) ;
#8582 = ORIENTED_EDGE ( 'NONE', *, *, #3454, .F. ) ;
#8583 = CARTESIAN_POINT ( 'NONE',  ( -2.256239315599914086, 3.790000000000000036, -0.5569054601312812824 ) ) ;
#8584 = ORIENTED_EDGE ( 'NONE', *, *, #2790, .F. ) ;
#8585 = CARTESIAN_POINT ( 'NONE',  ( -1.907040597651196157, 3.799999999999999822, 0.2430945398687187897 ) ) ;
#8586 = STYLED_ITEM ( 'NONE', ( #518 ), #3028 ) ;
#8587 =( NAMED_UNIT ( * ) PLANE_ANGLE_UNIT ( ) SI_UNIT ( $, .RADIAN. ) );
#8588 = ORIENTED_EDGE ( 'NONE', *, *, #5088, .F. ) ;
#8589 = VECTOR ( 'NONE', #6278, 1000.000000000000000 ) ;
#8590 = EDGE_CURVE ( 'NONE', #6273, #7439, #3806, .T. ) ;
#8591 = CARTESIAN_POINT ( 'NONE',  ( 2.080761409485745617, 3.790000000000000924, 0.1289973745304057451 ) ) ;
#8592 = CARTESIAN_POINT ( 'NONE',  ( 5.569999999999999396, 1.399999999999999911, 0.3499999999999996447 ) ) ;
#8593 = LINE ( 'NONE', #5722, #3224 ) ;
#8594 = B_SPLINE_CURVE_WITH_KNOTS ( 'NONE', 3,
 ( #7483, #3055, #9018, #9121, #753, #8990, #1609, #3022, #3815, #7608, #8317, #4577, #6825, #5318, #8287, #6001, #130, #2306, #1534, #1502, #1570, #3160, #3843, #4549, #7514, #98, #4638 ),
 .UNSPECIFIED., .F., .F.,
 ( 4, 1, 1, 1, 1, 1, 1, 1, 1, 1, 1, 1, 1, 1, 1, 1, 1, 1, 1, 1, 1, 1, 1, 1, 4 ),
 ( 0.0000000000000000000, 0.03378811616271067825, 0.06719393237387974449, 0.09986241085682553975, 0.1325666121262585040, 0.1651511732547865929, 0.1979131873557925525, 0.2313190035669616673, 0.2650832782673737120, 0.2992553087581156235, 0.3343985665049784561, 0.3699428235093081829, 0.4062835607000613303, 0.4440638196985081665, 0.4829977068727754896, 0.5233544466133046580, 0.5655365896041494311, 0.6096129240658192394, 0.6563908113764171937, 0.7058854949364575804, 0.7583245002617313713, 0.8138317829411501059, 0.8727945590393900721, 0.9347222295400742231, 1.000000000000000000 ),
 .UNSPECIFIED. ) ;
#8595 = CARTESIAN_POINT ( 'NONE',  ( -1.618258546369144790, 3.790000000000000036, -0.3325464857723068879 ) ) ;
#8596 = CARTESIAN_POINT ( 'NONE',  ( 2.495515990440527521, 3.800000000000000266, -0.07374269096409059865 ) ) ;
#8597 = CARTESIAN_POINT ( 'NONE',  ( 3.599771633974292673, 3.790000000000000036, 0.2387372796198566349 ) ) ;
#8598 = CARTESIAN_POINT ( 'NONE',  ( 1.425668251510276097, 3.800000000000000711, 0.01206474284102864586 ) ) ;
#8599 = SURFACE_STYLE_FILL_AREA ( #7353 ) ;
#8600 = AXIS2_PLACEMENT_3D ( 'NONE', #5809, #1328, #5843 ) ;
#8601 = CARTESIAN_POINT ( 'NONE',  ( 3.404102976585719809, 3.799999999999999822, -0.4666663876541276013 ) ) ;
#8602 = CARTESIAN_POINT ( 'NONE',  ( -1.907040597651196157, 3.790000000000000036, 0.2430945398687187897 ) ) ;
#8603 = STYLED_ITEM ( 'NONE', ( #2531 ), #8195 ) ;
#8604 =( NAMED_UNIT ( * ) PLANE_ANGLE_UNIT ( ) SI_UNIT ( $, .RADIAN. ) );
#8605 = CARTESIAN_POINT ( 'NONE',  ( 2.441009188196716639, 3.789999999999999591, -0.4154715111534626470 ) ) ;
#8606 = SURFACE_STYLE_FILL_AREA ( #1365 ) ;
#8607 = CARTESIAN_POINT ( 'NONE',  ( 3.540423948101122154, 3.790000000000000924, -0.2047541017580125355 ) ) ;
#8608 = SURFACE_STYLE_FILL_AREA ( #7360 ) ;
#8609 =( NAMED_UNIT ( * ) SI_UNIT ( $, .STERADIAN. ) SOLID_ANGLE_UNIT ( ) );
#8610 = VERTEX_POINT ( 'NONE', #1814 ) ;
#8611 = CARTESIAN_POINT ( 'NONE',  ( 3.405169038430731820, 3.789999999999999591, 0.2480950088343179261 ) ) ;
#8612 = CARTESIAN_POINT ( 'NONE',  ( 0.3501709408103427235, 3.790000000000000036, -0.4009759729517941573 ) ) ;
#8613 = ORIENTED_EDGE ( 'NONE', *, *, #2386, .F. ) ;
#8614 = B_SPLINE_SURFACE_WITH_KNOTS ( 'NONE', 3, 1, ( 
 ( #4313, #5764 ),
 ( #2887, #5048 ),
 ( #4343, #548 ),
 ( #5734, #4250 ),
 ( #2786, #5079 ),
 ( #606, #579 ),
 ( #5833, #2748 ),
 ( #9484, #1355 ),
 ( #6469, #1217 ),
 ( #6592, #2137 ),
 ( #2021, #7344 ),
 ( #8112, #3644 ),
 ( #8862, #4446 ),
 ( #8215, #1417 ),
 ( #9673, #1386 ),
 ( #8144, #2203 ),
 ( #708, #642 ),
 ( #5896, #3703 ),
 ( #5968, #3672 ) ),
 .UNSPECIFIED., .F., .F., .F.,
 ( 4, 1, 1, 1, 1, 1, 1, 1, 1, 1, 1, 1, 1, 1, 1, 1, 4 ),
 ( 2, 2 ),
 ( 0.0000000000000000000, 0.06241450026327794581, 0.1233382314733144219, 0.1831245376921933343, 0.2417829946389430384, 0.3005788825509772555, 0.3596800748966257344, 0.4188816408500468103, 0.4795306644577834732, 0.5408505357600389418, 0.6023033958983800007, 0.6644632119464731757, 0.7278057226670119340, 0.7928948147812350244, 0.8596723283028316898, 0.9284644007334890148, 1.000000000000000000 ),
 ( 0.0000000000000000000, 1.000000000000000000 ),
 .UNSPECIFIED. ) ;
#8615 = EDGE_CURVE ( 'NONE', #2663, #6695, #2284, .T. ) ;
#8616 = CARTESIAN_POINT ( 'NONE',  ( -2.256239315599914086, 3.799999999999999822, -0.5569054601312812824 ) ) ;
#8617 =( LENGTH_UNIT ( ) NAMED_UNIT ( * ) SI_UNIT ( .MILLI., .METRE. ) );
#8618 = SURFACE_STYLE_USAGE ( .BOTH. , #3412 ) ;
#8619 = CARTESIAN_POINT ( 'NONE',  ( 3.648408120297522483, 3.799999999999999822, 0.04597915525333414605 ) ) ;
#8620 = CARTESIAN_POINT ( 'NONE',  ( 3.716335662498762016, 3.800000000000000711, 0.08933656738702683286 ) ) ;
#8621 = ORIENTED_EDGE ( 'NONE', *, *, #9045, .F. ) ;
#8622 = ORIENTED_EDGE ( 'NONE', *, *, #6291, .T. ) ;
#8623 = CARTESIAN_POINT ( 'NONE',  ( 2.495515990440527521, 3.790000000000000480, -0.07374269096409059865 ) ) ;
#8624 = EDGE_LOOP ( 'NONE', ( #8951, #8146, #4882, #5051 ) ) ;
#8625 = CARTESIAN_POINT ( 'NONE',  ( 3.299690171579573672, 3.790000000000000036, -0.3907195626953838818 ) ) ;
#8626 = CARTESIAN_POINT ( 'NONE',  ( 3.483464292464946155, 3.800000000000000266, 0.1811566773342571102 ) ) ;
#8627 = VECTOR ( 'NONE', #4888, 1000.000000000000114 ) ;
#8628 = UNCERTAINTY_MEASURE_WITH_UNIT (LENGTH_MEASURE( 1.000000000000000082E-05 ), #6546, 'distance_accuracy_value', 'NONE');
#8629 = VECTOR ( 'NONE', #1972, 1000.000000000000000 ) ;
#8630 =( LENGTH_UNIT ( ) NAMED_UNIT ( * ) SI_UNIT ( .MILLI., .METRE. ) );
#8631 = CARTESIAN_POINT ( 'NONE',  ( 1.884035032249627761, 3.800000000000000711, -0.1283638900843636077 ) ) ;
#8632 = CARTESIAN_POINT ( 'NONE',  ( 2.173807885945427731, 3.790000000000001368, 0.1270272114303801214 ) ) ;
#8633 = EDGE_CURVE ( 'NONE', #4117, #267, #241, .T. ) ;
#8634 = CARTESIAN_POINT ( 'NONE',  ( 2.046656102888047890, 3.789999999999999591, 0.03951974538138132431 ) ) ;
#8635 = ORIENTED_EDGE ( 'NONE', *, *, #1925, .T. ) ;
#8636 = SURFACE_SIDE_STYLE ('',( #1567 ) ) ;
#8637 = LINE ( 'NONE', #7108, #509 ) ;
#8638 =( LENGTH_UNIT ( ) NAMED_UNIT ( * ) SI_UNIT ( .MILLI., .METRE. ) );
#8639 = COLOUR_RGB ( '',0.5019607843137254832, 0.5019607843137254832, 0.5019607843137254832 ) ;
#8640 = EDGE_CURVE ( 'NONE', #7874, #6893, #7184, .T. ) ;
#8641 =( LENGTH_UNIT ( ) NAMED_UNIT ( * ) SI_UNIT ( .MILLI., .METRE. ) );
#8642 = ORIENTED_EDGE ( 'NONE', *, *, #7542, .T. ) ;
#8643 = PRESENTATION_STYLE_ASSIGNMENT (( #1621 ) ) ;
#8644 = ORIENTED_EDGE ( 'NONE', *, *, #1206, .F. ) ;
#8645 = CARTESIAN_POINT ( 'NONE',  ( 1.522384825800950692, 3.799999999999999822, 0.07536445915493754366 ) ) ;
#8646 =( NAMED_UNIT ( * ) PLANE_ANGLE_UNIT ( ) SI_UNIT ( $, .RADIAN. ) );
#8647 = DIRECTION ( 'NONE',  ( 0.0000000000000000000, -1.000000000000000000, 0.0000000000000000000 ) ) ;
#8648 = DIRECTION ( 'NONE',  ( 0.0000000000000000000, 0.0000000000000000000, -1.000000000000000000 ) ) ;
#8649 = CARTESIAN_POINT ( 'NONE',  ( -1.586207264317862631, 3.790000000000000036, -0.5569054601312812824 ) ) ;
#8650 = CARTESIAN_POINT ( 'NONE',  ( 3.580523883348727843, 3.790000000000000924, -0.07583706328067314761 ) ) ;
#8651 = CARTESIAN_POINT ( 'NONE',  ( 2.324325493477171545, 3.789999999999999591, 0.1804612112185774164 ) ) ;
#8652 = LINE ( 'NONE', #748, #6310 ) ;
#8653 = CARTESIAN_POINT ( 'NONE',  ( 2.127748938344365737, 3.800000000000000266, -0.5080095256448758922 ) ) ;
#8654 = CARTESIAN_POINT ( 'NONE',  ( -0.8512514634985121065, 3.790000000000000480, 0.1127853994455231823 ) ) ;
#8655 = CARTESIAN_POINT ( 'NONE',  ( 0.0000000000000000000, 0.0000000000000000000, 0.0000000000000000000 ) ) ;
#8656 = FILL_AREA_STYLE_COLOUR ( '', #2303 ) ;
#8657 = CARTESIAN_POINT ( 'NONE',  ( 3.310808822647691496, 3.790000000000000924, -0.3273840573840389179 ) ) ;
#8658 = CARTESIAN_POINT ( 'NONE',  ( 3.618265862967116053, 3.790000000000000924, 0.1280809253719411289 ) ) ;
#8659 =( NAMED_UNIT ( * ) PLANE_ANGLE_UNIT ( ) SI_UNIT ( $, .RADIAN. ) );
#8660 = CARTESIAN_POINT ( 'NONE',  ( -3.569999999999999396, 1.399999999999999911, -0.3500000000000003109 ) ) ;
#8661 = SURFACE_STYLE_USAGE ( .BOTH. , #6521 ) ;
#8662 = CARTESIAN_POINT ( 'NONE',  ( -3.145021366881965541, 3.790000000000000036, 0.2430945398687187897 ) ) ;
#8663 = FILL_AREA_STYLE ('',( #7971 ) ) ;
#8664 =( GEOMETRIC_REPRESENTATION_CONTEXT ( 3 ) GLOBAL_UNCERTAINTY_ASSIGNED_CONTEXT ( ( #3722 ) ) GLOBAL_UNIT_ASSIGNED_CONTEXT ( ( #9406, #1167, #7142 ) ) REPRESENTATION_CONTEXT ( 'NONE', 'WORKASPACE' ) );
#8665 = VERTEX_POINT ( 'NONE', #4764 ) ;
#8666 = VERTEX_POINT ( 'NONE', #2506 ) ;
#8667 =( GEOMETRIC_REPRESENTATION_CONTEXT ( 3 ) GLOBAL_UNCERTAINTY_ASSIGNED_CONTEXT ( ( #8519 ) ) GLOBAL_UNIT_ASSIGNED_CONTEXT ( ( #8082, #8825, #8866 ) ) REPRESENTATION_CONTEXT ( 'NONE', 'WORKASPACE' ) );
#8668 = DIRECTION ( 'NONE',  ( 0.0000000000000000000, 0.0000000000000000000, -1.000000000000000000 ) ) ;
#8669 = CARTESIAN_POINT ( 'NONE',  ( 1.043279915169317285, 3.790000000000000036, -0.4748541780799992451 ) ) ;
#8670 = DIRECTION ( 'NONE',  ( 1.000000000000000000, -0.0000000000000000000, -0.0000000000000000000 ) ) ;
#8671 = MECHANICAL_DESIGN_GEOMETRIC_PRESENTATION_REPRESENTATION (  '', ( #2608 ), #1597 ) ;
#8672 = CARTESIAN_POINT ( 'NONE',  ( 1.558423270560813201, 3.800000000000001599, 0.1270272114303794275 ) ) ;
#8673 = LINE ( 'NONE', #8290, #2376 ) ;
#8674 = DIRECTION ( 'NONE',  ( 1.000000000000000000, 0.0000000000000000000, 0.0000000000000000000 ) ) ;
#8675 = VERTEX_POINT ( 'NONE', #2471 ) ;
#8676 =( NAMED_UNIT ( * ) SI_UNIT ( $, .STERADIAN. ) SOLID_ANGLE_UNIT ( ) );
#8677 = DIRECTION ( 'NONE',  ( 0.0000000000000000000, -1.000000000000000000, 0.0000000000000000000 ) ) ;
#8678 = DIRECTION ( 'NONE',  ( 1.000000000000000000, 0.0000000000000000000, 0.0000000000000000000 ) ) ;
#8679 = FILL_AREA_STYLE ('',( #5745 ) ) ;
#8680 = PRESENTATION_STYLE_ASSIGNMENT (( #4506 ) ) ;
#8681 =( NAMED_UNIT ( * ) SI_UNIT ( $, .STERADIAN. ) SOLID_ANGLE_UNIT ( ) );
#8682 = MECHANICAL_DESIGN_GEOMETRIC_PRESENTATION_REPRESENTATION (  '', ( #6898 ), #7857 ) ;
#8683 = EDGE_CURVE ( 'NONE', #8271, #8690, #6708, .T. ) ;
#8684 = EDGE_LOOP ( 'NONE', ( #6137, #3831, #672, #3988 ) ) ;
#8685 = FILL_AREA_STYLE ('',( #8656 ) ) ;
#8686 = CARTESIAN_POINT ( 'NONE',  ( -5.000000000000000888, 3.799999999999999822, -5.000000000000000888 ) ) ;
#8687 = DIRECTION ( 'NONE',  ( -0.4283511191562794362, 0.0000000000000000000, 0.9036123719369731910 ) ) ;
#8688 = DIRECTION ( 'NONE',  ( -0.0000000000000000000, 1.000000000000000000, -0.0000000000000000000 ) ) ;
#8689 = CARTESIAN_POINT ( 'NONE',  ( 3.310808822647691496, 3.800000000000000711, -0.3273840573840389179 ) ) ;
#8690 = VERTEX_POINT ( 'NONE', #7773 ) ;
#8691 = FILL_AREA_STYLE ('',( #3478 ) ) ;
#8692 = DIRECTION ( 'NONE',  ( 0.0000000000000000000, 1.084202172485503448E-16, -1.000000000000000000 ) ) ;
#8693 = CARTESIAN_POINT ( 'NONE',  ( -0.8119052085353823944, 3.799999999999999822, -0.4894966542148598831 ) ) ;
#8694 = AXIS2_PLACEMENT_3D ( 'NONE', #8583, #1026, #305 ) ;
#8695 = ORIENTED_EDGE ( 'NONE', *, *, #7746, .F. ) ;
#8696 = ORIENTED_EDGE ( 'NONE', *, *, #6052, .F. ) ;
#8697 = CARTESIAN_POINT ( 'NONE',  ( 3.441965031470165304, 3.799999999999999822, -0.4887228078601899006 ) ) ;
#8698 = FILL_AREA_STYLE_COLOUR ( '', #1542 ) ;
#8699 = CARTESIAN_POINT ( 'NONE',  ( 5.569999999999999396, 1.899999999999999911, 0.3499999999999996447 ) ) ;
#8700 = CARTESIAN_POINT ( 'NONE',  ( 2.297767094656497644, 3.800000000000000266, -0.4953669985928199071 ) ) ;
#8701 = ADVANCED_FACE ( 'NONE', ( #947 ), #6237, .T. ) ;
#8702 = CARTESIAN_POINT ( 'NONE',  ( 1.629964586319321951, 3.790000000000001368, 0.1732875679849622819 ) ) ;
#8703 = FILL_AREA_STYLE_COLOUR ( '', #8197 ) ;
#8704 = LINE ( 'NONE', #916, #6477 ) ;
#8705 =( NAMED_UNIT ( * ) SI_UNIT ( $, .STERADIAN. ) SOLID_ANGLE_UNIT ( ) );
#8706 = CARTESIAN_POINT ( 'NONE',  ( 3.491677351066753143, 3.799999999999999822, 0.2636073603815393129 ) ) ;
#8707 = PRESENTATION_STYLE_ASSIGNMENT (( #346 ) ) ;
#8708 = CARTESIAN_POINT ( 'NONE',  ( 2.463284401663674128, 3.789999999999999591, 0.06071763165408175511 ) ) ;
#8709 = PRESENTATION_STYLE_ASSIGNMENT (( #9621 ) ) ;
#8710 = UNCERTAINTY_MEASURE_WITH_UNIT (LENGTH_MEASURE( 1.000000000000000082E-05 ), #4926, 'distance_accuracy_value', 'NONE');
#8711 = EDGE_CURVE ( 'NONE', #313, #8853, #6102, .T. ) ;
#8712 = DIRECTION ( 'NONE',  ( -0.0000000000000000000, 1.000000000000000000, -0.0000000000000000000 ) ) ;
#8713 = CARTESIAN_POINT ( 'NONE',  ( -2.660726495087093912, 3.799999999999999822, -0.01331571654153768276 ) ) ;
#8714 = DIRECTION ( 'NONE',  ( 0.0000000000000000000, 1.100712865467517079E-16, -1.000000000000000000 ) ) ;
#8715 = SURFACE_STYLE_FILL_AREA ( #4325 ) ;
#8716 = CARTESIAN_POINT ( 'NONE',  ( -0.8900534181640165077, 3.790000000000000036, -0.5280593062851274277 ) ) ;
#8717 = CARTESIAN_POINT ( 'NONE',  ( 3.524523535216745884, 3.790000000000000480, -0.2161914078481227131 ) ) ;
#8718 = AXIS2_PLACEMENT_3D ( 'NONE', #8351, #3099, #832 ) ;
#8719 = EDGE_LOOP ( 'NONE', ( #983, #8758, #5428, #5427 ) ) ;
#8720 = VECTOR ( 'NONE', #3371, 1000.000000000000000 ) ;
#8721 = CARTESIAN_POINT ( 'NONE',  ( -0.03364316175375998974, 3.790000000000000036, 0.2430945398687187897 ) ) ;
#8722 = CARTESIAN_POINT ( 'NONE',  ( 3.404102976585719809, 3.790000000000000036, -0.4666663876541276013 ) ) ;
#8723 = ORIENTED_EDGE ( 'NONE', *, *, #6247, .F. ) ;
#8724 =( NAMED_UNIT ( * ) SI_UNIT ( $, .STERADIAN. ) SOLID_ANGLE_UNIT ( ) );
#8725 = CARTESIAN_POINT ( 'NONE',  ( 3.523434932913200424, 3.799999999999999378, -0.1248005219266900140 ) ) ;
#8726 = VERTEX_POINT ( 'NONE', #4860 ) ;
#8727 = ORIENTED_EDGE ( 'NONE', *, *, #7664, .T. ) ;
#8728 = PRESENTATION_STYLE_ASSIGNMENT (( #4334 ) ) ;
#8729 = ORIENTED_EDGE ( 'NONE', *, *, #5235, .F. ) ;
#8730 = VECTOR ( 'NONE', #1879, 1000.000000000000000 ) ;
#8731 = CARTESIAN_POINT ( 'NONE',  ( 1.508500263386431062, 3.800000000000000266, 0.04330725146975168000 ) ) ;
#8732 = CARTESIAN_POINT ( 'NONE',  ( 3.300765359436435897, 3.789999999999999147, 0.1693892104276903676 ) ) ;
#8733 = EDGE_CURVE ( 'NONE', #1913, #5441, #3347, .T. ) ;
#8734 = PRESENTATION_STYLE_ASSIGNMENT (( #5424 ) ) ;
#8735 = CARTESIAN_POINT ( 'NONE',  ( 3.373526001086312842, 3.799999999999998934, 0.2329508867667602345 ) ) ;
#8736 = CARTESIAN_POINT ( 'NONE',  ( 3.709946581835984247, 3.799999999999999822, -0.4420016139774352038 ) ) ;
#8737 = CARTESIAN_POINT ( 'NONE',  ( -0.7212579639286225142, 3.789999999999999591, -0.1206901098479175038 ) ) ;
#8738 = FACE_OUTER_BOUND ( 'NONE', #5262, .T. ) ;
#8739 = VECTOR ( 'NONE', #1496, 1000.000000000000000 ) ;
#8740 = CARTESIAN_POINT ( 'NONE',  ( 2.145893445702946600, 3.800000000000001155, -0.4039395849288020535 ) ) ;
#8741 = VERTEX_POINT ( 'NONE', #1946 ) ;
#8742 = CARTESIAN_POINT ( 'NONE',  ( 2.369123176055570656, 3.790000000000000036, -0.5664070883482975605 ) ) ;
#8743 = CARTESIAN_POINT ( 'NONE',  ( -5.500000000000000000, 1.899999999999999911, 1.249999999999999778 ) ) ;
#8744 = DIRECTION ( 'NONE',  ( -0.4189977888269743600, 0.0000000000000000000, -0.9079872537420919931 ) ) ;
#8745 =( LENGTH_UNIT ( ) NAMED_UNIT ( * ) SI_UNIT ( .MILLI., .METRE. ) );
#8746 = CARTESIAN_POINT ( 'NONE',  ( 2.124045930632793233, 3.800000000000001155, -0.3574397987871510418 ) ) ;
#8747 = SURFACE_STYLE_FILL_AREA ( #5327 ) ;
#8748 = ADVANCED_FACE ( 'NONE', ( #7658 ), #7943, .F. ) ;
#8749 = DIRECTION ( 'NONE',  ( 0.0000000000000000000, -4.818676322157801319E-16, 1.000000000000000000 ) ) ;
#8750 = EDGE_CURVE ( 'NONE', #424, #5351, #9400, .T. ) ;
#8751 = CARTESIAN_POINT ( 'NONE',  ( -0.6575464925055672927, 3.800000000000001155, -0.2456391639808231941 ) ) ;
#8752 = ORIENTED_EDGE ( 'NONE', *, *, #2568, .F. ) ;
#8753 = EDGE_CURVE ( 'NONE', #2819, #6622, #3906, .T. ) ;
#8754 = FILL_AREA_STYLE ('',( #9318 ) ) ;
#8756 = EDGE_CURVE ( 'NONE', #2026, #7849, #5512, .T. ) ;
#8755 = PLANE ( 'NONE',  #8343 ) ;
#8757 = FACE_OUTER_BOUND ( 'NONE', #7597, .T. ) ;
#8758 = ORIENTED_EDGE ( 'NONE', *, *, #710, .F. ) ;
#8759 = ORIENTED_EDGE ( 'NONE', *, *, #336, .F. ) ;
#8760 = VERTEX_POINT ( 'NONE', #349 ) ;
#8761 = ORIENTED_EDGE ( 'NONE', *, *, #3714, .F. ) ;
#8762 = VECTOR ( 'NONE', #102, 1000.000000000000000 ) ;
#8763 = CARTESIAN_POINT ( 'NONE',  ( -0.7124361592673232879, 3.790000000000000036, 0.08671693696931787043 ) ) ;
#8764 = EDGE_CURVE ( 'NONE', #919, #458, #1680, .T. ) ;
#8765 = CARTESIAN_POINT ( 'NONE',  ( -1.141816238676836903, 3.799999999999999822, 0.1610432578174366969 ) ) ;
#8766 = ORIENTED_EDGE ( 'NONE', *, *, #8493, .F. ) ;
#8767 = ORIENTED_EDGE ( 'NONE', *, *, #4573, .T. ) ;
#8768 = CARTESIAN_POINT ( 'NONE',  ( 2.099715896616195732, 3.789999999999999147, -0.1676445191832757198 ) ) ;
#8769 = CARTESIAN_POINT ( 'NONE',  ( -1.066749000632985389, 3.799999999999999822, 0.1599204053160963035 ) ) ;
#8770 = CARTESIAN_POINT ( 'NONE',  ( -1.057521366881964964, 3.790000000000000036, 0.2430945398687187897 ) ) ;
#8771 = CARTESIAN_POINT ( 'NONE',  ( 2.465640054134096371, 3.800000000000000711, -0.5073601207094887711 ) ) ;
#8772 = CARTESIAN_POINT ( 'NONE',  ( 1.951253038902362791, 3.789999999999998703, -0.2609284761034963984 ) ) ;
#8773 = EDGE_LOOP ( 'NONE', ( #4812, #7703, #3531, #4363 ) ) ;
#8774 =( NAMED_UNIT ( * ) PLANE_ANGLE_UNIT ( ) SI_UNIT ( $, .RADIAN. ) );
#8775 = CARTESIAN_POINT ( 'NONE',  ( 3.500197479435228409, 3.789999999999999591, -0.1423094538230735562 ) ) ;
#8776 =( NAMED_UNIT ( * ) SI_UNIT ( $, .STERADIAN. ) SOLID_ANGLE_UNIT ( ) );
#8777 = AXIS2_PLACEMENT_3D ( 'NONE', #8770, #2032, #7963 ) ;
#8778 = ORIENTED_EDGE ( 'NONE', *, *, #7419, .T. ) ;
#8779 = FILL_AREA_STYLE_COLOUR ( '', #7642 ) ;
#8780 = CARTESIAN_POINT ( 'NONE',  ( 1.522384825800950692, 3.789999999999999591, 0.07536445915493754366 ) ) ;
#8781 = CARTESIAN_POINT ( 'NONE',  ( -0.8913973126098427846, 3.800000000000000711, 0.1330367665168555591 ) ) ;
#8782 = FILL_AREA_STYLE_COLOUR ( '', #2338 ) ;
#8783 = FACE_OUTER_BOUND ( 'NONE', #9424, .T. ) ;
#8784 = DIRECTION ( 'NONE',  ( 1.000000000000000000, 0.0000000000000000000, 0.0000000000000000000 ) ) ;
#8785 = ORIENTED_EDGE ( 'NONE', *, *, #6123, .F. ) ;
#8786 = EDGE_CURVE ( 'NONE', #3363, #871, #5747, .T. ) ;
#8787 = UNCERTAINTY_MEASURE_WITH_UNIT (LENGTH_MEASURE( 1.000000000000000082E-05 ), #7986, 'distance_accuracy_value', 'NONE');
#8788 = VECTOR ( 'NONE', #7312, 1000.000000000000000 ) ;
#8789 = CARTESIAN_POINT ( 'NONE',  ( 1.438026708103370854, 3.799999999999999822, -0.3783475752762977540 ) ) ;
#8790 = VERTEX_POINT ( 'NONE', #8570 ) ;
#8791 = CARTESIAN_POINT ( 'NONE',  ( 3.358253410716405707, 3.800000000000001155, 0.2235120239944979881 ) ) ;
#8793 = CARTESIAN_POINT ( 'NONE',  ( -1.027185751795361091, 3.799999999999999378, -0.5531775812937568260 ) ) ;
#8792 = FILL_AREA_STYLE_COLOUR ( '', #1704 ) ;
#8794 = VECTOR ( 'NONE', #7877, 1000.000000000000000 ) ;
#8795 =( NAMED_UNIT ( * ) SI_UNIT ( $, .STERADIAN. ) SOLID_ANGLE_UNIT ( ) );
#8796 = CARTESIAN_POINT ( 'NONE',  ( 2.099715896616195732, 3.799999999999999378, -0.1676445191832757198 ) ) ;
#8797 =( LENGTH_UNIT ( ) NAMED_UNIT ( * ) SI_UNIT ( .MILLI., .METRE. ) );
#8798 = MECHANICAL_DESIGN_GEOMETRIC_PRESENTATION_REPRESENTATION (  '', ( #4427 ), #5407 ) ;
#8799 = VECTOR ( 'NONE', #5507, 1000.000000000000000 ) ;
#8800 = EDGE_CURVE ( 'NONE', #6723, #4702, #4086, .T. ) ;
#8801 = CARTESIAN_POINT ( 'NONE',  ( 2.435774321947083987, 3.790000000000001368, -0.5326732509952263328 ) ) ;
#8802 = DIRECTION ( 'NONE',  ( 1.000000000000000000, 0.0000000000000000000, 0.0000000000000000000 ) ) ;
#8803 = CARTESIAN_POINT ( 'NONE',  ( -3.569999999999999396, 1.899999999999999911, 0.3499999999999996447 ) ) ;
#8804 = CARTESIAN_POINT ( 'NONE',  ( 3.344401710041112086, 3.790000000000000036, -0.2689246909005120756 ) ) ;
#8805 = UNCERTAINTY_MEASURE_WITH_UNIT (LENGTH_MEASURE( 1.000000000000000082E-05 ), #229, 'distance_accuracy_value', 'NONE');
#8806 = ORIENTED_EDGE ( 'NONE', *, *, #6068, .F. ) ;
#8807 = CARTESIAN_POINT ( 'NONE',  ( 2.099765831327681020, 3.800000000000000266, -0.1884900411267376730 ) ) ;
#8808 =( NAMED_UNIT ( * ) SI_UNIT ( $, .STERADIAN. ) SOLID_ANGLE_UNIT ( ) );
#8809 = CARTESIAN_POINT ( 'NONE',  ( 1.698993830233469504, 3.790000000000001368, -0.5770850403972571652 ) ) ;
#8810 = CARTESIAN_POINT ( 'NONE',  ( 3.641123665402751897, 3.800000000000000266, -0.3978517395538879176 ) ) ;
#8811 = CARTESIAN_POINT ( 'NONE',  ( 3.425960573184847924, 3.790000000000000036, -0.2891568139374816049 ) ) ;
#8812 = CARTESIAN_POINT ( 'NONE',  ( -0.7422242662452301909, 3.790000000000000924, -0.2764519759598047521 ) ) ;
#8813 = AXIS2_PLACEMENT_3D ( 'NONE', #1059, #4810, #6355 ) ;
#8814 = FACE_OUTER_BOUND ( 'NONE', #4364, .T. ) ;
#8815 = ADVANCED_FACE ( 'NONE', ( #7875 ), #3523, .T. ) ;
#8816 = LINE ( 'NONE', #9030, #1193 ) ;
#8817 = DIRECTION ( 'NONE',  ( 0.4285842068721729126, 0.0000000000000000000, -0.9035018415143106774 ) ) ;
#8818 = CARTESIAN_POINT ( 'NONE',  ( -0.8631275937410624044, 3.790000000000000480, -0.4231134750096893216 ) ) ;
#8819 = FILL_AREA_STYLE ('',( #8782 ) ) ;
#8820 = CARTESIAN_POINT ( 'NONE',  ( 3.719755299933873438, 3.790000000000000480, 0.06847826409968708894 ) ) ;
#8821 = EDGE_CURVE ( 'NONE', #5976, #7742, #459, .T. ) ;
#8822 = LINE ( 'NONE', #2538, #6830 ) ;
#8823 = SURFACE_SIDE_STYLE ('',( #6471 ) ) ;
#8824 = SURFACE_STYLE_FILL_AREA ( #1761 ) ;
#8825 =( NAMED_UNIT ( * ) PLANE_ANGLE_UNIT ( ) SI_UNIT ( $, .RADIAN. ) );
#8826 = ORIENTED_EDGE ( 'NONE', *, *, #6361, .T. ) ;
#8827 = ORIENTED_EDGE ( 'NONE', *, *, #3879, .T. ) ;
#8828 = CARTESIAN_POINT ( 'NONE',  ( -0.9522361594800774487, 3.799999999999999822, 0.1500437120023123960 ) ) ;
#8829 = VECTOR ( 'NONE', #9258, 1000.000000000000227 ) ;
#8831 = CARTESIAN_POINT ( 'NONE',  ( -0.8900534181640165077, 3.790000000000000036, -0.5280593062851274277 ) ) ;
#8830 = CARTESIAN_POINT ( 'NONE',  ( 3.488792735682137547, 3.790000000000000036, -0.4953669985928197961 ) ) ;
#8832 = CARTESIAN_POINT ( 'NONE',  ( 2.184795905200767940, 3.799999999999998490, 0.1372665214499442510 ) ) ;
#8833 = MECHANICAL_DESIGN_GEOMETRIC_PRESENTATION_REPRESENTATION (  '', ( #3415 ), #8340 ) ;
#8834 = VECTOR ( 'NONE', #3294, 1000.000000000000000 ) ;
#8835 = CARTESIAN_POINT ( 'NONE',  ( 2.297767094656497200, 3.790000000000000036, 0.1815560783302572478 ) ) ;
#8836 = CARTESIAN_POINT ( 'NONE',  ( 1.884305556194958431, 3.790000000000000036, -0.1569054601312812325 ) ) ;
#8837 = COLOUR_RGB ( '',1.000000000000000000, 1.000000000000000000, 1.000000000000000000 ) ;
#8838 = EDGE_LOOP ( 'NONE', ( #8530, #9422, #2838, #5711 ) ) ;
#8839 = CARTESIAN_POINT ( 'NONE',  ( 2.492237172141797963, 3.790000000000001368, -0.4764134731311422399 ) ) ;
#8840 = ORIENTED_EDGE ( 'NONE', *, *, #7737, .F. ) ;
#8841 = CARTESIAN_POINT ( 'NONE',  ( -0.9189322291333716919, 3.800000000000000711, 0.1423755039633021191 ) ) ;
#8842 =( NAMED_UNIT ( * ) SI_UNIT ( $, .STERADIAN. ) SOLID_ANGLE_UNIT ( ) );
#8843 = DIRECTION ( 'NONE',  ( 0.0000000000000000000, 0.0000000000000000000, 1.000000000000000000 ) ) ;
#8844 = LINE ( 'NONE', #2388, #855 ) ;
#8845 = CARTESIAN_POINT ( 'NONE',  ( 2.562673106642268106, 3.799999999999998490, -0.2921073294155333011 ) ) ;
#8846 = SURFACE_SIDE_STYLE ('',( #8986 ) ) ;
#8847 = CARTESIAN_POINT ( 'NONE',  ( 1.804542783700777253, 3.790000000000000924, -0.5433301372367405069 ) ) ;
#8848 = FACE_OUTER_BOUND ( 'NONE', #9434, .T. ) ;
#8849 =( NAMED_UNIT ( * ) SI_UNIT ( $, .STERADIAN. ) SOLID_ANGLE_UNIT ( ) );
#8850 = CARTESIAN_POINT ( 'NONE',  ( -0.8069003966597135813, 3.790000000000001368, -0.3790455232778090489 ) ) ;
#8851 = PRESENTATION_LAYER_ASSIGNMENT (  '', '', ( #8347 ) ) ;
#8852 = FACE_OUTER_BOUND ( 'NONE', #5872, .T. ) ;
#8853 = VERTEX_POINT ( 'NONE', #6498 ) ;
#8854 = VERTEX_POINT ( 'NONE', #3642 ) ;
#8855 = VECTOR ( 'NONE', #4038, 1000.000000000000000 ) ;
#8856 = FACE_OUTER_BOUND ( 'NONE', #7445, .T. ) ;
#8857 = CARTESIAN_POINT ( 'NONE',  ( 1.558423270560813201, 3.790000000000001368, 0.1270272114303794275 ) ) ;
#8858 = COLOUR_RGB ( '',1.000000000000000000, 1.000000000000000000, 1.000000000000000000 ) ;
#8859 = ORIENTED_EDGE ( 'NONE', *, *, #7469, .F. ) ;
#8860 = CARTESIAN_POINT ( 'NONE',  ( -0.7853674410105873083, 3.800000000000000266, 0.05485304747391177987 ) ) ;
#8861 = STYLED_ITEM ( 'NONE', ( #5352 ), #2947 ) ;
#8862 = CARTESIAN_POINT ( 'NONE',  ( -0.7404519271764260502, 3.790000000000000480, -0.02437977563357974012 ) ) ;
#8863 = EDGE_LOOP ( 'NONE', ( #8644, #6382, #2651, #5291 ) ) ;
#8864 = ADVANCED_FACE ( 'NONE', ( #1931 ), #1213, .T. ) ;
#8865 = SURFACE_STYLE_FILL_AREA ( #4535 ) ;
#8866 =( NAMED_UNIT ( * ) SI_UNIT ( $, .STERADIAN. ) SOLID_ANGLE_UNIT ( ) );
#8867 = FACE_OUTER_BOUND ( 'NONE', #3609, .T. ) ;
#8868 = EDGE_CURVE ( 'NONE', #3492, #5502, #341, .T. ) ;
#8869 = CARTESIAN_POINT ( 'NONE',  ( -0.9189322291333716919, 3.790000000000000924, 0.1423755039633021191 ) ) ;
#8871 = CARTESIAN_POINT ( 'NONE',  ( -0.9120943638902609951, 3.790000000000000036, -0.5353464648400437786 ) ) ;
#8870 = SURFACE_STYLE_USAGE ( .BOTH. , #7381 ) ;
#8872 = ADVANCED_FACE ( 'NONE', ( #6228 ), #6591, .F. ) ;
#8873 =( NAMED_UNIT ( * ) PLANE_ANGLE_UNIT ( ) SI_UNIT ( $, .RADIAN. ) );
#8874 = SURFACE_SIDE_STYLE ('',( #4302 ) ) ;
#8875 = CARTESIAN_POINT ( 'NONE',  ( 3.389643234176168196, 3.790000000000000036, -0.3306644213137816535 ) ) ;
#8876 = LINE ( 'NONE', #7595, #7694 ) ;
#8877 = ORIENTED_EDGE ( 'NONE', *, *, #9426, .F. ) ;
#8878 =( GEOMETRIC_REPRESENTATION_CONTEXT ( 3 ) GLOBAL_UNCERTAINTY_ASSIGNED_CONTEXT ( ( #8225 ) ) GLOBAL_UNIT_ASSIGNED_CONTEXT ( ( #1864, #1957, #5585 ) ) REPRESENTATION_CONTEXT ( 'NONE', 'WORKASPACE' ) );
#8879 = CARTESIAN_POINT ( 'NONE',  ( 2.515466664584009138, 3.799999999999999822, -0.4398262286402327970 ) ) ;
#8880 = VECTOR ( 'NONE', #7058, 1000.000000000000000 ) ;
#8881 = CARTESIAN_POINT ( 'NONE',  ( -1.057521366881964964, 3.790000000000000036, 0.2430945398687187897 ) ) ;
#8882 = PRODUCT_RELATED_PRODUCT_CATEGORY ( 'part', '', ( #757 ) ) ;
#8883 = CARTESIAN_POINT ( 'NONE',  ( -0.7211704534895758689, 3.799999999999998490, -0.1747061717616693044 ) ) ;
#8884 = ORIENTED_EDGE ( 'NONE', *, *, #515, .F. ) ;
#8885 = CARTESIAN_POINT ( 'NONE',  ( -0.4131303412409393916, 3.790000000000000036, 0.1610432578174366969 ) ) ;
#8886 = SURFACE_STYLE_FILL_AREA ( #522 ) ;
#8887 = CARTESIAN_POINT ( 'NONE',  ( -0.8428905424844457261, 3.789999999999999591, -0.4101617776637027646 ) ) ;
#8888 = CARTESIAN_POINT ( 'NONE',  ( -0.9315598284204266166, 3.799999999999999822, -0.4524182806441018334 ) ) ;
#8889 = ORIENTED_EDGE ( 'NONE', *, *, #3865, .F. ) ;
#8890 = STYLED_ITEM ( 'NONE', ( #3002 ), #4355 ) ;
#8891 = EDGE_CURVE ( 'NONE', #53, #720, #9149, .T. ) ;
#8892 = CARTESIAN_POINT ( 'NONE',  ( 1.484305556194958076, 3.790000000000000036, -0.1569054601312812325 ) ) ;
#8894 = CARTESIAN_POINT ( 'NONE',  ( -0.9636625355508945390, 3.800000000000000266, -0.5460638533495413283 ) ) ;
#8893 = DIRECTION ( 'NONE',  ( 1.000000000000000000, 0.0000000000000000000, 0.0000000000000000000 ) ) ;
#8895 = CARTESIAN_POINT ( 'NONE',  ( 2.123884878771047813, 3.800000000000001155, 0.04330725146975167306 ) ) ;
#8896 = ADVANCED_FACE ( 'NONE', ( #3894 ), #5216, .T. ) ;
#8897 = CARTESIAN_POINT ( 'NONE',  ( 1.877079247993659994, 3.800000000000000711, -0.04804218787586597705 ) ) ;
#8898 = CARTESIAN_POINT ( 'NONE',  ( 2.184747354028515165, 3.800000000000000266, -0.4514595827786480609 ) ) ;
#8899 = LINE ( 'NONE', #6581, #8329 ) ;
#8900 = FACE_OUTER_BOUND ( 'NONE', #3246, .T. ) ;
#8901 = ORIENTED_EDGE ( 'NONE', *, *, #2603, .F. ) ;
#8902 = CARTESIAN_POINT ( 'NONE',  ( 3.602848141103375479, 3.800000000000000266, -0.1561627622483771904 ) ) ;
#8903 = CARTESIAN_POINT ( 'NONE',  ( -1.033405138582506710, 3.800000000000000266, 0.1583565338867685968 ) ) ;
#8904 = CARTESIAN_POINT ( 'NONE',  ( 3.444561197889682624, 3.799999999999999378, -0.5719109760741298842 ) ) ;
#8905 = CARTESIAN_POINT ( 'NONE',  ( -3.223386751497349767, 3.790000000000000036, 0.2430945398687187897 ) ) ;
#8906 = ADVANCED_FACE ( 'NONE', ( #2262 ), #4543, .F. ) ;
#8907 = FILL_AREA_STYLE_COLOUR ( '', #530 ) ;
#8908 = CARTESIAN_POINT ( 'NONE',  ( 1.947288491257654242, 3.790000000000001368, -0.2921073294155335232 ) ) ;
#8909 = CARTESIAN_POINT ( 'NONE',  ( -1.063480402207255926, 3.790000000000000924, -0.4718352892529338316 ) ) ;
#8910 = CARTESIAN_POINT ( 'NONE',  ( 1.884179798656001603, 3.800000000000000266, -0.1665209052782623822 ) ) ;
#8911 = AXIS2_PLACEMENT_3D ( 'NONE', #1036, #4111, #442 ) ;
#8912 = ORIENTED_EDGE ( 'NONE', *, *, #6621, .T. ) ;
#8913 = ADVANCED_FACE ( 'NONE', ( #4475 ), #640, .T. ) ;
#8914 = UNCERTAINTY_MEASURE_WITH_UNIT (LENGTH_MEASURE( 1.000000000000000082E-05 ), #844, 'distance_accuracy_value', 'NONE');
#8915 = FILL_AREA_STYLE ('',( #9010 ) ) ;
#8916 = CARTESIAN_POINT ( 'NONE',  ( -0.9131303412409393916, 3.799999999999999822, 0.1406906937148726111 ) ) ;
#8917 = DIRECTION ( 'NONE',  ( -0.0000000000000000000, 1.000000000000000000, -0.0000000000000000000 ) ) ;
#8918 = VECTOR ( 'NONE', #3394, 1000.000000000000000 ) ;
#8919 = CARTESIAN_POINT ( 'NONE',  ( -0.4849252130358114310, 3.799999999999999822, 0.2430945398687187897 ) ) ;
#8920 = EDGE_CURVE ( 'NONE', #5218, #7423, #7622, .T. ) ;
#8921 = ORIENTED_EDGE ( 'NONE', *, *, #8115, .F. ) ;
#8922 = EDGE_LOOP ( 'NONE', ( #5683, #6147, #2042, #3358 ) ) ;
#8923 = LINE ( 'NONE', #6417, #1933 ) ;
#8924 = CARTESIAN_POINT ( 'NONE',  ( 3.647597586835708672, 3.800000000000000266, 0.06338508014531271662 ) ) ;
#8925 = CARTESIAN_POINT ( 'NONE',  ( 3.340865128273992291, 3.799999999999999822, -0.2736334993243292879 ) ) ;
#8926 =( LENGTH_UNIT ( ) NAMED_UNIT ( * ) SI_UNIT ( .MILLI., .METRE. ) );
#8927 = CARTESIAN_POINT ( 'NONE',  ( 2.099717473766434139, 3.799999999999999822, -0.1462200432618289969 ) ) ;
#8928 = UNCERTAINTY_MEASURE_WITH_UNIT (LENGTH_MEASURE( 1.000000000000000082E-05 ), #1100, 'distance_accuracy_value', 'NONE');
#8929 = CARTESIAN_POINT ( 'NONE',  ( -1.102704885490792597, 3.799999999999999822, -0.5566088628912957414 ) ) ;
#8930 = ORIENTED_EDGE ( 'NONE', *, *, #5235, .T. ) ;
#8931 = PRESENTATION_LAYER_ASSIGNMENT (  '', '', ( #7119 ) ) ;
#8932 = EDGE_CURVE ( 'NONE', #5274, #3419, #8394, .T. ) ;
#8933 = CARTESIAN_POINT ( 'NONE',  ( 2.571050391914381894, 3.790000000000000036, -0.1928172289829195585 ) ) ;
#8934 = CARTESIAN_POINT ( 'NONE',  ( 2.324011388815848012, 3.799999999999999378, -0.4939749220478088509 ) ) ;
#8935 = DIRECTION ( 'NONE',  ( -0.4188422247446084712, 0.0000000000000000000, -0.9080590238365492395 ) ) ;
#8936 = DIRECTION ( 'NONE',  ( -0.0000000000000000000, 1.000000000000000000, -0.0000000000000000000 ) ) ;
#8937 = LINE ( 'NONE', #2621, #7760 ) ;
#8938 =( NAMED_UNIT ( * ) PLANE_ANGLE_UNIT ( ) SI_UNIT ( $, .RADIAN. ) );
#8939 = CARTESIAN_POINT ( 'NONE',  ( -5.500000000000000000, 4.592425496802573972E-16, -1.250000000000000444 ) ) ;
#8940 = VECTOR ( 'NONE', #2972, 1000.000000000000000 ) ;
#8941 = CARTESIAN_POINT ( 'NONE',  ( 5.569999999999999396, -0.07000000000000000666, -1.250000000000000222 ) ) ;
#8942 = CARTESIAN_POINT ( 'NONE',  ( 1.873891755249084135, 3.790000000000002256, -0.2874214496715565836 ) ) ;
#8943 = LINE ( 'NONE', #4868, #3699 ) ;
#8944 = CARTESIAN_POINT ( 'NONE',  ( 1.956100427989829971, 3.790000000000000036, -0.1565849473107684686 ) ) ;
#8945 = CARTESIAN_POINT ( 'NONE',  ( 1.708940878092556126, 3.790000000000000036, 0.1804612112185774719 ) ) ;
#8946 = EDGE_LOOP ( 'NONE', ( #8767, #7450, #3337, #8012 ) ) ;
#8947 = MECHANICAL_DESIGN_GEOMETRIC_PRESENTATION_REPRESENTATION (  '', ( #8586 ), #4445 ) ;
#8948 = CARTESIAN_POINT ( 'NONE',  ( -1.063480402207255926, 3.800000000000000711, -0.4718352892529338316 ) ) ;
#8949 = ORIENTED_EDGE ( 'NONE', *, *, #3865, .T. ) ;
#8950 = EDGE_CURVE ( 'NONE', #2344, #5976, #5621, .T. ) ;
#8951 = ORIENTED_EDGE ( 'NONE', *, *, #1809, .F. ) ;
#8952 = SURFACE_STYLE_FILL_AREA ( #6011 ) ;
#8953 = ORIENTED_EDGE ( 'NONE', *, *, #2499, .T. ) ;
#8954 = CARTESIAN_POINT ( 'NONE',  ( -0.03364316175375998974, 3.790000000000000036, 0.2430945398687187897 ) ) ;
#8955 = VERTEX_POINT ( 'NONE', #5372 ) ;
#8956 = DIRECTION ( 'NONE',  ( 1.000000000000000000, 0.0000000000000000000, 8.673617379884036705E-17 ) ) ;
#8957 = ORIENTED_EDGE ( 'NONE', *, *, #1925, .F. ) ;
#8959 = PLANE ( 'NONE',  #2961 ) ;
#8958 = SURFACE_SIDE_STYLE ('',( #1584 ) ) ;
#8960 = CARTESIAN_POINT ( 'NONE',  ( 3.645042735682137991, 3.790000000000000036, -0.3928028960287172078 ) ) ;
#8961 = ADVANCED_FACE ( 'NONE', ( #9614 ), #5053, .T. ) ;
#8962 = MECHANICAL_DESIGN_GEOMETRIC_PRESENTATION_REPRESENTATION (  '', ( #9150 ), #4761 ) ;
#8963 = FACE_OUTER_BOUND ( 'NONE', #5005, .T. ) ;
#8964 = VECTOR ( 'NONE', #8564, 1000.000000000000000 ) ;
#8965 = ORIENTED_EDGE ( 'NONE', *, *, #3799, .F. ) ;
#8966 = CARTESIAN_POINT ( 'NONE',  ( 2.469401710041112086, 3.790000000000000036, 0.04421633474051362561 ) ) ;
#8967 = LINE ( 'NONE', #2880, #1478 ) ;
#8968 = AXIS2_PLACEMENT_3D ( 'NONE', #5818, #4235, #8744 ) ;
#8969 = CARTESIAN_POINT ( 'NONE',  ( 2.091478980530145027, 3.799999999999999822, 0.1474952883693587680 ) ) ;
#8970 = COLOUR_RGB ( '',1.000000000000000000, 1.000000000000000000, 1.000000000000000000 ) ;
#8971 = CARTESIAN_POINT ( 'NONE',  ( -5.500000000000000000, 1.899999999999999911, 0.3499999999999995337 ) ) ;
#8972 = PLANE ( 'NONE',  #292 ) ;
#8973 = DIRECTION ( 'NONE',  ( 1.000000000000000000, -0.0000000000000000000, -0.0000000000000000000 ) ) ;
#8974 = FACE_OUTER_BOUND ( 'NONE', #1800, .T. ) ;
#8975 = CARTESIAN_POINT ( 'NONE',  ( -0.7414095166604942611, 3.800000000000000266, 0.1265685369533988969 ) ) ;
#8976 = CARTESIAN_POINT ( 'NONE',  ( -2.464412392522991269, 3.790000000000000036, 0.2430945398687187897 ) ) ;
#8977 = CARTESIAN_POINT ( 'NONE',  ( 1.043279915169317285, 3.799999999999999822, -0.4748541780799992451 ) ) ;
#8978 = COLOUR_RGB ( '',1.000000000000000000, 1.000000000000000000, 1.000000000000000000 ) ;
#8979 = CLOSED_SHELL ( 'NONE', ( #3743, #9635, #3078, #2823, #8748, #9730, #1389, #7441, #2676, #2393 ) ) ;
#8980 = EDGE_CURVE ( 'NONE', #7424, #6814, #220, .T. ) ;
#8981 =( NAMED_UNIT ( * ) PLANE_ANGLE_UNIT ( ) SI_UNIT ( $, .RADIAN. ) );
#8982 = SURFACE_STYLE_USAGE ( .BOTH. , #8276 ) ;
#8983 = MECHANICAL_DESIGN_GEOMETRIC_PRESENTATION_REPRESENTATION (  '', ( #8481 ), #1259 ) ;
#8984 = CARTESIAN_POINT ( 'NONE',  ( 3.682776701402694641, 3.800000000000000711, -0.4774453781389554896 ) ) ;
#8985 = SURFACE_STYLE_FILL_AREA ( #9015 ) ;
#8986 = SURFACE_STYLE_FILL_AREA ( #4435 ) ;
#8987 = PRESENTATION_LAYER_ASSIGNMENT (  '', '', ( #2495 ) ) ;
#8988 = B_SPLINE_SURFACE_WITH_KNOTS ( 'NONE', 3, 1, ( 
 ( #3625, #3759 ),
 ( #1477, #561 ),
 ( #8124, #4387 ),
 ( #2933, #8163 ),
 ( #2908, #9685 ),
 ( #5812, #8897 ),
 ( #4326, #2868 ),
 ( #9647, #2183 ),
 ( #9587, #6606 ),
 ( #2150, #3687 ),
 ( #8836, #2996 ) ),
 .UNSPECIFIED., .F., .F., .F.,
 ( 4, 1, 1, 1, 1, 1, 1, 1, 4 ),
 ( 2, 2 ),
 ( 0.0000000000000000000, 0.1105883385953369685, 0.2245417540535956658, 0.3425034940501041070, 0.4643240984173578334, 0.5907560327017667978, 0.7222274753555144589, 0.8588428362087243695, 0.9999999999999998890 ),
 ( 0.0000000000000000000, 1.000000000000000000 ),
 .UNSPECIFIED. ) ;
#8989 = EDGE_CURVE ( 'NONE', #4123, #7669, #2033, .T. ) ;
#8990 = CARTESIAN_POINT ( 'NONE',  ( 1.753738560670954572, 3.789999999999999591, -0.5664070883482975605 ) ) ;
#8991 = DIRECTION ( 'NONE',  ( -0.9912954083909877312, 0.0000000000000000000, 0.1316564214269280719 ) ) ;
#8992 = CARTESIAN_POINT ( 'NONE',  ( 3.316925927135973229, 3.799999999999998046, -0.3121850026264190170 ) ) ;
#8993 = CARTESIAN_POINT ( 'NONE',  ( 1.464535164229295194, 3.790000000000000036, -0.4422207073430278190 ) ) ;
#8994 = STYLED_ITEM ( 'NONE', ( #8510 ), #639 ) ;
#8995 = VECTOR ( 'NONE', #8057, 1000.000000000000000 ) ;
#8996 = CARTESIAN_POINT ( 'NONE',  ( 2.499690171579573850, 3.799999999999999822, -0.1569054601312812325 ) ) ;
#8997 = CARTESIAN_POINT ( 'NONE',  ( 2.410047449894161975, 3.800000000000000711, -0.4512438781424363277 ) ) ;
#8998 = CARTESIAN_POINT ( 'NONE',  ( 3.322326208225849342, 3.800000000000000266, 0.05875174727054856272 ) ) ;
#8999 = DIRECTION ( 'NONE',  ( -0.0000000000000000000, 1.000000000000000000, -0.0000000000000000000 ) ) ;
#9000 = ADVANCED_FACE ( 'NONE', ( #2851 ), #5142, .T. ) ;
#9001 = CARTESIAN_POINT ( 'NONE',  ( 2.027895299784701511, 3.790000000000000036, -0.1565849473107684686 ) ) ;
#9002 = CARTESIAN_POINT ( 'NONE',  ( -0.7743657107995683964, 3.789999999999999147, 0.1603500661947875883 ) ) ;
#9003 = CARTESIAN_POINT ( 'NONE',  ( 3.334377380940880098, 3.790000000000000480, 0.07892490930688116080 ) ) ;
#9004 = ORIENTED_EDGE ( 'NONE', *, *, #8072, .T. ) ;
#9005 = CARTESIAN_POINT ( 'NONE',  ( 1.508661315248178481, 3.799999999999999378, -0.3574397987871505977 ) ) ;
#9006 = CARTESIAN_POINT ( 'NONE',  ( 2.333084817102866193, 3.790000000000000480, -0.5749538535322046284 ) ) ;
#9007 = CARTESIAN_POINT ( 'NONE',  ( 1.882993449980191025, 3.789999999999999591, -0.2128777842365947859 ) ) ;
#9008 = ADVANCED_FACE ( 'NONE', ( #9500 ), #5620, .T. ) ;
#9009 = CARTESIAN_POINT ( 'NONE',  ( 2.099770461950070555, 3.789999999999999591, -0.1254817473077357026 ) ) ;
#9010 = FILL_AREA_STYLE_COLOUR ( '', #8108 ) ;
#9011 = CARTESIAN_POINT ( 'NONE',  ( 1.431271487503432249, 3.800000000000000266, 0.03951974538138159493 ) ) ;
#9012 = ORIENTED_EDGE ( 'NONE', *, *, #1599, .F. ) ;
#9013 = FACE_OUTER_BOUND ( 'NONE', #6259, .T. ) ;
#9014 = VERTEX_POINT ( 'NONE', #1595 ) ;
#9015 = FILL_AREA_STYLE ('',( #818 ) ) ;
#9016 = STYLED_ITEM ( 'NONE', ( #61 ), #4400 ) ;
#9017 = PRESENTATION_STYLE_ASSIGNMENT (( #7459 ) ) ;
#9018 = CARTESIAN_POINT ( 'NONE',  ( 1.698993830233469504, 3.790000000000001368, -0.5770850403972571652 ) ) ;
#9019 = ORIENTED_EDGE ( 'NONE', *, *, #9617, .F. ) ;
#9020 = CARTESIAN_POINT ( 'NONE',  ( -1.305438033548631749, 3.790000000000000036, 0.2430945398687187897 ) ) ;
#9021 = CARTESIAN_POINT ( 'NONE',  ( 3.450982042714459297, 3.800000000000000266, -0.1775678797339264037 ) ) ;
#9022 = DIRECTION ( 'NONE',  ( -0.0000000000000000000, 1.000000000000000000, -0.0000000000000000000 ) ) ;
#9023 = CARTESIAN_POINT ( 'NONE',  ( 2.469401710041112086, 3.799999999999999822, 0.04421633474051362561 ) ) ;
#9024 = COLOUR_RGB ( '',1.000000000000000000, 1.000000000000000000, 1.000000000000000000 ) ;
#9025 = PRESENTATION_LAYER_ASSIGNMENT (  '', '', ( #2654 ) ) ;
#9026 = CARTESIAN_POINT ( 'NONE',  ( -5.500000000000000000, 1.899999999999999911, 0.3499999999999995337 ) ) ;
#9027 = CARTESIAN_POINT ( 'NONE',  ( 2.544427912229963340, 3.800000000000000266, 0.05984903665336747253 ) ) ;
#9028 = CARTESIAN_POINT ( 'NONE',  ( 2.297767094656497644, 3.790000000000000480, -0.4953669985928199071 ) ) ;
#9029 = ORIENTED_EDGE ( 'NONE', *, *, #1870, .T. ) ;
#9030 = CARTESIAN_POINT ( 'NONE',  ( 3.079978633118034992, 3.790000000000000036, -0.5774182806441018334 ) ) ;
#9031 = SURFACE_SIDE_STYLE ('',( #9460 ) ) ;
#9032 = CARTESIAN_POINT ( 'NONE',  ( 3.491677351066753143, 3.790000000000000036, 0.1815560783302572478 ) ) ;
#9033 = CARTESIAN_POINT ( 'NONE',  ( -2.843899572010170740, 3.790000000000000036, -0.5569054601312812824 ) ) ;
#9034 = ORIENTED_EDGE ( 'NONE', *, *, #8932, .F. ) ;
#9035 = CARTESIAN_POINT ( 'NONE',  ( 1.880565204382019795, 3.800000000000002487, -0.2390418438729723649 ) ) ;
#9036 =( GEOMETRIC_REPRESENTATION_CONTEXT ( 3 ) GLOBAL_UNCERTAINTY_ASSIGNED_CONTEXT ( ( #1688 ) ) GLOBAL_UNIT_ASSIGNED_CONTEXT ( ( #539, #6685, #8808 ) ) REPRESENTATION_CONTEXT ( 'NONE', 'WORKASPACE' ) );
#9037 = PRESENTATION_LAYER_ASSIGNMENT (  '', '', ( #5832 ) ) ;
#9038 = ADVANCED_FACE ( 'NONE', ( #5277, #1795 ), #5718, .T. ) ;
#9039 = ORIENTED_EDGE ( 'NONE', *, *, #8072, .F. ) ;
#9040 = CARTESIAN_POINT ( 'NONE',  ( 2.099770461950070555, 3.799999999999999378, -0.1254817473077357026 ) ) ;
#9041 = EDGE_LOOP ( 'NONE', ( #8062, #493, #7161, #2753 ) ) ;
#9042 = CARTESIAN_POINT ( 'NONE',  ( 1.920395343905964225, 3.800000000000000711, 0.08321699359278572627 ) ) ;
#9043 = CARTESIAN_POINT ( 'NONE',  ( 1.412510684400086536, 3.799999999999999822, -0.1565849473107684686 ) ) ;
#9044 = CARTESIAN_POINT ( 'NONE',  ( 1.522513170301027063, 3.789999999999999591, -0.3895421529915992775 ) ) ;
#9045 = EDGE_CURVE ( 'NONE', #4976, #5154, #2372, .T. ) ;
#9046 =( NAMED_UNIT ( * ) SI_UNIT ( $, .STERADIAN. ) SOLID_ANGLE_UNIT ( ) );
#9047 = AXIS2_PLACEMENT_3D ( 'NONE', #7732, #1008, #7051 ) ;
#9048 = CARTESIAN_POINT ( 'NONE',  ( 3.617183021405535825, 3.799999999999999822, -0.5404194624732847618 ) ) ;
#9049 = LINE ( 'NONE', #8612, #4830 ) ;
#9050 = ORIENTED_EDGE ( 'NONE', *, *, #1362, .T. ) ;
#9051 = DIRECTION ( 'NONE',  ( -0.0000000000000000000, 0.0000000000000000000, 1.000000000000000000 ) ) ;
#9053 = AXIS2_PLACEMENT_3D ( 'NONE', #5787, #598, #3604 ) ;
#9052 = CARTESIAN_POINT ( 'NONE',  ( 1.788384073347401015, 3.790000000000001368, 0.2383671981594531197 ) ) ;
#9054 = PRESENTATION_STYLE_ASSIGNMENT (( #1877 ) ) ;
#9055 = CARTESIAN_POINT ( 'NONE',  ( 1.735974414681587863, 3.800000000000001599, -0.5714175968243345727 ) ) ;
#9056 = CARTESIAN_POINT ( 'NONE',  ( 1.515309209232216681, 3.790000000000000924, -0.3740378411686507421 ) ) ;
#9057 = VECTOR ( 'NONE', #4009, 1000.000000000000000 ) ;
#9058 = CARTESIAN_POINT ( 'NONE',  ( 3.474611991244373144, 3.799999999999999822, -0.2518294905408348106 ) ) ;
#9059 = ORIENTED_EDGE ( 'NONE', *, *, #710, .T. ) ;
#9060 = CARTESIAN_POINT ( 'NONE',  ( -0.8119052085353823944, 3.790000000000000036, -0.4894966542148598831 ) ) ;
#9061 = FILL_AREA_STYLE_COLOUR ( '', #1831 ) ;
#9062 = CARTESIAN_POINT ( 'NONE',  ( 3.094561966451368384, 3.799999999999999822, 0.05847915525333415021 ) ) ;
#9063 = CARTESIAN_POINT ( 'NONE',  ( -1.141816238676836903, 3.799999999999999822, 0.1610432578174366969 ) ) ;
#9064 = CARTESIAN_POINT ( 'NONE',  ( -0.6519986867291961419, 3.800000000000000266, -0.08871720958959508629 ) ) ;
#9065 = SURFACE_SIDE_STYLE ('',( #7906 ) ) ;
#9066 = CARTESIAN_POINT ( 'NONE',  ( 1.655821954085157532, 3.799999999999998490, -0.4939731607068254537 ) ) ;
#9067 = VECTOR ( 'NONE', #8322, 1000.000000000000227 ) ;
#9068 = SURFACE_SIDE_STYLE ('',( #2553 ) ) ;
#9069 = B_SPLINE_SURFACE_WITH_KNOTS ( 'NONE', 3, 1, ( 
 ( #5056, #8706 ),
 ( #4258, #5712 ),
 ( #4224, #2725 ),
 ( #3532, #433 ),
 ( #1190, #5771 ),
 ( #6479, #7924 ),
 ( #525, #2083 ),
 ( #2829, #2027 ),
 ( #9427, #8735 ),
 ( #457, #8791 ),
 ( #7234, #9467 ),
 ( #2757, #1231 ),
 ( #6510, #7985 ),
 ( #7954, #1325 ),
 ( #3500, #9493 ),
 ( #3467, #5684 ),
 ( #4966, #2696 ),
 ( #5000, #484 ),
 ( #5744, #6574 ) ),
 .UNSPECIFIED., .F., .F., .F.,
 ( 4, 1, 1, 1, 1, 1, 1, 1, 1, 1, 1, 1, 1, 1, 1, 1, 4 ),
 ( 2, 2 ),
 ( 0.0000000000000000000, 0.05720826943350780514, 0.1136960596574915217, 0.1691779164171960670, 0.2241592165805416370, 0.2787198783810432290, 0.3337942174469878398, 0.3892414593400015943, 0.4458220733936208435, 0.5037042811090206573, 0.5642938918193636244, 0.6279754158952230991, 0.6950382596840505300, 0.7653727258510126807, 0.8396114430907349879, 0.9175377500777890383, 0.9999999999999998890 ),
 ( 0.0000000000000000000, 1.000000000000000000 ),
 .UNSPECIFIED. ) ;
#9070 = VECTOR ( 'NONE', #2034, 1000.000000000000000 ) ;
#9071 = ORIENTED_EDGE ( 'NONE', *, *, #9710, .T. ) ;
#9072 = VERTEX_POINT ( 'NONE', #3448 ) ;
#9073 =( LENGTH_UNIT ( ) NAMED_UNIT ( * ) SI_UNIT ( .MILLI., .METRE. ) );
#9074 = LINE ( 'NONE', #3474, #2550 ) ;
#9075 = CARTESIAN_POINT ( 'NONE',  ( 1.929043296845347477, 3.799999999999998934, 0.05984903665336745171 ) ) ;
#9076 =( NAMED_UNIT ( * ) SI_UNIT ( $, .STERADIAN. ) SOLID_ANGLE_UNIT ( ) );
#9077 = MECHANICAL_DESIGN_GEOMETRIC_PRESENTATION_REPRESENTATION (  '', ( #7070 ), #334 ) ;
#9078 = LINE ( 'NONE', #8307, #7088 ) ;
#9079 = CARTESIAN_POINT ( 'NONE',  ( 1.508661315248178481, 3.799999999999999822, -0.3574397987871505977 ) ) ;
#9080 = EDGE_CURVE ( 'NONE', #784, #3492, #2310, .T. ) ;
#9081 = CARTESIAN_POINT ( 'NONE',  ( 3.371574900890997206, 3.790000000000000924, -0.3897988950729489588 ) ) ;
#9082 = ORIENTED_EDGE ( 'NONE', *, *, #233, .T. ) ;
#9083 = CARTESIAN_POINT ( 'NONE',  ( 3.705405302302031689, 3.799999999999999822, -0.4482382794832075468 ) ) ;
#9084 = VERTEX_POINT ( 'NONE', #2006 ) ;
#9085 = VECTOR ( 'NONE', #865, 1000.000000000000000 ) ;
#9086 = EDGE_LOOP ( 'NONE', ( #463, #3868, #4975, #6727 ) ) ;
#9087 = CARTESIAN_POINT ( 'NONE',  ( 2.784305556194957898, 3.790000000000000036, -0.02357212679794789753 ) ) ;
#9088 = CARTESIAN_POINT ( 'NONE',  ( -0.7124361592673232879, 3.799999999999999822, 0.08671693696931787043 ) ) ;
#9089 = ORIENTED_EDGE ( 'NONE', *, *, #7428, .F. ) ;
#9090 = FILL_AREA_STYLE_COLOUR ( '', #6204 ) ;
#9091 =( NAMED_UNIT ( * ) SI_UNIT ( $, .STERADIAN. ) SOLID_ANGLE_UNIT ( ) );
#9092 = LINE ( 'NONE', #5191, #4181 ) ;
#9093 = LINE ( 'NONE', #4989, #5687 ) ;
#9094 = AXIS2_PLACEMENT_3D ( 'NONE', #6397, #2093, #6518 ) ;
#9095 = CARTESIAN_POINT ( 'NONE',  ( 3.720202992092394023, 3.790000000000000036, 0.04710095012512902773 ) ) ;
#9096 = CARTESIAN_POINT ( 'NONE',  ( 3.467013133269649661, 3.790000000000000924, 0.1803566575503348091 ) ) ;
#9097 = EDGE_LOOP ( 'NONE', ( #3741, #8889, #5333, #4352 ) ) ;
#9098 = LINE ( 'NONE', #125, #5808 ) ;
#9099 = CARTESIAN_POINT ( 'NONE',  ( -0.7519601843609269309, 3.799999999999998934, -0.2992678640046578242 ) ) ;
#9100 = CARTESIAN_POINT ( 'NONE',  ( -0.6683696653167962021, 3.790000000000000480, -0.007837783470107224926 ) ) ;
#9101 = CARTESIAN_POINT ( 'NONE',  ( 3.419877562827367434, 3.790000000000000036, -0.5639198948945883805 ) ) ;
#9102 = CARTESIAN_POINT ( 'NONE',  ( -1.177393161753760298, 3.790000000000000036, -0.4748541780799992451 ) ) ;
#9103 = CARTESIAN_POINT ( 'NONE',  ( 1.691124269638767608, 3.800000000000002043, -0.4949033076565250155 ) ) ;
#9104 = VERTEX_POINT ( 'NONE', #9373 ) ;
#9105 = ORIENTED_EDGE ( 'NONE', *, *, #2722, .T. ) ;
#9106 = EDGE_CURVE ( 'NONE', #784, #3992, #5030, .T. ) ;
#9107 = UNCERTAINTY_MEASURE_WITH_UNIT (LENGTH_MEASURE( 1.000000000000000082E-05 ), #8745, 'distance_accuracy_value', 'NONE');
#9108 =( NAMED_UNIT ( * ) SI_UNIT ( $, .STERADIAN. ) SOLID_ANGLE_UNIT ( ) );
#9109 = CARTESIAN_POINT ( 'NONE',  ( 1.788384073347401015, 3.800000000000001155, 0.2383671981594531197 ) ) ;
#9110 = LINE ( 'NONE', #580, #3164 ) ;
#9111 = CARTESIAN_POINT ( 'NONE',  ( 1.805269001318347666, 3.790000000000000924, 0.1280820660708407166 ) ) ;
#9112 = FACE_OUTER_BOUND ( 'NONE', #8946, .T. ) ;
#9113 = CARTESIAN_POINT ( 'NONE',  ( 1.584645889845636146, 3.790000000000000924, -0.4634226253938823481 ) ) ;
#9114 = ORIENTED_EDGE ( 'NONE', *, *, #5363, .F. ) ;
#9115 = B_SPLINE_CURVE_WITH_KNOTS ( 'NONE', 3,
 ( #1810, #6231, #8535, #4028, #3965, #5500, #5531, #941, #7767, #3316, #7808, #1040, #8567, #4090, #7665, #185, #6996, #6200, #1741, #8634, #446, #4853, #466, #4144, #345, #9411, #1142 ),
 .UNSPECIFIED., .F., .F.,
 ( 4, 1, 1, 1, 1, 1, 1, 1, 1, 1, 1, 1, 1, 1, 1, 1, 1, 1, 1, 1, 1, 1, 1, 1, 4 ),
 ( 0.0000000000000000000, 0.03378714634699096775, 0.06662165772429336219, 0.09928487809597195957, 0.1313611650426503019, 0.1635851875953435453, 0.1961039269870678003, 0.2289022543238163065, 0.2621580559050080139, 0.2959912222583164776, 0.3302178457248003407, 0.3650598258919539041, 0.4009507373401077213, 0.4376203820767374797, 0.4757075294370919916, 0.5153806916250481818, 0.5564135414931641321, 0.5997648298727310534, 0.6464241555840871678, 0.6964314445175667778, 0.7497815178015574400, 0.8065733069755323115, 0.8674355315653993204, 0.9318867532508740004, 1.000000000000000000 ),
 .UNSPECIFIED. ) ;
#9116 = ORIENTED_EDGE ( 'NONE', *, *, #3399, .T. ) ;
#9117 = VERTEX_POINT ( 'NONE', #410 ) ;
#9118 = COLOUR_RGB ( '',1.000000000000000000, 1.000000000000000000, 1.000000000000000000 ) ;
#9119 = AXIS2_PLACEMENT_3D ( 'NONE', #4463, #7525, #2321 ) ;
#9120 = EDGE_CURVE ( 'NONE', #4713, #2385, #325, .T. ) ;
#9121 = CARTESIAN_POINT ( 'NONE',  ( 1.717700201718249664, 3.789999999999998259, -0.5749538535322042954 ) ) ;
#9122 = CARTESIAN_POINT ( 'NONE',  ( -0.6494548431019259160, 3.799999999999999378, -0.1174351285856989197 ) ) ;
#9123 = CARTESIAN_POINT ( 'NONE',  ( 5.569999999999999396, 1.900000000000000355, -0.3500000000000004774 ) ) ;
#9124 = CARTESIAN_POINT ( 'NONE',  ( 1.850255438749479842, 3.799999999999999378, -0.5073601207094881049 ) ) ;
#9125 = EDGE_CURVE ( 'NONE', #720, #1284, #9605, .T. ) ;
#9126 = SURFACE_STYLE_USAGE ( .BOTH. , #6243 ) ;
#9127 = SURFACE_STYLE_USAGE ( .BOTH. , #5414 ) ;
#9128 = UNCERTAINTY_MEASURE_WITH_UNIT (LENGTH_MEASURE( 1.000000000000000082E-05 ), #3367, 'distance_accuracy_value', 'NONE');
#9129 = EDGE_CURVE ( 'NONE', #9564, #8665, #6202, .T. ) ;
#9130 = SHAPE_DEFINITION_REPRESENTATION ( #1280, #1448 ) ;
#9131 = CARTESIAN_POINT ( 'NONE',  ( -0.6490277771383753391, 3.790000000000000036, -0.1468093062851274222 ) ) ;
#9132 = CARTESIAN_POINT ( 'NONE',  ( 2.219971756585418898, 3.790000000000000924, -0.4759831676715790549 ) ) ;
#9133 = DIRECTION ( 'NONE',  ( 0.0000000000000000000, -1.000000000000000000, 0.0000000000000000000 ) ) ;
#9134 = CARTESIAN_POINT ( 'NONE',  ( 3.396321820637040467, 3.790000000000000036, -0.5533265405615452881 ) ) ;
#9135 = CARTESIAN_POINT ( 'NONE',  ( 1.863843979438678744, 3.800000000000001599, -0.3304827822602799947 ) ) ;
#9136 = VECTOR ( 'NONE', #6612, 1000.000000000000000 ) ;
#9137 = VECTOR ( 'NONE', #1227, 1000.000000000000000 ) ;
#9138 = ORIENTED_EDGE ( 'NONE', *, *, #5690, .F. ) ;
#9139 = EDGE_CURVE ( 'NONE', #6345, #4572, #3186, .T. ) ;
#9140 = SURFACE_STYLE_USAGE ( .BOTH. , #3887 ) ;
#9141 = CARTESIAN_POINT ( 'NONE',  ( 1.954157598910256199, 3.789999999999999591, -0.08564916785487805551 ) ) ;
#9142 = CARTESIAN_POINT ( 'NONE',  ( 1.840795021125879671, 3.799999999999999378, 0.07635858660544002363 ) ) ;
#9143 = B_SPLINE_CURVE_WITH_KNOTS ( 'NONE', 3,
 ( #5226, #712, #9155, #6925, #4669, #162, #3187, #7636, #8405, #7609, #72, #6864, #6203, #3218, #6960, #4699, #886, #5409, #1610, #9052, #3254, #917, #849, #1672, #6826, #7674, #944 ),
 .UNSPECIFIED., .F., .F.,
 ( 4, 1, 1, 1, 1, 1, 1, 1, 1, 1, 1, 1, 1, 1, 1, 1, 1, 1, 1, 1, 1, 1, 1, 1, 4 ),
 ( 0.0000000000000000000, 0.06506328961727918248, 0.1267731664665228963, 0.1855157632260790723, 0.2407646791677149622, 0.2929797960235980270, 0.3422503727797670536, 0.3889192861856599626, 0.4327756640583100278, 0.4746284326311173141, 0.5147746906379533360, 0.5536058934984421365, 0.5914264064311723912, 0.6280281199460665542, 0.6638036341103206173, 0.6989843361316641079, 0.7335914893067050357, 0.7676284691511391367, 0.8012083477865921122, 0.8342638397266226580, 0.8669806947287757026, 0.8997197415181596991, 0.9327019124985385101, 0.9661758834327492940, 1.000000000000000000 ),
 .UNSPECIFIED. ) ;
#9144 = VECTOR ( 'NONE', #4217, 1000.000000000000000 ) ;
#9145 = CARTESIAN_POINT ( 'NONE',  ( 1.655821954085157532, 3.799999999999998934, -0.4939731607068254537 ) ) ;
#9146 = CARTESIAN_POINT ( 'NONE',  ( 3.382592879063990310, 3.789999999999999591, -0.3433488462400128838 ) ) ;
#9147 = CARTESIAN_POINT ( 'NONE',  ( 3.647386093117567452, 3.790000000000001368, 0.02577802637170717101 ) ) ;
#9148 = VERTEX_POINT ( 'NONE', #9405 ) ;
#9149 = LINE ( 'NONE', #3576, #6455 ) ;
#9150 = STYLED_ITEM ( 'NONE', ( #2761 ), #5171 ) ;
#9151 = ORIENTED_EDGE ( 'NONE', *, *, #6974, .T. ) ;
#9152 = COLOUR_RGB ( '',1.000000000000000000, 1.000000000000000000, 1.000000000000000000 ) ;
#9153 = B_SPLINE_SURFACE_WITH_KNOTS ( 'NONE', 3, 1, ( 
 ( #7367, #7309 ),
 ( #9505, #3606 ),
 ( #541, #8883 ),
 ( #2847, #2065 ),
 ( #8070, #9625 ),
 ( #9532, #2882 ),
 ( #8812, #5790 ),
 ( #5073, #4337 ),
 ( #5824, #1345 ),
 ( #6590, #2134 ),
 ( #637, #8105 ),
 ( #8850, #4370 ),
 ( #601, #9597 ),
 ( #6620, #5861 ),
 ( #1379, #2920 ),
 ( #8137, #5140 ),
 ( #1410, #6655 ),
 ( #2258, #7532 ),
 ( #9696, #7400 ) ),
 .UNSPECIFIED., .F., .F., .F.,
 ( 4, 1, 1, 1, 1, 1, 1, 1, 1, 1, 1, 1, 1, 1, 1, 1, 4 ),
 ( 2, 2 ),
 ( 0.0000000000000000000, 0.07015117599727850595, 0.1378126061901917276, 0.2032262471813944815, 0.2671740552944739111, 0.3300240034081793894, 0.3917942717866855773, 0.4530843989971407582, 0.5143339076458776082, 0.5749999928182695230, 0.6348654826222127623, 0.6941163151896417860, 0.7534416217804383864, 0.8131258003036114790, 0.8740796856370746104, 0.9360070132744072735, 1.000000000000000000 ),
 ( 0.0000000000000000000, 1.000000000000000000 ),
 .UNSPECIFIED. ) ;
#9154 = CARTESIAN_POINT ( 'NONE',  ( 0.4911965818359836367, 3.790000000000000036, -0.09536699859281973224 ) ) ;
#9155 = CARTESIAN_POINT ( 'NONE',  ( 1.955661303314305099, 3.790000000000000924, -0.1205133907851156233 ) ) ;
#9156 = STYLED_ITEM ( 'NONE', ( #560 ), #7430 ) ;
#9157 = CARTESIAN_POINT ( 'NONE',  ( 3.641123665402751897, 3.800000000000001155, -0.3978517395538879176 ) ) ;
#9158 = VERTEX_POINT ( 'NONE', #1166 ) ;
#9159 = MECHANICAL_DESIGN_GEOMETRIC_PRESENTATION_REPRESENTATION (  '', ( #1511 ), #4034 ) ;
#9160 = CARTESIAN_POINT ( 'NONE',  ( 2.032427633821668689, 3.800000000000001599, -0.2646563308636123990 ) ) ;
#9161 = SURFACE_SIDE_STYLE ('',( #9535 ) ) ;
#9162 = CARTESIAN_POINT ( 'NONE',  ( 2.499318405410779320, 3.790000000000000480, -0.1853307715138228229 ) ) ;
#9163 = CARTESIAN_POINT ( 'NONE',  ( 3.305570913596949989, 3.789999999999998259, -0.4403946869792306762 ) ) ;
#9164 = CARTESIAN_POINT ( 'NONE',  ( 3.647386093117567452, 3.800000000000001155, 0.02577802637170717101 ) ) ;
#9165 = CARTESIAN_POINT ( 'NONE',  ( -1.063480402207255926, 3.800000000000000711, -0.4718352892529338316 ) ) ;
#9166 = PRESENTATION_LAYER_ASSIGNMENT (  '', '', ( #427 ) ) ;
#9167 = CARTESIAN_POINT ( 'NONE',  ( 1.475407117240397747, 3.800000000000000266, -0.4605388633064053661 ) ) ;
#9168 = CARTESIAN_POINT ( 'NONE',  ( 1.947490485884540545, 3.799999999999999378, -0.02169293796749991940 ) ) ;
#9169 = CARTESIAN_POINT ( 'NONE',  ( 1.548372239900811964, 3.799999999999999378, 0.1155454211852845053 ) ) ;
#9170 = LINE ( 'NONE', #595, #469 ) ;
#9171 = FACE_OUTER_BOUND ( 'NONE', #3895, .T. ) ;
#9172 =( GEOMETRIC_REPRESENTATION_CONTEXT ( 3 ) GLOBAL_UNCERTAINTY_ASSIGNED_CONTEXT ( ( #3401 ) ) GLOBAL_UNIT_ASSIGNED_CONTEXT ( ( #6720, #8981, #2948 ) ) REPRESENTATION_CONTEXT ( 'NONE', 'WORKASPACE' ) );
#9173 = FILL_AREA_STYLE ('',( #1084 ) ) ;
#9174 = PLANE ( 'NONE',  #2856 ) ;
#9175 = EDGE_CURVE ( 'NONE', #6499, #3274, #9379, .T. ) ;
#9176 = PLANE ( 'NONE',  #1667 ) ;
#9177 = B_SPLINE_CURVE_WITH_KNOTS ( 'NONE', 3,
 ( #3497, #2754, #7102, #7982, #1924, #9464, #6476, #2025, #7231, #3529, #8763, #7261, #1319, #2795, #7289, #3551, #8118, #4348, #4285, #5120, #6570, #2114, #7317, #9514, #5740, #2861, #5838 ),
 .UNSPECIFIED., .F., .F.,
 ( 4, 1, 1, 1, 1, 1, 1, 1, 1, 1, 1, 1, 1, 1, 1, 1, 1, 1, 1, 1, 1, 1, 1, 1, 4 ),
 ( 0.0000000000000000000, 0.04608068338724802954, 0.09080679960761635361, 0.1342952705290697546, 0.1770243856662443993, 0.2188227336826558678, 0.2602441163273735980, 0.3010798671134451432, 0.3416138942851573157, 0.3815834185517463784, 0.4201195913296169593, 0.4580746185423139050, 0.4947384876076567628, 0.5311946228937139969, 0.5669336984503784427, 0.6027126507379956255, 0.6383266061284350590, 0.6748532488548245611, 0.7134673707840597512, 0.7544418038483806654, 0.7978153607124994773, 0.8439894562081109441, 0.8930715698796480861, 0.9449633461781440369, 1.000000000000000000 ),
 .UNSPECIFIED. ) ;
#9178 = CARTESIAN_POINT ( 'NONE',  ( 1.431271487503432249, 3.790000000000000480, 0.03951974538138159493 ) ) ;
#9179 = LINE ( 'NONE', #1580, #5189 ) ;
#9180 = LINE ( 'NONE', #5135, #5426 ) ;
#9182 = MECHANICAL_DESIGN_GEOMETRIC_PRESENTATION_REPRESENTATION (  '', ( #7675 ), #6805 ) ;
#9181 = CARTESIAN_POINT ( 'NONE',  ( -0.6683696653167962021, 3.800000000000000266, -0.007837783470107224926 ) ) ;
#9183 = VERTEX_POINT ( 'NONE', #5693 ) ;
#9184 = CARTESIAN_POINT ( 'NONE',  ( 2.473075503400668396, 3.799999999999999378, -0.3501078295086469949 ) ) ;
#9185 = CARTESIAN_POINT ( 'NONE',  ( 1.590384535574846270, 3.790000000000000924, 0.2467327106665011816 ) ) ;
#9186 = VECTOR ( 'NONE', #4493, 1000.000000000000000 ) ;
#9187 = FACE_OUTER_BOUND ( 'NONE', #3838, .T. ) ;
#9188 = ORIENTED_EDGE ( 'NONE', *, *, #1685, .F. ) ;
#9189 = CARTESIAN_POINT ( 'NONE',  ( 2.028115916506145755, 3.800000000000000266, -0.1943146323351606364 ) ) ;
#9190 = FACE_OUTER_BOUND ( 'NONE', #883, .T. ) ;
#9191 =( NAMED_UNIT ( * ) PLANE_ANGLE_UNIT ( ) SI_UNIT ( $, .RADIAN. ) );
#9192 = ORIENTED_EDGE ( 'NONE', *, *, #8421, .T. ) ;
#9193 = CARTESIAN_POINT ( 'NONE',  ( 2.118200721941086329, 3.789999999999999147, -0.3392498686304547539 ) ) ;
#9194 = EDGE_CURVE ( 'NONE', #8675, #7548, #1150, .T. ) ;
#9195 = CARTESIAN_POINT ( 'NONE',  ( 2.351465899659617609, 3.800000000000002043, 0.2574684982540237366 ) ) ;
#9196 = CARTESIAN_POINT ( 'NONE',  ( 2.499564414040617244, 3.790000000000000036, -0.1665209052782624100 ) ) ;
#9197 = CARTESIAN_POINT ( 'NONE',  ( 3.590759957264912483, 3.790000000000000036, -0.4541929303493904002 ) ) ;
#9198 = VECTOR ( 'NONE', #4331, 1000.000000000000000 ) ;
#9199 = CARTESIAN_POINT ( 'NONE',  ( 3.373526001086312842, 3.799999999999998934, 0.2329508867667602345 ) ) ;
#9200 = EDGE_LOOP ( 'NONE', ( #3307, #2911, #1010, #3802 ) ) ;
#9201 =( NAMED_UNIT ( * ) SI_UNIT ( $, .STERADIAN. ) SOLID_ANGLE_UNIT ( ) );
#9202 = ORIENTED_EDGE ( 'NONE', *, *, #8733, .F. ) ;
#9203 = CARTESIAN_POINT ( 'NONE',  ( 2.219971756585418898, 3.800000000000000711, -0.4759831676715790549 ) ) ;
#9204 = FACE_OUTER_BOUND ( 'NONE', #4869, .T. ) ;
#9205 = CARTESIAN_POINT ( 'NONE',  ( 1.417043018437051494, 3.799999999999999378, -0.2646563308636123990 ) ) ;
#9206 = CARTESIAN_POINT ( 'NONE',  ( 2.189289999723850411, 3.789999999999999147, 0.2389261544143909677 ) ) ;
#9207 = FILL_AREA_STYLE_COLOUR ( '', #4227 ) ;
#9208 = STYLED_ITEM ( 'NONE', ( #1980 ), #3733 ) ;
#9209 = B_SPLINE_CURVE_WITH_KNOTS ( 'NONE', 3,
 ( #2670, #2699, #5774, #3558, #8654, #4910, #5649, #1161, #5748, #6421, #6449, #7202, #7958, #3504, #6514, #7238, #8737, #3624, #6641 ),
 .UNSPECIFIED., .F., .F.,
 ( 4, 1, 1, 1, 1, 1, 1, 1, 1, 1, 1, 1, 1, 1, 1, 1, 4 ),
 ( 0.0000000000000000000, 0.06241450026327794581, 0.1233382314733144219, 0.1831245376921933343, 0.2417829946389430384, 0.3005788825509772555, 0.3596800748966257344, 0.4188816408500468103, 0.4795306644577834732, 0.5408505357600389418, 0.6023033958983800007, 0.6644632119464731757, 0.7278057226670119340, 0.7928948147812350244, 0.8596723283028316898, 0.9284644007334890148, 1.000000000000000000 ),
 .UNSPECIFIED. ) ;
#9210 = CARTESIAN_POINT ( 'NONE',  ( 3.720052789092632484, 3.800000000000000266, 0.05427314786126399837 ) ) ;
#9211 = EDGE_CURVE ( 'NONE', #1371, #5903, #6335, .T. ) ;
#9212 = ORIENTED_EDGE ( 'NONE', *, *, #6472, .T. ) ;
#9213 = CARTESIAN_POINT ( 'NONE',  ( 1.607460310451117147, 3.800000000000001155, 0.2527246732528872775 ) ) ;
#9214 = ORIENTED_EDGE ( 'NONE', *, *, #7858, .F. ) ;
#9215 = UNCERTAINTY_MEASURE_WITH_UNIT (LENGTH_MEASURE( 1.000000000000000082E-05 ), #7852, 'distance_accuracy_value', 'NONE');
#9216 = ORIENTED_EDGE ( 'NONE', *, *, #9175, .F. ) ;
#9217 = CARTESIAN_POINT ( 'NONE',  ( 4.999999999999996447, 0.0000000000000000000, -4.500000000000001776 ) ) ;
#9218 = MECHANICAL_DESIGN_GEOMETRIC_PRESENTATION_REPRESENTATION (  '', ( #5141 ), #2041 ) ;
#9219 = CARTESIAN_POINT ( 'NONE',  ( 3.560344344892248269, 3.790000000000000036, -0.4770909674268088430 ) ) ;
#9220 = DIRECTION ( 'NONE',  ( -0.4283511191562794362, 0.0000000000000000000, 0.9036123719369731910 ) ) ;
#9221 = LINE ( 'NONE', #8282, #7236 ) ;
#9222 = CARTESIAN_POINT ( 'NONE',  ( 3.467074540218500811, 3.799999999999999822, -0.1661056940779699342 ) ) ;
#9223 =( NAMED_UNIT ( * ) SI_UNIT ( $, .STERADIAN. ) SOLID_ANGLE_UNIT ( ) );
#9224 = ORIENTED_EDGE ( 'NONE', *, *, #4573, .F. ) ;
#9225 = CARTESIAN_POINT ( 'NONE',  ( 1.484385846565454692, 3.799999999999999822, -0.1254817473077356749 ) ) ;
#9226 = ORIENTED_EDGE ( 'NONE', *, *, #9120, .T. ) ;
#9227 = SURFACE_STYLE_USAGE ( .BOTH. , #9161 ) ;
#9228 = EDGE_LOOP ( 'NONE', ( #4089, #7, #2090, #3980 ) ) ;
#9229 =( NAMED_UNIT ( * ) SI_UNIT ( $, .STERADIAN. ) SOLID_ANGLE_UNIT ( ) );
#9230 = ADVANCED_FACE ( 'NONE', ( #8783 ), #2126, .T. ) ;
#9231 = CARTESIAN_POINT ( 'NONE',  ( 2.369323811914463729, 3.789999999999999147, 0.2524855378229049485 ) ) ;
#9232 = UNCERTAINTY_MEASURE_WITH_UNIT (LENGTH_MEASURE( 1.000000000000000082E-05 ), #4562, 'distance_accuracy_value', 'NONE');
#9233 = CARTESIAN_POINT ( 'NONE',  ( 3.313450432146549218, 3.800000000000000266, -0.4637515823432455941 ) ) ;
#9234 = CARTESIAN_POINT ( 'NONE',  ( 3.533068408557002549, 3.799999999999999378, 0.1772521092274686183 ) ) ;
#9235 = VECTOR ( 'NONE', #8563, 1000.000000000000000 ) ;
#9236 = EDGE_CURVE ( 'NONE', #6533, #4032, #6729, .T. ) ;
#9237 = CARTESIAN_POINT ( 'NONE',  ( 1.431212353219952549, 3.790000000000000924, -0.3532825223361693023 ) ) ;
#9238 = CARTESIAN_POINT ( 'NONE',  ( 2.036256762818804411, 3.800000000000000266, -0.01744779821163040118 ) ) ;
#9239 = SURFACE_SIDE_STYLE ('',( #5270 ) ) ;
#9240 = CARTESIAN_POINT ( 'NONE',  ( 2.469401710041112086, 3.799999999999999822, 0.04421633474051362561 ) ) ;
#9241 = SURFACE_SIDE_STYLE ('',( #9558 ) ) ;
#9242 = CARTESIAN_POINT ( 'NONE',  ( -1.143899572010170340, 3.790000000000000036, -0.5569054601312812824 ) ) ;
#9243 =( NAMED_UNIT ( * ) SI_UNIT ( $, .STERADIAN. ) SOLID_ANGLE_UNIT ( ) );
#9244 = B_SPLINE_CURVE_WITH_KNOTS ( 'NONE', 3,
 ( #3312, #9377, #4087, #3425, #8490, #4820, #7078, #2617, #8631, #7833, #3385 ),
 .UNSPECIFIED., .F., .F.,
 ( 4, 1, 1, 1, 1, 1, 1, 1, 4 ),
 ( 0.0000000000000000000, 0.1105883385953369685, 0.2245417540535956658, 0.3425034940501041070, 0.4643240984173578334, 0.5907560327017667978, 0.7222274753555144589, 0.8588428362087243695, 0.9999999999999998890 ),
 .UNSPECIFIED. ) ;
#9245 = SURFACE_SIDE_STYLE ('',( #6480 ) ) ;
#9246 = ORIENTED_EDGE ( 'NONE', *, *, #4066, .T. ) ;
#9247 = PRESENTATION_STYLE_ASSIGNMENT (( #3404 ) ) ;
#9248 = EDGE_CURVE ( 'NONE', #1347, #5903, #4458, .T. ) ;
#9249 = CARTESIAN_POINT ( 'NONE',  ( 2.301727798699757965, 3.790000000000000480, 0.2635147117056074739 ) ) ;
#9250 = CARTESIAN_POINT ( 'NONE',  ( -0.8624954909431520322, 3.799999999999998490, -0.5175582320623165478 ) ) ;
#9251 = VERTEX_POINT ( 'NONE', #5850 ) ;
#9252 = SURFACE_SIDE_STYLE ('',( #5586 ) ) ;
#9253 = EDGE_CURVE ( 'NONE', #7913, #766, #8899, .T. ) ;
#9254 = DIRECTION ( 'NONE',  ( -0.1319106486351626084, 0.0000000000000000000, -0.9912616106642335723 ) ) ;
#9255 = LINE ( 'NONE', #6063, #6563 ) ;
#9256 = EDGE_CURVE ( 'NONE', #8790, #1334, #3884, .T. ) ;
#9257 = CARTESIAN_POINT ( 'NONE',  ( 2.240212449594434219, 3.800000000000000266, -0.5714473343366130997 ) ) ;
#9258 = DIRECTION ( 'NONE',  ( 0.5661055431932078275, 0.0000000000000000000, -0.8243327689506968481 ) ) ;
#9259 = FACE_BOUND ( 'NONE', #5519, .T. ) ;
#9260 =( NAMED_UNIT ( * ) PLANE_ANGLE_UNIT ( ) SI_UNIT ( $, .RADIAN. ) );
#9261 = ORIENTED_EDGE ( 'NONE', *, *, #9582, .F. ) ;
#9262 = SURFACE_STYLE_USAGE ( .BOTH. , #7010 ) ;
#9263 = CARTESIAN_POINT ( 'NONE',  ( -3.569999999999999396, 1.899999999999999911, 1.250000000000000000 ) ) ;
#9264 = DIRECTION ( 'NONE',  ( -0.0000000000000000000, 1.000000000000000000, -0.0000000000000000000 ) ) ;
#9265 = CARTESIAN_POINT ( 'NONE',  ( 3.644021569999964960, 3.789999999999999591, 0.08056646718051066469 ) ) ;
#9266 = PRESENTATION_LAYER_ASSIGNMENT (  '', '', ( #8586 ) ) ;
#9267 = B_SPLINE_SURFACE_WITH_KNOTS ( 'NONE', 3, 1, ( 
 ( #1737, #3082 ),
 ( #1598, #5400 ),
 ( #3864, #9145 ),
 ( #3116, #8336 ),
 ( #6913, #2465 ),
 ( #9113, #6067 ),
 ( #6952, #7663 ),
 ( #4571, #3836 ),
 ( #4663, #8364 ),
 ( #60, #939 ),
 ( #5314, #4632 ),
 ( #9044, #123 ),
 ( #151, #2400 ),
 ( #2366, #9079 ),
 ( #93, #3214 ),
 ( #1700, #8426 ),
 ( #3963, #7604 ),
 ( #5346, #5375 ),
 ( #6095, #1631 ),
 ( #3153, #6128 ),
 ( #1663, #182 ),
 ( #6885, #2431 ),
 ( #7633, #4691 ) ),
 .UNSPECIFIED., .F., .F., .F.,
 ( 4, 1, 1, 1, 1, 1, 1, 1, 1, 1, 1, 1, 1, 1, 1, 1, 1, 1, 1, 1, 4 ),
 ( 2, 2 ),
 ( 0.0000000000000000000, 0.06038661931106305281, 0.1208832485859955147, 0.1827546186251399751, 0.2478110297583504540, 0.2812991000432493172, 0.3150876241506577746, 0.3497023955502747694, 0.3848565811185559182, 0.4209661972261023455, 0.4585111882611392908, 0.4971747221273122852, 0.5376020478662693058, 0.5805030184200117294, 0.6274675400267047953, 0.6783882095592435046, 0.7339832205925606035, 0.7937467045508349583, 0.8577136721607321324, 0.9266978643613861255, 1.000000000000000000 ),
 ( 0.0000000000000000000, 1.000000000000000000 ),
 .UNSPECIFIED. ) ;
#9268 = EDGE_CURVE ( 'NONE', #2023, #4889, #2492, .T. ) ;
#9269 = ORIENTED_EDGE ( 'NONE', *, *, #1268, .F. ) ;
#9270 = CARTESIAN_POINT ( 'NONE',  ( 1.661227475496130035, 3.800000000000000266, -0.5771035300248318345 ) ) ;
#9271 = CARTESIAN_POINT ( 'NONE',  ( 2.173224243451696847, 3.799999999999999822, 0.2299355100815985709 ) ) ;
#9272 = CARTESIAN_POINT ( 'NONE',  ( 3.648408120297522483, 3.790000000000000036, 0.04597915525333414605 ) ) ;
#9273 = B_SPLINE_CURVE_WITH_KNOTS ( 'NONE', 3,
 ( #9442, #2705, #7934, #4917, #7803, #8689, #4849, #6332, #1102, #342, #9408 ),
 .UNSPECIFIED., .F., .F.,
 ( 4, 1, 1, 1, 1, 1, 1, 1, 4 ),
 ( 0.0000000000000000000, 0.1335067689985166006, 0.2625589787303701517, 0.3882644471488777560, 0.5126673546814276561, 0.6337222699657593106, 0.7553938601370945305, 0.8775529450912776808, 1.000000000000000000 ),
 .UNSPECIFIED. ) ;
#9274 = FILL_AREA_STYLE_COLOUR ( '', #7013 ) ;
#9275 = CARTESIAN_POINT ( 'NONE',  ( 3.694557363670644357, 3.790000000000000480, 0.1479163947727218931 ) ) ;
#9276 = DIRECTION ( 'NONE',  ( -0.0000000000000000000, 1.000000000000000000, -0.0000000000000000000 ) ) ;
#9277 = CARTESIAN_POINT ( 'NONE',  ( 3.569999999999999396, 0.0000000000000000000, 1.250000000000000000 ) ) ;
#9278 = CARTESIAN_POINT ( 'NONE',  ( 1.513176240096394842, 3.789999999999998259, 0.1949911916237324072 ) ) ;
#9279 = ORIENTED_EDGE ( 'NONE', *, *, #2805, .T. ) ;
#9280 = DIRECTION ( 'NONE',  ( 0.0000000000000000000, 0.0000000000000000000, 1.000000000000000000 ) ) ;
#9281 = CARTESIAN_POINT ( 'NONE',  ( -0.8900534181640165077, 3.799999999999999822, -0.5280593062851274277 ) ) ;
#9282 =( GEOMETRIC_REPRESENTATION_CONTEXT ( 3 ) GLOBAL_UNCERTAINTY_ASSIGNED_CONTEXT ( ( #1309 ) ) GLOBAL_UNIT_ASSIGNED_CONTEXT ( ( #6350, #8646, #8085 ) ) REPRESENTATION_CONTEXT ( 'NONE', 'WORKASPACE' ) );
#9283 = SURFACE_SIDE_STYLE ('',( #9322 ) ) ;
#9284 = ORIENTED_EDGE ( 'NONE', *, *, #8821, .T. ) ;
#9285 = VECTOR ( 'NONE', #5477, 1000.000000000000000 ) ;
#9286 =( NAMED_UNIT ( * ) SI_UNIT ( $, .STERADIAN. ) SOLID_ANGLE_UNIT ( ) );
#9287 = UNCERTAINTY_MEASURE_WITH_UNIT (LENGTH_MEASURE( 1.000000000000000082E-05 ), #197, 'distance_accuracy_value', 'NONE');
#9288 = COLOUR_RGB ( '',1.000000000000000000, 1.000000000000000000, 1.000000000000000000 ) ;
#9289 = CARTESIAN_POINT ( 'NONE',  ( 3.683223622587274093, 3.800000000000000711, -0.06950515566475941320 ) ) ;
#9290 = LINE ( 'NONE', #7276, #2291 ) ;
#9291 = VECTOR ( 'NONE', #5708, 1000.000000000000000 ) ;
#9292 = SURFACE_SIDE_STYLE ('',( #369 ) ) ;
#9293 =( NAMED_UNIT ( * ) PLANE_ANGLE_UNIT ( ) SI_UNIT ( $, .RADIAN. ) );
#9294 = EDGE_CURVE ( 'NONE', #5082, #100, #2708, .T. ) ;
#9295 = CARTESIAN_POINT ( 'NONE',  ( -0.9074931621922620595, 3.799999999999999822, -0.4445312058487608242 ) ) ;
#9296 = SURFACE_STYLE_USAGE ( .BOTH. , #2801 ) ;
#9297 = CARTESIAN_POINT ( 'NONE',  ( 3.475491453630855876, 3.799999999999999822, -0.1601105883364094817 ) ) ;
#9298 = CARTESIAN_POINT ( 'NONE',  ( 3.343356456525288678, 3.799999999999999378, 0.2125273966656758273 ) ) ;
#9299 = CARTESIAN_POINT ( 'NONE',  ( 3.079978633118034992, 3.799999999999999822, -0.5774182806441018334 ) ) ;
#9300 = STYLED_ITEM ( 'NONE', ( #3673 ), #6744 ) ;
#9301 = CARTESIAN_POINT ( 'NONE',  ( 1.624827834209818356, 3.790000000000000480, -0.5714473343366130997 ) ) ;
#9302 = PRESENTATION_STYLE_ASSIGNMENT (( #5229 ) ) ;
#9303 = CARTESIAN_POINT ( 'NONE',  ( 2.222844925835732344, 3.799999999999999822, 0.2527246732528871109 ) ) ;
#9304 = CARTESIAN_POINT ( 'NONE',  ( 3.552949963360673813, 3.790000000000000480, 0.1715350511901055919 ) ) ;
#9305 = CARTESIAN_POINT ( 'NONE',  ( 2.499419647634240960, 3.799999999999999822, -0.1283638900843636355 ) ) ;
#9306 = DIRECTION ( 'NONE',  ( -0.4285960263555438909, 0.0000000000000000000, 0.9034962347415942396 ) ) ;
#9307 = STYLED_ITEM ( 'NONE', ( #8081 ), #9730 ) ;
#9308 = CARTESIAN_POINT ( 'NONE',  ( -2.213130341240939991, 3.790000000000000036, -0.3338285370543582209 ) ) ;
#9309 = CARTESIAN_POINT ( 'NONE',  ( 3.636739397996448631, 3.799999999999999822, 0.2143721630786478982 ) ) ;
#9310 = CARTESIAN_POINT ( 'NONE',  ( -1.305438033548631749, 3.790000000000000036, 0.2430945398687187897 ) ) ;
#9311 = EDGE_CURVE ( 'NONE', #3657, #9104, #4921, .T. ) ;
#9312 =( LENGTH_UNIT ( ) NAMED_UNIT ( * ) SI_UNIT ( .MILLI., .METRE. ) );
#9313 = ORIENTED_EDGE ( 'NONE', *, *, #9248, .T. ) ;
#9314 = CARTESIAN_POINT ( 'NONE',  ( -3.569999999999999396, 1.900000000000000355, -1.250000000000000222 ) ) ;
#9315 = LINE ( 'NONE', #4298, #4521 ) ;
#9316 = VECTOR ( 'NONE', #4809, 1000.000000000000000 ) ;
#9317 = FACE_OUTER_BOUND ( 'NONE', #5557, .T. ) ;
#9318 = FILL_AREA_STYLE_COLOUR ( '', #7171 ) ;
#9319 = DIRECTION ( 'NONE',  ( 0.0000000000000000000, -0.0000000000000000000, 1.000000000000000000 ) ) ;
#9320 = FILL_AREA_STYLE_COLOUR ( '', #7812 ) ;
#9321 = FILL_AREA_STYLE ('',( #4898 ) ) ;
#9322 = SURFACE_STYLE_FILL_AREA ( #3326 ) ;
#9323 = DIRECTION ( 'NONE',  ( -0.9913357927840350525, 0.0000000000000000000, -0.1313519925438847713 ) ) ;
#9324 = VERTEX_POINT ( 'NONE', #1270 ) ;
#9325 = SURFACE_SIDE_STYLE ('',( #3505 ) ) ;
#9326 = SURFACE_STYLE_FILL_AREA ( #5230 ) ;
#9327 = CARTESIAN_POINT ( 'NONE',  ( 2.205522451700121955, 3.800000000000000711, -0.5602241840206921841 ) ) ;
#9328 =( NAMED_UNIT ( * ) PLANE_ANGLE_UNIT ( ) SI_UNIT ( $, .RADIAN. ) );
#9329 = EDGE_LOOP ( 'NONE', ( #6800, #9383, #5435, #6999, #9728, #775 ) ) ;
#9330 = CARTESIAN_POINT ( 'NONE',  ( 3.569999999999999396, 1.399999999999999911, 0.3499999999999996447 ) ) ;
#9331 = CARTESIAN_POINT ( 'NONE',  ( 3.569999999999999396, 1.399999999999999911, 0.3499999999999996447 ) ) ;
#9332 = EDGE_CURVE ( 'NONE', #3010, #8741, #670, .T. ) ;
#9333 = COLOUR_RGB ( '',1.000000000000000000, 1.000000000000000000, 1.000000000000000000 ) ;
#9334 = CARTESIAN_POINT ( 'NONE',  ( 2.557743452589515964, 3.800000000000002487, 0.007348803480033435850 ) ) ;
#9335 = SURFACE_SIDE_STYLE ('',( #3726 ) ) ;
#9336 = CARTESIAN_POINT ( 'NONE',  ( 3.314636764309941697, 3.800000000000001155, 0.1854830534817930865 ) ) ;
#9337 = VECTOR ( 'NONE', #8103, 1000.000000000000000 ) ;
#9338 = CARTESIAN_POINT ( 'NONE',  ( 0.0000000000000000000, 3.790000000000000036, 0.0000000000000000000 ) ) ;
#9339 = SURFACE_STYLE_FILL_AREA ( #8551 ) ;
#9340 = VERTEX_POINT ( 'NONE', #496 ) ;
#9341 = CARTESIAN_POINT ( 'NONE',  ( 2.240284641044327785, 3.790000000000000036, 0.2576198970451349934 ) ) ;
#9342 = CARTESIAN_POINT ( 'NONE',  ( 3.334377380940880098, 3.800000000000000266, 0.07892490930688116080 ) ) ;
#9343 = DIRECTION ( 'NONE',  ( 0.8679300138597075831, 0.0000000000000000000, 0.4966865118376859733 ) ) ;
#9344 = B_SPLINE_CURVE_WITH_KNOTS ( 'NONE', 3,
 ( #7186, #4150, #387, #7341, #1456, #3670, #6660, #604, #4374, #5830, #2106, #2201, #5936, #8887, #8818, #5866, #8143, #4444, #3643 ),
 .UNSPECIFIED., .F., .F.,
 ( 4, 1, 1, 1, 1, 1, 1, 1, 1, 1, 1, 1, 1, 1, 1, 1, 4 ),
 ( 0.0000000000000000000, 0.07015117599727850595, 0.1378126061901917276, 0.2032262471813944815, 0.2671740552944739111, 0.3300240034081793894, 0.3917942717866855773, 0.4530843989971407582, 0.5143339076458776082, 0.5749999928182695230, 0.6348654826222127623, 0.6941163151896417860, 0.7534416217804383864, 0.8131258003036114790, 0.8740796856370746104, 0.9360070132744072735, 1.000000000000000000 ),
 .UNSPECIFIED. ) ;
#9345 = CARTESIAN_POINT ( 'NONE',  ( 3.579108501112663987, 3.800000000000001155, -0.5615211936026194284 ) ) ;
#9346 = CARTESIAN_POINT ( 'NONE',  ( 3.599771633974292673, 3.799999999999999822, 0.2387372796198566349 ) ) ;
#9347 = ORIENTED_EDGE ( 'NONE', *, *, #2424, .T. ) ;
#9348 = CARTESIAN_POINT ( 'NONE',  ( -2.213130341240939991, 3.790000000000000036, -0.3338285370543582209 ) ) ;
#9349 = ORIENTED_EDGE ( 'NONE', *, *, #2305, .T. ) ;
#9350 =( GEOMETRIC_REPRESENTATION_CONTEXT ( 3 ) GLOBAL_UNCERTAINTY_ASSIGNED_CONTEXT ( ( #2690 ) ) GLOBAL_UNIT_ASSIGNED_CONTEXT ( ( #578, #1353, #547 ) ) REPRESENTATION_CONTEXT ( 'NONE', 'WORKASPACE' ) );
#9351 = CARTESIAN_POINT ( 'NONE',  ( 1.956100427989829971, 3.790000000000000036, -0.1565849473107684686 ) ) ;
#9352 = FACE_OUTER_BOUND ( 'NONE', #2308, .T. ) ;
#9353 = B_SPLINE_SURFACE_WITH_KNOTS ( 'NONE', 3, 1, ( 
 ( #7365, #4402 ),
 ( #9660, #4304 ),
 ( #8809, #9528 ),
 ( #571, #2193 ),
 ( #8134, #5105 ),
 ( #5038, #5070 ),
 ( #5890, #6617 ),
 ( #7397, #8102 ),
 ( #8847, #6554 ),
 ( #2877, #3662 ),
 ( #4366, #6652 ),
 ( #9623, #6587 ),
 ( #2130, #597 ),
 ( #1304, #540 ),
 ( #7306, #5856 ),
 ( #662, #1377 ),
 ( #5137, #8036 ),
 ( #5786, #2944 ),
 ( #7278, #5173 ),
 ( #2843, #8172 ),
 ( #5929, #3695 ),
 ( #8908, #4436 ),
 ( #8772, #1445 ),
 ( #2814, #3569 ),
 ( #770, #7432 ),
 ( #5206, #6747 ),
 ( #2256, #4468 ) ),
 .UNSPECIFIED., .F., .F., .F.,
 ( 4, 1, 1, 1, 1, 1, 1, 1, 1, 1, 1, 1, 1, 1, 1, 1, 1, 1, 1, 1, 1, 1, 1, 1, 4 ),
 ( 2, 2 ),
 ( 0.0000000000000000000, 0.03378811616271067825, 0.06719393237387974449, 0.09986241085682553975, 0.1325666121262585040, 0.1651511732547865929, 0.1979131873557925525, 0.2313190035669616673, 0.2650832782673737120, 0.2992553087581156235, 0.3343985665049784561, 0.3699428235093081829, 0.4062835607000613303, 0.4440638196985081665, 0.4829977068727754896, 0.5233544466133046580, 0.5655365896041494311, 0.6096129240658192394, 0.6563908113764171937, 0.7058854949364575804, 0.7583245002617313713, 0.8138317829411501059, 0.8727945590393900721, 0.9347222295400742231, 1.000000000000000000 ),
 ( 0.0000000000000000000, 1.000000000000000000 ),
 .UNSPECIFIED. ) ;
#9354 = CARTESIAN_POINT ( 'NONE',  ( 3.389534524690167583, 3.799999999999998934, -0.4514158750403876597 ) ) ;
#9355 = DIRECTION ( 'NONE',  ( 0.0000000000000000000, 1.000000000000000000, 0.0000000000000000000 ) ) ;
#9356 = CARTESIAN_POINT ( 'NONE',  ( 1.873891755249084135, 3.790000000000002256, -0.2874214496715565836 ) ) ;
#9357 = VERTEX_POINT ( 'NONE', #8095 ) ;
#9358 = CARTESIAN_POINT ( 'NONE',  ( 3.697979695620528418, 3.800000000000001599, -0.04464090783062524270 ) ) ;
#9359 = ORIENTED_EDGE ( 'NONE', *, *, #553, .T. ) ;
#9360 = AXIS2_PLACEMENT_3D ( 'NONE', #4164, #7856, #1687 ) ;
#9361 = CARTESIAN_POINT ( 'NONE',  ( 1.484305556194958076, 3.800000000000000266, -0.1569054601312812325 ) ) ;
#9362 = CARTESIAN_POINT ( 'NONE',  ( 3.328974863855834965, 3.789999999999998703, 0.1997334546226613439 ) ) ;
#9363 =( LENGTH_UNIT ( ) NAMED_UNIT ( * ) SI_UNIT ( .MILLI., .METRE. ) );
#9364 = PLANE ( 'NONE',  #5873 ) ;
#9365 =( NAMED_UNIT ( * ) PLANE_ANGLE_UNIT ( ) SI_UNIT ( $, .RADIAN. ) );
#9366 = SURFACE_STYLE_USAGE ( .BOTH. , #5713 ) ;
#9367 = DIRECTION ( 'NONE',  ( 1.000000000000000000, 0.0000000000000000000, 0.0000000000000000000 ) ) ;
#9368 = VERTEX_POINT ( 'NONE', #1372 ) ;
#9369 = CARTESIAN_POINT ( 'NONE',  ( 3.653755604240219945, 3.799999999999999378, 0.1994358897105536488 ) ) ;
#9370 = EDGE_CURVE ( 'NONE', #8217, #5618, #4683, .T. ) ;
#9371 = AXIS2_PLACEMENT_3D ( 'NONE', #7741, #9323, #3327 ) ;
#9372 = SURFACE_STYLE_USAGE ( .BOTH. , #9436 ) ;
#9373 = CARTESIAN_POINT ( 'NONE',  ( -0.4849252130358114310, 3.799999999999999822, 0.2430945398687187897 ) ) ;
#9374 = CARTESIAN_POINT ( 'NONE',  ( 3.512597038737320876, 3.790000000000000036, 0.1809734354101878162 ) ) ;
#9375 = FILL_AREA_STYLE_COLOUR ( '', #4626 ) ;
#9376 = CARTESIAN_POINT ( 'NONE',  ( 3.022767094656496845, 3.790000000000000036, 0.2430945398687187897 ) ) ;
#9377 = CARTESIAN_POINT ( 'NONE',  ( 1.856428927295072029, 3.800000000000000266, 0.03707810857678111444 ) ) ;
#9378 = CARTESIAN_POINT ( 'NONE',  ( 3.022767094656496845, 3.790000000000000036, -0.02357212679794789753 ) ) ;
#9379 = LINE ( 'NONE', #2734, #5606 ) ;
#9380 = CARTESIAN_POINT ( 'NONE',  ( 3.639954452419932984, 3.790000000000000924, -0.1218986022255804241 ) ) ;
#9381 =( GEOMETRIC_REPRESENTATION_CONTEXT ( 3 ) GLOBAL_UNCERTAINTY_ASSIGNED_CONTEXT ( ( #6771 ) ) GLOBAL_UNIT_ASSIGNED_CONTEXT ( ( #7933, #8659, #4916 ) ) REPRESENTATION_CONTEXT ( 'NONE', 'WORKASPACE' ) );
#9382 = CARTESIAN_POINT ( 'NONE',  ( 1.414362728380048395, 3.800000000000001599, -0.08304316017111332271 ) ) ;
#9383 = ORIENTED_EDGE ( 'NONE', *, *, #8633, .T. ) ;
#9384 = MECHANICAL_DESIGN_GEOMETRIC_PRESENTATION_REPRESENTATION (  '', ( #5667 ), #1145 ) ;
#9385 = CARTESIAN_POINT ( 'NONE',  ( 1.490088184796733328, 3.790000000000000480, -0.04112354702014003882 ) ) ;
#9386 = FILL_AREA_STYLE ('',( #7131 ) ) ;
#9387 = CARTESIAN_POINT ( 'NONE',  ( -0.1054380335486315573, 3.790000000000000036, 0.2430945398687187897 ) ) ;
#9388 = ADVANCED_FACE ( 'NONE', ( #8216 ), #3631, .T. ) ;
#9389 = EDGE_LOOP ( 'NONE', ( #616, #432, #5548, #1743 ) ) ;
#9390 = MECHANICAL_DESIGN_GEOMETRIC_PRESENTATION_REPRESENTATION (  '', ( #8386 ), #144 ) ;
#9391 = FACE_OUTER_BOUND ( 'NONE', #8773, .T. ) ;
#9392 = CARTESIAN_POINT ( 'NONE',  ( 1.604679910837925938, 3.789999999999998703, 0.1622370331663033904 ) ) ;
#9393 = CARTESIAN_POINT ( 'NONE',  ( 2.409929733250182338, 3.789999999999999591, 0.1382796999709349495 ) ) ;
#9394 = CARTESIAN_POINT ( 'NONE',  ( 3.260803468802988991, 3.789999999999999591, 0.1112167258530219471 ) ) ;
#9395 = CARTESIAN_POINT ( 'NONE',  ( -1.141816238676836903, 3.790000000000000036, 0.1610432578174366969 ) ) ;
#9396 = ORIENTED_EDGE ( 'NONE', *, *, #8421, .F. ) ;
#9397 = CARTESIAN_POINT ( 'NONE',  ( 3.580523883348727843, 3.800000000000000711, -0.07583706328067314761 ) ) ;
#9398 =( NAMED_UNIT ( * ) PLANE_ANGLE_UNIT ( ) SI_UNIT ( $, .RADIAN. ) );
#9399 = CARTESIAN_POINT ( 'NONE',  ( -1.129849517563007222, 3.789999999999999591, -0.5568043012750605314 ) ) ;
#9400 = LINE ( 'NONE', #6374, #3794 ) ;
#9401 =( GEOMETRIC_REPRESENTATION_CONTEXT ( 3 ) GLOBAL_UNCERTAINTY_ASSIGNED_CONTEXT ( ( #5200 ) ) GLOBAL_UNIT_ASSIGNED_CONTEXT ( ( #3313, #1072, #7766 ) ) REPRESENTATION_CONTEXT ( 'NONE', 'WORKASPACE' ) );
#9402 = DIRECTION ( 'NONE',  ( 0.0000000000000000000, -0.0000000000000000000, -1.000000000000000000 ) ) ;
#9403 = CARTESIAN_POINT ( 'NONE',  ( 3.569999999999999396, 1.899999999999999911, 1.250000000000000000 ) ) ;
#9404 = EDGE_CURVE ( 'NONE', #5378, #6814, #5358, .T. ) ;
#9405 = CARTESIAN_POINT ( 'NONE',  ( 2.295363248502650499, 3.799999999999998934, 0.2636073603815393129 ) ) ;
#9406 =( LENGTH_UNIT ( ) NAMED_UNIT ( * ) SI_UNIT ( .MILLI., .METRE. ) );
#9407 = PLANE ( 'NONE',  #4798 ) ;
#9408 = CARTESIAN_POINT ( 'NONE',  ( 3.299690171579573672, 3.799999999999999822, -0.3907195626953838818 ) ) ;
#9409 =( LENGTH_UNIT ( ) NAMED_UNIT ( * ) SI_UNIT ( .MILLI., .METRE. ) );
#9410 = CARTESIAN_POINT ( 'NONE',  ( 2.137769441185566333, 3.790000000000000036, 0.07536445915493762693 ) ) ;
#9411 = CARTESIAN_POINT ( 'NONE',  ( 2.027969884231890951, 3.790000000000000036, -0.1438694420551717701 ) ) ;
#9412 = FACE_OUTER_BOUND ( 'NONE', #8242, .T. ) ;
#9413 = UNCERTAINTY_MEASURE_WITH_UNIT (LENGTH_MEASURE( 1.000000000000000082E-05 ), #5855, 'distance_accuracy_value', 'NONE');
#9414 = SURFACE_STYLE_FILL_AREA ( #380 ) ;
#9415 = CARTESIAN_POINT ( 'NONE',  ( 3.378996134115336059, 3.800000000000001599, -0.4338664224518342660 ) ) ;
#9416 =( NAMED_UNIT ( * ) SI_UNIT ( $, .STERADIAN. ) SOLID_ANGLE_UNIT ( ) );
#9417 = CARTESIAN_POINT ( 'NONE',  ( 1.816025559540039858, 3.790000000000000036, -0.4287360923902938659 ) ) ;
#9418 = COLOUR_RGB ( '',1.000000000000000000, 1.000000000000000000, 1.000000000000000000 ) ;
#9419 = ORIENTED_EDGE ( 'NONE', *, *, #1765, .F. ) ;
#9420 = CARTESIAN_POINT ( 'NONE',  ( 1.655945946543664338, 3.799999999999998490, 0.1802321294552048370 ) ) ;
#9421 = COLOUR_RGB ( '',1.000000000000000000, 1.000000000000000000, 1.000000000000000000 ) ;
#9422 = ORIENTED_EDGE ( 'NONE', *, *, #4315, .F. ) ;
#9423 = DIRECTION ( 'NONE',  ( 0.0000000000000000000, -0.0000000000000000000, -1.000000000000000000 ) ) ;
#9424 = EDGE_LOOP ( 'NONE', ( #3015, #1220, #6692, #145 ) ) ;
#9425 = FILL_AREA_STYLE_COLOUR ( '', #2164 ) ;
#9426 = EDGE_CURVE ( 'NONE', #9148, #5578, #6927, .T. ) ;
#9427 = CARTESIAN_POINT ( 'NONE',  ( 3.373526001086312842, 3.789999999999999147, 0.2329508867667602345 ) ) ;
#9428 = LINE ( 'NONE', #1403, #8150 ) ;
#9429 = CARTESIAN_POINT ( 'NONE',  ( 2.456179636510497311, 3.790000000000001812, 0.07635858660544021792 ) ) ;
#9430 = UNCERTAINTY_MEASURE_WITH_UNIT (LENGTH_MEASURE( 1.000000000000000082E-05 ), #8926, 'distance_accuracy_value', 'NONE');
#9431 = CARTESIAN_POINT ( 'NONE',  ( 2.219971756585418898, 3.800000000000001155, -0.4759831676715790549 ) ) ;
#9432 = PLANE ( 'NONE',  #2112 ) ;
#9433 = ORIENTED_EDGE ( 'NONE', *, *, #5555, .T. ) ;
#9434 = EDGE_LOOP ( 'NONE', ( #2859, #1281, #7133, #9071, #5017, #6632, #7122, #7097 ) ) ;
#9435 = ORIENTED_EDGE ( 'NONE', *, *, #6485, .F. ) ;
#9436 = SURFACE_SIDE_STYLE ('',( #6604 ) ) ;
#9437 = CARTESIAN_POINT ( 'NONE',  ( 3.569999999999999396, 1.399999999999999911, 0.3499999999999996447 ) ) ;
#9438 = CARTESIAN_POINT ( 'NONE',  ( 2.439831702025903049, 3.799999999999999822, 0.1043437430488219075 ) ) ;
#9439 = COLOUR_RGB ( '',1.000000000000000000, 1.000000000000000000, 1.000000000000000000 ) ;
#9440 = CARTESIAN_POINT ( 'NONE',  ( 2.495515990440527521, 3.800000000000000266, -0.07374269096409059865 ) ) ;
#9441 = ORIENTED_EDGE ( 'NONE', *, *, #9211, .F. ) ;
#9442 = CARTESIAN_POINT ( 'NONE',  ( 3.344401710041112086, 3.799999999999999822, -0.2689246909005120756 ) ) ;
#9443 = STYLED_ITEM ( 'NONE', ( #5975 ), #9487 ) ;
#9444 = CARTESIAN_POINT ( 'NONE',  ( 3.579108501112663987, 3.790000000000001368, -0.5615211936026194284 ) ) ;
#9445 = CARTESIAN_POINT ( 'NONE',  ( 5.000000000000000000, 3.799999999999999822, 4.999999999999999112 ) ) ;
#9446 = CARTESIAN_POINT ( 'NONE',  ( 3.647386093117567452, 3.790000000000001368, 0.02577802637170717101 ) ) ;
#9447 = EDGE_CURVE ( 'NONE', #6078, #3092, #6107, .T. ) ;
#9448 = CARTESIAN_POINT ( 'NONE',  ( -0.7887694039929782353, 3.799999999999999822, -0.4728210284564954846 ) ) ;
#9449 = ORIENTED_EDGE ( 'NONE', *, *, #6260, .T. ) ;
#9450 = EDGE_CURVE ( 'NONE', #2344, #2924, #6792, .T. ) ;
#9451 = LINE ( 'NONE', #9714, #1853 ) ;
#9452 = CARTESIAN_POINT ( 'NONE',  ( 0.3561004279898300484, 3.790000000000000036, -0.5569054601312812824 ) ) ;
#9453 = LINE ( 'NONE', #8976, #4185 ) ;
#9455 = EDGE_CURVE ( 'NONE', #4775, #784, #4, .T. ) ;
#9454 = CARTESIAN_POINT ( 'NONE',  ( 3.389534524690167583, 3.789999999999999147, -0.4514158750403876597 ) ) ;
#9456 = DIRECTION ( 'NONE',  ( 0.0000000000000000000, 0.0000000000000000000, 1.000000000000000000 ) ) ;
#9457 = COLOUR_RGB ( '',1.000000000000000000, 1.000000000000000000, 1.000000000000000000 ) ;
#9458 = DIRECTION ( 'NONE',  ( -1.000000000000000000, 0.0000000000000000000, 0.0000000000000000000 ) ) ;
#9459 = EDGE_LOOP ( 'NONE', ( #1626, #9089, #4099, #1710 ) ) ;
#9460 = SURFACE_STYLE_FILL_AREA ( #7499 ) ;
#9461 = STYLED_ITEM ( 'NONE', ( #4762 ), #3078 ) ;
#9462 = EDGE_LOOP ( 'NONE', ( #8884, #107, #6354, #9082 ) ) ;
#9463 = DIRECTION ( 'NONE',  ( -0.0000000000000000000, 1.000000000000000000, -0.0000000000000000000 ) ) ;
#9464 = CARTESIAN_POINT ( 'NONE',  ( -0.6614205193882920497, 3.790000000000000480, -0.03396994755823403572 ) ) ;
#9465 = EDGE_CURVE ( 'NONE', #7930, #1081, #2825, .T. ) ;
#9466 = DIRECTION ( 'NONE',  ( 1.000000000000000000, 0.0000000000000000000, 0.0000000000000000000 ) ) ;
#9467 = CARTESIAN_POINT ( 'NONE',  ( 3.343356456525288678, 3.799999999999999378, 0.2125273966656758273 ) ) ;
#9468 = PLANE ( 'NONE',  #1431 ) ;
#9469 = CARTESIAN_POINT ( 'NONE',  ( 2.156970626239353983, 3.800000000000000266, -0.5328682805817642754 ) ) ;
#9470 = CARTESIAN_POINT ( 'NONE',  ( 2.124045930632793233, 3.790000000000001368, -0.3574397987871510418 ) ) ;
#9471 = PRESENTATION_STYLE_ASSIGNMENT (( #8207 ) ) ;
#9472 = ORIENTED_EDGE ( 'NONE', *, *, #54, .F. ) ;
#9473 = CARTESIAN_POINT ( 'NONE',  ( 2.027969884231890951, 3.790000000000000036, -0.1438694420551717701 ) ) ;
#9474 = DIRECTION ( 'NONE',  ( -1.000000000000000000, 0.0000000000000000000, 0.0000000000000000000 ) ) ;
#9475 = DIRECTION ( 'NONE',  ( -0.0000000000000000000, 1.000000000000000000, -0.0000000000000000000 ) ) ;
#9476 = CARTESIAN_POINT ( 'NONE',  ( 2.105472800181350301, 3.790000000000001368, -0.04112354702014023311 ) ) ;
#9477 = CARTESIAN_POINT ( 'NONE',  ( 3.524523535216745884, 3.800000000000000266, -0.2161914078481227131 ) ) ;
#9478 = CARTESIAN_POINT ( 'NONE',  ( -0.6975539977243765399, 3.789999999999998703, -0.3610960422795534974 ) ) ;
#9479 = LINE ( 'NONE', #2244, #2582 ) ;
#9480 = ORIENTED_EDGE ( 'NONE', *, *, #4904, .T. ) ;
#9481 = ORIENTED_EDGE ( 'NONE', *, *, #359, .F. ) ;
#9482 = CARTESIAN_POINT ( 'NONE',  ( 3.305570913596949989, 3.789999999999998259, -0.4403946869792306762 ) ) ;
#9483 = CARTESIAN_POINT ( 'NONE',  ( -4.999999999999999112, 0.0000000000000000000, 4.999999999999999112 ) ) ;
#9484 = CARTESIAN_POINT ( 'NONE',  ( -0.8000832813214729944, 3.789999999999999591, 0.07150099606175130962 ) ) ;
#9485 = EDGE_CURVE ( 'NONE', #2026, #4580, #1276, .T. ) ;
#9486 = PRESENTATION_LAYER_ASSIGNMENT (  '', '', ( #7475 ) ) ;
#9487 = ADVANCED_FACE ( 'NONE', ( #9013 ), #5015, .T. ) ;
#9488 = SURFACE_STYLE_FILL_AREA ( #1893 ) ;
#9489 = CARTESIAN_POINT ( 'NONE',  ( 3.491677351066753143, 3.799999999999999822, 0.1815560783302572478 ) ) ;
#9490 = SURFACE_STYLE_USAGE ( .BOTH. , #8049 ) ;
#9491 = ORIENTED_EDGE ( 'NONE', *, *, #3068, .T. ) ;
#9492 = CARTESIAN_POINT ( 'NONE',  ( 3.186869658759061252, 3.790000000000000036, -0.02357212679794789753 ) ) ;
#9493 = CARTESIAN_POINT ( 'NONE',  ( 3.287080069309396002, 3.799999999999998934, 0.1517119343459143455 ) ) ;
#9494 = CARTESIAN_POINT ( 'NONE',  ( 2.324325493477171545, 3.799999999999999378, 0.1804612112185774164 ) ) ;
#9495 = DIRECTION ( 'NONE',  ( 0.0000000000000000000, -1.000000000000000000, 0.0000000000000000000 ) ) ;
#9496 = DIRECTION ( 'NONE',  ( 0.0000000000000000000, 0.0000000000000000000, 1.000000000000000000 ) ) ;
#9497 =( LENGTH_UNIT ( ) NAMED_UNIT ( * ) SI_UNIT ( .MILLI., .METRE. ) );
#9498 = EDGE_CURVE ( 'NONE', #9357, #2315, #4008, .T. ) ;
#9499 = ORIENTED_EDGE ( 'NONE', *, *, #2267, .F. ) ;
#9500 = FACE_OUTER_BOUND ( 'NONE', #6059, .T. ) ;
#9501 = CARTESIAN_POINT ( 'NONE',  ( -1.618258546369144790, 3.790000000000000036, -0.3325464857723068879 ) ) ;
#9502 = SURFACE_STYLE_USAGE ( .BOTH. , #415 ) ;
#9503 = DIRECTION ( 'NONE',  ( -0.0000000000000000000, 1.000000000000000000, -0.0000000000000000000 ) ) ;
#9504 = CARTESIAN_POINT ( 'NONE',  ( -0.1054380335486315573, 3.799999999999999822, 0.2430945398687187897 ) ) ;
#9505 = CARTESIAN_POINT ( 'NONE',  ( -0.7209399717593040213, 3.790000000000000036, -0.1563257867633933984 ) ) ;
#9506 = MECHANICAL_DESIGN_GEOMETRIC_PRESENTATION_REPRESENTATION (  '', ( #6495 ), #7002 ) ;
#9507 = VERTEX_POINT ( 'NONE', #7818 ) ;
#9508 = CARTESIAN_POINT ( 'NONE',  ( 1.655945946543664338, 3.789999999999998259, 0.1802321294552048370 ) ) ;
#9509 = CARTESIAN_POINT ( 'NONE',  ( 3.464591371151894528, 3.800000000000000266, -0.4945559473554231866 ) ) ;
#9510 = FACE_OUTER_BOUND ( 'NONE', #4634, .T. ) ;
#9511 = UNCERTAINTY_MEASURE_WITH_UNIT (LENGTH_MEASURE( 1.000000000000000082E-05 ), #7417, 'distance_accuracy_value', 'NONE');
#9512 = ORIENTED_EDGE ( 'NONE', *, *, #1032, .T. ) ;
#9513 = ORIENTED_EDGE ( 'NONE', *, *, #3917, .T. ) ;
#9514 = CARTESIAN_POINT ( 'NONE',  ( -0.9893548943332109991, 3.789999999999999147, 0.2406214376198544946 ) ) ;
#9515 = LINE ( 'NONE', #1748, #2985 ) ;
#9516 =( NAMED_UNIT ( * ) PLANE_ANGLE_UNIT ( ) SI_UNIT ( $, .RADIAN. ) );
#9517 = CARTESIAN_POINT ( 'NONE',  ( -2.839572648933247123, 3.790000000000000036, -0.4009759729517941573 ) ) ;
#9518 = FILL_AREA_STYLE_COLOUR ( '', #5826 ) ;
#9519 = AXIS2_PLACEMENT_3D ( 'NONE', #6321, #1862, #1125 ) ;
#9520 = DIRECTION ( 'NONE',  ( 1.000000000000000000, -0.0000000000000000000, -8.673617379884036705E-17 ) ) ;
#9521 = STYLED_ITEM ( 'NONE', ( #1286 ), #7224 ) ;
#9522 = CARTESIAN_POINT ( 'NONE',  ( 2.295363248502650499, 3.790000000000000036, -0.5774182806441018334 ) ) ;
#9523 = CARTESIAN_POINT ( 'NONE',  ( -0.9131303412409393916, 3.799999999999999822, 0.1406906937148726111 ) ) ;
#9524 = CARTESIAN_POINT ( 'NONE',  ( -3.569999999999999396, 1.899999999999999911, 0.3499999999999996447 ) ) ;
#9525 = UNCERTAINTY_MEASURE_WITH_UNIT (LENGTH_MEASURE( 1.000000000000000082E-05 ), #5963, 'distance_accuracy_value', 'NONE');
#9526 = CARTESIAN_POINT ( 'NONE',  ( 2.492237172141797963, 3.800000000000001155, -0.4764134731311422399 ) ) ;
#9527 = CARTESIAN_POINT ( 'NONE',  ( 0.3458440177334194399, 3.790000000000000036, -0.5569054601312812824 ) ) ;
#9528 = CARTESIAN_POINT ( 'NONE',  ( 1.698993830233469504, 3.800000000000001155, -0.5770850403972571652 ) ) ;
#9529 = CARTESIAN_POINT ( 'NONE',  ( 1.115074786964188824, 3.790000000000000036, 0.2430945398687187897 ) ) ;
#9530 = CARTESIAN_POINT ( 'NONE',  ( 3.595693280904245892, 3.789999999999999147, -0.06106713894877497523 ) ) ;
#9531 = LINE ( 'NONE', #4494, #2533 ) ;
#9532 = CARTESIAN_POINT ( 'NONE',  ( -0.7344229225091342128, 3.790000000000000036, -0.2525232097483113836 ) ) ;
#9533 =( GEOMETRIC_REPRESENTATION_CONTEXT ( 3 ) GLOBAL_UNCERTAINTY_ASSIGNED_CONTEXT ( ( #7656 ) ) GLOBAL_UNIT_ASSIGNED_CONTEXT ( ( #44, #1619, #5362 ) ) REPRESENTATION_CONTEXT ( 'NONE', 'WORKASPACE' ) );
#9534 = VERTEX_POINT ( 'NONE', #6081 ) ;
#9535 = SURFACE_STYLE_FILL_AREA ( #7007 ) ;
#9536 = LINE ( 'NONE', #1615, #3927 ) ;
#9537 = CARTESIAN_POINT ( 'NONE',  ( 3.419877562827367434, 3.790000000000000036, -0.5639198948945883805 ) ) ;
#9538 = STYLED_ITEM ( 'NONE', ( #8643 ), #2903 ) ;
#9539 =( GEOMETRIC_REPRESENTATION_CONTEXT ( 3 ) GLOBAL_UNCERTAINTY_ASSIGNED_CONTEXT ( ( #6874 ) ) GLOBAL_UNIT_ASSIGNED_CONTEXT ( ( #626, #3596, #4296 ) ) REPRESENTATION_CONTEXT ( 'NONE', 'WORKASPACE' ) );
#9540 = DIRECTION ( 'NONE',  ( -0.0000000000000000000, -0.0000000000000000000, 1.000000000000000000 ) ) ;
#9541 = VECTOR ( 'NONE', #2128, 1000.000000000000000 ) ;
#9542 = CARTESIAN_POINT ( 'NONE',  ( -0.9315598284204266166, 3.790000000000000036, -0.4524182806441018334 ) ) ;
#9543 = ORIENTED_EDGE ( 'NONE', *, *, #6936, .T. ) ;
#9544 = PRESENTATION_STYLE_ASSIGNMENT (( #7996 ) ) ;
#9545 = FILL_AREA_STYLE_COLOUR ( '', #8004 ) ;
#9546 = LINE ( 'NONE', #6994, #1845 ) ;
#9547 = EDGE_CURVE ( 'NONE', #7281, #1722, #5273, .T. ) ;
#9548 = LINE ( 'NONE', #1169, #971 ) ;
#9549 = CARTESIAN_POINT ( 'NONE',  ( -0.9761684451675314289, 3.799999999999998490, 0.1532722612017414499 ) ) ;
#9550 = STYLED_ITEM ( 'NONE', ( #2461 ), #1950 ) ;
#9551 = CARTESIAN_POINT ( 'NONE',  ( 3.569999999999999396, 1.899999999999999911, 1.250000000000000000 ) ) ;
#9552 = ORIENTED_EDGE ( 'NONE', *, *, #190, .F. ) ;
#9553 = SURFACE_SIDE_STYLE ('',( #7646 ) ) ;
#9554 = CARTESIAN_POINT ( 'NONE',  ( 2.113132168488482510, 3.800000000000002043, 0.005029526254132324001 ) ) ;
#9555 = PRESENTATION_STYLE_ASSIGNMENT (( #9126 ) ) ;
#9556 = ADVANCED_FACE ( 'NONE', ( #7492 ), #8279, .T. ) ;
#9557 = CARTESIAN_POINT ( 'NONE',  ( -0.8971299203270075573, 3.799999999999999378, -0.5303989333554179897 ) ) ;
#9558 = SURFACE_STYLE_FILL_AREA ( #6368 ) ;
#9559 = ORIENTED_EDGE ( 'NONE', *, *, #2925, .F. ) ;
#9560 = CARTESIAN_POINT ( 'NONE',  ( -2.843899572010170740, 3.799999999999999822, -0.5569054601312813935 ) ) ;
#9561 = CARTESIAN_POINT ( 'NONE',  ( 3.371754762858815369, 3.800000000000001599, -0.3812197820586986641 ) ) ;
#9562 = LINE ( 'NONE', #5123, #6631 ) ;
#9563 = PRESENTATION_LAYER_ASSIGNMENT (  '', '', ( #2202 ) ) ;
#9564 = VERTEX_POINT ( 'NONE', #4155 ) ;
#9565 = CARTESIAN_POINT ( 'NONE',  ( 2.451137662597615563, 3.790000000000000036, -0.5207915878645377195 ) ) ;
#9566 = CARTESIAN_POINT ( 'NONE',  ( 3.094561966451368384, 3.790000000000000036, 0.05847915525333415021 ) ) ;
#9567 = CARTESIAN_POINT ( 'NONE',  ( -3.569999999999999396, 1.399999999999999911, 0.3499999999999996447 ) ) ;
#9568 = CARTESIAN_POINT ( 'NONE',  ( 2.525608844218675930, 3.800000000000001599, -0.4193163166873630776 ) ) ;
#9569 =( NAMED_UNIT ( * ) SI_UNIT ( $, .STERADIAN. ) SOLID_ANGLE_UNIT ( ) );
#9570 = CARTESIAN_POINT ( 'NONE',  ( 3.581133204751322019, 3.799999999999999822, -0.4625494461949802294 ) ) ;
#9571 =( NAMED_UNIT ( * ) PLANE_ANGLE_UNIT ( ) SI_UNIT ( $, .RADIAN. ) );
#9572 = COLOUR_RGB ( '',1.000000000000000000, 1.000000000000000000, 1.000000000000000000 ) ;
#9573 = ORIENTED_EDGE ( 'NONE', *, *, #3182, .T. ) ;
#9574 = CARTESIAN_POINT ( 'NONE',  ( 3.444561197889682624, 3.789999999999999591, -0.5719109760741298842 ) ) ;
#9575 = CARTESIAN_POINT ( 'NONE',  ( -0.7333025345784440763, 3.799999999999998934, -0.04694186904013437911 ) ) ;
#9576 = COLOUR_RGB ( '',1.000000000000000000, 1.000000000000000000, 1.000000000000000000 ) ;
#9577 = ORIENTED_EDGE ( 'NONE', *, *, #1608, .T. ) ;
#9578 = VERTEX_POINT ( 'NONE', #5707 ) ;
#9579 = DIRECTION ( 'NONE',  ( -1.000000000000000000, 0.0000000000000000000, 0.0000000000000000000 ) ) ;
#9580 = LINE ( 'NONE', #8507, #4660 ) ;
#9581 = STYLED_ITEM ( 'NONE', ( #8159 ), #3640 ) ;
#9582 = EDGE_CURVE ( 'NONE', #3419, #8610, #3781, .T. ) ;
#9583 = CARTESIAN_POINT ( 'NONE',  ( 1.512364322959749652, 3.799999999999999378, -0.5080095256448762253 ) ) ;
#9584 = DIRECTION ( 'NONE',  ( 1.000000000000000000, 0.0000000000000000000, -0.0000000000000000000 ) ) ;
#9585 = VERTEX_POINT ( 'NONE', #9489 ) ;
#9586 = CARTESIAN_POINT ( 'NONE',  ( -2.361848289958888181, 3.799999999999999822, 0.2430945398687187897 ) ) ;
#9587 = CARTESIAN_POINT ( 'NONE',  ( 1.884035032249627761, 3.790000000000000924, -0.1283638900843636077 ) ) ;
#9588 = DIRECTION ( 'NONE',  ( 0.0000000000000000000, 0.0000000000000000000, -1.000000000000000000 ) ) ;
#9589 = CARTESIAN_POINT ( 'NONE',  ( 2.492237172141797963, 3.800000000000001599, -0.4764134731311422399 ) ) ;
#9590 = CARTESIAN_POINT ( 'NONE',  ( 3.419877562827367434, 3.799999999999999822, -0.5639198948945883805 ) ) ;
#9591 = PRESENTATION_LAYER_ASSIGNMENT (  '', '', ( #7533 ) ) ;
#9592 = DIRECTION ( 'NONE',  ( -0.5658830507187149195, 0.0000000000000000000, 0.8244855201331798833 ) ) ;
#9593 = ADVANCED_FACE ( 'NONE', ( #677, #8221, #6214, #1779, #9259, #2247, #1526, #6451, #4230, #5969, #3305 ), #5640, .T. ) ;
#9594 = FILL_AREA_STYLE ('',( #632 ) ) ;
#9595 = DIRECTION ( 'NONE',  ( 0.0000000000000000000, 1.000000000000000000, 3.423796334164751026E-16 ) ) ;
#9596 = CARTESIAN_POINT ( 'NONE',  ( 3.459990879992474788, 3.800000000000000711, -0.2625909675962110890 ) ) ;
#9597 = CARTESIAN_POINT ( 'NONE',  ( -0.8243225768948330145, 3.799999999999999822, -0.3952727919126775569 ) ) ;
#9598 = PRESENTATION_LAYER_ASSIGNMENT (  '', '', ( #7091 ) ) ;
#9599 = COLOUR_RGB ( '',0.5019607843137254832, 0.5019607843137254832, 0.5019607843137254832 ) ;
#9600 = ADVANCED_FACE ( 'NONE', ( #3998 ), #4962, .T. ) ;
#9601 = UNCERTAINTY_MEASURE_WITH_UNIT (LENGTH_MEASURE( 1.000000000000000082E-05 ), #7797, 'distance_accuracy_value', 'NONE');
#9602 = CARTESIAN_POINT ( 'NONE',  ( 1.538883082591327334, 3.790000000000000036, 0.1032240122543442024 ) ) ;
#9603 = CARTESIAN_POINT ( 'NONE',  ( -0.7209696329712177443, 3.799999999999999822, -0.1380963096804154744 ) ) ;
#9604 = SURFACE_STYLE_USAGE ( .BOTH. , #7975 ) ;
#9605 = LINE ( 'NONE', #9437, #8565 ) ;
#9606 = PRESENTATION_STYLE_ASSIGNMENT (( #7611 ) ) ;
#9607 = VERTEX_POINT ( 'NONE', #453 ) ;
#9608 = EDGE_CURVE ( 'NONE', #267, #6623, #4460, .T. ) ;
#9609 = CARTESIAN_POINT ( 'NONE',  ( 0.4911965818359836367, 3.799999999999999822, -0.09536699859281973224 ) ) ;
#9610 = CARTESIAN_POINT ( 'NONE',  ( -1.103242257156187955, 3.800000000000000266, 0.1608774803179862933 ) ) ;
#9611 = ORIENTED_EDGE ( 'NONE', *, *, #6113, .F. ) ;
#9612 = CARTESIAN_POINT ( 'NONE',  ( 1.512364322959749652, 3.789999999999999591, -0.5080095256448762253 ) ) ;
#9613 = CARTESIAN_POINT ( 'NONE',  ( 2.245349201703936703, 3.799999999999999822, 0.1732875679849622819 ) ) ;
#9614 = FACE_OUTER_BOUND ( 'NONE', #3147, .T. ) ;
#9615 = CARTESIAN_POINT ( 'NONE',  ( -0.6490277771383753391, 3.790000000000000036, -0.1468093062851274222 ) ) ;
#9616 = CARTESIAN_POINT ( 'NONE',  ( 3.419493634246514091, 3.789999999999999591, -0.2953545195982206217 ) ) ;
#9617 = EDGE_CURVE ( 'NONE', #9072, #9507, #6799, .T. ) ;
#9618 = ORIENTED_EDGE ( 'NONE', *, *, #833, .T. ) ;
#9619 = CARTESIAN_POINT ( 'NONE',  ( 2.301725643584785708, 3.790000000000000036, -0.5773067800325213383 ) ) ;
#9620 = ORIENTED_EDGE ( 'NONE', *, *, #4474, .T. ) ;
#9621 = SURFACE_STYLE_USAGE ( .BOTH. , #7395 ) ;
#9622 =( NAMED_UNIT ( * ) SI_UNIT ( $, .STERADIAN. ) SOLID_ANGLE_UNIT ( ) );
#9623 = CARTESIAN_POINT ( 'NONE',  ( 1.850255438749479842, 3.789999999999999591, -0.5073601207094881049 ) ) ;
#9624 = CARTESIAN_POINT ( 'NONE',  ( 2.492237172141797963, 3.790000000000001368, -0.4764134731311422399 ) ) ;
#9625 = CARTESIAN_POINT ( 'NONE',  ( -0.7283009371288510225, 3.799999999999998934, -0.2276139079440586688 ) ) ;
#9626 = EDGE_CURVE ( 'NONE', #5050, #8162, #6908, .T. ) ;
#9627 = UNCERTAINTY_MEASURE_WITH_UNIT (LENGTH_MEASURE( 1.000000000000000082E-05 ), #3459, 'distance_accuracy_value', 'NONE');
#9628 = CARTESIAN_POINT ( 'NONE',  ( -2.256239315599914086, 3.790000000000000036, -0.5569054601312812824 ) ) ;
#9629 = CARTESIAN_POINT ( 'NONE',  ( -0.7404519271764260502, 3.800000000000000266, -0.02437977563357974012 ) ) ;
#9630 = PRESENTATION_LAYER_ASSIGNMENT (  '', '', ( #3462 ) ) ;
#9631 = CARTESIAN_POINT ( 'NONE',  ( -1.305438033548631749, 3.790000000000000036, -0.5569054601312812824 ) ) ;
#9632 = EDGE_CURVE ( 'NONE', #5793, #186, #8673, .T. ) ;
#9633 = CIRCLE ( 'NONE', #1523, 0.4999999999999995559 ) ;
#9634 = DIRECTION ( 'NONE',  ( 0.0000000000000000000, -0.0000000000000000000, 1.000000000000000000 ) ) ;
#9635 = ADVANCED_FACE ( 'NONE', ( #8900 ), #790, .F. ) ;
#9636 = VECTOR ( 'NONE', #6215, 1000.000000000000000 ) ;
#9637 = CARTESIAN_POINT ( 'NONE',  ( 1.753738560670954572, 3.799999999999999378, -0.5664070883482975605 ) ) ;
#9638 = CARTESIAN_POINT ( 'NONE',  ( 3.552949963360673813, 3.800000000000000266, 0.1715350511901055919 ) ) ;
#9639 = DIRECTION ( 'NONE',  ( 0.0000000000000000000, 0.0000000000000000000, -1.000000000000000000 ) ) ;
#9641 = CARTESIAN_POINT ( 'NONE',  ( -0.9120943638902609951, 3.799999999999999822, -0.5353464648400437786 ) ) ;
#9640 = CARTESIAN_POINT ( 'NONE',  ( 1.417043018437051494, 3.789999999999999591, -0.2646563308636123990 ) ) ;
#9642 = CARTESIAN_POINT ( 'NONE',  ( 2.118057446115730880, 3.799999999999999378, 0.02511575188014500762 ) ) ;
#9643 = ADVANCED_FACE ( 'NONE', ( #2711 ), #1538, .T. ) ;
#9644 = MECHANICAL_DESIGN_GEOMETRIC_PRESENTATION_REPRESENTATION (  '', ( #3653 ), #5438 ) ;
#9645 = UNCERTAINTY_MEASURE_WITH_UNIT (LENGTH_MEASURE( 1.000000000000000082E-05 ), #1054, 'distance_accuracy_value', 'NONE');
#9646 = VECTOR ( 'NONE', #494, 1000.000000000000227 ) ;
#9647 = CARTESIAN_POINT ( 'NONE',  ( 1.882588018092081095, 3.789999999999999147, -0.1005098644305472133 ) ) ;
#9648 = CARTESIAN_POINT ( 'NONE',  ( 3.410561745709046910, 3.790000000000000036, -0.3041333478896275366 ) ) ;
#9649 = VERTEX_POINT ( 'NONE', #2241 ) ;
#9650 = LINE ( 'NONE', #6319, #7653 ) ;
#9651 = ORIENTED_EDGE ( 'NONE', *, *, #9256, .F. ) ;
#9652 =( GEOMETRIC_REPRESENTATION_CONTEXT ( 3 ) GLOBAL_UNCERTAINTY_ASSIGNED_CONTEXT ( ( #1669 ) ) GLOBAL_UNIT_ASSIGNED_CONTEXT ( ( #7155, #6409, #4249 ) ) REPRESENTATION_CONTEXT ( 'NONE', 'WORKASPACE' ) );
#9653 = CARTESIAN_POINT ( 'NONE',  ( 2.569525115333506360, 3.800000000000000711, -0.2278390325579516262 ) ) ;
#9654 = CARTESIAN_POINT ( 'NONE',  ( 2.240284641044327785, 3.799999999999999822, 0.2576198970451349934 ) ) ;
#9655 = CARTESIAN_POINT ( 'NONE',  ( 2.448393776465875415, 3.799999999999998046, 0.09088717523767153583 ) ) ;
#9656 = DIRECTION ( 'NONE',  ( -0.0000000000000000000, 1.000000000000000000, -0.0000000000000000000 ) ) ;
#9657 = LINE ( 'NONE', #5550, #384 ) ;
#9658 = CARTESIAN_POINT ( 'NONE',  ( 1.872607621536647837, 3.789999999999999591, -0.02348787548307907508 ) ) ;
#9659 = FILL_AREA_STYLE_COLOUR ( '', #2464 ) ;
#9660 = CARTESIAN_POINT ( 'NONE',  ( 1.686341028200170067, 3.790000000000000036, -0.5773067800325212273 ) ) ;
#9661 = COLOUR_RGB ( '',1.000000000000000000, 1.000000000000000000, 1.000000000000000000 ) ;
#9662 = CARTESIAN_POINT ( 'NONE',  ( 1.708626773431231483, 3.799999999999999378, -0.4939749220478086289 ) ) ;
#9663 = CARTESIAN_POINT ( 'NONE',  ( 1.484305556194958076, 3.800000000000000266, -0.1569054601312812325 ) ) ;
#9664 = AXIS2_PLACEMENT_3D ( 'NONE', #5874, #6635, #2174 ) ;
#9665 = SURFACE_STYLE_FILL_AREA ( #1034 ) ;
#9666 = ORIENTED_EDGE ( 'NONE', *, *, #970, .F. ) ;
#9667 = EDGE_CURVE ( 'NONE', #6622, #9578, #6337, .T. ) ;
#9668 = VECTOR ( 'NONE', #6046, 1000.000000000000000 ) ;
#9669 = LINE ( 'NONE', #7147, #3725 ) ;
#9670 = ORIENTED_EDGE ( 'NONE', *, *, #8756, .T. ) ;
#9671 = CARTESIAN_POINT ( 'NONE',  ( -0.7208226489332473230, 3.799999999999999822, -0.1469695626953838041 ) ) ;
#9672 =( GEOMETRIC_REPRESENTATION_CONTEXT ( 3 ) GLOBAL_UNCERTAINTY_ASSIGNED_CONTEXT ( ( #5309 ) ) GLOBAL_UNIT_ASSIGNED_CONTEXT ( ( #2941, #5888, #8263 ) ) REPRESENTATION_CONTEXT ( 'NONE', 'WORKASPACE' ) );
#9673 = CARTESIAN_POINT ( 'NONE',  ( -0.7276989724816781413, 3.790000000000000480, -0.07051422524950042015 ) ) ;
#9674 = CARTESIAN_POINT ( 'NONE',  ( -1.031243040128246857, 3.799999999999999822, -0.4695296158033397393 ) ) ;
#9675 = LINE ( 'NONE', #4672, #6035 ) ;
#9676 = LINE ( 'NONE', #5106, #9337 ) ;
#9677 = FACE_OUTER_BOUND ( 'NONE', #4407, .T. ) ;
#9678 = EDGE_CURVE ( 'NONE', #8760, #9534, #8092, .T. ) ;
#9679 = ORIENTED_EDGE ( 'NONE', *, *, #5839, .T. ) ;
#9680 = CARTESIAN_POINT ( 'NONE',  ( -1.233643161753760209, 3.790000000000000036, 0.1610432578174366969 ) ) ;
#9681 = CARTESIAN_POINT ( 'NONE',  ( 3.186869658759061252, 3.799999999999999822, -0.02357212679794789753 ) ) ;
#9682 = LINE ( 'NONE', #3455, #4994 ) ;
#9683 = CARTESIAN_POINT ( 'NONE',  ( -2.289572648933247745, 3.790000000000000036, 0.2430945398687187897 ) ) ;
#9684 = SURFACE_SIDE_STYLE ('',( #8715 ) ) ;
#9685 = CARTESIAN_POINT ( 'NONE',  ( 1.872607621536647837, 3.799999999999999378, -0.02348787548307907508 ) ) ;
#9686 = VERTEX_POINT ( 'NONE', #9680 ) ;
#9687 = PRESENTATION_LAYER_ASSIGNMENT (  '', '', ( #8994 ) ) ;
#9688 = CARTESIAN_POINT ( 'NONE',  ( 3.424209402348804332, 3.799999999999999822, -0.2907195626953838485 ) ) ;
#9689 = CARTESIAN_POINT ( 'NONE',  ( 2.466033127279198212, 3.800000000000000266, -0.3683479791088286048 ) ) ;
#9690 = CARTESIAN_POINT ( 'NONE',  ( 1.836334483402484841, 3.799999999999999378, 0.2063785621625763012 ) ) ;
#9691 = ADVANCED_FACE ( 'NONE', ( #7032 ), #4901, .T. ) ;
#9692 = ADVANCED_FACE ( 'NONE', ( #3317 ), #946, .F. ) ;
#9693 = CARTESIAN_POINT ( 'NONE',  ( -0.6683696653167962021, 3.800000000000000266, -0.007837783470107224926 ) ) ;
#9694 = DIRECTION ( 'NONE',  ( 1.000000000000000000, -0.0000000000000000000, -8.673617379884036705E-17 ) ) ;
#9695 = SURFACE_SIDE_STYLE ('',( #8865 ) ) ;
#9696 = CARTESIAN_POINT ( 'NONE',  ( -0.9315598284204266166, 3.790000000000000036, -0.4524182806441018334 ) ) ;
#9697 = LINE ( 'NONE', #2096, #2802 ) ;
#9698 = VERTEX_POINT ( 'NONE', #2309 ) ;
#9699 = VERTEX_POINT ( 'NONE', #9020 ) ;
#9700 = EDGE_LOOP ( 'NONE', ( #8727, #581, #7440, #3584 ) ) ;
#9701 = ADVANCED_FACE ( 'NONE', ( #3885 ), #5150, .T. ) ;
#9702 =( LENGTH_UNIT ( ) NAMED_UNIT ( * ) SI_UNIT ( .MILLI., .METRE. ) );
#9703 = FACE_OUTER_BOUND ( 'NONE', #85, .T. ) ;
#9704 = CARTESIAN_POINT ( 'NONE',  ( 5.499999999999999112, 3.799999999999999822, -4.500000000000001776 ) ) ;
#9705 = CARTESIAN_POINT ( 'NONE',  ( 4.999999999999996447, 0.0000000000000000000, -5.000000000000000888 ) ) ;
#9706 = FACE_OUTER_BOUND ( 'NONE', #7212, .T. ) ;
#9707 = ORIENTED_EDGE ( 'NONE', *, *, #8821, .F. ) ;
#9708 = EDGE_LOOP ( 'NONE', ( #3752, #4992, #1460, #7356 ) ) ;
#9709 =( GEOMETRIC_REPRESENTATION_CONTEXT ( 3 ) GLOBAL_UNCERTAINTY_ASSIGNED_CONTEXT ( ( #262 ) ) GLOBAL_UNIT_ASSIGNED_CONTEXT ( ( #3181, #909, #6819 ) ) REPRESENTATION_CONTEXT ( 'NONE', 'WORKASPACE' ) );
#9710 = EDGE_CURVE ( 'NONE', #6277, #5917, #5146, .T. ) ;
#9711 = CARTESIAN_POINT ( 'NONE',  ( 3.305657686912931492, 3.789999999999998703, -0.3427520411281699264 ) ) ;
#9713 =( NAMED_UNIT ( * ) SI_UNIT ( $, .STERADIAN. ) SOLID_ANGLE_UNIT ( ) );
#9712 = CARTESIAN_POINT ( 'NONE',  ( -5.500000000000000888, 3.799999999999999822, -5.000000000000000888 ) ) ;
#9714 = CARTESIAN_POINT ( 'NONE',  ( -5.500000000000000888, 0.0000000000000000000, -5.000000000000000888 ) ) ;
#9715 = STYLED_ITEM ( 'NONE', ( #5706 ), #1509 ) ;
#9716 = ORIENTED_EDGE ( 'NONE', *, *, #8366, .T. ) ;
#9717 = CARTESIAN_POINT ( 'NONE',  ( 3.720202992092394023, 3.799999999999999822, 0.04710095012512902773 ) ) ;
#9718 = CARTESIAN_POINT ( 'NONE',  ( 2.103130200689170781, 3.799999999999999822, 0.1645680294739878535 ) ) ;
#9719 = CARTESIAN_POINT ( 'NONE',  ( -2.213130341240939991, 3.799999999999999822, -0.3338285370543582209 ) ) ;
#9720 = CARTESIAN_POINT ( 'NONE',  ( 3.569999999999999396, 1.900000000000000355, -1.249999999999999556 ) ) ;
#9721 = CARTESIAN_POINT ( 'NONE',  ( -0.9285726215184478827, 3.789999999999999591, 0.2325748787438218501 ) ) ;
#9722 = CARTESIAN_POINT ( 'NONE',  ( 5.500000000000000000, 1.399999999999999911, 0.3499999999999995337 ) ) ;
#9723 = DIRECTION ( 'NONE',  ( -0.0000000000000000000, 1.000000000000000000, -0.0000000000000000000 ) ) ;
#9724 = UNCERTAINTY_MEASURE_WITH_UNIT (LENGTH_MEASURE( 1.000000000000000082E-05 ), #7302, 'distance_accuracy_value', 'NONE');
#9725 = CARTESIAN_POINT ( 'NONE',  ( -0.4131303412409393916, 3.790000000000000036, -0.5569054601312812824 ) ) ;
#9726 = FILL_AREA_STYLE_COLOUR ( '', #7687 ) ;
#9727 = MECHANICAL_DESIGN_GEOMETRIC_PRESENTATION_REPRESENTATION (  '', ( #3362 ), #3226 ) ;
#9728 = ORIENTED_EDGE ( 'NONE', *, *, #5766, .T. ) ;
#9729 = VECTOR ( 'NONE', #7761, 1000.000000000000000 ) ;
#9730 = ADVANCED_FACE ( 'NONE', ( #5031 ), #8372, .F. ) ;
#9731 = FILL_AREA_STYLE_COLOUR ( '', #6100 ) ;
#9732 = CARTESIAN_POINT ( 'NONE',  ( 1.417003717024246212, 3.799999999999999378, -0.04914469658553778653 ) ) ;
#9733 = ORIENTED_EDGE ( 'NONE', *, *, #2068, .F. ) ;
#9734 = EDGE_CURVE ( 'NONE', #6303, #6465, #5021, .T. ) ;
#9735 = CARTESIAN_POINT ( 'NONE',  ( 1.691241375650337719, 3.790000000000000480, 0.1811908712876173499 ) ) ;
#9736 = VERTEX_POINT ( 'NONE', #1784 ) ;
#9737 = CARTESIAN_POINT ( 'NONE',  ( -0.9525334825125656435, 3.789999999999999147, -0.4582180933151702162 ) ) ;
#9738 = VERTEX_POINT ( 'NONE', #1049 ) ;
ENDSEC;
END-ISO-10303-21;

