ISO-10303-21;
HEADER;
FILE_DESCRIPTION (( 'STEP AP214' ),
    '1' );
FILE_NAME ('AP63301QWU-7.STEP',
    '2026-07-01T22:34:00',
    ( '' ),
    ( '' ),
    'SwSTEP 2.0',
    'SolidWorks 2025',
    '' );
FILE_SCHEMA (( 'AUTOMOTIVE_DESIGN' ));
ENDSEC;

DATA;
#1 = CARTESIAN_POINT ( 'NONE',  ( 0.9430415250725630028, 0.3717982897422579813, 0.7625000000000000666 ) ) ;
#2 =( NAMED_UNIT ( * ) SI_UNIT ( $, .STERADIAN. ) SOLID_ANGLE_UNIT ( ) );
#3 = PRESENTATION_STYLE_ASSIGNMENT (( #62 ) ) ;
#4 = VERTEX_POINT ( 'NONE', #3324 ) ;
#5 = FILL_AREA_STYLE ('',( #4042 ) ) ;
#6 = LINE ( 'NONE', #442, #3854 ) ;
#7 = ORIENTED_EDGE ( 'NONE', *, *, #4532, .T. ) ;
#8 = EDGE_CURVE ( 'NONE', #2583, #516, #445, .T. ) ;
#9 = ORIENTED_EDGE ( 'NONE', *, *, #3294, .T. ) ;
#10 = CARTESIAN_POINT ( 'NONE',  ( 0.7600980242526479413, 0.9139173100960069629, -1.311071217378486198 ) ) ;
#11 = CARTESIAN_POINT ( 'NONE',  ( 1.041004020899719995, 0.3786484947654800148, 0.1875000000000000000 ) ) ;
#12 = PRESENTATION_LAYER_ASSIGNMENT (  '', '', ( #4144 ) ) ;
#13 = VECTOR ( 'NONE', #2444, 1000.000000000000000 ) ;
#14 = DIRECTION ( 'NONE',  ( 0.06975647374412562163, -0.9975640502598241977, 0.000000000000000000 ) ) ;
#15 =( LENGTH_UNIT ( ) NAMED_UNIT ( * ) SI_UNIT ( .MILLI., .METRE. ) );
#16 = CIRCLE ( 'NONE', #3080, 0.09820171025774271367 ) ;
#17 = ADVANCED_FACE ( 'NONE', ( #2166 ), #350, .T. ) ;
#18 = ORIENTED_EDGE ( 'NONE', *, *, #836, .T. ) ;
#19 = PLANE ( 'NONE',  #821 ) ;
#20 = PLANE ( 'NONE',  #2623 ) ;
#21 = COLOUR_RGB ( '',0.2980392156862745057, 0.2980392156862745057, 0.2980392156862745057 ) ;
#22 = STYLED_ITEM ( 'NONE', ( #4379 ), #627 ) ;
#23 = EDGE_CURVE ( 'NONE', #4747, #3759, #3690, .T. ) ;
#24 = ORIENTED_EDGE ( 'NONE', *, *, #3692, .F. ) ;
#25 = CARTESIAN_POINT ( 'NONE',  ( 0.6610712173784919488, 0.1000000000000000056, 1.298973084285955926 ) ) ;
#26 = CIRCLE ( 'NONE', #2702, 0.2582017102577424672 ) ;
#27 = PLANE ( 'NONE',  #489 ) ;
#28 = MECHANICAL_DESIGN_GEOMETRIC_PRESENTATION_REPRESENTATION (  '', ( #2080 ), #2793 ) ;
#29 = VECTOR ( 'NONE', #1895, 1000.000000000000000 ) ;
#30 = CARTESIAN_POINT ( 'NONE',  ( -0.7028548130214949952, 0.6026942686694419793, 1.352854813021491909 ) ) ;
#31 = DIRECTION ( 'NONE',  ( 0.06975647374412462243, -0.9975640502598243087, 0.000000000000000000 ) ) ;
#32 = VERTEX_POINT ( 'NONE', #4071 ) ;
#33 = DIRECTION ( 'NONE',  ( 0.000000000000000000, 0.000000000000000000, -1.000000000000000000 ) ) ;
#34 = DIRECTION ( 'NONE',  ( 0.000000000000000000, 0.000000000000000000, -1.000000000000000000 ) ) ;
#35 = PRODUCT_DEFINITION_CONTEXT ( 'detailed design', #2505, 'design' ) ;
#36 = ORIENTED_EDGE ( 'NONE', *, *, #2268, .F. ) ;
#37 = AXIS2_PLACEMENT_3D ( 'NONE', #1281, #3439, #833 ) ;
#38 = ORIENTED_EDGE ( 'NONE', *, *, #2374, .T. ) ;
#39 = VERTEX_POINT ( 'NONE', #1502 ) ;
#40 = DIRECTION ( 'NONE',  ( -0.9975640502598243087, -0.06975647374412462243, 0.000000000000000000 ) ) ;
#41 = AXIS2_PLACEMENT_3D ( 'NONE', #3129, #3107, #4510 ) ;
#42 = CARTESIAN_POINT ( 'NONE',  ( 0.6610712173784919488, 0.2000000000000000111, 1.311071217378489973 ) ) ;
#43 = SHAPE_DEFINITION_REPRESENTATION ( #94, #3023 ) ;
#44 = CARTESIAN_POINT ( 'NONE',  ( 0.7999953098994629919, 0.4699666282006559892, -1.350968503025300249 ) ) ;
#45 = AXIS2_PLACEMENT_3D ( 'NONE', #1374, #2844, #301 ) ;
#46 = CIRCLE ( 'NONE', #2721, 0.2582017102577424672 ) ;
#47 = ORIENTED_EDGE ( 'NONE', *, *, #4498, .T. ) ;
#48 = DIRECTION ( 'NONE',  ( -0.000000000000000000, 1.000000000000000000, 0.000000000000000000 ) ) ;
#49 = MECHANICAL_DESIGN_GEOMETRIC_PRESENTATION_REPRESENTATION (  '', ( #3572 ), #2405 ) ;
#50 = FILL_AREA_STYLE_COLOUR ( '', #477 ) ;
#51 = FACE_OUTER_BOUND ( 'NONE', #1036, .T. ) ;
#52 = FILL_AREA_STYLE ('',( #3332 ) ) ;
#53 = ADVANCED_FACE ( 'NONE', ( #4048 ), #2236, .T. ) ;
#54 = PRESENTATION_LAYER_ASSIGNMENT (  '', '', ( #3573 ) ) ;
#55 = STYLED_ITEM ( 'NONE', ( #2354 ), #2705 ) ;
#56 = ORIENTED_EDGE ( 'NONE', *, *, #4488, .T. ) ;
#57 = LINE ( 'NONE', #2584, #496 ) ;
#58 = LINE ( 'NONE', #2290, #2226 ) ;
#59 = CARTESIAN_POINT ( 'NONE',  ( 0.7586486870849811215, 0.4659915519849464061, -1.449436649370097641 ) ) ;
#60 = ADVANCED_FACE ( 'NONE', ( #2622 ), #2596, .T. ) ;
#61 = CARTESIAN_POINT ( 'NONE',  ( -1.200614268941289975, 0.3898095305645404851, -0.1875000000000000000 ) ) ;
#62 = SURFACE_STYLE_USAGE ( .BOTH. , #773 ) ;
#63 = LINE ( 'NONE', #1562, #870 ) ;
#64 = ORIENTED_EDGE ( 'NONE', *, *, #2238, .F. ) ;
#65 = ORIENTED_EDGE ( 'NONE', *, *, #1308, .T. ) ;
#66 = EDGE_LOOP ( 'NONE', ( #65, #2858, #3319, #2246 ) ) ;
#67 = SURFACE_STYLE_USAGE ( .BOTH. , #2543 ) ;
#68 = DIRECTION ( 'NONE',  ( 0.000000000000000000, 0.000000000000000000, -1.000000000000000000 ) ) ;
#69 = LINE ( 'NONE', #1835, #121 ) ;
#70 = VERTEX_POINT ( 'NONE', #3668 ) ;
#71 = SURFACE_SIDE_STYLE ('',( #4407 ) ) ;
#72 = CARTESIAN_POINT ( 'NONE',  ( -1.300722538845504150, 0.1700487449951270102, 0.1875000000000000000 ) ) ;
#73 = FILL_AREA_STYLE ('',( #4517 ) ) ;
#74 = DIRECTION ( 'NONE',  ( 1.000000000000000000, 0.000000000000000000, 0.000000000000000000 ) ) ;
#75 = ORIENTED_EDGE ( 'NONE', *, *, #4708, .F. ) ;
#76 = ADVANCED_FACE ( 'NONE', ( #1468 ), #4093, .T. ) ;
#77 = AXIS2_PLACEMENT_3D ( 'NONE', #331, #717, #2504 ) ;
#78 = ADVANCED_FACE ( 'NONE', ( #1903 ), #2542, .T. ) ;
#79 = CARTESIAN_POINT ( 'NONE',  ( -0.6610712173784929480, 0.9000000000000000222, -1.311071217378483977 ) ) ;
#80 = CARTESIAN_POINT ( 'NONE',  ( 1.449999999999999956, 0.1596102480415720060, 1.137499999999999956 ) ) ;
#81 = VERTEX_POINT ( 'NONE', #4736 ) ;
#82 = EDGE_CURVE ( 'NONE', #2981, #1455, #2949, .T. ) ;
#83 = VERTEX_POINT ( 'NONE', #10 ) ;
#84 = CARTESIAN_POINT ( 'NONE',  ( -0.9430415250725630028, 0.3717982897422579813, 0.1875000000000000000 ) ) ;
#85 =( NAMED_UNIT ( * ) SI_UNIT ( $, .STERADIAN. ) SOLID_ANGLE_UNIT ( ) );
#86 = PRODUCT_CONTEXT ( 'NONE', #3403, 'mechanical' ) ;
#87 = ORIENTED_EDGE ( 'NONE', *, *, #1444, .T. ) ;
#89 =( LENGTH_UNIT ( ) NAMED_UNIT ( * ) SI_UNIT ( .MILLI., .METRE. ) );
#88 = VECTOR ( 'NONE', #1813, 1000.000000000000000 ) ;
#90 = DIRECTION ( 'NONE',  ( 0.000000000000000000, 0.000000000000000000, 1.000000000000000000 ) ) ;
#91 = DIRECTION ( 'NONE',  ( 0.000000000000000000, 1.000000000000000000, 0.000000000000000000 ) ) ;
#92 =( LENGTH_UNIT ( ) NAMED_UNIT ( * ) SI_UNIT ( .MILLI., .METRE. ) );
#93 = VECTOR ( 'NONE', #311, 1000.000000000000000 ) ;
#94 = PRODUCT_DEFINITION_SHAPE ( 'NONE', 'NONE',  #4368 ) ;
#95 = ORIENTED_EDGE ( 'NONE', *, *, #2004, .T. ) ;
#96 = CARTESIAN_POINT ( 'NONE',  ( 0.7006456775161007400, 0.6300111240200704232, -1.449998436620926201 ) ) ;
#97 = CARTESIAN_POINT ( 'NONE',  ( -0.6610712173784929480, 1.000000000000000000, 1.298973084285955926 ) ) ;
#98 = CIRCLE ( 'NONE', #1923, 0.2582017102577425782 ) ;
#99 = CARTESIAN_POINT ( 'NONE',  ( -0.7003228406507567838, 0.4699999999999998623, -1.449999999999992850 ) ) ;
#100 = ADVANCED_FACE ( 'NONE', ( #2941 ), #1119, .F. ) ;
#101 = AXIS2_PLACEMENT_3D ( 'NONE', #248, #1232, #3081 ) ;
#102 = FACE_OUTER_BOUND ( 'NONE', #2042, .T. ) ;
#103 = CIRCLE ( 'NONE', #1324, 0.1000000000000000472 ) ;
#104 = CARTESIAN_POINT ( 'NONE',  ( 1.289561503046444013, 0.01043849695355493837, -0.7625000000000000666 ) ) ;
#105 = ORIENTED_EDGE ( 'NONE', *, *, #3940, .F. ) ;
#106 = EDGE_CURVE ( 'NONE', #3359, #356, #4186, .T. ) ;
#107 = VECTOR ( 'NONE', #2760, 1000.000000000000000 ) ;
#108 = VERTEX_POINT ( 'NONE', #110 ) ;
#109 = VERTEX_POINT ( 'NONE', #2279 ) ;
#110 = CARTESIAN_POINT ( 'NONE',  ( -0.6999999999999999556, 0.4699999999999999734, 1.449999999999999956 ) ) ;
#111 = CARTESIAN_POINT ( 'NONE',  ( -1.300722538845504150, 0.1700487449951270102, -0.1875000000000000000 ) ) ;
#112 = CARTESIAN_POINT ( 'NONE',  ( 1.041004020899719995, 0.3786484947654800148, 0.7625000000000000666 ) ) ;
#113 = ADVANCED_FACE ( 'NONE', ( #3849 ), #3831, .F. ) ;
#114 = PRESENTATION_LAYER_ASSIGNMENT (  '', '', ( #3027 ) ) ;
#115 = VERTEX_POINT ( 'NONE', #905 ) ;
#116 = PLANE ( 'NONE',  #136 ) ;
#117 = SURFACE_STYLE_USAGE ( .BOTH. , #2285 ) ;
#118 = CARTESIAN_POINT ( 'NONE',  ( 0.000000000000000000, 0.9000000000000000222, -1.311071217378483977 ) ) ;
#119 = DIRECTION ( 'NONE',  ( 0.000000000000000000, 0.000000000000000000, 1.000000000000000000 ) ) ;
#120 = AXIS2_PLACEMENT_3D ( 'NONE', #4167, #546, #475 ) ;
#121 = VECTOR ( 'NONE', #1505, 1000.000000000000114 ) ;
#122 = ORIENTED_EDGE ( 'NONE', *, *, #4492, .F. ) ;
#123 = DIRECTION ( 'NONE',  ( 0.000000000000000000, 0.000000000000000000, 1.000000000000000000 ) ) ;
#124 = LINE ( 'NONE', #2662, #4390 ) ;
#125 = PRESENTATION_LAYER_ASSIGNMENT (  '', '', ( #2182 ) ) ;
#126 =( GEOMETRIC_REPRESENTATION_CONTEXT ( 3 ) GLOBAL_UNCERTAINTY_ASSIGNED_CONTEXT ( ( #3076 ) ) GLOBAL_UNIT_ASSIGNED_CONTEXT ( ( #1182, #3777, #4085 ) ) REPRESENTATION_CONTEXT ( 'NONE', 'WORKASPACE' ) );
#127 = FACE_OUTER_BOUND ( 'NONE', #719, .T. ) ;
#128 = DIRECTION ( 'NONE',  ( 0.000000000000000000, 1.000000000000000000, 0.000000000000000000 ) ) ;
#129 = CARTESIAN_POINT ( 'NONE',  ( 0.8000000000000000444, 0.6300000000000000044, -0.1875000000000000000 ) ) ;
#130 = ORIENTED_EDGE ( 'NONE', *, *, #2985, .F. ) ;
#131 = VERTEX_POINT ( 'NONE', #924 ) ;
#132 = CARTESIAN_POINT ( 'NONE',  ( 1.438838964200940040, 1.626303258728255172E-16, -0.7625000000000000666 ) ) ;
#133 = ADVANCED_FACE ( 'NONE', ( #1566 ), #2349, .F. ) ;
#134 = SURFACE_STYLE_FILL_AREA ( #2668 ) ;
#135 = CARTESIAN_POINT ( 'NONE',  ( -0.9430415250725630028, 0.4699999999999999734, 1.137499999999999956 ) ) ;
#136 = AXIS2_PLACEMENT_3D ( 'NONE', #182, #2673, #2726 ) ;
#137 = ORIENTED_EDGE ( 'NONE', *, *, #3003, .F. ) ;
#138 =( NAMED_UNIT ( * ) SI_UNIT ( $, .STERADIAN. ) SOLID_ANGLE_UNIT ( ) );
#139 = EDGE_CURVE ( 'NONE', #2841, #516, #1639, .T. ) ;
#140 =( LENGTH_UNIT ( ) NAMED_UNIT ( * ) SI_UNIT ( .MILLI., .METRE. ) );
#141 = LINE ( 'NONE', #1217, #3933 ) ;
#142 = LINE ( 'NONE', #2701, #2475 ) ;
#143 = VERTEX_POINT ( 'NONE', #537 ) ;
#144 = EDGE_CURVE ( 'NONE', #4190, #1067, #723, .T. ) ;
#145 = SPHERICAL_SURFACE ( 'NONE', #3707, 0.1000000000000000056 ) ;
#146 = CARTESIAN_POINT ( 'NONE',  ( -0.8000000000000000444, 0.6300000000000000044, -1.449999999999999956 ) ) ;
#147 = CARTESIAN_POINT ( 'NONE',  ( -1.438838964200940040, 1.626303258728255172E-16, -0.1875000000000000000 ) ) ;
#148 = PLANE ( 'NONE',  #426 ) ;
#149 = SURFACE_SIDE_STYLE ('',( #458 ) ) ;
#150 = UNCERTAINTY_MEASURE_WITH_UNIT (LENGTH_MEASURE( 1.000000000000000082E-05 ), #1979, 'distance_accuracy_value', 'NONE');
#151 = DIRECTION ( 'NONE',  ( -0.000000000000000000, 1.000000000000000000, 0.000000000000000000 ) ) ;
#152 = UNCERTAINTY_MEASURE_WITH_UNIT (LENGTH_MEASURE( 1.000000000000000082E-05 ), #3985, 'distance_accuracy_value', 'NONE');
#153 = ORIENTED_EDGE ( 'NONE', *, *, #3269, .F. ) ;
#154 = CARTESIAN_POINT ( 'NONE',  ( -0.8000000000000000444, 0.6300000000000000044, 1.137499999999999956 ) ) ;
#155 = SURFACE_SIDE_STYLE ('',( #2332 ) ) ;
#156 = EDGE_CURVE ( 'NONE', #4468, #2996, #3333, .T. ) ;
#157 = VERTEX_POINT ( 'NONE', #2370 ) ;
#158 = CARTESIAN_POINT ( 'NONE',  ( 0.9430415250725630028, 0.3717982897422579813, 0.7625000000000000666 ) ) ;
#159 = CARTESIAN_POINT ( 'NONE',  ( 0.9430415250725630028, 0.3717982897422579813, 0.1875000000000000000 ) ) ;
#160 = LINE ( 'NONE', #2730, #3617 ) ;
#161 = CARTESIAN_POINT ( 'NONE',  ( 1.209610248041572023, 0.2611610357990599707, 0.1875000000000000000 ) ) ;
#162 = EDGE_CURVE ( 'NONE', #3759, #4347, #3037, .T. ) ;
#163 = ORIENTED_EDGE ( 'NONE', *, *, #1387, .T. ) ;
#164 =( NAMED_UNIT ( * ) SI_UNIT ( $, .STERADIAN. ) SOLID_ANGLE_UNIT ( ) );
#165 = DIRECTION ( 'NONE',  ( -0.9975640502598243087, 0.06975647374412372037, 0.000000000000000000 ) ) ;
#166 = CARTESIAN_POINT ( 'NONE',  ( 0.8000000000000000444, 0.4699999999999999734, 0.1875000000000000000 ) ) ;
#167 = VECTOR ( 'NONE', #2322, 1000.000000000000000 ) ;
#168 = AXIS2_PLACEMENT_3D ( 'NONE', #1167, #1212, #2281 ) ;
#169 = DIRECTION ( 'NONE',  ( 0.000000000000000000, 0.000000000000000000, -1.000000000000000000 ) ) ;
#170 = ADVANCED_FACE ( 'NONE', ( #3486 ), #493, .F. ) ;
#171 = MECHANICAL_DESIGN_GEOMETRIC_PRESENTATION_REPRESENTATION (  '', ( #2380 ), #2697 ) ;
#172 = CARTESIAN_POINT ( 'NONE',  ( 0.000000000000000000, 0.9000000000000000222, 1.311071217378491971 ) ) ;
#173 = FACE_OUTER_BOUND ( 'NONE', #4615, .T. ) ;
#174 = DIRECTION ( 'NONE',  ( 0.000000000000000000, 0.000000000000000000, -1.000000000000000000 ) ) ;
#175 = PRESENTATION_LAYER_ASSIGNMENT (  '', '', ( #3461 ) ) ;
#176 = VERTEX_POINT ( 'NONE', #132 ) ;
#177 = FACE_OUTER_BOUND ( 'NONE', #2360, .T. ) ;
#178 =( LENGTH_UNIT ( ) NAMED_UNIT ( * ) SI_UNIT ( .MILLI., .METRE. ) );
#179 = SURFACE_STYLE_USAGE ( .BOTH. , #3879 ) ;
#180 = CIRCLE ( 'NONE', #798, 0.09820171025774261653 ) ;
#181 = ORIENTED_EDGE ( 'NONE', *, *, #3294, .F. ) ;
#182 = CARTESIAN_POINT ( 'NONE',  ( -1.200614268941289975, 0.3898095305645404851, -0.7625000000000000666 ) ) ;
#183 = DIRECTION ( 'NONE',  ( 0.000000000000000000, 1.000000000000000000, 0.000000000000000000 ) ) ;
#184 = DIRECTION ( 'NONE',  ( -0.1378445374916290045, -0.9808148484639889197, 0.1378445374916290045 ) ) ;
#185 = LINE ( 'NONE', #3062, #3260 ) ;
#186 = EDGE_LOOP ( 'NONE', ( #3367, #3868, #1749, #3217 ) ) ;
#187 = FILL_AREA_STYLE_COLOUR ( '', #3385 ) ;
#188 = ADVANCED_FACE ( 'NONE', ( #2649 ), #2720, .F. ) ;
#189 =( NAMED_UNIT ( * ) SI_UNIT ( $, .STERADIAN. ) SOLID_ANGLE_UNIT ( ) );
#190 = AXIS2_PLACEMENT_3D ( 'NONE', #3118, #3821, #3402 ) ;
#191 = CARTESIAN_POINT ( 'NONE',  ( 1.449999999999999956, 0.1596102480415720060, 0.1875000000000000000 ) ) ;
#192 = LINE ( 'NONE', #1655, #1859 ) ;
#193 =( BOUNDED_CURVE ( )  B_SPLINE_CURVE ( 3, ( #4130, #3805, #556, #1606 ),
 .UNSPECIFIED., .F., .F. ) 
 B_SPLINE_CURVE_WITH_KNOTS ( ( 4, 4 ),
 ( 3.131907471921324682, 3.141592653589795336 ),
 .UNSPECIFIED. ) 
 CURVE ( )  GEOMETRIC_REPRESENTATION_ITEM ( )  RATIONAL_B_SPLINE_CURVE ( ( 1.000000000000000000, 0.9999921831199470867, 0.9999921831199470867, 1.000000000000000000 ) ) 
 REPRESENTATION_ITEM ( '' )  );
#194 = VECTOR ( 'NONE', #196, 1000.000000000000000 ) ;
#195 = ORIENTED_EDGE ( 'NONE', *, *, #1627, .T. ) ;
#196 = DIRECTION ( 'NONE',  ( 0.000000000000000000, 0.000000000000000000, -1.000000000000000000 ) ) ;
#197 = CARTESIAN_POINT ( 'NONE',  ( 0.7028548130214939960, 0.4833884212345520015, 1.451881619895650122 ) ) ;
#198 = ADVANCED_FACE ( 'NONE', ( #177 ), #3417, .F. ) ;
#199 = LINE ( 'NONE', #535, #4243 ) ;
#200 = MECHANICAL_DESIGN_GEOMETRIC_PRESENTATION_REPRESENTATION (  '', ( #895 ), #1885 ) ;
#201 = MECHANICAL_DESIGN_GEOMETRIC_PRESENTATION_REPRESENTATION (  '', ( #3496 ), #4111 ) ;
#202 = ORIENTED_EDGE ( 'NONE', *, *, #3867, .F. ) ;
#203 = CARTESIAN_POINT ( 'NONE',  ( 1.209610248041572023, 0.2611610357990599707, 1.137499999999999956 ) ) ;
#204 = DIRECTION ( 'NONE',  ( 0.000000000000000000, 0.000000000000000000, -1.000000000000000000 ) ) ;
#205 = DIRECTION ( 'NONE',  ( 0.000000000000000000, 0.000000000000000000, -1.000000000000000000 ) ) ;
#206 = ORIENTED_EDGE ( 'NONE', *, *, #8, .F. ) ;
#207 = DIRECTION ( 'NONE',  ( 0.1378445374916290045, -0.9808148484639889197, -0.1378445374916290045 ) ) ;
#208 = LINE ( 'NONE', #4495, #543 ) ;
#209 = CARTESIAN_POINT ( 'NONE',  ( 0.8000000000000000444, 0.4699999999999999734, -1.137499999999999956 ) ) ;
#210 = ORIENTED_EDGE ( 'NONE', *, *, #2502, .T. ) ;
#211 = CARTESIAN_POINT ( 'NONE',  ( -0.9430415250725630028, 0.6300000000000000044, -0.7625000000000000666 ) ) ;
#212 = SURFACE_STYLE_USAGE ( .BOTH. , #3822 ) ;
#213 = SURFACE_STYLE_FILL_AREA ( #1677 ) ;
#214 = VERTEX_POINT ( 'NONE', #3760 ) ;
#215 = EDGE_CURVE ( 'NONE', #176, #3929, #464, .T. ) ;
#216 = VERTEX_POINT ( 'NONE', #3078 ) ;
#217 = FILL_AREA_STYLE ('',( #1980 ) ) ;
#218 = LINE ( 'NONE', #2393, #2939 ) ;
#219 = EDGE_CURVE ( 'NONE', #1322, #2821, #3390, .T. ) ;
#220 = EDGE_LOOP ( 'NONE', ( #2784, #3729, #933, #4722, #4728, #289, #589, #1621, #1395, #1145, #349, #2023 ) ) ;
#221 = LINE ( 'NONE', #3203, #4096 ) ;
#222 = VECTOR ( 'NONE', #801, 1000.000000000000000 ) ;
#223 = CARTESIAN_POINT ( 'NONE',  ( -1.307572743868728127, 0.2680112408222825038, 0.1875000000000000000 ) ) ;
#224 = ORIENTED_EDGE ( 'NONE', *, *, #2090, .F. ) ;
#225 = EDGE_CURVE ( 'NONE', #4425, #81, #1965, .T. ) ;
#226 = ORIENTED_EDGE ( 'NONE', *, *, #1811, .F. ) ;
#227 = EDGE_LOOP ( 'NONE', ( #3146, #2837, #2191, #2172, #926, #1817 ) ) ;
#228 = CARTESIAN_POINT ( 'NONE',  ( -1.200614268941289975, 0.3898095305645404851, -0.7625000000000000666 ) ) ;
#229 = CARTESIAN_POINT ( 'NONE',  ( 1.289561503046444013, 0.01043849695355505980, 1.137499999999999956 ) ) ;
#230 = SURFACE_STYLE_USAGE ( .BOTH. , #2499 ) ;
#231 = EDGE_LOOP ( 'NONE', ( #2419, #1209, #3625, #909 ) ) ;
#232 = ORIENTED_EDGE ( 'NONE', *, *, #1738, .T. ) ;
#233 = CARTESIAN_POINT ( 'NONE',  ( -0.6724530265954450359, 0.8329315294077540566, -1.421479833469593945 ) ) ;
#234 = PLANE ( 'NONE',  #4149 ) ;
#235 = PRESENTATION_STYLE_ASSIGNMENT (( #1653 ) ) ;
#236 = CARTESIAN_POINT ( 'NONE',  ( 0.6610712173784919488, 0.9000000000000000222, 1.311071217378491971 ) ) ;
#237 = SURFACE_STYLE_FILL_AREA ( #1836 ) ;
#238 = EDGE_LOOP ( 'NONE', ( #2795, #3202, #4092 ) ) ;
#239 = DIRECTION ( 'NONE',  ( 1.000000000000000000, 0.000000000000000000, -2.168404344971010446E-15 ) ) ;
#240 = COLOUR_RGB ( '',0.8000000000000000444, 0.8196078431372548767, 0.9333333333333333481 ) ;
#241 = EDGE_CURVE ( 'NONE', #1358, #1290, #2693, .T. ) ;
#242 = CARTESIAN_POINT ( 'NONE',  ( -1.449999999999999956, 0.1596102480415720060, 0.7625000000000000666 ) ) ;
#243 = PRESENTATION_LAYER_ASSIGNMENT (  '', '', ( #782 ) ) ;
#244 = ORIENTED_EDGE ( 'NONE', *, *, #1966, .T. ) ;
#245 = CARTESIAN_POINT ( 'NONE',  ( -0.4500000000000000111, 1.000000000000000000, -1.199999999999999956 ) ) ;
#246 = CARTESIAN_POINT ( 'NONE',  ( -0.6489730842859580129, 0.1000000000000000056, 1.311071217378491971 ) ) ;
#247 = ADVANCED_FACE ( 'NONE', ( #1038 ), #975, .T. ) ;
#248 = CARTESIAN_POINT ( 'NONE',  ( 0.7028548130214931078, 0.4973057313305589977, -1.352854813021485914 ) ) ;
#249 = VECTOR ( 'NONE', #4690, 1000.000000000000114 ) ;
#250 = AXIS2_PLACEMENT_3D ( 'NONE', #2616, #2970, #1115 ) ;
#251 = ORIENTED_EDGE ( 'NONE', *, *, #4415, .T. ) ;
#252 = LINE ( 'NONE', #3569, #1078 ) ;
#253 = EDGE_CURVE ( 'NONE', #4349, #3240, #2489, .T. ) ;
#254 = CARTESIAN_POINT ( 'NONE',  ( 0.7999953098994639911, 0.4699666282006559892, 1.350968503025306022 ) ) ;
#255 = FILL_AREA_STYLE_COLOUR ( '', #4479 ) ;
#256 =( GEOMETRIC_REPRESENTATION_CONTEXT ( 3 ) GLOBAL_UNCERTAINTY_ASSIGNED_CONTEXT ( ( #1252 ) ) GLOBAL_UNIT_ASSIGNED_CONTEXT ( ( #15, #4272, #4354 ) ) REPRESENTATION_CONTEXT ( 'NONE', 'WORKASPACE' ) );
#257 = AXIS2_PLACEMENT_3D ( 'NONE', #3529, #2511, #3986 ) ;
#258 = VERTEX_POINT ( 'NONE', #317 ) ;
#259 = VECTOR ( 'NONE', #4647, 1000.000000000000000 ) ;
#260 = CARTESIAN_POINT ( 'NONE',  ( 0.8000000000000000444, 0.4699999999999999734, 1.449999999999999956 ) ) ;
#261 =( NAMED_UNIT ( * ) SI_UNIT ( $, .STERADIAN. ) SOLID_ANGLE_UNIT ( ) );
#262 = CARTESIAN_POINT ( 'NONE',  ( -0.7999953098994649903, 0.4699666282006559892, 1.350968503025306022 ) ) ;
#263 = CARTESIAN_POINT ( 'NONE',  ( 0.9430415250725630028, 0.3717982897422579813, -0.7625000000000000666 ) ) ;
#264 = EDGE_LOOP ( 'NONE', ( #2933, #2977, #684, #1027 ) ) ;
#265 = DIRECTION ( 'NONE',  ( 1.000000000000000000, 0.000000000000000000, 0.000000000000000000 ) ) ;
#266 = VECTOR ( 'NONE', #3140, 1000.000000000000000 ) ;
#267 = DIRECTION ( 'NONE',  ( 0.000000000000000000, 1.000000000000000000, 0.000000000000000000 ) ) ;
#268 =( NAMED_UNIT ( * ) SI_UNIT ( $, .STERADIAN. ) SOLID_ANGLE_UNIT ( ) );
#269 = AXIS2_PLACEMENT_3D ( 'NONE', #4546, #3818, #666 ) ;
#270 = AXIS2_PLACEMENT_3D ( 'NONE', #3582, #1727, #600 ) ;
#271 = VECTOR ( 'NONE', #3392, 1000.000000000000000 ) ;
#272 = ORIENTED_EDGE ( 'NONE', *, *, #2036, .T. ) ;
#273 = CARTESIAN_POINT ( 'NONE',  ( -1.449999999999999956, 0.1596102480415720060, -0.7625000000000000666 ) ) ;
#274 = CARTESIAN_POINT ( 'NONE',  ( 1.200614268941289975, 0.3898095305645404851, -0.7625000000000000666 ) ) ;
#275 =( GEOMETRIC_REPRESENTATION_CONTEXT ( 3 ) GLOBAL_UNCERTAINTY_ASSIGNED_CONTEXT ( ( #756 ) ) GLOBAL_UNIT_ASSIGNED_CONTEXT ( ( #3968, #3249, #3610 ) ) REPRESENTATION_CONTEXT ( 'NONE', 'WORKASPACE' ) );
#276 = EDGE_CURVE ( 'NONE', #1155, #1486, #3966, .T. ) ;
#277 = ORIENTED_EDGE ( 'NONE', *, *, #23, .T. ) ;
#278 = MECHANICAL_DESIGN_GEOMETRIC_PRESENTATION_REPRESENTATION (  '', ( #355 ), #2104 ) ;
#279 = DIRECTION ( 'NONE',  ( -0.06975647374412562163, -0.9975640502598241977, 0.000000000000000000 ) ) ;
#280 = CARTESIAN_POINT ( 'NONE',  ( 1.200614268941289975, 0.3898095305645404851, 0.1875000000000000000 ) ) ;
#281 = DIRECTION ( 'NONE',  ( 0.000000000000000000, 1.000000000000000000, 0.000000000000000000 ) ) ;
#282 = EDGE_CURVE ( 'NONE', #815, #157, #3587, .T. ) ;
#283 = ORIENTED_EDGE ( 'NONE', *, *, #3092, .T. ) ;
#284 = DIRECTION ( 'NONE',  ( -1.000000000000000000, -3.789816180775159986E-16, 0.000000000000000000 ) ) ;
#285 = LINE ( 'NONE', #1741, #1549 ) ;
#286 = CARTESIAN_POINT ( 'NONE',  ( 1.449999999999999956, 0.1596102480415720060, -1.137499999999999956 ) ) ;
#287 = DIRECTION ( 'NONE',  ( -1.000000000000000000, -3.789816180775159986E-16, 0.000000000000000000 ) ) ;
#288 = ADVANCED_FACE ( 'NONE', ( #3223 ), #2058, .F. ) ;
#289 = ORIENTED_EDGE ( 'NONE', *, *, #4099, .T. ) ;
#290 = SURFACE_STYLE_FILL_AREA ( #4362 ) ;
#291 = CARTESIAN_POINT ( 'NONE',  ( 0.8000000000000000444, 0.6300000000000000044, 1.350000000000000089 ) ) ;
#292 = ORIENTED_EDGE ( 'NONE', *, *, #2077, .F. ) ;
#293 = EDGE_LOOP ( 'NONE', ( #2500, #4152, #2725, #2243 ) ) ;
#294 = CARTESIAN_POINT ( 'NONE',  ( -1.307572743868728127, 0.2680112408222825038, 1.137499999999999956 ) ) ;
#295 = ORIENTED_EDGE ( 'NONE', *, *, #1721, .T. ) ;
#296 = ORIENTED_EDGE ( 'NONE', *, *, #1811, .T. ) ;
#297 = VECTOR ( 'NONE', #1961, 1000.000000000000000 ) ;
#298 = VERTEX_POINT ( 'NONE', #273 ) ;
#299 = CARTESIAN_POINT ( 'NONE',  ( -0.7999953098994649903, 0.4699666282006559892, -1.350968503025300249 ) ) ;
#300 = DIRECTION ( 'NONE',  ( 0.000000000000000000, 0.000000000000000000, -1.000000000000000000 ) ) ;
#301 = DIRECTION ( 'NONE',  ( 0.000000000000000000, 0.000000000000000000, -1.000000000000000000 ) ) ;
#302 = EDGE_CURVE ( 'NONE', #309, #815, #221, .T. ) ;
#303 = ORIENTED_EDGE ( 'NONE', *, *, #2056, .T. ) ;
#304 =( NAMED_UNIT ( * ) SI_UNIT ( $, .STERADIAN. ) SOLID_ANGLE_UNIT ( ) );
#305 = CARTESIAN_POINT ( 'NONE',  ( -0.8000000000000000444, 0.4699999999999999734, 0.7625000000000000666 ) ) ;
#306 = CARTESIAN_POINT ( 'NONE',  ( 1.300722538845504150, 0.1700487449951270102, 0.1875000000000000000 ) ) ;
#307 = ORIENTED_EDGE ( 'NONE', *, *, #4294, .F. ) ;
#308 = EDGE_CURVE ( 'NONE', #2150, #1018, #2133, .T. ) ;
#309 = VERTEX_POINT ( 'NONE', #3513 ) ;
#310 = DIRECTION ( 'NONE',  ( -0.9902680687415702510, -0.1391731009600658264, 0.000000000000000000 ) ) ;
#311 = DIRECTION ( 'NONE',  ( 0.000000000000000000, 0.000000000000000000, -1.000000000000000000 ) ) ;
#312 = FILL_AREA_STYLE ('',( #2129 ) ) ;
#313 = EDGE_CURVE ( 'NONE', #214, #108, #4674, .T. ) ;
#314 = VECTOR ( 'NONE', #4329, 1000.000000000000000 ) ;
#315 = VERTEX_POINT ( 'NONE', #245 ) ;
#316 = CARTESIAN_POINT ( 'NONE',  ( 0.8000000000000000444, 0.4699999999999999734, -1.449999999999999956 ) ) ;
#317 = CARTESIAN_POINT ( 'NONE',  ( 0.7600980242526490516, 0.1860826899039934867, 1.311071217378491971 ) ) ;
#318 = CARTESIAN_POINT ( 'NONE',  ( 0.6610712173784919488, 0.9000000000000000222, 1.311071217378491971 ) ) ;
#319 = DIRECTION ( 'NONE',  ( 0.000000000000000000, -1.000000000000000000, 0.000000000000000000 ) ) ;
#320 = VECTOR ( 'NONE', #1457, 1000.000000000000000 ) ;
#321 = ORIENTED_EDGE ( 'NONE', *, *, #3802, .T. ) ;
#322 = VECTOR ( 'NONE', #4450, 1000.000000000000000 ) ;
#323 = ORIENTED_EDGE ( 'NONE', *, *, #432, .T. ) ;
#324 = PRESENTATION_LAYER_ASSIGNMENT (  '', '', ( #2380 ) ) ;
#325 = CARTESIAN_POINT ( 'NONE',  ( -0.7009685030253079985, 0.4699666282006559892, -1.449995309899458018 ) ) ;
#326 = PLANE ( 'NONE',  #4079 ) ;
#327 = DIRECTION ( 'NONE',  ( 0.000000000000000000, 0.000000000000000000, -1.000000000000000000 ) ) ;
#328 = ORIENTED_EDGE ( 'NONE', *, *, #1589, .T. ) ;
#329 = PRESENTATION_STYLE_ASSIGNMENT (( #2899 ) ) ;
#330 = VECTOR ( 'NONE', #513, 1000.000000000000000 ) ;
#331 = CARTESIAN_POINT ( 'NONE',  ( -0.4500000000000000111, 0.9499999999999999556, -1.100000000000000089 ) ) ;
#332 = LINE ( 'NONE', #306, #899 ) ;
#333 = VECTOR ( 'NONE', #2709, 1000.000000000000000 ) ;
#334 = EDGE_LOOP ( 'NONE', ( #2957, #2256, #2852, #3506, #3585, #1565, #9, #1220 ) ) ;
#335 = EDGE_CURVE ( 'NONE', #1510, #2872, #2798, .T. ) ;
#336 = CARTESIAN_POINT ( 'NONE',  ( 1.300722538845504150, 0.1700487449951270102, 1.137499999999999956 ) ) ;
#337 =( LENGTH_UNIT ( ) NAMED_UNIT ( * ) SI_UNIT ( .MILLI., .METRE. ) );
#338 = VECTOR ( 'NONE', #3682, 1000.000000000000000 ) ;
#339 = ADVANCED_FACE ( 'NONE', ( #1302 ), #1686, .F. ) ;
#340 = DIRECTION ( 'NONE',  ( 0.1378445374916290322, -0.9808148484639891418, -0.1378445374916292265 ) ) ;
#341 = CARTESIAN_POINT ( 'NONE',  ( 0.7600980242526490516, 0.9139173100960069629, 1.298973084285955926 ) ) ;
#342 = ORIENTED_EDGE ( 'NONE', *, *, #876, .F. ) ;
#343 = DIRECTION ( 'NONE',  ( 0.000000000000000000, 0.000000000000000000, -1.000000000000000000 ) ) ;
#344 = LINE ( 'NONE', #1733, #1927 ) ;
#345 = AXIS2_PLACEMENT_3D ( 'NONE', #4622, #2809, #2427 ) ;
#346 = ORIENTED_EDGE ( 'NONE', *, *, #3950, .T. ) ;
#347 = AXIS2_PLACEMENT_3D ( 'NONE', #3615, #327, #2425 ) ;
#348 =( BOUNDED_CURVE ( )  B_SPLINE_CURVE ( 3, ( #2118, #4266, #1333, #592 ),
 .UNSPECIFIED., .F., .F. ) 
 B_SPLINE_CURVE_WITH_KNOTS ( ( 4, 4 ),
 ( -1.065814103640150121E-14, 0.009685181668469220254 ),
 .UNSPECIFIED. ) 
 CURVE ( )  GEOMETRIC_REPRESENTATION_ITEM ( )  RATIONAL_B_SPLINE_CURVE ( ( 1.000000000000000000, 0.9999921831199470867, 0.9999921831199470867, 1.000000000000000000 ) ) 
 REPRESENTATION_ITEM ( '' )  );
#349 = ORIENTED_EDGE ( 'NONE', *, *, #4731, .T. ) ;
#350 = PLANE ( 'NONE',  #1717 ) ;
#351 = CARTESIAN_POINT ( 'NONE',  ( 0.6999999999999999556, 0.6300000000000000044, 1.449999999999999956 ) ) ;
#352 = FACE_OUTER_BOUND ( 'NONE', #3618, .T. ) ;
#353 = CARTESIAN_POINT ( 'NONE',  ( -1.449999999999999956, 0.1596102480415720060, -0.7625000000000000666 ) ) ;
#354 = FACE_OUTER_BOUND ( 'NONE', #977, .T. ) ;
#355 = STYLED_ITEM ( 'NONE', ( #2811 ), #4148 ) ;
#356 = VERTEX_POINT ( 'NONE', #2460 ) ;
#358 = CARTESIAN_POINT ( 'NONE',  ( 0.000000000000000000, 1.000000000000000000, 0.000000000000000000 ) ) ;
#357 = AXIS2_PLACEMENT_3D ( 'NONE', #158, #2752, #3373 ) ;
#359 = CARTESIAN_POINT ( 'NONE',  ( 1.289561503046444013, 0.01043849695355493837, -1.137499999999999956 ) ) ;
#360 = LINE ( 'NONE', #2581, #2813 ) ;
#361 = ORIENTED_EDGE ( 'NONE', *, *, #3220, .T. ) ;
#362 = FACE_OUTER_BOUND ( 'NONE', #1063, .T. ) ;
#363 = CARTESIAN_POINT ( 'NONE',  ( 0.6610712173784919488, 0.9000000000000000222, -1.977199586343169933E-16 ) ) ;
#364 = AXIS2_PLACEMENT_3D ( 'NONE', #2132, #4593, #1774 ) ;
#365 = PLANE ( 'NONE',  #4011 ) ;
#366 = EDGE_CURVE ( 'NONE', #4514, #3983, #1015, .T. ) ;
#367 = DIRECTION ( 'NONE',  ( 2.990902544787605001E-16, -6.162975822039149940E-33, 1.000000000000000000 ) ) ;
#368 = ORIENTED_EDGE ( 'NONE', *, *, #2381, .F. ) ;
#369 = UNCERTAINTY_MEASURE_WITH_UNIT (LENGTH_MEASURE( 1.000000000000000082E-05 ), #4240, 'distance_accuracy_value', 'NONE');
#370 = ORIENTED_EDGE ( 'NONE', *, *, #253, .T. ) ;
#371 = EDGE_CURVE ( 'NONE', #2971, #2447, #3179, .T. ) ;
#372 = MANIFOLD_SOLID_BREP ( 'NONE', #1897 ) ;
#373 = ORIENTED_EDGE ( 'NONE', *, *, #162, .T. ) ;
#374 = ORIENTED_EDGE ( 'NONE', *, *, #4143, .T. ) ;
#375 =( LENGTH_UNIT ( ) NAMED_UNIT ( * ) SI_UNIT ( .MILLI., .METRE. ) );
#376 = FILL_AREA_STYLE_COLOUR ( '', #1694 ) ;
#377 = FACE_OUTER_BOUND ( 'NONE', #4355, .T. ) ;
#378 = CARTESIAN_POINT ( 'NONE',  ( -0.6999999999999999556, 0.4699999999999999734, -1.449999999999999956 ) ) ;
#379 = EDGE_CURVE ( 'NONE', #1256, #1845, #947, .T. ) ;
#380 = ORIENTED_EDGE ( 'NONE', *, *, #2125, .F. ) ;
#381 = DIRECTION ( 'NONE',  ( 0.000000000000000000, 0.000000000000000000, 1.000000000000000000 ) ) ;
#382 = CARTESIAN_POINT ( 'NONE',  ( 0.7028548130214939960, 0.4973057313305589977, 1.352854813021491909 ) ) ;
#383 = LINE ( 'NONE', #4102, #3348 ) ;
#384 = ORIENTED_EDGE ( 'NONE', *, *, #3895, .T. ) ;
#385 = SURFACE_STYLE_USAGE ( .BOTH. , #1893 ) ;
#386 = DIRECTION ( 'NONE',  ( 0.06975647374412562163, -0.9975640502598241977, 0.000000000000000000 ) ) ;
#387 = CARTESIAN_POINT ( 'NONE',  ( -1.307572743868728127, 0.2680112408222825038, 1.137499999999999956 ) ) ;
#388 = CARTESIAN_POINT ( 'NONE',  ( 0.9430415250725630028, 0.4699999999999999734, -0.7625000000000000666 ) ) ;
#389 = CARTESIAN_POINT ( 'NONE',  ( 0.8000000000000000444, 0.6300000000000000044, 1.137499999999999956 ) ) ;
#390 = ADVANCED_FACE ( 'NONE', ( #4063 ), #2589, .F. ) ;
#391 = ORIENTED_EDGE ( 'NONE', *, *, #1519, .T. ) ;
#392 = DIRECTION ( 'NONE',  ( -0.000000000000000000, 1.000000000000000000, 0.000000000000000000 ) ) ;
#393 = CARTESIAN_POINT ( 'NONE',  ( 0.7009685030253069993, 0.4699666282006539908, 1.449995309899462015 ) ) ;
#394 = VERTEX_POINT ( 'NONE', #1437 ) ;
#395 =( GEOMETRIC_REPRESENTATION_CONTEXT ( 3 ) GLOBAL_UNCERTAINTY_ASSIGNED_CONTEXT ( ( #2187 ) ) GLOBAL_UNIT_ASSIGNED_CONTEXT ( ( #4449, #3995, #4371 ) ) REPRESENTATION_CONTEXT ( 'NONE', 'WORKASPACE' ) );
#396 = ORIENTED_EDGE ( 'NONE', *, *, #3364, .T. ) ;
#397 = ORIENTED_EDGE ( 'NONE', *, *, #1438, .F. ) ;
#398 = CARTESIAN_POINT ( 'NONE',  ( -1.300722538845504150, 0.1700487449951270102, 1.137499999999999956 ) ) ;
#399 = EDGE_CURVE ( 'NONE', #32, #2901, #2534, .T. ) ;
#400 = STYLED_ITEM ( 'NONE', ( #2140 ), #1007 ) ;
#401 = LINE ( 'NONE', #2626, #322 ) ;
#402 = VECTOR ( 'NONE', #1558, 1000.000000000000000 ) ;
#403 = VERTEX_POINT ( 'NONE', #4441 ) ;
#404 = ADVANCED_FACE ( 'NONE', ( #2966 ), #1803, .F. ) ;
#405 = SURFACE_STYLE_FILL_AREA ( #2950 ) ;
#406 = CARTESIAN_POINT ( 'NONE',  ( -1.438838964200940040, 1.626303258728255172E-16, 0.7625000000000000666 ) ) ;
#407 = CARTESIAN_POINT ( 'NONE',  ( -0.9430415250725630028, 0.3717982897422579813, 0.7625000000000000666 ) ) ;
#408 = VECTOR ( 'NONE', #165, 1000.000000000000227 ) ;
#409 = ORIENTED_EDGE ( 'NONE', *, *, #1334, .F. ) ;
#410 = FILL_AREA_STYLE_COLOUR ( '', #2326 ) ;
#411 = AXIS2_PLACEMENT_3D ( 'NONE', #104, #3321, #34 ) ;
#412 = SURFACE_STYLE_FILL_AREA ( #2224 ) ;
#413 = VECTOR ( 'NONE', #1070, 1000.000000000000114 ) ;
#414 = VECTOR ( 'NONE', #3845, 1000.000000000000000 ) ;
#415 = VECTOR ( 'NONE', #2580, 1000.000000000000000 ) ;
#416 = CARTESIAN_POINT ( 'NONE',  ( 0.8000000000000000444, 0.6300000000000000044, 0.7625000000000000666 ) ) ;
#417 = EDGE_LOOP ( 'NONE', ( #3948, #1790, #1730, #38 ) ) ;
#418 = MANIFOLD_SOLID_BREP ( 'NONE', #1670 ) ;
#419 = UNCERTAINTY_MEASURE_WITH_UNIT (LENGTH_MEASURE( 1.000000000000000082E-05 ), #4352, 'distance_accuracy_value', 'NONE');
#420 = ORIENTED_EDGE ( 'NONE', *, *, #1619, .T. ) ;
#421 = ORIENTED_EDGE ( 'NONE', *, *, #4279, .T. ) ;
#422 = DIRECTION ( 'NONE',  ( 1.000000000000000000, 0.000000000000000000, 0.000000000000000000 ) ) ;
#423 = CARTESIAN_POINT ( 'NONE',  ( 0.9430415250725630028, 0.3717982897422579813, -1.137499999999999956 ) ) ;
#424 = VECTOR ( 'NONE', #1599, 1000.000000000000114 ) ;
#425 = EDGE_CURVE ( 'NONE', #732, #4468, #2986, .T. ) ;
#426 = AXIS2_PLACEMENT_3D ( 'NONE', #3507, #1605, #1585 ) ;
#427 = EDGE_LOOP ( 'NONE', ( #1947, #3970, #2692, #4706 ) ) ;
#428 = CARTESIAN_POINT ( 'NONE',  ( -0.4500000000000000111, 0.9499999999999999556, -1.000000000000000000 ) ) ;
#429 = CIRCLE ( 'NONE', #1729, 0.09820171025774261653 ) ;
#430 = CARTESIAN_POINT ( 'NONE',  ( 0.6610712173784919488, 0.9000000000000000222, 1.311071217378491971 ) ) ;
#431 = LINE ( 'NONE', #2267, #4189 ) ;
#432 = EDGE_CURVE ( 'NONE', #788, #993, #4210, .T. ) ;
#433 = AXIS2_PLACEMENT_3D ( 'NONE', #893, #2761, #2736 ) ;
#434 = ORIENTED_EDGE ( 'NONE', *, *, #3596, .T. ) ;
#435 = CARTESIAN_POINT ( 'NONE',  ( 0.6489730842859571247, 1.000000000000000000, 1.311071217378491971 ) ) ;
#436 = FILL_AREA_STYLE ('',( #1179 ) ) ;
#437 = CARTESIAN_POINT ( 'NONE',  ( 1.300722538845504150, 0.1700487449951270102, 1.137499999999999956 ) ) ;
#438 = EDGE_CURVE ( 'NONE', #1125, #4447, #1872, .T. ) ;
#439 = DIRECTION ( 'NONE',  ( 0.000000000000000000, 0.000000000000000000, -1.000000000000000000 ) ) ;
#440 = CARTESIAN_POINT ( 'NONE',  ( -1.209610248041572023, 0.2611610357990599707, 1.137499999999999956 ) ) ;
#441 = PRODUCT ( 'AP63301QWU-7', 'AP63301QWU-7', '', ( #86 ) ) ;
#442 = CARTESIAN_POINT ( 'NONE',  ( 0.8000000000000000444, 0.4699999999999999734, -0.7625000000000000666 ) ) ;
#443 = ORIENTED_EDGE ( 'NONE', *, *, #2830, .T. ) ;
#444 = ORIENTED_EDGE ( 'NONE', *, *, #1738, .F. ) ;
#445 = LINE ( 'NONE', #2193, #495 ) ;
#446 = DIRECTION ( 'NONE',  ( 0.000000000000000000, 0.000000000000000000, 1.000000000000000000 ) ) ;
#447 = CARTESIAN_POINT ( 'NONE',  ( 0.6999999999999999556, 0.6300000000000000044, -1.449999999999999956 ) ) ;
#448 = ORIENTED_EDGE ( 'NONE', *, *, #4294, .T. ) ;
#449 = FACE_OUTER_BOUND ( 'NONE', #2517, .T. ) ;
#450 = EDGE_CURVE ( 'NONE', #3869, #3531, #4702, .T. ) ;
#451 = DIRECTION ( 'NONE',  ( 0.000000000000000000, 0.000000000000000000, -1.000000000000000000 ) ) ;
#452 =( NAMED_UNIT ( * ) SI_UNIT ( $, .STERADIAN. ) SOLID_ANGLE_UNIT ( ) );
#453 = ORIENTED_EDGE ( 'NONE', *, *, #3003, .T. ) ;
#454 = LINE ( 'NONE', #3338, #3540 ) ;
#455 = ADVANCED_FACE ( 'NONE', ( #1898 ), #2908, .F. ) ;
#456 =( NAMED_UNIT ( * ) PLANE_ANGLE_UNIT ( ) SI_UNIT ( $, .RADIAN. ) );
#457 = CARTESIAN_POINT ( 'NONE',  ( 0.8000000000000000444, 0.6300000000000000044, -1.350000000000000089 ) ) ;
#458 = SURFACE_STYLE_FILL_AREA ( #1631 ) ;
#459 = EDGE_CURVE ( 'NONE', #4070, #2901, #3988, .T. ) ;
#460 = DIRECTION ( 'NONE',  ( 0.000000000000000000, -1.000000000000000000, 0.000000000000000000 ) ) ;
#461 = ORIENTED_EDGE ( 'NONE', *, *, #4382, .T. ) ;
#462 = ORIENTED_EDGE ( 'NONE', *, *, #308, .T. ) ;
#463 = ORIENTED_EDGE ( 'NONE', *, *, #3063, .F. ) ;
#464 = LINE ( 'NONE', #1921, #4631 ) ;
#465 = FILL_AREA_STYLE_COLOUR ( '', #3734 ) ;
#466 = FACE_OUTER_BOUND ( 'NONE', #2415, .T. ) ;
#467 = ORIENTED_EDGE ( 'NONE', *, *, #1483, .F. ) ;
#468 =( LENGTH_UNIT ( ) NAMED_UNIT ( * ) SI_UNIT ( .MILLI., .METRE. ) );
#469 = DIRECTION ( 'NONE',  ( 0.000000000000000000, 0.000000000000000000, 1.000000000000000000 ) ) ;
#470 = CARTESIAN_POINT ( 'NONE',  ( 0.8000000000000000444, 0.6300000000000000044, 1.350000000000000089 ) ) ;
#471 = PRESENTATION_STYLE_ASSIGNMENT (( #2288 ) ) ;
#472 = AXIS2_PLACEMENT_3D ( 'NONE', #3963, #267, #2834 ) ;
#473 = EDGE_CURVE ( 'NONE', #83, #4318, #1080, .T. ) ;
#474 = VERTEX_POINT ( 'NONE', #1461 ) ;
#475 = DIRECTION ( 'NONE',  ( 1.000000000000000000, 0.000000000000000000, 0.000000000000000000 ) ) ;
#476 = DIRECTION ( 'NONE',  ( 1.000000000000000000, 0.000000000000000000, 0.000000000000000000 ) ) ;
#477 = COLOUR_RGB ( '',0.2980392156862745057, 0.2980392156862745057, 0.2980392156862745057 ) ;
#478 = CARTESIAN_POINT ( 'NONE',  ( -0.8000000000000000444, 0.6300000000000000044, -1.350000000000000089 ) ) ;
#479 = VECTOR ( 'NONE', #3297, 1000.000000000000000 ) ;
#480 = ADVANCED_FACE ( 'NONE', ( #4392 ), #1112, .F. ) ;
#481 = CARTESIAN_POINT ( 'NONE',  ( -0.8000000000000000444, 0.6300000000000000044, -0.1875000000000000000 ) ) ;
#482 = CARTESIAN_POINT ( 'NONE',  ( -1.449999999999999956, 0.1596102480415720060, 0.1875000000000000000 ) ) ;
#483 = LINE ( 'NONE', #2295, #3292 ) ;
#484 = AXIS2_PLACEMENT_3D ( 'NONE', #1448, #2050, #965 ) ;
#485 = AXIS2_PLACEMENT_3D ( 'NONE', #973, #4229, #2744 ) ;
#486 = SURFACE_STYLE_USAGE ( .BOTH. , #4255 ) ;
#487 = ORIENTED_EDGE ( 'NONE', *, *, #3340, .F. ) ;
#488 = ADVANCED_FACE ( 'NONE', ( #173 ), #1277, .F. ) ;
#489 = AXIS2_PLACEMENT_3D ( 'NONE', #437, #3290, #4387 ) ;
#490 = UNCERTAINTY_MEASURE_WITH_UNIT (LENGTH_MEASURE( 1.000000000000000082E-05 ), #3648, 'distance_accuracy_value', 'NONE');
#491 =( GEOMETRIC_REPRESENTATION_CONTEXT ( 3 ) GLOBAL_UNCERTAINTY_ASSIGNED_CONTEXT ( ( #691 ) ) GLOBAL_UNIT_ASSIGNED_CONTEXT ( ( #4455, #2998, #4140 ) ) REPRESENTATION_CONTEXT ( 'NONE', 'WORKASPACE' ) );
#492 = ORIENTED_EDGE ( 'NONE', *, *, #450, .T. ) ;
#493 = PLANE ( 'NONE',  #2955 ) ;
#494 = LINE ( 'NONE', #2306, #2925 ) ;
#495 = VECTOR ( 'NONE', #1526, 1000.000000000000114 ) ;
#496 = VECTOR ( 'NONE', #4361, 1000.000000000000227 ) ;
#497 = VECTOR ( 'NONE', #4320, 1000.000000000000000 ) ;
#498 = VERTEX_POINT ( 'NONE', #3101 ) ;
#499 = CARTESIAN_POINT ( 'NONE',  ( 1.041004020899719995, 0.3786484947654800148, 1.137499999999999956 ) ) ;
#500 = CARTESIAN_POINT ( 'NONE',  ( -0.7600980242526499397, 0.9139173100960069629, -1.311071217378486198 ) ) ;
#501 = AXIS2_PLACEMENT_3D ( 'NONE', #1342, #3930, #310 ) ;
#502 = CIRCLE ( 'NONE', #2642, 0.2582017102577424672 ) ;
#503 = EDGE_LOOP ( 'NONE', ( #3667, #3354, #4509, #3780, #122, #1643, #7, #1118 ) ) ;
#504 = FILL_AREA_STYLE ('',( #1556 ) ) ;
#505 = FACE_OUTER_BOUND ( 'NONE', #3816, .T. ) ;
#506 = DIRECTION ( 'NONE',  ( 0.000000000000000000, -1.000000000000000000, 0.000000000000000000 ) ) ;
#507 = PRESENTATION_LAYER_ASSIGNMENT (  '', '', ( #4642 ) ) ;
#508 = CARTESIAN_POINT ( 'NONE',  ( -1.050000000000000044, 0.2500000000000000000, 1.137499999999999956 ) ) ;
#509 =( GEOMETRIC_REPRESENTATION_CONTEXT ( 3 ) GLOBAL_UNCERTAINTY_ASSIGNED_CONTEXT ( ( #1900 ) ) GLOBAL_UNIT_ASSIGNED_CONTEXT ( ( #964, #3525, #1271 ) ) REPRESENTATION_CONTEXT ( 'NONE', 'WORKASPACE' ) );
#510 = SURFACE_STYLE_FILL_AREA ( #217 ) ;
#511 = LINE ( 'NONE', #872, #297 ) ;
#512 = EDGE_CURVE ( 'NONE', #4360, #727, #4506, .T. ) ;
#513 = DIRECTION ( 'NONE',  ( 0.000000000000000000, 0.000000000000000000, -1.000000000000000000 ) ) ;
#514 = VERTEX_POINT ( 'NONE', #4531 ) ;
#515 = MANIFOLD_SOLID_BREP ( 'NONE', #2713 ) ;
#516 = VERTEX_POINT ( 'NONE', #3827 ) ;
#517 = DIRECTION ( 'NONE',  ( -1.000000000000000000, 0.000000000000000000, 0.000000000000000000 ) ) ;
#518 = CARTESIAN_POINT ( 'NONE',  ( -1.449999999999999956, 0.1596102480415720060, 1.137499999999999956 ) ) ;
#519 = ADVANCED_FACE ( 'NONE', ( #3806 ), #533, .T. ) ;
#520 = FACE_OUTER_BOUND ( 'NONE', #3604, .T. ) ;
#521 = VECTOR ( 'NONE', #4726, 1000.000000000000000 ) ;
#522 = ORIENTED_EDGE ( 'NONE', *, *, #1304, .F. ) ;
#523 = FACE_OUTER_BOUND ( 'NONE', #1185, .T. ) ;
#524 = EDGE_CURVE ( 'NONE', #3848, #4340, #483, .T. ) ;
#525 = CARTESIAN_POINT ( 'NONE',  ( -0.9430415250725630028, 0.6300000000000000044, -1.137499999999999956 ) ) ;
#526 = LINE ( 'NONE', #161, #4709 ) ;
#527 = VERTEX_POINT ( 'NONE', #129 ) ;
#528 =( NAMED_UNIT ( * ) PLANE_ANGLE_UNIT ( ) SI_UNIT ( $, .RADIAN. ) );
#529 = LINE ( 'NONE', #3449, #4304 ) ;
#530 = FILL_AREA_STYLE ('',( #4599 ) ) ;
#531 = LINE ( 'NONE', #3773, #1862 ) ;
#532 = DIRECTION ( 'NONE',  ( -1.000000000000000000, 0.000000000000000000, 0.000000000000000000 ) ) ;
#533 = CYLINDRICAL_SURFACE ( 'NONE', #2431, 0.2582017102577425782 ) ;
#534 = UNCERTAINTY_MEASURE_WITH_UNIT (LENGTH_MEASURE( 1.000000000000000082E-05 ), #2409, 'distance_accuracy_value', 'NONE');
#535 = CARTESIAN_POINT ( 'NONE',  ( -0.9430415250725630028, 0.4699999999999999734, -0.7625000000000000666 ) ) ;
#536 = VERTEX_POINT ( 'NONE', #1586 ) ;
#537 = CARTESIAN_POINT ( 'NONE',  ( 0.6610712173784919488, 0.1000000000000000056, 1.311071217378489973 ) ) ;
#538 = FILL_AREA_STYLE ('',( #4590 ) ) ;
#539 = EDGE_CURVE ( 'NONE', #2461, #2081, #511, .T. ) ;
#540 = ORIENTED_EDGE ( 'NONE', *, *, #3476, .T. ) ;
#541 = DIRECTION ( 'NONE',  ( -0.1378445374916290045, -0.9808148484639889197, -0.1378445374916290045 ) ) ;
#542 = LINE ( 'NONE', #1618, #3410 ) ;
#543 = VECTOR ( 'NONE', #3837, 1000.000000000000000 ) ;
#544 = EDGE_CURVE ( 'NONE', #1582, #1796, #1981, .T. ) ;
#545 = ORIENTED_EDGE ( 'NONE', *, *, #4350, .F. ) ;
#546 = DIRECTION ( 'NONE',  ( 0.000000000000000000, 0.000000000000000000, -1.000000000000000000 ) ) ;
#547 =( LENGTH_UNIT ( ) NAMED_UNIT ( * ) SI_UNIT ( .MILLI., .METRE. ) );
#548 =( NAMED_UNIT ( * ) PLANE_ANGLE_UNIT ( ) SI_UNIT ( $, .RADIAN. ) );
#549 = CARTESIAN_POINT ( 'NONE',  ( -0.8000000000000000444, 0.6300000000000000044, 0.7625000000000000666 ) ) ;
#550 = VECTOR ( 'NONE', #4697, 1000.000000000000000 ) ;
#551 = STYLED_ITEM ( 'NONE', ( #3370 ), #1135 ) ;
#552 = CARTESIAN_POINT ( 'NONE',  ( -0.8000000000000000444, 0.6300000000000000044, 0.1875000000000000000 ) ) ;
#553 = ORIENTED_EDGE ( 'NONE', *, *, #2682, .F. ) ;
#554 = AXIS2_PLACEMENT_3D ( 'NONE', #2847, #4688, #1404 ) ;
#555 = DIRECTION ( 'NONE',  ( -0.06975647374412562163, -0.9975640502598241977, 0.000000000000000000 ) ) ;
#556 = CARTESIAN_POINT ( 'NONE',  ( 0.7999999999999983791, 0.4699999999999998623, -1.350322840650747924 ) ) ;
#557 = CARTESIAN_POINT ( 'NONE',  ( -0.8000000000000000444, 0.4699999999999999734, 1.137499999999999956 ) ) ;
#558 = FACE_OUTER_BOUND ( 'NONE', #186, .T. ) ;
#559 = CIRCLE ( 'NONE', #4007, 0.1000000000000000472 ) ;
#560 = ORIENTED_EDGE ( 'NONE', *, *, #4139, .T. ) ;
#561 = DIRECTION ( 'NONE',  ( 0.000000000000000000, 0.000000000000000000, -1.000000000000000000 ) ) ;
#562 = PRESENTATION_LAYER_ASSIGNMENT (  '', '', ( #3018 ) ) ;
#563 = DIRECTION ( 'NONE',  ( -1.000000000000000000, 0.000000000000000000, 0.000000000000000000 ) ) ;
#564 = CYLINDRICAL_SURFACE ( 'NONE', #2242, 0.1000000000000000472 ) ;
#565 = AXIS2_PLACEMENT_3D ( 'NONE', #263, #1316, #3280 ) ;
#566 = ORIENTED_EDGE ( 'NONE', *, *, #4119, .F. ) ;
#567 = CARTESIAN_POINT ( 'NONE',  ( 1.438838964200940040, 1.626303258728255172E-16, 0.1875000000000000000 ) ) ;
#568 = CARTESIAN_POINT ( 'NONE',  ( 0.8000000000000000444, 0.6300000000000000044, -1.350000000000000089 ) ) ;
#569 = CARTESIAN_POINT ( 'NONE',  ( 0.7586486870849811215, 0.4659915519849457399, 1.449436649370102748 ) ) ;
#570 = CARTESIAN_POINT ( 'NONE',  ( -0.6610712173784929480, 0.9139173100960069629, 1.410098024252649740 ) ) ;
#571 = EDGE_CURVE ( 'NONE', #593, #686, #3481, .T. ) ;
#572 = PRESENTATION_LAYER_ASSIGNMENT (  '', '', ( #3800 ) ) ;
#573 = EDGE_LOOP ( 'NONE', ( #4126, #1214, #2160, #1171 ) ) ;
#574 = DIRECTION ( 'NONE',  ( 0.000000000000000000, 0.000000000000000000, 1.000000000000000000 ) ) ;
#575 = CYLINDRICAL_SURFACE ( 'NONE', #2652, 0.1000000000000000472 ) ;
#576 = LINE ( 'NONE', #3451, #2466 ) ;
#577 = EDGE_CURVE ( 'NONE', #3663, #1825, #3215, .T. ) ;
#578 = VECTOR ( 'NONE', #3794, 1000.000000000000000 ) ;
#579 = EDGE_LOOP ( 'NONE', ( #4047, #4602, #2508, #3846 ) ) ;
#580 = DIRECTION ( 'NONE',  ( 1.000000000000000000, 3.789816180775159986E-16, 0.000000000000000000 ) ) ;
#581 = MECHANICAL_DESIGN_GEOMETRIC_PRESENTATION_REPRESENTATION (  '', ( #1310 ), #2963 ) ;
#582 = CARTESIAN_POINT ( 'NONE',  ( -0.8000000000000000444, 0.6300000000000000044, -1.137499999999999956 ) ) ;
#583 = EDGE_CURVE ( 'NONE', #599, #2775, #943, .T. ) ;
#584 = VECTOR ( 'NONE', #1154, 1000.000000000000000 ) ;
#585 = ORIENTED_EDGE ( 'NONE', *, *, #4435, .T. ) ;
#586 = SURFACE_STYLE_FILL_AREA ( #654 ) ;
#587 = DIRECTION ( 'NONE',  ( -1.000000000000000000, 0.000000000000000000, 0.000000000000000000 ) ) ;
#588 = ORIENTED_EDGE ( 'NONE', *, *, #4466, .T. ) ;
#589 = ORIENTED_EDGE ( 'NONE', *, *, #655, .T. ) ;
#590 = SURFACE_STYLE_USAGE ( .BOTH. , #1715 ) ;
#591 = CARTESIAN_POINT ( 'NONE',  ( 0.7028548130214931078, 0.6166115787654489200, -1.451881619895644127 ) ) ;
#592 = CARTESIAN_POINT ( 'NONE',  ( -0.7999953098994649903, 0.6300333717993450433, 1.350968503025306022 ) ) ;
#593 = VERTEX_POINT ( 'NONE', #3872 ) ;
#594 = DIRECTION ( 'NONE',  ( 0.000000000000000000, 0.000000000000000000, 1.000000000000000000 ) ) ;
#595 = EDGE_CURVE ( 'NONE', #3688, #4520, #2009, .T. ) ;
#596 =( NAMED_UNIT ( * ) PLANE_ANGLE_UNIT ( ) SI_UNIT ( $, .RADIAN. ) );
#597 = CARTESIAN_POINT ( 'NONE',  ( 1.300722538845504150, 0.1700487449951270102, -1.137499999999999956 ) ) ;
#598 = DIRECTION ( 'NONE',  ( -0.06975647374412551061, 0.9975640502598243087, 0.000000000000000000 ) ) ;
#599 = VERTEX_POINT ( 'NONE', #4337 ) ;
#600 = DIRECTION ( 'NONE',  ( 0.000000000000000000, 0.000000000000000000, 1.000000000000000000 ) ) ;
#601 = ADVANCED_FACE ( 'NONE', ( #2848 ), #3213, .F. ) ;
#602 = SURFACE_SIDE_STYLE ('',( #510 ) ) ;
#603 = CARTESIAN_POINT ( 'NONE',  ( 0.7999984366209336173, 0.6300111240200694240, 1.350645677516101095 ) ) ;
#604 = EDGE_CURVE ( 'NONE', #4202, #2096, #3601, .T. ) ;
#605 = EDGE_LOOP ( 'NONE', ( #1001, #3588, #4707, #1783 ) ) ;
#606 = DIRECTION ( 'NONE',  ( -0.9975640502598243087, 0.06975647374412563551, 0.000000000000000000 ) ) ;
#607 = MECHANICAL_DESIGN_GEOMETRIC_PRESENTATION_REPRESENTATION (  '', ( #4660 ), #3980 ) ;
#608 = CARTESIAN_POINT ( 'NONE',  ( 1.300722538845504150, 0.1700487449951270102, 1.137499999999999956 ) ) ;
#609 = VERTEX_POINT ( 'NONE', #2175 ) ;
#610 = LINE ( 'NONE', #4264, #4524 ) ;
#611 = DIRECTION ( 'NONE',  ( -1.000000000000000000, 0.000000000000000000, 0.000000000000000000 ) ) ;
#612 = ORIENTED_EDGE ( 'NONE', *, *, #3770, .F. ) ;
#613 = FILL_AREA_STYLE ('',( #1359 ) ) ;
#614 =( LENGTH_UNIT ( ) NAMED_UNIT ( * ) SI_UNIT ( .MILLI., .METRE. ) );
#615 = ORIENTED_EDGE ( 'NONE', *, *, #3189, .T. ) ;
#616 = SURFACE_SIDE_STYLE ('',( #3984 ) ) ;
#617 = VECTOR ( 'NONE', #183, 1000.000000000000000 ) ;
#618 = COLOUR_RGB ( '',0.2980392156862745057, 0.2980392156862745057, 0.2980392156862745057 ) ;
#619 = LINE ( 'NONE', #4657, #4389 ) ;
#620 = EDGE_CURVE ( 'NONE', #3929, #3423, #4002, .T. ) ;
#621 = ORIENTED_EDGE ( 'NONE', *, *, #1367, .F. ) ;
#622 =( NAMED_UNIT ( * ) PLANE_ANGLE_UNIT ( ) SI_UNIT ( $, .RADIAN. ) );
#623 = LINE ( 'NONE', #1350, #1801 ) ;
#624 = AXIS2_PLACEMENT_3D ( 'NONE', #4220, #892, #476 ) ;
#625 = DIRECTION ( 'NONE',  ( 0.000000000000000000, 1.000000000000000000, 0.000000000000000000 ) ) ;
#626 = ORIENTED_EDGE ( 'NONE', *, *, #836, .F. ) ;
#627 = ADVANCED_FACE ( 'NONE', ( #3285 ), #3621, .T. ) ;
#628 = PRESENTATION_LAYER_ASSIGNMENT (  '', '', ( #1175 ) ) ;
#629 = ORIENTED_EDGE ( 'NONE', *, *, #1438, .T. ) ;
#630 =( NAMED_UNIT ( * ) SI_UNIT ( $, .STERADIAN. ) SOLID_ANGLE_UNIT ( ) );
#631 = DIRECTION ( 'NONE',  ( 1.000000000000000000, 0.000000000000000000, 0.000000000000000000 ) ) ;
#632 = DIRECTION ( 'NONE',  ( 0.06975647374412562163, 0.9975640502598241977, 0.000000000000000000 ) ) ;
#633 = CIRCLE ( 'NONE', #4469, 0.2582017102577424672 ) ;
#634 = EDGE_CURVE ( 'NONE', #3642, #3423, #4744, .T. ) ;
#635 = AXIS2_PLACEMENT_3D ( 'NONE', #4526, #4502, #4146 ) ;
#636 = ORIENTED_EDGE ( 'NONE', *, *, #2356, .F. ) ;
#637 = PRESENTATION_STYLE_ASSIGNMENT (( #2829 ) ) ;
#638 = PRESENTATION_LAYER_ASSIGNMENT (  '', '', ( #878 ) ) ;
#639 = DIRECTION ( 'NONE',  ( -1.000000000000000000, 0.000000000000000000, 0.000000000000000000 ) ) ;
#640 = FILL_AREA_STYLE ('',( #4221 ) ) ;
#641 = DIRECTION ( 'NONE',  ( -0.9975640502598243087, 0.06975647374412462243, 0.000000000000000000 ) ) ;
#642 = VECTOR ( 'NONE', #40, 1000.000000000000000 ) ;
#643 = ORIENTED_EDGE ( 'NONE', *, *, #371, .F. ) ;
#644 = CARTESIAN_POINT ( 'NONE',  ( 0.6610712173784909496, 0.1000000000000000056, -1.311071217378483977 ) ) ;
#645 = AXIS2_PLACEMENT_3D ( 'NONE', #2879, #4341, #2903 ) ;
#646 = VECTOR ( 'NONE', #1731, 1000.000000000000000 ) ;
#647 = CARTESIAN_POINT ( 'NONE',  ( 0.7999953098994639911, 0.4699666282006559892, 1.350968503025306022 ) ) ;
#648 = LINE ( 'NONE', #2455, #1099 ) ;
#649 = AXIS2_PLACEMENT_3D ( 'NONE', #353, #2575, #3671 ) ;
#650 = COLOUR_RGB ( '',0.2980392156862745057, 0.2980392156862745057, 0.2980392156862745057 ) ;
#651 = AXIS2_PLACEMENT_3D ( 'NONE', #1611, #1258, #2722 ) ;
#652 = EDGE_LOOP ( 'NONE', ( #391, #4650, #1956, #2768 ) ) ;
#653 = CARTESIAN_POINT ( 'NONE',  ( 1.209610248041572023, 0.2611610357990599707, -0.7625000000000000666 ) ) ;
#654 = FILL_AREA_STYLE ('',( #4637 ) ) ;
#655 = EDGE_CURVE ( 'NONE', #4247, #3929, #2477, .T. ) ;
#656 = EDGE_LOOP ( 'NONE', ( #1669, #397, #3689, #857 ) ) ;
#657 = FACE_OUTER_BOUND ( 'NONE', #3758, .T. ) ;
#658 = PRESENTATION_STYLE_ASSIGNMENT (( #2085 ) ) ;
#659 = VERTEX_POINT ( 'NONE', #1742 ) ;
#660 = AXIS2_PLACEMENT_3D ( 'NONE', #146, #4169, #3168 ) ;
#661 = MECHANICAL_DESIGN_GEOMETRIC_PRESENTATION_REPRESENTATION (  '', ( #1354 ), #4274 ) ;
#662 = ORIENTED_EDGE ( 'NONE', *, *, #1387, .F. ) ;
#663 = ADVANCED_FACE ( 'NONE', ( #4433 ), #1173, .T. ) ;
#664 = CIRCLE ( 'NONE', #2107, 0.09999999999999997780 ) ;
#665 = DIRECTION ( 'NONE',  ( 0.000000000000000000, 0.000000000000000000, -1.000000000000000000 ) ) ;
#666 = DIRECTION ( 'NONE',  ( 0.000000000000000000, 0.000000000000000000, -1.000000000000000000 ) ) ;
#667 = ORIENTED_EDGE ( 'NONE', *, *, #3437, .F. ) ;
#668 = LINE ( 'NONE', #693, #266 ) ;
#669 = EDGE_CURVE ( 'NONE', #4557, #3429, #3725, .T. ) ;
#670 = CARTESIAN_POINT ( 'NONE',  ( 0.8000000000000000444, 0.4699999999999999734, 1.350000000000000089 ) ) ;
#671 = DIRECTION ( 'NONE',  ( 0.000000000000000000, 0.000000000000000000, -1.000000000000000000 ) ) ;
#672 = CARTESIAN_POINT ( 'NONE',  ( -0.7003228406507567838, 0.4699999999999998623, 1.449999999999998845 ) ) ;
#673 = ORIENTED_EDGE ( 'NONE', *, *, #2004, .F. ) ;
#674 = ORIENTED_EDGE ( 'NONE', *, *, #425, .T. ) ;
#675 = CARTESIAN_POINT ( 'NONE',  ( -1.438838964200940040, 1.626303258728255172E-16, 0.1875000000000000000 ) ) ;
#676 = CARTESIAN_POINT ( 'NONE',  ( -0.6999999999999999556, 0.6300000000000000044, -1.449999999999999956 ) ) ;
#677 = ORIENTED_EDGE ( 'NONE', *, *, #4699, .F. ) ;
#678 = SURFACE_STYLE_FILL_AREA ( #2488 ) ;
#679 = CARTESIAN_POINT ( 'NONE',  ( 1.289561503046444013, 0.01043849695355505980, 1.137499999999999956 ) ) ;
#680 = ORIENTED_EDGE ( 'NONE', *, *, #4267, .F. ) ;
#681 = PRESENTATION_STYLE_ASSIGNMENT (( #4421 ) ) ;
#682 = FACE_OUTER_BOUND ( 'NONE', #998, .T. ) ;
#683 = VERTEX_POINT ( 'NONE', #470 ) ;
#684 = ORIENTED_EDGE ( 'NONE', *, *, #1304, .T. ) ;
#685 =( BOUNDED_CURVE ( )  B_SPLINE_CURVE ( 3, ( #2639, #59, #2930, #2531 ),
 .UNSPECIFIED., .F., .F. ) 
 B_SPLINE_CURVE_WITH_KNOTS ( ( 4, 4 ),
 ( 5.507472325450609496, 7.058898288908570073 ),
 .UNSPECIFIED. ) 
 CURVE ( )  GEOMETRIC_REPRESENTATION_ITEM ( )  RATIONAL_B_SPLINE_CURVE ( ( 1.000000000000000000, 0.8092813118237089931, 0.8092813118237089931, 1.000000000000000000 ) ) 
 REPRESENTATION_ITEM ( '' )  );
#686 = VERTEX_POINT ( 'NONE', #2266 ) ;
#687 =( NAMED_UNIT ( * ) PLANE_ANGLE_UNIT ( ) SI_UNIT ( $, .RADIAN. ) );
#688 = DIRECTION ( 'NONE',  ( 0.000000000000000000, 1.000000000000000000, 0.000000000000000000 ) ) ;
#689 = DIRECTION ( 'NONE',  ( 1.000000000000000000, 0.000000000000000000, 0.000000000000000000 ) ) ;
#690 = EDGE_CURVE ( 'NONE', #1285, #315, #887, .T. ) ;
#691 = UNCERTAINTY_MEASURE_WITH_UNIT (LENGTH_MEASURE( 1.000000000000000082E-05 ), #4455, 'distance_accuracy_value', 'NONE');
#692 = ORIENTED_EDGE ( 'NONE', *, *, #2084, .T. ) ;
#693 = CARTESIAN_POINT ( 'NONE',  ( 0.8000000000000000444, 0.6300000000000000044, 1.137499999999999956 ) ) ;
#694 = LINE ( 'NONE', #3619, #4612 ) ;
#695 = VERTEX_POINT ( 'NONE', #4101 ) ;
#696 = EDGE_CURVE ( 'NONE', #1892, #4349, #2310, .T. ) ;
#697 = ORIENTED_EDGE ( 'NONE', *, *, #3776, .F. ) ;
#698 = DIRECTION ( 'NONE',  ( -3.789816180775159986E-16, 1.000000000000000000, 0.000000000000000000 ) ) ;
#699 = LINE ( 'NONE', #2435, #550 ) ;
#700 = SURFACE_STYLE_USAGE ( .BOTH. , #4633 ) ;
#701 = AXIS2_PLACEMENT_3D ( 'NONE', #2994, #2215, #1880 ) ;
#702 = FILL_AREA_STYLE_COLOUR ( '', #2967 ) ;
#703 = FILL_AREA_STYLE ('',( #3709 ) ) ;
#704 = EDGE_LOOP ( 'NONE', ( #4734, #1765, #3185, #4115 ) ) ;
#705 = LINE ( 'NONE', #2463, #1705 ) ;
#706 = PRESENTATION_LAYER_ASSIGNMENT (  '', '', ( #1546 ) ) ;
#707 = ORIENTED_EDGE ( 'NONE', *, *, #2077, .T. ) ;
#708 = AXIS2_PLACEMENT_3D ( 'NONE', #4685, #3231, #1399 ) ;
#709 = EDGE_LOOP ( 'NONE', ( #588, #1421 ) ) ;
#710 = FILL_AREA_STYLE ('',( #4426 ) ) ;
#711 = AXIS2_PLACEMENT_3D ( 'NONE', #1722, #4309, #3167 ) ;
#712 = CARTESIAN_POINT ( 'NONE',  ( 0.8000000000000000444, 0.6300000000000000044, -1.449999999999999956 ) ) ;
#713 = FACE_OUTER_BOUND ( 'NONE', #2075, .T. ) ;
#714 = VERTEX_POINT ( 'NONE', #819 ) ;
#715 =( NAMED_UNIT ( * ) PLANE_ANGLE_UNIT ( ) SI_UNIT ( $, .RADIAN. ) );
#716 = EDGE_CURVE ( 'NONE', #4318, #993, #4151, .T. ) ;
#717 = DIRECTION ( 'NONE',  ( 0.000000000000000000, 1.000000000000000000, 0.000000000000000000 ) ) ;
#718 = DIRECTION ( 'NONE',  ( 0.000000000000000000, 0.000000000000000000, -1.000000000000000000 ) ) ;
#719 = EDGE_LOOP ( 'NONE', ( #794, #346, #2307, #3106, #3116, #1081 ) ) ;
#720 = LINE ( 'NONE', #25, #2871 ) ;
#721 =( NAMED_UNIT ( * ) PLANE_ANGLE_UNIT ( ) SI_UNIT ( $, .RADIAN. ) );
#722 = EDGE_CURVE ( 'NONE', #4066, #1845, #3746, .T. ) ;
#723 = CIRCLE ( 'NONE', #41, 0.1000000000000000472 ) ;
#724 = DIRECTION ( 'NONE',  ( 0.9902680687415703620, -0.1391731009600658819, -2.961795286821071287E-16 ) ) ;
#725 =( NAMED_UNIT ( * ) PLANE_ANGLE_UNIT ( ) SI_UNIT ( $, .RADIAN. ) );
#726 = ADVANCED_FACE ( 'NONE', ( #2657 ), #2603, .F. ) ;
#727 = VERTEX_POINT ( 'NONE', #2287 ) ;
#728 = DIRECTION ( 'NONE',  ( -1.000000000000000000, 0.000000000000000000, -2.168404344971007685E-15 ) ) ;
#729 = VECTOR ( 'NONE', #3978, 1000.000000000000000 ) ;
#730 = ORIENTED_EDGE ( 'NONE', *, *, #366, .F. ) ;
#731 = AXIS2_PLACEMENT_3D ( 'NONE', #3137, #2358, #3858 ) ;
#732 = VERTEX_POINT ( 'NONE', #406 ) ;
#733 = ORIENTED_EDGE ( 'NONE', *, *, #2496, .F. ) ;
#734 = ORIENTED_EDGE ( 'NONE', *, *, #3102, .T. ) ;
#735 = CARTESIAN_POINT ( 'NONE',  ( -0.7028548130214949952, 0.4833884212345520015, -1.451881619895644127 ) ) ;
#736 = CARTESIAN_POINT ( 'NONE',  ( 1.289561503046444013, 0.01043849695355493837, -0.1875000000000000000 ) ) ;
#737 = DIRECTION ( 'NONE',  ( 0.06975647374412562163, 0.9975640502598241977, 0.000000000000000000 ) ) ;
#738 = DIRECTION ( 'NONE',  ( -1.000000000000000000, 0.000000000000000000, 0.000000000000000000 ) ) ;
#739 = VECTOR ( 'NONE', #3681, 1000.000000000000000 ) ;
#740 = CIRCLE ( 'NONE', #4035, 0.09820171025774271367 ) ;
#741 = ORIENTED_EDGE ( 'NONE', *, *, #1074, .T. ) ;
#743 = CARTESIAN_POINT ( 'NONE',  ( -0.8000000000000000444, 0.4699999999999999734, -1.449999999999999956 ) ) ;
#742 = CIRCLE ( 'NONE', #357, 0.2582017102577424672 ) ;
#744 =( LENGTH_UNIT ( ) NAMED_UNIT ( * ) SI_UNIT ( .MILLI., .METRE. ) );
#745 = CARTESIAN_POINT ( 'NONE',  ( 1.041004020899719995, 0.3786484947654800148, 1.137499999999999956 ) ) ;
#746 = EDGE_CURVE ( 'NONE', #3295, #403, #3399, .T. ) ;
#747 = EDGE_LOOP ( 'NONE', ( #4597, #1072, #3920, #1563 ) ) ;
#748 = FACE_OUTER_BOUND ( 'NONE', #2535, .T. ) ;
#749 =( LENGTH_UNIT ( ) NAMED_UNIT ( * ) SI_UNIT ( .MILLI., .METRE. ) );
#750 = STYLED_ITEM ( 'NONE', ( #1802 ), #2799 ) ;
#751 = FACE_OUTER_BOUND ( 'NONE', #427, .T. ) ;
#752 = EDGE_CURVE ( 'NONE', #832, #609, #2804, .T. ) ;
#753 = CARTESIAN_POINT ( 'NONE',  ( 1.041004020899719995, 0.3786484947654800148, -1.137499999999999956 ) ) ;
#754 = DIRECTION ( 'NONE',  ( -1.000000000000000000, 0.000000000000000000, 0.000000000000000000 ) ) ;
#755 = PRESENTATION_STYLE_ASSIGNMENT (( #1082 ) ) ;
#756 = UNCERTAINTY_MEASURE_WITH_UNIT (LENGTH_MEASURE( 1.000000000000000082E-05 ), #3968, 'distance_accuracy_value', 'NONE');
#757 = LINE ( 'NONE', #3384, #4537 ) ;
#758 = VERTEX_POINT ( 'NONE', #500 ) ;
#759 = EDGE_CURVE ( 'NONE', #4587, #1842, #141, .T. ) ;
#760 = EDGE_LOOP ( 'NONE', ( #3790, #3298, #939, #692 ) ) ;
#761 = ORIENTED_EDGE ( 'NONE', *, *, #3220, .F. ) ;
#762 = CARTESIAN_POINT ( 'NONE',  ( -1.307572743868728127, 0.2680112408222825038, 0.1875000000000000000 ) ) ;
#763 = PLANE ( 'NONE',  #2149 ) ;
#764 = CARTESIAN_POINT ( 'NONE',  ( -0.7600980242526499397, 0.1860826899039934867, -1.311071217378486198 ) ) ;
#765 = PRESENTATION_STYLE_ASSIGNMENT (( #2812 ) ) ;
#766 = VERTEX_POINT ( 'NONE', #1952 ) ;
#767 = LINE ( 'NONE', #2219, #2814 ) ;
#768 = CARTESIAN_POINT ( 'NONE',  ( 0.8000000000000000444, 0.6300000000000000044, 0.1875000000000000000 ) ) ;
#769 = VERTEX_POINT ( 'NONE', #3331 ) ;
#770 = FACE_OUTER_BOUND ( 'NONE', #1902, .T. ) ;
#771 = LINE ( 'NONE', #1518, #1102 ) ;
#772 = CARTESIAN_POINT ( 'NONE',  ( 1.200614268941289975, 0.3898095305645404851, -0.1875000000000000000 ) ) ;
#773 = SURFACE_SIDE_STYLE ('',( #2932 ) ) ;
#774 = CARTESIAN_POINT ( 'NONE',  ( -1.041004020899719995, 0.3786484947654800148, 0.7625000000000000666 ) ) ;
#775 = ADVANCED_FACE ( 'NONE', ( #51 ), #3884, .F. ) ;
#776 = CARTESIAN_POINT ( 'NONE',  ( 1.300722538845504150, 0.1700487449951270102, -0.7625000000000000666 ) ) ;
#777 = ORIENTED_EDGE ( 'NONE', *, *, #1334, .T. ) ;
#778 = PRESENTATION_LAYER_ASSIGNMENT (  '', '', ( #2689 ) ) ;
#779 = ORIENTED_EDGE ( 'NONE', *, *, #1101, .T. ) ;
#780 = ORIENTED_EDGE ( 'NONE', *, *, #4474, .T. ) ;
#781 = SURFACE_STYLE_USAGE ( .BOTH. , #1443 ) ;
#782 = STYLED_ITEM ( 'NONE', ( #3509 ), #2962 ) ;
#783 = AXIS2_PLACEMENT_3D ( 'NONE', #4428, #1147, #2598 ) ;
#784 = EDGE_CURVE ( 'NONE', #1427, #3749, #3291, .T. ) ;
#785 = DIRECTION ( 'NONE',  ( 0.000000000000000000, -1.000000000000000000, 0.000000000000000000 ) ) ;
#786 = PRESENTATION_STYLE_ASSIGNMENT (( #2976 ) ) ;
#787 = VECTOR ( 'NONE', #2316, 1000.000000000000000 ) ;
#788 = VERTEX_POINT ( 'NONE', #3543 ) ;
#789 =( NAMED_UNIT ( * ) SI_UNIT ( $, .STERADIAN. ) SOLID_ANGLE_UNIT ( ) );
#790 = CARTESIAN_POINT ( 'NONE',  ( 1.289561503046444013, 0.01043849695355505980, -1.137499999999999956 ) ) ;
#791 = SURFACE_STYLE_USAGE ( .BOTH. , #1598 ) ;
#792 = CARTESIAN_POINT ( 'NONE',  ( -0.6610712173784929480, 0.2000000000000000111, -1.311071217378483977 ) ) ;
#793 = MECHANICAL_DESIGN_GEOMETRIC_PRESENTATION_REPRESENTATION (  '', ( #1623 ), #2853 ) ;
#794 = ORIENTED_EDGE ( 'NONE', *, *, #2496, .T. ) ;
#795 = CARTESIAN_POINT ( 'NONE',  ( 1.200614268941289975, 0.3898095305645404851, 0.1875000000000000000 ) ) ;
#796 = COLOUR_RGB ( '',0.2980392156862745057, 0.2980392156862745057, 0.2980392156862745057 ) ;
#797 = LINE ( 'NONE', #1487, #1318 ) ;
#798 = AXIS2_PLACEMENT_3D ( 'NONE', #3864, #574, #2027 ) ;
#799 = VECTOR ( 'NONE', #1559, 1000.000000000000114 ) ;
#800 = DIRECTION ( 'NONE',  ( 0.9902680687415702510, -0.1391731009600661040, 0.000000000000000000 ) ) ;
#801 = DIRECTION ( 'NONE',  ( 0.000000000000000000, 0.000000000000000000, -1.000000000000000000 ) ) ;
#802 = LINE ( 'NONE', #1603, #2413 ) ;
#803 = CARTESIAN_POINT ( 'NONE',  ( 1.307572743868728127, 0.2680112408222825038, -0.7625000000000000666 ) ) ;
#804 = UNCERTAINTY_MEASURE_WITH_UNIT (LENGTH_MEASURE( 1.000000000000000082E-05 ), #3952, 'distance_accuracy_value', 'NONE');
#805 = ORIENTED_EDGE ( 'NONE', *, *, #1064, .T. ) ;
#806 = EDGE_CURVE ( 'NONE', #1455, #2636, #3445, .T. ) ;
#807 = ORIENTED_EDGE ( 'NONE', *, *, #2710, .F. ) ;
#808 =( NAMED_UNIT ( * ) PLANE_ANGLE_UNIT ( ) SI_UNIT ( $, .RADIAN. ) );
#809 = PRESENTATION_LAYER_ASSIGNMENT (  '', '', ( #4705 ) ) ;
#810 = DIRECTION ( 'NONE',  ( 0.000000000000000000, 1.000000000000000000, 0.000000000000000000 ) ) ;
#811 = DIRECTION ( 'NONE',  ( 0.000000000000000000, 0.000000000000000000, -1.000000000000000000 ) ) ;
#812 = LINE ( 'NONE', #1148, #3031 ) ;
#813 =( GEOMETRIC_REPRESENTATION_CONTEXT ( 3 ) GLOBAL_UNCERTAINTY_ASSIGNED_CONTEXT ( ( #804 ) ) GLOBAL_UNIT_ASSIGNED_CONTEXT ( ( #3952, #3975, #3595 ) ) REPRESENTATION_CONTEXT ( 'NONE', 'WORKASPACE' ) );
#814 = EDGE_CURVE ( 'NONE', #4340, #2909, #1646, .T. ) ;
#815 = VERTEX_POINT ( 'NONE', #229 ) ;
#816 = SURFACE_SIDE_STYLE ('',( #4098 ) ) ;
#817 = VECTOR ( 'NONE', #3488, 1000.000000000000000 ) ;
#818 = DIRECTION ( 'NONE',  ( 1.000000000000000000, 0.000000000000000000, 0.000000000000000000 ) ) ;
#819 = CARTESIAN_POINT ( 'NONE',  ( 0.7009685030253069993, 0.6300333717993460425, 1.449995309899462015 ) ) ;
#820 = MECHANICAL_DESIGN_GEOMETRIC_PRESENTATION_REPRESENTATION (  '', ( #3573 ), #2030 ) ;
#821 = AXIS2_PLACEMENT_3D ( 'NONE', #743, #1126, #2898 ) ;
#822 = ADVANCED_FACE ( 'NONE', ( #4545 ), #4241, .F. ) ;
#823 = ORIENTED_EDGE ( 'NONE', *, *, #583, .T. ) ;
#824 = DIRECTION ( 'NONE',  ( -2.990902544787605494E-16, 0.000000000000000000, -1.000000000000000000 ) ) ;
#825 = DIRECTION ( 'NONE',  ( -1.000000000000000000, 0.000000000000000000, 0.000000000000000000 ) ) ;
#826 = DIRECTION ( 'NONE',  ( 0.000000000000000000, 0.000000000000000000, -1.000000000000000000 ) ) ;
#827 =( LENGTH_UNIT ( ) NAMED_UNIT ( * ) SI_UNIT ( .MILLI., .METRE. ) );
#828 = CARTESIAN_POINT ( 'NONE',  ( -1.438838964200940040, 1.626303258728255172E-16, 1.137499999999999956 ) ) ;
#829 = ORIENTED_EDGE ( 'NONE', *, *, #722, .T. ) ;
#830 = ORIENTED_EDGE ( 'NONE', *, *, #1690, .T. ) ;
#831 = CLOSED_SHELL ( 'NONE', ( #4212, #3301, #4094, #404, #1856, #519, #1772, #4675, #1451, #3209, #2687, #247, #2244, #113 ) ) ;
#832 = VERTEX_POINT ( 'NONE', #1617 ) ;
#833 = DIRECTION ( 'NONE',  ( 0.000000000000000000, 0.000000000000000000, -1.000000000000000000 ) ) ;
#834 = CARTESIAN_POINT ( 'NONE',  ( -0.8000000000000000444, 0.6300000000000000044, 1.137499999999999956 ) ) ;
#835 = CARTESIAN_POINT ( 'NONE',  ( 0.000000000000000000, 0.2000000000000000111, -1.311071217378483977 ) ) ;
#836 = EDGE_CURVE ( 'NONE', #2828, #2426, #3136, .T. ) ;
#837 = EDGE_LOOP ( 'NONE', ( #4114, #3172, #2491, #2438 ) ) ;
#838 = FILL_AREA_STYLE_COLOUR ( '', #3344 ) ;
#839 = DIRECTION ( 'NONE',  ( -1.000000000000000000, 0.000000000000000000, 0.000000000000000000 ) ) ;
#840 = DIRECTION ( 'NONE',  ( -1.000000000000000000, 0.000000000000000000, 0.000000000000000000 ) ) ;
#841 = CARTESIAN_POINT ( 'NONE',  ( -1.438838964200940040, 1.626303258728255172E-16, -0.7625000000000000666 ) ) ;
#842 = EDGE_CURVE ( 'NONE', #3048, #2775, #3466, .T. ) ;
#843 = ORIENTED_EDGE ( 'NONE', *, *, #2745, .F. ) ;
#844 = CYLINDRICAL_SURFACE ( 'NONE', #2472, 0.1000000000000000472 ) ;
#845 = DIRECTION ( 'NONE',  ( -1.000000000000000000, 0.000000000000000000, 0.000000000000000000 ) ) ;
#846 = PLANE ( 'NONE',  #1253 ) ;
#847 = ADVANCED_FACE ( 'NONE', ( #4595 ), #2337, .T. ) ;
#848 = CARTESIAN_POINT ( 'NONE',  ( -0.7003228406507567838, 0.6300000000000002265, 1.449999999999998845 ) ) ;
#849 = DIRECTION ( 'NONE',  ( -1.000000000000000000, 0.000000000000000000, 0.000000000000000000 ) ) ;
#850 = FACE_OUTER_BOUND ( 'NONE', #1039, .T. ) ;
#851 = ORIENTED_EDGE ( 'NONE', *, *, #3197, .F. ) ;
#852 = VERTEX_POINT ( 'NONE', #525 ) ;
#853 = DIRECTION ( 'NONE',  ( 0.000000000000000000, 0.000000000000000000, 1.000000000000000000 ) ) ;
#854 = CARTESIAN_POINT ( 'NONE',  ( -0.8000000000000000444, 0.6300000000000000044, 1.350000000000000089 ) ) ;
#855 = DIRECTION ( 'NONE',  ( 0.000000000000000000, 0.000000000000000000, -1.000000000000000000 ) ) ;
#856 = UNCERTAINTY_MEASURE_WITH_UNIT (LENGTH_MEASURE( 1.000000000000000082E-05 ), #3489, 'distance_accuracy_value', 'NONE');
#857 = ORIENTED_EDGE ( 'NONE', *, *, #1512, .T. ) ;
#858 = FACE_OUTER_BOUND ( 'NONE', #3112, .T. ) ;
#859 = AXIS2_PLACEMENT_3D ( 'NONE', #2651, #446, #422 ) ;
#860 = LINE ( 'NONE', #3463, #617 ) ;
#861 = CARTESIAN_POINT ( 'NONE',  ( -1.050000000000000044, 0.2500000000000000000, -0.7625000000000000666 ) ) ;
#862 = CIRCLE ( 'NONE', #2376, 0.1000000000000000472 ) ;
#863 = VERTEX_POINT ( 'NONE', #2424 ) ;
#864 = SURFACE_SIDE_STYLE ('',( #1650 ) ) ;
#865 = EDGE_CURVE ( 'NONE', #4499, #4134, #1288, .T. ) ;
#866 = LINE ( 'NONE', #914, #787 ) ;
#867 =( GEOMETRIC_REPRESENTATION_CONTEXT ( 3 ) GLOBAL_UNCERTAINTY_ASSIGNED_CONTEXT ( ( #3639 ) ) GLOBAL_UNIT_ASSIGNED_CONTEXT ( ( #2579, #715, #4454 ) ) REPRESENTATION_CONTEXT ( 'NONE', 'WORKASPACE' ) );
#868 = COLOUR_RGB ( '',0.2980392156862745057, 0.2980392156862745057, 0.2980392156862745057 ) ;
#869 = DIRECTION ( 'NONE',  ( 0.06975647374412562163, 0.9975640502598241977, 0.000000000000000000 ) ) ;
#870 = VECTOR ( 'NONE', #2988, 1000.000000000000227 ) ;
#871 = EDGE_CURVE ( 'NONE', #3048, #258, #160, .T. ) ;
#872 = CARTESIAN_POINT ( 'NONE',  ( -0.4500000000000000111, 0.6671572875253809487, -1.199999999999999956 ) ) ;
#873 = STYLED_ITEM ( 'NONE', ( #786 ), #2034 ) ;
#874 = VECTOR ( 'NONE', #1346, 1000.000000000000227 ) ;
#875 = ORIENTED_EDGE ( 'NONE', *, *, #3149, .T. ) ;
#876 = EDGE_CURVE ( 'NONE', #1784, #4202, #1995, .T. ) ;
#877 = UNCERTAINTY_MEASURE_WITH_UNIT (LENGTH_MEASURE( 1.000000000000000082E-05 ), #4254, 'distance_accuracy_value', 'NONE');
#878 = STYLED_ITEM ( 'NONE', ( #3162 ), #847 ) ;
#879 = ORIENTED_EDGE ( 'NONE', *, *, #903, .T. ) ;
#880 = CARTESIAN_POINT ( 'NONE',  ( 1.200614268941289975, 0.3898095305645404851, -1.137499999999999956 ) ) ;
#881 = PRESENTATION_STYLE_ASSIGNMENT (( #906 ) ) ;
#882 = AXIS2_PLACEMENT_3D ( 'NONE', #84, #1189, #3276 ) ;
#883 = AXIS2_PLACEMENT_3D ( 'NONE', #1336, #3166, #981 ) ;
#884 = AXIS2_PLACEMENT_3D ( 'NONE', #2769, #4233, #1390 ) ;
#885 = VERTEX_POINT ( 'NONE', #280 ) ;
#886 = DIRECTION ( 'NONE',  ( 0.000000000000000000, 0.000000000000000000, -1.000000000000000000 ) ) ;
#887 = LINE ( 'NONE', #3061, #1469 ) ;
#888 = CARTESIAN_POINT ( 'NONE',  ( -1.200614268941289975, 0.3898095305645404851, 0.1875000000000000000 ) ) ;
#889 = AXIS2_PLACEMENT_3D ( 'NONE', #3479, #2389, #580 ) ;
#890 = AXIS2_PLACEMENT_3D ( 'NONE', #1904, #2371, #2350 ) ;
#891 = ORIENTED_EDGE ( 'NONE', *, *, #3919, .T. ) ;
#892 = DIRECTION ( 'NONE',  ( 0.000000000000000000, 0.000000000000000000, -1.000000000000000000 ) ) ;
#893 = CARTESIAN_POINT ( 'NONE',  ( 0.9430415250725630028, 0.3717982897422579813, 1.137499999999999956 ) ) ;
#894 = LINE ( 'NONE', #3801, #2944 ) ;
#895 = STYLED_ITEM ( 'NONE', ( #471 ), #4317 ) ;
#896 = VECTOR ( 'NONE', #128, 1000.000000000000000 ) ;
#897 = EDGE_CURVE ( 'NONE', #1018, #1125, #2377, .T. ) ;
#898 = CARTESIAN_POINT ( 'NONE',  ( 1.300722538845504150, 0.1700487449951270102, 1.137499999999999956 ) ) ;
#899 = VECTOR ( 'NONE', #1764, 1000.000000000000000 ) ;
#900 = SURFACE_STYLE_USAGE ( .BOTH. , #602 ) ;
#901 = DIRECTION ( 'NONE',  ( 1.000000000000000000, 0.000000000000000000, 0.000000000000000000 ) ) ;
#902 = DIRECTION ( 'NONE',  ( 1.000000000000000000, 0.000000000000000000, 0.000000000000000000 ) ) ;
#903 = EDGE_CURVE ( 'NONE', #1707, #1852, #4306, .T. ) ;
#904 = ORIENTED_EDGE ( 'NONE', *, *, #4345, .F. ) ;
#905 = CARTESIAN_POINT ( 'NONE',  ( -0.6610712173784929480, 0.1860826899039934867, 1.410098024252649740 ) ) ;
#906 = SURFACE_STYLE_USAGE ( .BOTH. , #1231 ) ;
#907 = DIRECTION ( 'NONE',  ( 0.9975640502598243087, 0.06975647374412563551, 0.000000000000000000 ) ) ;
#908 = ADVANCED_FACE ( 'NONE', ( #377 ), #326, .F. ) ;
#909 = ORIENTED_EDGE ( 'NONE', *, *, #925, .T. ) ;
#910 = CARTESIAN_POINT ( 'NONE',  ( 1.200614268941289975, 0.3898095305645404851, 0.1875000000000000000 ) ) ;
#911 = DIRECTION ( 'NONE',  ( -2.168404344971007685E-15, 0.000000000000000000, -1.000000000000000000 ) ) ;
#912 = ORIENTED_EDGE ( 'NONE', *, *, #2552, .T. ) ;
#913 = CARTESIAN_POINT ( 'NONE',  ( -0.4500000000000000111, 0.9499999999999999556, -1.100000000000000089 ) ) ;
#914 = CARTESIAN_POINT ( 'NONE',  ( 1.300722538845504150, 0.1700487449951270102, 0.1875000000000000000 ) ) ;
#915 = CYLINDRICAL_SURFACE ( 'NONE', #2857, 0.1000000000000000472 ) ;
#916 = LINE ( 'NONE', #2410, #4645 ) ;
#917 = DIRECTION ( 'NONE',  ( -0.1378445374916290045, 0.9808148484639889197, 0.1378445374916290045 ) ) ;
#918 = EDGE_LOOP ( 'NONE', ( #1720, #3139, #4232, #295, #680, #1352 ) ) ;
#919 = DIRECTION ( 'NONE',  ( 0.000000000000000000, 0.000000000000000000, -1.000000000000000000 ) ) ;
#920 =( NAMED_UNIT ( * ) SI_UNIT ( $, .STERADIAN. ) SOLID_ANGLE_UNIT ( ) );
#921 =( NAMED_UNIT ( * ) PLANE_ANGLE_UNIT ( ) SI_UNIT ( $, .RADIAN. ) );
#922 = DIRECTION ( 'NONE',  ( 0.000000000000000000, 0.000000000000000000, -1.000000000000000000 ) ) ;
#923 = VERTEX_POINT ( 'NONE', #1736 ) ;
#924 = CARTESIAN_POINT ( 'NONE',  ( -0.8000000000000000444, 0.4699999999999999734, 1.137499999999999956 ) ) ;
#925 = EDGE_CURVE ( 'NONE', #1117, #4608, #3570, .T. ) ;
#926 = ORIENTED_EDGE ( 'NONE', *, *, #3853, .F. ) ;
#927 = DIRECTION ( 'NONE',  ( 1.000000000000000000, 0.000000000000000000, 0.000000000000000000 ) ) ;
#928 = ADVANCED_FACE ( 'NONE', ( #352 ), #1091, .F. ) ;
#929 = CARTESIAN_POINT ( 'NONE',  ( -0.4500000000000000111, 0.6671572875253809487, -1.100000000000000089 ) ) ;
#930 = FILL_AREA_STYLE ('',( #955 ) ) ;
#931 = CARTESIAN_POINT ( 'NONE',  ( 1.307572743868728127, 0.2680112408222825038, 0.1875000000000000000 ) ) ;
#932 = MECHANICAL_DESIGN_GEOMETRIC_PRESENTATION_REPRESENTATION (  '', ( #2689 ), #395 ) ;
#933 = ORIENTED_EDGE ( 'NONE', *, *, #991, .T. ) ;
#934 = EDGE_CURVE ( 'NONE', #946, #2909, #4663, .T. ) ;
#935 = FACE_OUTER_BOUND ( 'NONE', #1924, .T. ) ;
#936 = MECHANICAL_DESIGN_GEOMETRIC_PRESENTATION_REPRESENTATION (  '', ( #3774 ), #2153 ) ;
#937 = AXIS2_PLACEMENT_3D ( 'NONE', #3693, #785, #1944 ) ;
#938 = CARTESIAN_POINT ( 'NONE',  ( -0.8000000000000000444, 0.6300000000000000044, 0.1875000000000000000 ) ) ;
#939 = ORIENTED_EDGE ( 'NONE', *, *, #3596, .F. ) ;
#940 = AXIS2_PLACEMENT_3D ( 'NONE', #260, #2429, #639 ) ;
#941 = CARTESIAN_POINT ( 'NONE',  ( -0.9430415250725630028, 0.4699999999999999734, 0.1875000000000000000 ) ) ;
#942 =( NAMED_UNIT ( * ) SI_UNIT ( $, .STERADIAN. ) SOLID_ANGLE_UNIT ( ) );
#943 = LINE ( 'NONE', #197, #2359 ) ;
#944 = CARTESIAN_POINT ( 'NONE',  ( 1.200614268941289975, 0.3898095305645404851, 1.137499999999999956 ) ) ;
#945 = COLOUR_RGB ( '',0.2980392156862745057, 0.2980392156862745057, 0.2980392156862745057 ) ;
#946 = VERTEX_POINT ( 'NONE', #2168 ) ;
#947 = LINE ( 'NONE', #1493, #3254 ) ;
#948 = AXIS2_PLACEMENT_3D ( 'NONE', #3412, #174, #1587 ) ;
#949 = CARTESIAN_POINT ( 'NONE',  ( 0.8000000000000000444, 0.4699999999999999734, 1.350000000000000089 ) ) ;
#950 = ORIENTED_EDGE ( 'NONE', *, *, #4666, .F. ) ;
#951 = ADVANCED_FACE ( 'NONE', ( #713 ), #2469, .F. ) ;
#952 = ORIENTED_EDGE ( 'NONE', *, *, #1651, .F. ) ;
#953 = LINE ( 'NONE', #2183, #4424 ) ;
#954 = LINE ( 'NONE', #2043, #2443 ) ;
#955 = FILL_AREA_STYLE_COLOUR ( '', #2946 ) ;
#956 = DIRECTION ( 'NONE',  ( 0.000000000000000000, -1.000000000000000000, 0.000000000000000000 ) ) ;
#957 = EDGE_CURVE ( 'NONE', #3759, #4587, #2917, .T. ) ;
#958 = MECHANICAL_DESIGN_GEOMETRIC_PRESENTATION_REPRESENTATION (  '', ( #3027 ), #2756 ) ;
#959 = EDGE_LOOP ( 'NONE', ( #2451, #1638, #1177, #137 ) ) ;
#960 = DIRECTION ( 'NONE',  ( 0.1378445374916290045, 0.9808148484639889197, 0.1378445374916290045 ) ) ;
#961 = DIRECTION ( 'NONE',  ( 0.000000000000000000, 0.000000000000000000, 1.000000000000000000 ) ) ;
#962 = FILL_AREA_STYLE_COLOUR ( '', #4157 ) ;
#963 = PRESENTATION_LAYER_ASSIGNMENT (  '', '', ( #3029 ) ) ;
#964 =( LENGTH_UNIT ( ) NAMED_UNIT ( * ) SI_UNIT ( .MILLI., .METRE. ) );
#965 = DIRECTION ( 'NONE',  ( 1.000000000000000000, 0.000000000000000000, 0.000000000000000000 ) ) ;
#966 = EDGE_CURVE ( 'NONE', #3637, #32, #2117, .T. ) ;
#967 = PRODUCT_DEFINITION_FORMATION_WITH_SPECIFIED_SOURCE ( 'ANY', '', #441, .NOT_KNOWN. ) ;
#968 = ORIENTED_EDGE ( 'NONE', *, *, #1244, .F. ) ;
#969 = CARTESIAN_POINT ( 'NONE',  ( -0.9430415250725630028, 0.3717982897422579813, -0.1875000000000000000 ) ) ;
#970 = SURFACE_STYLE_USAGE ( .BOTH. , #4204 ) ;
#971 = CIRCLE ( 'NONE', #2806, 0.2582017102577425782 ) ;
#972 = AXIS2_PLACEMENT_3D ( 'NONE', #79, #3342, #4391 ) ;
#973 = CARTESIAN_POINT ( 'NONE',  ( 1.307572743868728127, 0.2680112408222825038, 1.137499999999999956 ) ) ;
#974 = ORIENTED_EDGE ( 'NONE', *, *, #1444, .F. ) ;
#975 = CYLINDRICAL_SURFACE ( 'NONE', #4700, 0.2582017102577423562 ) ;
#976 = DIRECTION ( 'NONE',  ( 0.06975647374412562163, -0.9975640502598241977, 0.000000000000000000 ) ) ;
#977 = EDGE_LOOP ( 'NONE', ( #3372, #4236, #2715, #4263 ) ) ;
#978 = LINE ( 'NONE', #1692, #1459 ) ;
#979 = DIRECTION ( 'NONE',  ( -0.9902680687415702510, -0.1391731009600655766, 0.000000000000000000 ) ) ;
#980 = ORIENTED_EDGE ( 'NONE', *, *, #3629, .T. ) ;
#981 = DIRECTION ( 'NONE',  ( 1.000000000000000000, 3.789816180775159986E-16, 0.000000000000000000 ) ) ;
#982 = FACE_OUTER_BOUND ( 'NONE', #1781, .T. ) ;
#983 = ADVANCED_FACE ( 'NONE', ( #3594 ), #2942, .F. ) ;
#984 = SURFACE_STYLE_FILL_AREA ( #4270 ) ;
#985 = SURFACE_STYLE_USAGE ( .BOTH. , #3143 ) ;
#986 = UNCERTAINTY_MEASURE_WITH_UNIT (LENGTH_MEASURE( 1.000000000000000082E-05 ), #1608, 'distance_accuracy_value', 'NONE');
#987 = FACE_OUTER_BOUND ( 'NONE', #503, .T. ) ;
#988 = ORIENTED_EDGE ( 'NONE', *, *, #690, .T. ) ;
#989 = FILL_AREA_STYLE ('',( #4276 ) ) ;
#990 = FILL_AREA_STYLE_COLOUR ( '', #1770 ) ;
#991 = EDGE_CURVE ( 'NONE', #1713, #1358, #1616, .T. ) ;
#992 = LINE ( 'NONE', #242, #2540 ) ;
#993 = VERTEX_POINT ( 'NONE', #1757 ) ;
#994 = DIRECTION ( 'NONE',  ( -0.9975640502598243087, 0.06975647374412372037, 0.000000000000000000 ) ) ;
#995 = ADVANCED_FACE ( 'NONE', ( #2498 ), #4739, .F. ) ;
#996 = LINE ( 'NONE', #246, #4561 ) ;
#997 = SURFACE_STYLE_FILL_AREA ( #1042 ) ;
#998 = EDGE_LOOP ( 'NONE', ( #4636, #3448, #2212, #1397, #2878, #3010, #3687, #1878 ) ) ;
#999 = CYLINDRICAL_SURFACE ( 'NONE', #3537, 0.1000000000000000472 ) ;
#1000 = LINE ( 'NONE', #4713, #1725 ) ;
#1001 = ORIENTED_EDGE ( 'NONE', *, *, #3538, .F. ) ;
#1002 = DIRECTION ( 'NONE',  ( -0.06975647374412562163, -0.9975640502598241977, 0.000000000000000000 ) ) ;
#1003 = CARTESIAN_POINT ( 'NONE',  ( 1.307572743868728127, 0.2680112408222825038, -1.137499999999999956 ) ) ;
#1004 = SURFACE_SIDE_STYLE ('',( #3142 ) ) ;
#1005 = LINE ( 'NONE', #3579, #1420 ) ;
#1006 = MECHANICAL_DESIGN_GEOMETRIC_PRESENTATION_REPRESENTATION (  '', ( #1766 ), #4453 ) ;
#1007 = ADVANCED_FACE ( 'NONE', ( #2893 ), #999, .T. ) ;
#1008 = ORIENTED_EDGE ( 'NONE', *, *, #3867, .T. ) ;
#1009 = CIRCLE ( 'NONE', #3159, 0.09820171025774271367 ) ;
#1010 = MECHANICAL_DESIGN_GEOMETRIC_PRESENTATION_REPRESENTATION (  '', ( #551 ), #4154 ) ;
#1011 = LINE ( 'NONE', #2819, #4010 ) ;
#1012 = VECTOR ( 'NONE', #3548, 1000.000000000000000 ) ;
#1013 = EDGE_CURVE ( 'NONE', #1095, #3133, #4050, .T. ) ;
#1014 = ORIENTED_EDGE ( 'NONE', *, *, #1918, .F. ) ;
#1015 = LINE ( 'NONE', #2395, #3871 ) ;
#1016 = VERTEX_POINT ( 'NONE', #112 ) ;
#1017 = DIRECTION ( 'NONE',  ( 0.000000000000000000, 0.000000000000000000, 1.000000000000000000 ) ) ;
#1018 = VERTEX_POINT ( 'NONE', #2216 ) ;
#1019 = EDGE_CURVE ( 'NONE', #4735, #536, #401, .T. ) ;
#1020 =( BOUNDED_CURVE ( )  B_SPLINE_CURVE ( 3, ( #3313, #96, #1130, #2958 ),
 .UNSPECIFIED., .F., .T. ) 
 B_SPLINE_CURVE_WITH_KNOTS ( ( 4, 4 ),
 ( 6.273500125511119130, 6.283185307179590673 ),
 .UNSPECIFIED. ) 
 CURVE ( )  GEOMETRIC_REPRESENTATION_ITEM ( )  RATIONAL_B_SPLINE_CURVE ( ( 1.000000000000000000, 0.9999921831199470867, 0.9999921831199470867, 1.000000000000000000 ) ) 
 REPRESENTATION_ITEM ( '' )  );
#1021 = VECTOR ( 'NONE', #2231, 1000.000000000000000 ) ;
#1022 = ORIENTED_EDGE ( 'NONE', *, *, #4273, .T. ) ;
#1023 = DIRECTION ( 'NONE',  ( 0.1378445374916290045, 0.9808148484639889197, -0.1378445374916290045 ) ) ;
#1024 = CARTESIAN_POINT ( 'NONE',  ( -0.8000000000000000444, 0.6300000000000000044, 0.7625000000000000666 ) ) ;
#1025 = PLANE ( 'NONE',  #45 ) ;
#1026 = CIRCLE ( 'NONE', #3175, 0.09820171025774271367 ) ;
#1027 = ORIENTED_EDGE ( 'NONE', *, *, #1636, .T. ) ;
#1028 =( NAMED_UNIT ( * ) SI_UNIT ( $, .STERADIAN. ) SOLID_ANGLE_UNIT ( ) );
#1029 = SURFACE_SIDE_STYLE ('',( #4028 ) ) ;
#1030 = EDGE_LOOP ( 'NONE', ( #56, #87, #3008, #1808, #2340, #2487, #232, #615, #1525, #3612, #4089, #1820 ) ) ;
#1031 = EDGE_LOOP ( 'NONE', ( #1671, #4458, #1141, #2564 ) ) ;
#1032 = AXIS2_PLACEMENT_3D ( 'NONE', #2704, #3025, #3769 ) ;
#1033 = DIRECTION ( 'NONE',  ( -0.1378445374916290045, 0.9808148484639889197, 0.1378445374916290045 ) ) ;
#1034 = CIRCLE ( 'NONE', #1268, 0.1000000000000000472 ) ;
#1035 = CIRCLE ( 'NONE', #3651, 0.09820171025774271367 ) ;
#1036 = EDGE_LOOP ( 'NONE', ( #448, #1233, #1085, #4493 ) ) ;
#1037 = CYLINDRICAL_SURFACE ( 'NONE', #2105, 0.09999999999999997780 ) ;
#1038 = FACE_OUTER_BOUND ( 'NONE', #4535, .T. ) ;
#1039 = EDGE_LOOP ( 'NONE', ( #283, #2063, #244, #3539, #2325, #1755, #1433, #2353, #875, #4313, #4137, #1550 ) ) ;
#1040 = CARTESIAN_POINT ( 'NONE',  ( -0.9430415250725630028, 0.3717982897422579813, 1.137499999999999956 ) ) ;
#1041 = EDGE_CURVE ( 'NONE', #2519, #2971, #4525, .T. ) ;
#1042 = FILL_AREA_STYLE ('',( #3250 ) ) ;
#1043 = ORIENTED_EDGE ( 'NONE', *, *, #871, .T. ) ;
#1044 = VECTOR ( 'NONE', #1054, 1000.000000000000000 ) ;
#1045 = PRESENTATION_LAYER_ASSIGNMENT (  '', '', ( #2190 ) ) ;
#1046 = ORIENTED_EDGE ( 'NONE', *, *, #2178, .F. ) ;
#1047 = CARTESIAN_POINT ( 'NONE',  ( -1.289561503046444013, 0.01043849695355505980, -0.1875000000000000000 ) ) ;
#1048 = EDGE_CURVE ( 'NONE', #2538, #1510, #494, .T. ) ;
#1049 = SURFACE_STYLE_USAGE ( .BOTH. , #4330 ) ;
#1050 = LINE ( 'NONE', #1193, #1340 ) ;
#1051 = EDGE_LOOP ( 'NONE', ( #2973, #4016, #3602, #3830 ) ) ;
#1052 = LINE ( 'NONE', #2501, #729 ) ;
#1053 = DIRECTION ( 'NONE',  ( 0.000000000000000000, 0.000000000000000000, 1.000000000000000000 ) ) ;
#1054 = DIRECTION ( 'NONE',  ( 0.000000000000000000, 0.000000000000000000, -1.000000000000000000 ) ) ;
#1055 = ORIENTED_EDGE ( 'NONE', *, *, #1108, .F. ) ;
#1056 = ORIENTED_EDGE ( 'NONE', *, *, #399, .T. ) ;
#1057 = LINE ( 'NONE', #1702, #1875 ) ;
#1058 = DIRECTION ( 'NONE',  ( 0.000000000000000000, 0.000000000000000000, -1.000000000000000000 ) ) ;
#1059 = SURFACE_STYLE_USAGE ( .BOTH. , #1672 ) ;
#1060 = DIRECTION ( 'NONE',  ( -3.252606517456511724E-15, 0.000000000000000000, 1.000000000000000000 ) ) ;
#1061 = ORIENTED_EDGE ( 'NONE', *, *, #379, .F. ) ;
#1062 =( NAMED_UNIT ( * ) PLANE_ANGLE_UNIT ( ) SI_UNIT ( $, .RADIAN. ) );
#1063 = EDGE_LOOP ( 'NONE', ( #3227, #553, #3477, #1962 ) ) ;
#1064 = EDGE_CURVE ( 'NONE', #2461, #1370, #3701, .T. ) ;
#1065 = ORIENTED_EDGE ( 'NONE', *, *, #2471, .F. ) ;
#1066 = PRESENTATION_LAYER_ASSIGNMENT (  '', '', ( #4660 ) ) ;
#1067 = VERTEX_POINT ( 'NONE', #764 ) ;
#1068 = DIRECTION ( 'NONE',  ( 0.000000000000000000, 0.000000000000000000, -1.000000000000000000 ) ) ;
#1069 = FACE_OUTER_BOUND ( 'NONE', #3763, .T. ) ;
#1070 = DIRECTION ( 'NONE',  ( 0.06975647374412562163, 0.9975640502598241977, 0.000000000000000000 ) ) ;
#1071 = EDGE_CURVE ( 'NONE', #599, #258, #1771, .T. ) ;
#1072 = ORIENTED_EDGE ( 'NONE', *, *, #3273, .F. ) ;
#1073 = SURFACE_SIDE_STYLE ('',( #4358 ) ) ;
#1074 = EDGE_CURVE ( 'NONE', #599, #143, #1547, .T. ) ;
#1075 = ORIENTED_EDGE ( 'NONE', *, *, #544, .F. ) ;
#1076 = DIRECTION ( 'NONE',  ( 0.000000000000000000, 0.000000000000000000, -1.000000000000000000 ) ) ;
#1077 = CARTESIAN_POINT ( 'NONE',  ( -1.200614268941289975, 0.3898095305645404851, -0.7625000000000000666 ) ) ;
#1078 = VECTOR ( 'NONE', #1023, 1000.000000000000227 ) ;
#1079 = CARTESIAN_POINT ( 'NONE',  ( -0.4500000000000000111, 1.000000000000000000, -1.100000000000000089 ) ) ;
#1080 = LINE ( 'NONE', #341, #2906 ) ;
#1081 = ORIENTED_EDGE ( 'NONE', *, *, #3017, .T. ) ;
#1082 = SURFACE_STYLE_USAGE ( .BOTH. , #1826 ) ;
#1083 = UNCERTAINTY_MEASURE_WITH_UNIT (LENGTH_MEASURE( 1.000000000000000082E-05 ), #1791, 'distance_accuracy_value', 'NONE');
#1084 =( GEOMETRIC_REPRESENTATION_CONTEXT ( 3 ) GLOBAL_UNCERTAINTY_ASSIGNED_CONTEXT ( ( #2691 ) ) GLOBAL_UNIT_ASSIGNED_CONTEXT ( ( #4604, #4226, #920 ) ) REPRESENTATION_CONTEXT ( 'NONE', 'WORKASPACE' ) );
#1085 = ORIENTED_EDGE ( 'NONE', *, *, #897, .F. ) ;
#1086 = ORIENTED_EDGE ( 'NONE', *, *, #335, .T. ) ;
#1087 = ORIENTED_EDGE ( 'NONE', *, *, #1094, .F. ) ;
#1088 = DIRECTION ( 'NONE',  ( 0.000000000000000000, 0.000000000000000000, 1.000000000000000000 ) ) ;
#1089 = MECHANICAL_DESIGN_GEOMETRIC_PRESENTATION_REPRESENTATION (  '', ( #3164 ), #867 ) ;
#1090 =( GEOMETRIC_REPRESENTATION_CONTEXT ( 3 ) GLOBAL_UNCERTAINTY_ASSIGNED_CONTEXT ( ( #2896 ) ) GLOBAL_UNIT_ASSIGNED_CONTEXT ( ( #3817, #3838, #3087 ) ) REPRESENTATION_CONTEXT ( 'NONE', 'WORKASPACE' ) );
#1091 = PLANE ( 'NONE',  #1460 ) ;
#1092 = DIRECTION ( 'NONE',  ( 1.000000000000000000, -3.789816180775159986E-16, 0.000000000000000000 ) ) ;
#1093 = DIRECTION ( 'NONE',  ( 0.000000000000000000, -1.000000000000000000, 0.000000000000000000 ) ) ;
#1094 = EDGE_CURVE ( 'NONE', #2233, #1879, #3040, .T. ) ;
#1095 = VERTEX_POINT ( 'NONE', #3762 ) ;
#1096 = SURFACE_STYLE_USAGE ( .BOTH. , #816 ) ;
#1097 = AXIS2_PLACEMENT_3D ( 'NONE', #2029, #4373, #598 ) ;
#1098 = FACE_OUTER_BOUND ( 'NONE', #2115, .T. ) ;
#1099 = VECTOR ( 'NONE', #1436, 1000.000000000000000 ) ;
#1100 = DIRECTION ( 'NONE',  ( 0.000000000000000000, 0.000000000000000000, -1.000000000000000000 ) ) ;
#1101 = EDGE_CURVE ( 'NONE', #309, #3347, #2975, .T. ) ;
#1102 = VECTOR ( 'NONE', #2984, 1000.000000000000000 ) ;
#1103 = VECTOR ( 'NONE', #451, 1000.000000000000000 ) ;
#1104 = ORIENTED_EDGE ( 'NONE', *, *, #432, .F. ) ;
#1105 = DIRECTION ( 'NONE',  ( 0.000000000000000000, -1.000000000000000000, 0.000000000000000000 ) ) ;
#1106 = CARTESIAN_POINT ( 'NONE',  ( 1.041004020899719995, 0.3786484947654800148, 1.137499999999999956 ) ) ;
#1107 = LINE ( 'NONE', #3316, #29 ) ;
#1108 = EDGE_CURVE ( 'NONE', #1845, #1188, #1993, .T. ) ;
#1109 = AXIS2_PLACEMENT_3D ( 'NONE', #1456, #1105, #2247 ) ;
#1110 = COLOUR_RGB ( '',0.8000000000000000444, 0.8196078431372548767, 0.9333333333333333481 ) ;
#1111 = CARTESIAN_POINT ( 'NONE',  ( 0.9430415250725630028, 0.4699999999999999734, -1.137499999999999956 ) ) ;
#1112 = PLANE ( 'NONE',  #3903 ) ;
#1113 = EDGE_LOOP ( 'NONE', ( #3904, #4013, #3158, #1499 ) ) ;
#1114 = FILL_AREA_STYLE ('',( #1805 ) ) ;
#1115 = DIRECTION ( 'NONE',  ( 1.000000000000000000, 0.000000000000000000, 0.000000000000000000 ) ) ;
#1116 = VECTOR ( 'NONE', #2683, 1000.000000000000000 ) ;
#1117 = VERTEX_POINT ( 'NONE', #1548 ) ;
#1118 = ORIENTED_EDGE ( 'NONE', *, *, #4498, .F. ) ;
#1119 = PLANE ( 'NONE',  #37 ) ;
#1120 = DIRECTION ( 'NONE',  ( -0.1378445374916290045, 0.9808148484639889197, -0.1378445374916290045 ) ) ;
#1121 =( NAMED_UNIT ( * ) PLANE_ANGLE_UNIT ( ) SI_UNIT ( $, .RADIAN. ) );
#1122 = AXIS2_PLACEMENT_3D ( 'NONE', #2280, #1568, #1211 ) ;
#1123 = VECTOR ( 'NONE', #4159, 1000.000000000000000 ) ;
#1124 = COLOUR_RGB ( '',0.2980392156862745057, 0.2980392156862745057, 0.2980392156862745057 ) ;
#1125 = VERTEX_POINT ( 'NONE', #135 ) ;
#1126 = DIRECTION ( 'NONE',  ( 0.000000000000000000, -0.1391731009600656321, -0.9902680687415703620 ) ) ;
#1127 =( LENGTH_UNIT ( ) NAMED_UNIT ( * ) SI_UNIT ( .MILLI., .METRE. ) );
#1128 = CARTESIAN_POINT ( 'NONE',  ( -0.6610712173784929480, 0.2000000000000000111, 1.311071217378491971 ) ) ;
#1129 = ORIENTED_EDGE ( 'NONE', *, *, #3447, .T. ) ;
#1130 = CARTESIAN_POINT ( 'NONE',  ( 0.7003228406507546744, 0.6300000000000002265, -1.449999999999992850 ) ) ;
#1131 = ADVANCED_FACE ( 'NONE', ( #1594 ), #4404, .T. ) ;
#1132 = SURFACE_STYLE_FILL_AREA ( #436 ) ;
#1133 = CIRCLE ( 'NONE', #3035, 0.09999999999999997780 ) ;
#1134 = CARTESIAN_POINT ( 'NONE',  ( -0.6610712173784929480, 0.1860826899039934867, -1.410098024252641968 ) ) ;
#1135 = ADVANCED_FACE ( 'NONE', ( #466 ), #1881, .T. ) ;
#1136 = DIRECTION ( 'NONE',  ( -0.1378445374916291988, -0.9808148484639889197, 0.1378445374916290045 ) ) ;
#1137 =( NAMED_UNIT ( * ) SI_UNIT ( $, .STERADIAN. ) SOLID_ANGLE_UNIT ( ) );
#1138 = CARTESIAN_POINT ( 'NONE',  ( 1.300722538845504150, 0.1700487449951270102, -0.7625000000000000666 ) ) ;
#1139 = DIRECTION ( 'NONE',  ( 0.000000000000000000, 0.000000000000000000, -1.000000000000000000 ) ) ;
#1140 = UNCERTAINTY_MEASURE_WITH_UNIT (LENGTH_MEASURE( 1.000000000000000082E-05 ), #92, 'distance_accuracy_value', 'NONE');
#1141 = ORIENTED_EDGE ( 'NONE', *, *, #716, .F. ) ;
#1142 = UNCERTAINTY_MEASURE_WITH_UNIT (LENGTH_MEASURE( 1.000000000000000082E-05 ), #2207, 'distance_accuracy_value', 'NONE');
#1143 = EDGE_CURVE ( 'NONE', #2538, #885, #26, .T. ) ;
#1144 = ORIENTED_EDGE ( 'NONE', *, *, #3568, .T. ) ;
#1145 = ORIENTED_EDGE ( 'NONE', *, *, #3653, .T. ) ;
#1146 = SURFACE_STYLE_FILL_AREA ( #710 ) ;
#1147 = DIRECTION ( 'NONE',  ( 0.000000000000000000, 0.000000000000000000, 1.000000000000000000 ) ) ;
#1148 = CARTESIAN_POINT ( 'NONE',  ( -1.041004020899719995, 0.3786484947654800148, -0.1875000000000000000 ) ) ;
#1149 = FILL_AREA_STYLE ('',( #1507 ) ) ;
#1150 = COLOUR_RGB ( '',0.2980392156862745057, 0.2980392156862745057, 0.2980392156862745057 ) ;
#1151 = ORIENTED_EDGE ( 'NONE', *, *, #4708, .T. ) ;
#1152 = SURFACE_SIDE_STYLE ('',( #1888 ) ) ;
#1153 = DIRECTION ( 'NONE',  ( 0.000000000000000000, 0.000000000000000000, 1.000000000000000000 ) ) ;
#1154 = DIRECTION ( 'NONE',  ( 0.000000000000000000, 0.000000000000000000, -1.000000000000000000 ) ) ;
#1155 = VERTEX_POINT ( 'NONE', #1283 ) ;
#1156 = FILL_AREA_STYLE ('',( #2177 ) ) ;
#1157 = DIRECTION ( 'NONE',  ( 0.000000000000000000, 0.000000000000000000, -1.000000000000000000 ) ) ;
#1158 = ADVANCED_FACE ( 'NONE', ( #3155 ), #2696, .F. ) ;
#1159 = DIRECTION ( 'NONE',  ( 0.000000000000000000, 0.000000000000000000, -1.000000000000000000 ) ) ;
#1160 = DIRECTION ( 'NONE',  ( 1.000000000000000000, -3.789816180775159986E-16, 0.000000000000000000 ) ) ;
#1161 = FACE_OUTER_BOUND ( 'NONE', #2494, .T. ) ;
#1162 = VERTEX_POINT ( 'NONE', #4570 ) ;
#1163 = ADVANCED_FACE ( 'NONE', ( #520 ), #3534, .T. ) ;
#1164 = ORIENTED_EDGE ( 'NONE', *, *, #3127, .T. ) ;
#1165 =( NAMED_UNIT ( * ) SI_UNIT ( $, .STERADIAN. ) SOLID_ANGLE_UNIT ( ) );
#1166 = VECTOR ( 'NONE', #2390, 1000.000000000000000 ) ;
#1167 = CARTESIAN_POINT ( 'NONE',  ( 0.6610712173784919488, 0.2000000000000000111, 1.311071217378489973 ) ) ;
#1168 = FACE_OUTER_BOUND ( 'NONE', #2210, .T. ) ;
#1169 = ADVANCED_FACE ( 'NONE', ( #4213 ), #4539, .F. ) ;
#1170 = PRESENTATION_LAYER_ASSIGNMENT (  '', '', ( #1701 ) ) ;
#1171 = ORIENTED_EDGE ( 'NONE', *, *, #459, .T. ) ;
#1172 =( NAMED_UNIT ( * ) SI_UNIT ( $, .STERADIAN. ) SOLID_ANGLE_UNIT ( ) );
#1173 = CYLINDRICAL_SURFACE ( 'NONE', #3546, 0.1000000000000000472 ) ;
#1174 = DIRECTION ( 'NONE',  ( 0.000000000000000000, 0.000000000000000000, -1.000000000000000000 ) ) ;
#1175 = STYLED_ITEM ( 'NONE', ( #2797 ), #1163 ) ;
#1176 =( BOUNDED_CURVE ( )  B_SPLINE_CURVE ( 3, ( #4483, #2707, #3405, #478 ),
 .UNSPECIFIED., .F., .F. ) 
 B_SPLINE_CURVE_WITH_KNOTS ( ( 4, 4 ),
 ( 6.273500125511119130, 6.283185307179590673 ),
 .UNSPECIFIED. ) 
 CURVE ( )  GEOMETRIC_REPRESENTATION_ITEM ( )  RATIONAL_B_SPLINE_CURVE ( ( 1.000000000000000000, 0.9999921831199470867, 0.9999921831199470867, 1.000000000000000000 ) ) 
 REPRESENTATION_ITEM ( '' )  );
#1177 = ORIENTED_EDGE ( 'NONE', *, *, #2830, .F. ) ;
#1178 = LINE ( 'NONE', #3730, #2800 ) ;
#1179 = FILL_AREA_STYLE_COLOUR ( '', #3004 ) ;
#1180 = DIRECTION ( 'NONE',  ( 0.000000000000000000, 0.000000000000000000, -1.000000000000000000 ) ) ;
#1181 = PRESENTATION_LAYER_ASSIGNMENT (  '', '', ( #873 ) ) ;
#1182 =( LENGTH_UNIT ( ) NAMED_UNIT ( * ) SI_UNIT ( .MILLI., .METRE. ) );
#1183 =( NAMED_UNIT ( * ) SI_UNIT ( $, .STERADIAN. ) SOLID_ANGLE_UNIT ( ) );
#1184 = DIRECTION ( 'NONE',  ( 1.000000000000000000, 0.000000000000000000, 0.000000000000000000 ) ) ;
#1185 = EDGE_LOOP ( 'NONE', ( #4686, #3054, #643, #2790 ) ) ;
#1186 = AXIS2_PLACEMENT_3D ( 'NONE', #1775, #3609, #2039 ) ;
#1187 = VERTEX_POINT ( 'NONE', #949 ) ;
#1188 = VERTEX_POINT ( 'NONE', #3110 ) ;
#1189 = DIRECTION ( 'NONE',  ( 0.000000000000000000, 0.000000000000000000, -1.000000000000000000 ) ) ;
#1190 = EDGE_CURVE ( 'NONE', #609, #1582, #2723, .T. ) ;
#1191 = PRESENTATION_LAYER_ASSIGNMENT (  '', '', ( #4401 ) ) ;
#1192 = CARTESIAN_POINT ( 'NONE',  ( 0.9430415250725630028, 0.4699999999999999734, -0.7625000000000000666 ) ) ;
#1193 = CARTESIAN_POINT ( 'NONE',  ( -1.289561503046444013, 0.01043849695355493837, -0.7625000000000000666 ) ) ;
#1194 = AXIS2_PLACEMENT_3D ( 'NONE', #2755, #1579, #3839 ) ;
#1195 = EDGE_LOOP ( 'NONE', ( #2897, #1439, #3478 ) ) ;
#1196 = PRESENTATION_STYLE_ASSIGNMENT (( #4494 ) ) ;
#1197 = ADVANCED_FACE ( 'NONE', ( #3852 ), #564, .T. ) ;
#1198 = VECTOR ( 'NONE', #3785, 1000.000000000000227 ) ;
#1199 = DIRECTION ( 'NONE',  ( 0.000000000000000000, 0.000000000000000000, 1.000000000000000000 ) ) ;
#1200 = DIRECTION ( 'NONE',  ( 0.000000000000000000, 0.000000000000000000, 1.000000000000000000 ) ) ;
#1201 = AXIS2_PLACEMENT_3D ( 'NONE', #1138, #2590, #4064 ) ;
#1202 = AXIS2_PLACEMENT_3D ( 'NONE', #358, #48, #2198 ) ;
#1203 = ORIENTED_EDGE ( 'NONE', *, *, #2710, .T. ) ;
#1204 =( NAMED_UNIT ( * ) SI_UNIT ( $, .STERADIAN. ) SOLID_ANGLE_UNIT ( ) );
#1205 = FACE_OUTER_BOUND ( 'NONE', #3221, .T. ) ;
#1206 = CARTESIAN_POINT ( 'NONE',  ( -1.307572743868728127, 0.2680112408222825038, -0.7625000000000000666 ) ) ;
#1207 = CARTESIAN_POINT ( 'NONE',  ( -0.8000000000000000444, 0.4699999999999999734, -1.137499999999999956 ) ) ;
#1208 = ORIENTED_EDGE ( 'NONE', *, *, #2238, .T. ) ;
#1209 = ORIENTED_EDGE ( 'NONE', *, *, #2181, .F. ) ;
#1210 = DIRECTION ( 'NONE',  ( 0.000000000000000000, 0.000000000000000000, -1.000000000000000000 ) ) ;
#1211 = DIRECTION ( 'NONE',  ( 0.9902680687415702510, -0.1391731009600661040, 0.000000000000000000 ) ) ;
#1212 = DIRECTION ( 'NONE',  ( 0.1378445374916290322, 0.9808148484639891418, 0.1378445374916290322 ) ) ;
#1213 = EDGE_CURVE ( 'NONE', #3647, #3547, #4091, .T. ) ;
#1214 = ORIENTED_EDGE ( 'NONE', *, *, #966, .F. ) ;
#1215 = LINE ( 'NONE', #2655, #3575 ) ;
#1216 = SURFACE_SIDE_STYLE ('',( #3045 ) ) ;
#1217 = CARTESIAN_POINT ( 'NONE',  ( -1.289561503046444013, 0.01043849695355493837, 1.137499999999999956 ) ) ;
#1218 = LINE ( 'NONE', #4596, #424 ) ;
#1219 = ADVANCED_FACE ( 'NONE', ( #682 ), #3916, .T. ) ;
#1220 = ORIENTED_EDGE ( 'NONE', *, *, #4191, .F. ) ;
#1221 = FACE_OUTER_BOUND ( 'NONE', #2659, .T. ) ;
#1222 = MECHANICAL_DESIGN_GEOMETRIC_PRESENTATION_REPRESENTATION (  '', ( #1831 ), #4746 ) ;
#1223 = CARTESIAN_POINT ( 'NONE',  ( -0.9430415250725630028, 0.6300000000000000044, 0.1875000000000000000 ) ) ;
#1224 = DIRECTION ( 'NONE',  ( 0.000000000000000000, 0.000000000000000000, -1.000000000000000000 ) ) ;
#1225 = EDGE_CURVE ( 'NONE', #2739, #1405, #3391, .T. ) ;
#1226 = CARTESIAN_POINT ( 'NONE',  ( -1.449999999999999956, 0.1596102480415720060, 0.1875000000000000000 ) ) ;
#1227 = DIRECTION ( 'NONE',  ( 0.1378445374916291988, -0.9808148484639889197, 0.1378445374916290045 ) ) ;
#1228 = ORIENTED_EDGE ( 'NONE', *, *, #3530, .T. ) ;
#1229 = ORIENTED_EDGE ( 'NONE', *, *, #539, .F. ) ;
#1230 = CARTESIAN_POINT ( 'NONE',  ( 0.8000000000000000444, 0.6300000000000000044, -1.137499999999999956 ) ) ;
#1231 = SURFACE_SIDE_STYLE ('',( #4511 ) ) ;
#1232 = DIRECTION ( 'NONE',  ( 0.1378445374916290322, 0.9808148484639891418, -0.1378445374916292265 ) ) ;
#1233 = ORIENTED_EDGE ( 'NONE', *, *, #438, .F. ) ;
#1234 = MECHANICAL_DESIGN_GEOMETRIC_PRESENTATION_REPRESENTATION (  '', ( #4144 ), #1613 ) ;
#1235 = VECTOR ( 'NONE', #855, 1000.000000000000000 ) ;
#1236 = CARTESIAN_POINT ( 'NONE',  ( 0.7999953098994629919, 0.6300333717993450433, -1.350968503025300249 ) ) ;
#1237 = EDGE_CURVE ( 'NONE', #131, #3848, #1752, .T. ) ;
#1238 = CARTESIAN_POINT ( 'NONE',  ( 0.7600980242526479413, 0.1860826899039934867, -1.298973084285950153 ) ) ;
#1239 = VECTOR ( 'NONE', #3219, 1000.000000000000000 ) ;
#1240 = ORIENTED_EDGE ( 'NONE', *, *, #3508, .T. ) ;
#1241 = CYLINDRICAL_SURFACE ( 'NONE', #120, 0.09820171025774261653 ) ;
#1242 = CARTESIAN_POINT ( 'NONE',  ( -1.307572743868728127, 0.2680112408222825038, -0.7625000000000000666 ) ) ;
#1243 = COLOUR_RGB ( '',0.2980392156862745057, 0.2980392156862745057, 0.2980392156862745057 ) ;
#1244 = EDGE_CURVE ( 'NONE', #258, #143, #559, .T. ) ;
#1245 = DIRECTION ( 'NONE',  ( -2.990902544787605001E-16, 0.000000000000000000, -1.000000000000000000 ) ) ;
#1246 = CARTESIAN_POINT ( 'NONE',  ( 0.9430415250725630028, 0.3717982897422579813, -1.137499999999999956 ) ) ;
#1247 = CARTESIAN_POINT ( 'NONE',  ( -0.7006456775161027384, 0.6300111240200704232, 1.449998436620931974 ) ) ;
#1248 = CARTESIAN_POINT ( 'NONE',  ( 0.8000000000000000444, 0.6300000000000000044, 1.137499999999999956 ) ) ;
#1249 = DIRECTION ( 'NONE',  ( 1.000000000000000000, -3.789816180775159986E-16, 0.000000000000000000 ) ) ;
#1250 = EDGE_CURVE ( 'NONE', #109, #2739, #1351, .T. ) ;
#1251 = STYLED_ITEM ( 'NONE', ( #4199 ), #2062 ) ;
#1252 = UNCERTAINTY_MEASURE_WITH_UNIT (LENGTH_MEASURE( 1.000000000000000082E-05 ), #15, 'distance_accuracy_value', 'NONE');
#1253 = AXIS2_PLACEMENT_3D ( 'NONE', #2317, #2364, #2292 ) ;
#1254 = UNCERTAINTY_MEASURE_WITH_UNIT (LENGTH_MEASURE( 1.000000000000000082E-05 ), #3211, 'distance_accuracy_value', 'NONE');
#1255 = PRESENTATION_LAYER_ASSIGNMENT (  '', '', ( #22 ) ) ;
#1256 = VERTEX_POINT ( 'NONE', #3226 ) ;
#1257 = CARTESIAN_POINT ( 'NONE',  ( -0.8000000000000000444, 0.6300000000000000044, 1.137499999999999956 ) ) ;
#1258 = DIRECTION ( 'NONE',  ( -0.1378445374916291988, -0.9808148484639889197, -0.1378445374916290045 ) ) ;
#1259 = DIRECTION ( 'NONE',  ( 0.000000000000000000, 1.000000000000000000, 0.000000000000000000 ) ) ;
#1260 = AXIS2_PLACEMENT_3D ( 'NONE', #762, #4472, #4448 ) ;
#1261 = STYLED_ITEM ( 'NONE', ( #1515 ), #2404 ) ;
#1262 = VECTOR ( 'NONE', #4536, 1000.000000000000114 ) ;
#1263 = ORIENTED_EDGE ( 'NONE', *, *, #2653, .F. ) ;
#1264 = FILL_AREA_STYLE_COLOUR ( '', #1581 ) ;
#1265 = DIRECTION ( 'NONE',  ( 0.000000000000000000, 0.000000000000000000, -1.000000000000000000 ) ) ;
#1266 = LINE ( 'NONE', #1238, #2560 ) ;
#1267 = AXIS2_PLACEMENT_3D ( 'NONE', #1128, #4434, #911 ) ;
#1268 = AXIS2_PLACEMENT_3D ( 'NONE', #3173, #239, #4252 ) ;
#1269 = ORIENTED_EDGE ( 'NONE', *, *, #784, .F. ) ;
#1270 = LINE ( 'NONE', #2735, #1620 ) ;
#1271 =( NAMED_UNIT ( * ) SI_UNIT ( $, .STERADIAN. ) SOLID_ANGLE_UNIT ( ) );
#1272 = LINE ( 'NONE', #4201, #3096 ) ;
#1273 = EDGE_CURVE ( 'NONE', #176, #3642, #705, .T. ) ;
#1274 = ORIENTED_EDGE ( 'NONE', *, *, #2518, .F. ) ;
#1275 = CARTESIAN_POINT ( 'NONE',  ( -0.7999953098994649903, 0.6300333717993450433, 1.350968503025306022 ) ) ;
#1276 = AXIS2_PLACEMENT_3D ( 'NONE', #792, #2604, #4456 ) ;
#1277 = PLANE ( 'NONE',  #2671 ) ;
#1278 = CARTESIAN_POINT ( 'NONE',  ( 1.438838964200940040, 1.626303258728255172E-16, 0.1875000000000000000 ) ) ;
#1279 = EDGE_CURVE ( 'NONE', #1940, #2208, #344, .T. ) ;
#1280 = ORIENTED_EDGE ( 'NONE', *, *, #4591, .T. ) ;
#1281 = CARTESIAN_POINT ( 'NONE',  ( 1.041004020899719995, 0.3786484947654800148, 1.137499999999999956 ) ) ;
#1282 = SURFACE_SIDE_STYLE ('',( #134 ) ) ;
#1283 = CARTESIAN_POINT ( 'NONE',  ( -0.8000000000000000444, 0.6300000000000000044, -0.7625000000000000666 ) ) ;
#1284 = EDGE_CURVE ( 'NONE', #2314, #3647, #3788, .T. ) ;
#1285 = VERTEX_POINT ( 'NONE', #4678 ) ;
#1286 =( NAMED_UNIT ( * ) PLANE_ANGLE_UNIT ( ) SI_UNIT ( $, .RADIAN. ) );
#1287 =( NAMED_UNIT ( * ) PLANE_ANGLE_UNIT ( ) SI_UNIT ( $, .RADIAN. ) );
#1288 = LINE ( 'NONE', #1972, #3781 ) ;
#1289 = DIRECTION ( 'NONE',  ( 1.000000000000000000, -3.789816180775159986E-16, 0.000000000000000000 ) ) ;
#1290 = VERTEX_POINT ( 'NONE', #4132 ) ;
#1291 = SURFACE_STYLE_USAGE ( .BOTH. , #3862 ) ;
#1292 = FACE_OUTER_BOUND ( 'NONE', #2012, .T. ) ;
#1293 = CARTESIAN_POINT ( 'NONE',  ( -0.8000000000000000444, 0.6300000000000000044, 0.1875000000000000000 ) ) ;
#1294 = ORIENTED_EDGE ( 'NONE', *, *, #1237, .F. ) ;
#1295 = VERTEX_POINT ( 'NONE', #80 ) ;
#1296 =( NAMED_UNIT ( * ) PLANE_ANGLE_UNIT ( ) SI_UNIT ( $, .RADIAN. ) );
#1297 = CARTESIAN_POINT ( 'NONE',  ( -1.307572743868728127, 0.2680112408222825038, -0.1875000000000000000 ) ) ;
#1298 =( BOUNDED_CURVE ( )  B_SPLINE_CURVE ( 3, ( #676, #1728, #4295, #2904 ),
 .UNSPECIFIED., .F., .F. ) 
 B_SPLINE_CURVE_WITH_KNOTS ( ( 4, 4 ),
 ( 0.000000000000000000, 0.009685181668464879975 ),
 .UNSPECIFIED. ) 
 CURVE ( )  GEOMETRIC_REPRESENTATION_ITEM ( )  RATIONAL_B_SPLINE_CURVE ( ( 1.000000000000000000, 0.9999921831199470867, 0.9999921831199470867, 1.000000000000000000 ) ) 
 REPRESENTATION_ITEM ( '' )  );
#1299 = EDGE_CURVE ( 'NONE', #2426, #4425, #6, .T. ) ;
#1300 = FILL_AREA_STYLE_COLOUR ( '', #2628 ) ;
#1301 = ORIENTED_EDGE ( 'NONE', *, *, #379, .T. ) ;
#1302 = FACE_OUTER_BOUND ( 'NONE', #293, .T. ) ;
#1303 = LINE ( 'NONE', #3915, #1877 ) ;
#1304 = EDGE_CURVE ( 'NONE', #2719, #2807, #63, .T. ) ;
#1305 = ORIENTED_EDGE ( 'NONE', *, *, #4738, .F. ) ;
#1306 = ORIENTED_EDGE ( 'NONE', *, *, #3154, .T. ) ;
#1307 = PLANE ( 'NONE',  #3819 ) ;
#1308 = EDGE_CURVE ( 'NONE', #108, #4214, #1540, .T. ) ;
#1309 = DIRECTION ( 'NONE',  ( 1.000000000000000000, 0.000000000000000000, 0.000000000000000000 ) ) ;
#1310 = STYLED_ITEM ( 'NONE', ( #3691 ), #3748 ) ;
#1311 = ORIENTED_EDGE ( 'NONE', *, *, #1308, .F. ) ;
#1312 = FACE_OUTER_BOUND ( 'NONE', #264, .T. ) ;
#1313 = FACE_OUTER_BOUND ( 'NONE', #3713, .T. ) ;
#1314 = CARTESIAN_POINT ( 'NONE',  ( -0.8000000000000000444, 0.6300000000000000044, -1.449999999999999956 ) ) ;
#1315 = AXIS2_PLACEMENT_3D ( 'NONE', #172, #1630, #2765 ) ;
#1316 = DIRECTION ( 'NONE',  ( 0.000000000000000000, 0.000000000000000000, 1.000000000000000000 ) ) ;
#1317 = ORIENTED_EDGE ( 'NONE', *, *, #1213, .T. ) ;
#1318 = VECTOR ( 'NONE', #2585, 1000.000000000000000 ) ;
#1319 = CARTESIAN_POINT ( 'NONE',  ( -0.7009685030253079985, 0.6300333717993450433, 1.449995309899464013 ) ) ;
#1320 = FILL_AREA_STYLE_COLOUR ( '', #2164 ) ;
#1321 = AXIS2_PLACEMENT_3D ( 'NONE', #1417, #2188, #4346 ) ;
#1322 = VERTEX_POINT ( 'NONE', #4443 ) ;
#1323 =( BOUNDED_CURVE ( )  B_SPLINE_CURVE ( 3, ( #2045, #2803, #4648, #2470 ),
 .UNSPECIFIED., .F., .F. ) 
 B_SPLINE_CURVE_WITH_KNOTS ( ( 4, 4 ),
 ( 5.507472325450609496, 7.058898288908570073 ),
 .UNSPECIFIED. ) 
 CURVE ( )  GEOMETRIC_REPRESENTATION_ITEM ( )  RATIONAL_B_SPLINE_CURVE ( ( 1.000000000000000000, 0.8092813118237099923, 0.8092813118237099923, 1.000000000000000000 ) ) 
 REPRESENTATION_ITEM ( '' )  );
#1324 = AXIS2_PLACEMENT_3D ( 'NONE', #3126, #2686, #2347 ) ;
#1325 = CARTESIAN_POINT ( 'NONE',  ( -1.449999999999999956, 0.1596102480415720060, -1.137499999999999956 ) ) ;
#1326 = CARTESIAN_POINT ( 'NONE',  ( -0.4500000000000000111, 0.6671572875253809487, -1.100000000000000089 ) ) ;
#1327 = ORIENTED_EDGE ( 'NONE', *, *, #1250, .T. ) ;
#1328 = PRESENTATION_LAYER_ASSIGNMENT (  '', '', ( #3787 ) ) ;
#1329 = ADVANCED_FACE ( 'NONE', ( #1161 ), #2643, .F. ) ;
#1330 = ORIENTED_EDGE ( 'NONE', *, *, #3908, .T. ) ;
#1331 = CARTESIAN_POINT ( 'NONE',  ( -1.307572743868728127, 0.2680112408222825038, -1.137499999999999956 ) ) ;
#1332 = CARTESIAN_POINT ( 'NONE',  ( -0.7028548130214949952, 0.4973057313305589977, -1.352854813021485914 ) ) ;
#1333 = CARTESIAN_POINT ( 'NONE',  ( -0.7999984366209346165, 0.6300111240200704232, 1.350645677516099097 ) ) ;
#1334 = EDGE_CURVE ( 'NONE', #1370, #2461, #4689, .T. ) ;
#1335 = ORIENTED_EDGE ( 'NONE', *, *, #3476, .F. ) ;
#1336 = CARTESIAN_POINT ( 'NONE',  ( 0.8000000000000000444, 0.4699999999999999734, 0.1875000000000000000 ) ) ;
#1337 = DIRECTION ( 'NONE',  ( 0.9975640502598243087, 0.06975647374412372037, 0.000000000000000000 ) ) ;
#1338 = DIRECTION ( 'NONE',  ( 0.06975647374412562163, -0.9975640502598241977, 0.000000000000000000 ) ) ;
#1339 = VECTOR ( 'NONE', #4032, 1000.000000000000000 ) ;
#1340 = VECTOR ( 'NONE', #2217, 1000.000000000000227 ) ;
#1341 = EDGE_LOOP ( 'NONE', ( #2621, #1075, #36, #1857 ) ) ;
#1342 = CARTESIAN_POINT ( 'NONE',  ( -0.6610712173784929480, 0.2000000000000000111, 1.311071217378489973 ) ) ;
#1343 = DIRECTION ( 'NONE',  ( 0.000000000000000000, 0.000000000000000000, -1.000000000000000000 ) ) ;
#1344 = CIRCLE ( 'NONE', #2724, 0.09999999999999997780 ) ;
#1345 =( GEOMETRIC_REPRESENTATION_CONTEXT ( 3 ) GLOBAL_UNCERTAINTY_ASSIGNED_CONTEXT ( ( #2301 ) ) GLOBAL_UNIT_ASSIGNED_CONTEXT ( ( #468, #1286, #2 ) ) REPRESENTATION_CONTEXT ( 'NONE', 'WORKASPACE' ) );
#1346 = DIRECTION ( 'NONE',  ( 0.1378445374916290045, 0.9808148484639889197, -0.1378445374916290045 ) ) ;
#1347 = VECTOR ( 'NONE', #2123, 1000.000000000000000 ) ;
#1348 = AXIS2_PLACEMENT_3D ( 'NONE', #4515, #4121, #3745 ) ;
#1349 = ORIENTED_EDGE ( 'NONE', *, *, #4477, .F. ) ;
#1350 = CARTESIAN_POINT ( 'NONE',  ( -1.449999999999999956, 0.1596102480415720060, 0.1875000000000000000 ) ) ;
#1351 = LINE ( 'NONE', #274, #2005 ) ;
#1352 = ORIENTED_EDGE ( 'NONE', *, *, #752, .T. ) ;
#1353 = VERTEX_POINT ( 'NONE', #3007 ) ;
#1354 = STYLED_ITEM ( 'NONE', ( #2883 ), #2770 ) ;
#1355 = CARTESIAN_POINT ( 'NONE',  ( 1.449999999999999956, 0.1596102480415720060, 0.1875000000000000000 ) ) ;
#1356 = SURFACE_SIDE_STYLE ('',( #2020 ) ) ;
#1357 = ADVANCED_FACE ( 'NONE', ( #850 ), #1521, .T. ) ;
#1358 = VERTEX_POINT ( 'NONE', #4088 ) ;
#1359 = FILL_AREA_STYLE_COLOUR ( '', #1491 ) ;
#1360 = SURFACE_SIDE_STYLE ('',( #984 ) ) ;
#1361 = FACE_OUTER_BOUND ( 'NONE', #1524, .T. ) ;
#1362 = ADVANCED_FACE ( 'NONE', ( #4422 ), #4043, .T. ) ;
#1363 = ORIENTED_EDGE ( 'NONE', *, *, #139, .T. ) ;
#1364 =( LENGTH_UNIT ( ) NAMED_UNIT ( * ) SI_UNIT ( .MILLI., .METRE. ) );
#1365 = SURFACE_STYLE_USAGE ( .BOTH. , #3199 ) ;
#1366 = LINE ( 'NONE', #4316, #2708 ) ;
#1367 = EDGE_CURVE ( 'NONE', #2096, #1919, #3032, .T. ) ;
#1368 = ORIENTED_EDGE ( 'NONE', *, *, #308, .F. ) ;
#1369 =( NAMED_UNIT ( * ) SI_UNIT ( $, .STERADIAN. ) SOLID_ANGLE_UNIT ( ) );
#1370 = VERTEX_POINT ( 'NONE', #1899 ) ;
#1371 = EDGE_LOOP ( 'NONE', ( #1462, #3560, #1327, #1203 ) ) ;
#1372 = LINE ( 'NONE', #3160, #2373 ) ;
#1373 = DIRECTION ( 'NONE',  ( -0.06975647374412373425, 0.9975640502598244197, 0.000000000000000000 ) ) ;
#1374 = CARTESIAN_POINT ( 'NONE',  ( 1.041004020899719995, 0.3786484947654800148, -0.7625000000000000666 ) ) ;
#1375 = ORIENTED_EDGE ( 'NONE', *, *, #3815, .T. ) ;
#1376 = LINE ( 'NONE', #1760, #3406 ) ;
#1377 = DIRECTION ( 'NONE',  ( 0.000000000000000000, 1.000000000000000000, 0.000000000000000000 ) ) ;
#1378 = DIRECTION ( 'NONE',  ( -0.9975640502598243087, 0.06975647374412372037, 0.000000000000000000 ) ) ;
#1379 = LINE ( 'NONE', #2506, #3735 ) ;
#1380 = MECHANICAL_DESIGN_GEOMETRIC_PRESENTATION_REPRESENTATION (  '', ( #3461 ), #2299 ) ;
#1381 = ORIENTED_EDGE ( 'NONE', *, *, #4446, .T. ) ;
#1382 =( NAMED_UNIT ( * ) SI_UNIT ( $, .STERADIAN. ) SOLID_ANGLE_UNIT ( ) );
#1383 = EDGE_CURVE ( 'NONE', #4548, #1713, #757, .T. ) ;
#1384 = CARTESIAN_POINT ( 'NONE',  ( 0.9430415250725630028, 0.4699999999999999734, 1.137499999999999956 ) ) ;
#1385 = AXIS2_PLACEMENT_3D ( 'NONE', #4021, #3951, #665 ) ;
#1386 = AXIS2_PLACEMENT_3D ( 'NONE', #1242, #2680, #1957 ) ;
#1387 = EDGE_CURVE ( 'NONE', #4070, #4328, #3365, .T. ) ;
#1388 = EDGE_LOOP ( 'NONE', ( #3782, #3992, #823, #2672, #1311, #1494 ) ) ;
#1389 = LINE ( 'NONE', #2859, #521 ) ;
#1390 = DIRECTION ( 'NONE',  ( 0.000000000000000000, 0.000000000000000000, 1.000000000000000000 ) ) ;
#1391 = ORIENTED_EDGE ( 'NONE', *, *, #3577, .T. ) ;
#1392 = FACE_OUTER_BOUND ( 'NONE', #1051, .T. ) ;
#1393 = VECTOR ( 'NONE', #1530, 1000.000000000000000 ) ;
#1394 = CARTESIAN_POINT ( 'NONE',  ( -0.8000000000000000444, 0.4699999999999999734, -1.350000000000000089 ) ) ;
#1395 = ORIENTED_EDGE ( 'NONE', *, *, #3009, .T. ) ;
#1396 =( GEOMETRIC_REPRESENTATION_CONTEXT ( 3 ) GLOBAL_UNCERTAINTY_ASSIGNED_CONTEXT ( ( #856 ) ) GLOBAL_UNIT_ASSIGNED_CONTEXT ( ( #3489, #1807, #4732 ) ) REPRESENTATION_CONTEXT ( 'NONE', 'WORKASPACE' ) );
#1397 = ORIENTED_EDGE ( 'NONE', *, *, #1284, .F. ) ;
#1398 = DIRECTION ( 'NONE',  ( 0.000000000000000000, 0.000000000000000000, -1.000000000000000000 ) ) ;
#1399 = DIRECTION ( 'NONE',  ( 0.000000000000000000, 0.000000000000000000, -1.000000000000000000 ) ) ;
#1400 = PLANE ( 'NONE',  #1946 ) ;
#1401 = AXIS2_PLACEMENT_3D ( 'NONE', #4582, #3870, #3124 ) ;
#1402 = ORIENTED_EDGE ( 'NONE', *, *, #1600, .T. ) ;
#1403 = CARTESIAN_POINT ( 'NONE',  ( -0.4500000000000000111, 0.9499999999999999556, -1.199999999999999956 ) ) ;
#1404 = DIRECTION ( 'NONE',  ( -1.000000000000000000, 0.000000000000000000, 0.000000000000000000 ) ) ;
#1405 = VERTEX_POINT ( 'NONE', #776 ) ;
#1406 = AXIS2_PLACEMENT_3D ( 'NONE', #154, #2303, #4490 ) ;
#1407 = ORIENTED_EDGE ( 'NONE', *, *, #524, .T. ) ;
#1408 = FACE_OUTER_BOUND ( 'NONE', #4692, .T. ) ;
#1409 = DIRECTION ( 'NONE',  ( -1.000000000000000000, 0.000000000000000000, 0.000000000000000000 ) ) ;
#1410 = PRESENTATION_STYLE_ASSIGNMENT (( #4698 ) ) ;
#1411 = EDGE_CURVE ( 'NONE', #4587, #732, #2297, .T. ) ;
#1412 = VECTOR ( 'NONE', #919, 1000.000000000000000 ) ;
#1413 = CIRCLE ( 'NONE', #890, 0.2582017102577424672 ) ;
#1414 = FILL_AREA_STYLE_COLOUR ( '', #2344 ) ;
#1415 = ORIENTED_EDGE ( 'NONE', *, *, #1383, .T. ) ;
#1416 = FACE_OUTER_BOUND ( 'NONE', #3820, .T. ) ;
#1417 = CARTESIAN_POINT ( 'NONE',  ( 1.307572743868728127, 0.2680112408222825038, -0.7625000000000000666 ) ) ;
#1418 = ORIENTED_EDGE ( 'NONE', *, *, #3752, .T. ) ;
#1419 = EDGE_CURVE ( 'NONE', #2775, #4214, #4451, .T. ) ;
#1420 = VECTOR ( 'NONE', #287, 1000.000000000000000 ) ;
#1421 = ORIENTED_EDGE ( 'NONE', *, *, #2786, .T. ) ;
#1422 = ORIENTED_EDGE ( 'NONE', *, *, #1636, .F. ) ;
#1423 = CARTESIAN_POINT ( 'NONE',  ( 1.289561503046444013, 0.01043849695355493837, 1.137499999999999956 ) ) ;
#1424 = DIRECTION ( 'NONE',  ( 0.000000000000000000, 0.000000000000000000, -1.000000000000000000 ) ) ;
#1425 = DIRECTION ( 'NONE',  ( 0.9975640502598243087, -0.06975647374412462243, 0.000000000000000000 ) ) ;
#1426 = ADVANCED_FACE ( 'NONE', ( #3755 ), #1828, .F. ) ;
#1427 = VERTEX_POINT ( 'NONE', #1497 ) ;
#1428 = DIRECTION ( 'NONE',  ( 0.000000000000000000, 0.000000000000000000, 1.000000000000000000 ) ) ;
#1429 = FACE_OUTER_BOUND ( 'NONE', #1388, .T. ) ;
#1430 = CARTESIAN_POINT ( 'NONE',  ( 1.050000000000000044, 0.2500000000000000000, 1.137499999999999956 ) ) ;
#1431 = CARTESIAN_POINT ( 'NONE',  ( -0.8000000000000000444, 0.4699999999999999734, 1.350000000000000089 ) ) ;
#1432 = ORIENTED_EDGE ( 'NONE', *, *, #3361, .T. ) ;
#1433 = ORIENTED_EDGE ( 'NONE', *, *, #3860, .T. ) ;
#1434 = DIRECTION ( 'NONE',  ( 0.000000000000000000, 0.000000000000000000, -1.000000000000000000 ) ) ;
#1435 = CARTESIAN_POINT ( 'NONE',  ( 0.6610712173784909496, 1.000000000000000000, -1.311071217378486198 ) ) ;
#1436 = DIRECTION ( 'NONE',  ( 0.000000000000000000, 0.000000000000000000, -1.000000000000000000 ) ) ;
#1437 = CARTESIAN_POINT ( 'NONE',  ( -1.200614268941289975, 0.3898095305645404851, -1.137499999999999956 ) ) ;
#1438 = EDGE_CURVE ( 'NONE', #403, #1919, #2591, .T. ) ;
#1439 = ORIENTED_EDGE ( 'NONE', *, *, #2826, .F. ) ;
#1440 = CARTESIAN_POINT ( 'NONE',  ( -0.9430415250725630028, 0.4699999999999999734, -0.1875000000000000000 ) ) ;
#1441 = ORIENTED_EDGE ( 'NONE', *, *, #144, .F. ) ;
#1442 = ORIENTED_EDGE ( 'NONE', *, *, #4356, .T. ) ;
#1443 = SURFACE_SIDE_STYLE ('',( #1146 ) ) ;
#1444 = EDGE_CURVE ( 'NONE', #769, #3090, #3712, .T. ) ;
#1445 = DIRECTION ( 'NONE',  ( 0.000000000000000000, 1.000000000000000000, 0.000000000000000000 ) ) ;
#1446 = CARTESIAN_POINT ( 'NONE',  ( -1.289561503046444013, 0.01043849695355493837, 1.137499999999999956 ) ) ;
#1447 = DIRECTION ( 'NONE',  ( 0.000000000000000000, 0.000000000000000000, 1.000000000000000000 ) ) ;
#1448 = CARTESIAN_POINT ( 'NONE',  ( -0.9430415250725630028, 0.3717982897422579813, 0.1875000000000000000 ) ) ;
#1449 = ORIENTED_EDGE ( 'NONE', *, *, #2982, .T. ) ;
#1450 = FILL_AREA_STYLE_COLOUR ( '', #2031 ) ;
#1451 = ADVANCED_FACE ( 'NONE', ( #558 ), #3482, .F. ) ;
#1452 = DIRECTION ( 'NONE',  ( 1.000000000000000000, 0.000000000000000000, 0.000000000000000000 ) ) ;
#1453 = DIRECTION ( 'NONE',  ( 0.000000000000000000, 0.000000000000000000, -1.000000000000000000 ) ) ;
#1454 = LINE ( 'NONE', #1532, #584 ) ;
#1455 = VERTEX_POINT ( 'NONE', #2011 ) ;
#1456 = CARTESIAN_POINT ( 'NONE',  ( -0.6610712173784929480, 0.9000000000000000222, 1.311071217378491971 ) ) ;
#1457 = DIRECTION ( 'NONE',  ( 0.000000000000000000, 0.000000000000000000, -1.000000000000000000 ) ) ;
#1458 = DIRECTION ( 'NONE',  ( 2.990902544787610425E-16, 0.000000000000000000, 1.000000000000000000 ) ) ;
#1459 = VECTOR ( 'NONE', #279, 1000.000000000000114 ) ;
#1460 = AXIS2_PLACEMENT_3D ( 'NONE', #1834, #3207, #2843 ) ;
#1461 = CARTESIAN_POINT ( 'NONE',  ( -0.9430415250725630028, 0.6300000000000000044, -0.1875000000000000000 ) ) ;
#1462 = ORIENTED_EDGE ( 'NONE', *, *, #241, .F. ) ;
#1463 = UNCERTAINTY_MEASURE_WITH_UNIT (LENGTH_MEASURE( 1.000000000000000082E-05 ), #4136, 'distance_accuracy_value', 'NONE');
#1464 = CARTESIAN_POINT ( 'NONE',  ( -0.4500000000000000111, 0.9499999999999999556, -1.100000000000000089 ) ) ;
#1465 = AXIS2_PLACEMENT_3D ( 'NONE', #4277, #1058, #4008 ) ;
#1466 = ORIENTED_EDGE ( 'NONE', *, *, #759, .F. ) ;
#1467 = EDGE_LOOP ( 'NONE', ( #1529, #24, #3036, #2235 ) ) ;
#1468 = FACE_OUTER_BOUND ( 'NONE', #3157, .T. ) ;
#1469 = VECTOR ( 'NONE', #91, 1000.000000000000000 ) ;
#1470 = FILL_AREA_STYLE ('',( #376 ) ) ;
#1471 = CARTESIAN_POINT ( 'NONE',  ( 0.9430415250725630028, 0.4699999999999999734, 0.1875000000000000000 ) ) ;
#1472 =( NAMED_UNIT ( * ) SI_UNIT ( $, .STERADIAN. ) SOLID_ANGLE_UNIT ( ) );
#1473 = SURFACE_STYLE_USAGE ( .BOTH. , #3672 ) ;
#1474 = VECTOR ( 'NONE', #2254, 1000.000000000000000 ) ;
#1475 = EDGE_CURVE ( 'NONE', #1784, #3295, #1782, .T. ) ;
#1476 = VERTEX_POINT ( 'NONE', #944 ) ;
#1477 = CARTESIAN_POINT ( 'NONE',  ( 0.9430415250725630028, 0.6300000000000000044, 1.137499999999999956 ) ) ;
#1478 = SURFACE_STYLE_USAGE ( .BOTH. , #1152 ) ;
#1479 =( BOUNDED_CURVE ( )  B_SPLINE_CURVE ( 3, ( #568, #3495, #4516, #1236 ),
 .UNSPECIFIED., .F., .F. ) 
 B_SPLINE_CURVE_WITH_KNOTS ( ( 4, 4 ),
 ( 0.000000000000000000, 0.009685181668468920146 ),
 .UNSPECIFIED. ) 
 CURVE ( )  GEOMETRIC_REPRESENTATION_ITEM ( )  RATIONAL_B_SPLINE_CURVE ( ( 1.000000000000000000, 0.9999921831199470867, 0.9999921831199470867, 1.000000000000000000 ) ) 
 REPRESENTATION_ITEM ( '' )  );
#1480 = VECTOR ( 'NONE', #922, 1000.000000000000000 ) ;
#1481 =( NAMED_UNIT ( * ) SI_UNIT ( $, .STERADIAN. ) SOLID_ANGLE_UNIT ( ) );
#1482 = CARTESIAN_POINT ( 'NONE',  ( 1.300722538845504150, 0.1700487449951270102, 0.7625000000000000666 ) ) ;
#1483 = EDGE_CURVE ( 'NONE', #1018, #4053, #3808, .T. ) ;
#1484 = COLOUR_RGB ( '',0.2980392156862745057, 0.2980392156862745057, 0.2980392156862745057 ) ;
#1485 = MECHANICAL_DESIGN_GEOMETRIC_PRESENTATION_REPRESENTATION (  '', ( #22 ), #3924 ) ;
#1486 = VERTEX_POINT ( 'NONE', #3779 ) ;
#1487 = CARTESIAN_POINT ( 'NONE',  ( -1.300722538845504150, 0.1700487449951270102, 0.7625000000000000666 ) ) ;
#1488 = CARTESIAN_POINT ( 'NONE',  ( -0.6999999999999999556, 0.4699999999999999734, -1.449999999999999956 ) ) ;
#1489 = AXIS2_PLACEMENT_3D ( 'NONE', #4400, #2259, #3740 ) ;
#1490 = EDGE_CURVE ( 'NONE', #815, #3688, #3171, .T. ) ;
#1491 = COLOUR_RGB ( '',0.2980392156862745057, 0.2980392156862745057, 0.2980392156862745057 ) ;
#1492 = FACE_OUTER_BOUND ( 'NONE', #3042, .T. ) ;
#1493 = CARTESIAN_POINT ( 'NONE',  ( -1.289561503046444013, 0.01043849695355493837, -1.137499999999999956 ) ) ;
#1494 = ORIENTED_EDGE ( 'NONE', *, *, #4191, .T. ) ;
#1496 = LINE ( 'NONE', #2492, #1580 ) ;
#1495 = AXIS2_PLACEMENT_3D ( 'NONE', #2827, #689, #281 ) ;
#1497 = CARTESIAN_POINT ( 'NONE',  ( -0.7999953098994649903, 0.6300333717993450433, -1.350968503025300249 ) ) ;
#1498 = AXIS2_PLACEMENT_3D ( 'NONE', #4696, #3218, #1797 ) ;
#1499 = ORIENTED_EDGE ( 'NONE', *, *, #219, .T. ) ;
#1500 = PRESENTATION_LAYER_ASSIGNMENT (  '', '', ( #3572 ) ) ;
#1501 = ORIENTED_EDGE ( 'NONE', *, *, #1569, .T. ) ;
#1502 = CARTESIAN_POINT ( 'NONE',  ( 1.300722538845504150, 0.1700487449951270102, -0.1875000000000000000 ) ) ;
#1503 =( NAMED_UNIT ( * ) PLANE_ANGLE_UNIT ( ) SI_UNIT ( $, .RADIAN. ) );
#1504 = DIRECTION ( 'NONE',  ( 0.000000000000000000, 0.000000000000000000, -1.000000000000000000 ) ) ;
#1505 = DIRECTION ( 'NONE',  ( -0.06975647374412562163, -0.9975640502598241977, 0.000000000000000000 ) ) ;
#1506 = CIRCLE ( 'NONE', #4182, 0.09999999999999997780 ) ;
#1507 = FILL_AREA_STYLE_COLOUR ( '', #2170 ) ;
#1508 = AXIS2_PLACEMENT_3D ( 'NONE', #2459, #340, #3936 ) ;
#1509 = VECTOR ( 'NONE', #1174, 1000.000000000000000 ) ;
#1510 = VERTEX_POINT ( 'NONE', #3150 ) ;
#1511 = LINE ( 'NONE', #1838, #2414 ) ;
#1512 = EDGE_CURVE ( 'NONE', #3295, #2096, #199, .T. ) ;
#1513 = DIRECTION ( 'NONE',  ( -0.06975647374412562163, 0.9975640502598241977, 0.000000000000000000 ) ) ;
#1514 = VERTEX_POINT ( 'NONE', #1982 ) ;
#1515 = PRESENTATION_STYLE_ASSIGNMENT (( #385 ) ) ;
#1516 = PRESENTATION_STYLE_ASSIGNMENT (( #1535 ) ) ;
#1517 = EDGE_CURVE ( 'NONE', #403, #1155, #218, .T. ) ;
#1518 = CARTESIAN_POINT ( 'NONE',  ( 0.8000000000000000444, 0.4699999999999999734, 0.7625000000000000666 ) ) ;
#1519 = EDGE_CURVE ( 'NONE', #1486, #852, #1683, .T. ) ;
#1520 = DIRECTION ( 'NONE',  ( 0.000000000000000000, 0.000000000000000000, 1.000000000000000000 ) ) ;
#1521 = PLANE ( 'NONE',  #2536 ) ;
#1522 = ORIENTED_EDGE ( 'NONE', *, *, #1714, .T. ) ;
#1523 = UNCERTAINTY_MEASURE_WITH_UNIT (LENGTH_MEASURE( 1.000000000000000082E-05 ), #375, 'distance_accuracy_value', 'NONE');
#1524 = EDGE_LOOP ( 'NONE', ( #224, #621, #1659, #3252, #1055, #1061, #3855, #730, #2382, #4581, #904, #2993 ) ) ;
#1525 = ORIENTED_EDGE ( 'NONE', *, *, #2839, .T. ) ;
#1526 = DIRECTION ( 'NONE',  ( 0.06975647374412562163, -0.9975640502598241977, 0.000000000000000000 ) ) ;
#1527 =( LENGTH_UNIT ( ) NAMED_UNIT ( * ) SI_UNIT ( .MILLI., .METRE. ) );
#1528 = COLOUR_RGB ( '',0.8000000000000000444, 0.8196078431372548767, 0.9333333333333333481 ) ;
#1529 = ORIENTED_EDGE ( 'NONE', *, *, #2272, .F. ) ;
#1530 = DIRECTION ( 'NONE',  ( -0.9975640502598243087, -0.06975647374412462243, 0.000000000000000000 ) ) ;
#1531 = PRESENTATION_STYLE_ASSIGNMENT (( #791 ) ) ;
#1532 = CARTESIAN_POINT ( 'NONE',  ( -0.9430415250725630028, 0.6300000000000000044, -0.7625000000000000666 ) ) ;
#1533 = ORIENTED_EDGE ( 'NONE', *, *, #3692, .T. ) ;
#1534 =( LENGTH_UNIT ( ) NAMED_UNIT ( * ) SI_UNIT ( .MILLI., .METRE. ) );
#1535 = SURFACE_STYLE_USAGE ( .BOTH. , #1867 ) ;
#1536 = CARTESIAN_POINT ( 'NONE',  ( 0.6610712173784919488, 0.2000000000000000111, -1.977199586343169933E-16 ) ) ;
#1537 = EDGE_CURVE ( 'NONE', #2665, #1784, #1936, .T. ) ;
#1538 = CARTESIAN_POINT ( 'NONE',  ( 1.307572743868728127, 0.2680112408222825038, 0.7625000000000000666 ) ) ;
#1539 = SURFACE_SIDE_STYLE ('',( #2742 ) ) ;
#1540 = LINE ( 'NONE', #2664, #4385 ) ;
#1541 = ORIENTED_EDGE ( 'NONE', *, *, #2892, .T. ) ;
#1542 = COLOUR_RGB ( '',0.8000000000000000444, 0.8196078431372548767, 0.9333333333333333481 ) ;
#1543 = ADVANCED_FACE ( 'NONE', ( #4606 ), #3435, .F. ) ;
#1544 = ORIENTED_EDGE ( 'NONE', *, *, #897, .T. ) ;
#1545 = DIRECTION ( 'NONE',  ( -1.000000000000000000, 0.000000000000000000, 0.000000000000000000 ) ) ;
#1546 = STYLED_ITEM ( 'NONE', ( #1894 ), #3132 ) ;
#1547 = CIRCLE ( 'NONE', #2154, 0.1000000000000000472 ) ;
#1548 = CARTESIAN_POINT ( 'NONE',  ( -1.041004020899719995, 0.3786484947654800148, 0.1875000000000000000 ) ) ;
#1549 = VECTOR ( 'NONE', #1377, 1000.000000000000000 ) ;
#1550 = ORIENTED_EDGE ( 'NONE', *, *, #696, .T. ) ;
#1551 = CARTESIAN_POINT ( 'NONE',  ( -1.050000000000000044, 0.2500000000000000000, -0.7625000000000000666 ) ) ;
#1552 = FILL_AREA_STYLE_COLOUR ( '', #2237 ) ;
#1553 = FACE_OUTER_BOUND ( 'NONE', #238, .T. ) ;
#1554 = COLOUR_RGB ( '',0.2980392156862745057, 0.2980392156862745057, 0.2980392156862745057 ) ;
#1555 = EDGE_LOOP ( 'NONE', ( #4412, #4471, #3262, #2124 ) ) ;
#1556 = FILL_AREA_STYLE_COLOUR ( '', #4256 ) ;
#1557 = VECTOR ( 'NONE', #3053, 1000.000000000000114 ) ;
#1558 = DIRECTION ( 'NONE',  ( 0.000000000000000000, 0.000000000000000000, 1.000000000000000000 ) ) ;
#1559 = DIRECTION ( 'NONE',  ( -0.06975647374412562163, -0.9975640502598241977, 0.000000000000000000 ) ) ;
#1560 = LINE ( 'NONE', #3753, #3414 ) ;
#1561 = EDGE_CURVE ( 'NONE', #83, #2981, #103, .T. ) ;
#1562 = CARTESIAN_POINT ( 'NONE',  ( 1.289561503046444013, 0.01043849695355493837, 0.1875000000000000000 ) ) ;
#1563 = ORIENTED_EDGE ( 'NONE', *, *, #1279, .T. ) ;
#1564 = AXIS2_PLACEMENT_3D ( 'NONE', #4568, #1984, #3783 ) ;
#1565 = ORIENTED_EDGE ( 'NONE', *, *, #4181, .F. ) ;
#1566 = FACE_OUTER_BOUND ( 'NONE', #2666, .T. ) ;
#1567 = PRESENTATION_LAYER_ASSIGNMENT (  '', '', ( #1261 ) ) ;
#1568 = DIRECTION ( 'NONE',  ( -0.1378445374916292265, -0.9808148484639891418, 0.1378445374916290322 ) ) ;
#1569 = EDGE_CURVE ( 'NONE', #2719, #1707, #4563, .T. ) ;
#1570 = DIRECTION ( 'NONE',  ( 1.000000000000000000, 0.000000000000000000, 0.000000000000000000 ) ) ;
#1571 = UNCERTAINTY_MEASURE_WITH_UNIT (LENGTH_MEASURE( 1.000000000000000082E-05 ), #2772, 'distance_accuracy_value', 'NONE');
#1572 = ORIENTED_EDGE ( 'NONE', *, *, #2272, .T. ) ;
#1573 = CARTESIAN_POINT ( 'NONE',  ( 0.7009685030253060001, 0.6300333717993450433, -1.449995309899458018 ) ) ;
#1574 = MECHANICAL_DESIGN_GEOMETRIC_PRESENTATION_REPRESENTATION (  '', ( #3880 ), #3953 ) ;
#1575 = DIRECTION ( 'NONE',  ( -1.000000000000000000, 0.000000000000000000, 0.000000000000000000 ) ) ;
#1576 = AXIS2_PLACEMENT_3D ( 'NONE', #1538, #2562, #2965 ) ;
#1577 = ADVANCED_FACE ( 'NONE', ( #2367 ), #4585, .F. ) ;
#1578 = CARTESIAN_POINT ( 'NONE',  ( 0.6999999999999999556, 0.4699999999999999734, -1.449999999999999956 ) ) ;
#1579 = DIRECTION ( 'NONE',  ( -0.9975640502598243087, -0.06975647374412551061, 0.000000000000000000 ) ) ;
#1580 = VECTOR ( 'NONE', #4729, 1000.000000000000000 ) ;
#1581 = COLOUR_RGB ( '',0.2980392156862745057, 0.2980392156862745057, 0.2980392156862745057 ) ;
#1582 = VERTEX_POINT ( 'NONE', #2055 ) ;
#1583 =( NAMED_UNIT ( * ) PLANE_ANGLE_UNIT ( ) SI_UNIT ( $, .RADIAN. ) );
#1584 = FACE_OUTER_BOUND ( 'NONE', #747, .T. ) ;
#1585 = DIRECTION ( 'NONE',  ( -1.000000000000000000, 0.000000000000000000, 0.000000000000000000 ) ) ;
#1586 = CARTESIAN_POINT ( 'NONE',  ( -0.6999999999999999556, 0.6300000000000000044, -1.449999999999999956 ) ) ;
#1587 = DIRECTION ( 'NONE',  ( 1.000000000000000000, 0.000000000000000000, 0.000000000000000000 ) ) ;
#1588 = EDGE_LOOP ( 'NONE', ( #3272, #1681, #2629, #4367 ) ) ;
#1589 = EDGE_CURVE ( 'NONE', #1514, #2041, #3912, .T. ) ;
#1590 = UNCERTAINTY_MEASURE_WITH_UNIT (LENGTH_MEASURE( 1.000000000000000082E-05 ), #3065, 'distance_accuracy_value', 'NONE');
#1591 = ORIENTED_EDGE ( 'NONE', *, *, #4004, .F. ) ;
#1592 = CARTESIAN_POINT ( 'NONE',  ( -0.9430415250725630028, 0.3717982897422579813, -0.1875000000000000000 ) ) ;
#1593 = FILL_AREA_STYLE ('',( #3418 ) ) ;
#1594 = FACE_OUTER_BOUND ( 'NONE', #704, .T. ) ;
#1595 = EDGE_CURVE ( 'NONE', #3224, #176, #1011, .T. ) ;
#1596 = VERTEX_POINT ( 'NONE', #4296 ) ;
#1597 = LINE ( 'NONE', #3444, #2527 ) ;
#1598 = SURFACE_SIDE_STYLE ('',( #2979 ) ) ;
#1599 = DIRECTION ( 'NONE',  ( 0.06975647374412562163, -0.9975640502598241977, 0.000000000000000000 ) ) ;
#1600 = EDGE_CURVE ( 'NONE', #1155, #2519, #3268, .T. ) ;
#1601 = ORIENTED_EDGE ( 'NONE', *, *, #4415, .F. ) ;
#1602 =( NAMED_UNIT ( * ) PLANE_ANGLE_UNIT ( ) SI_UNIT ( $, .RADIAN. ) );
#1603 = CARTESIAN_POINT ( 'NONE',  ( 0.6610712173784909496, 1.000000000000000000, -1.298973084285950153 ) ) ;
#1604 = FACE_OUTER_BOUND ( 'NONE', #220, .T. ) ;
#1605 = DIRECTION ( 'NONE',  ( 0.000000000000000000, 0.1391731009600656321, -0.9902680687415703620 ) ) ;
#1606 = CARTESIAN_POINT ( 'NONE',  ( 0.8000000000000000444, 0.4699999999999999734, -1.350000000000000089 ) ) ;
#1607 = SURFACE_STYLE_USAGE ( .BOTH. , #149 ) ;
#1608 =( LENGTH_UNIT ( ) NAMED_UNIT ( * ) SI_UNIT ( .MILLI., .METRE. ) );
#1609 = EDGE_LOOP ( 'NONE', ( #2057, #3536, #3275, #1449 ) ) ;
#1610 = DIRECTION ( 'NONE',  ( 0.000000000000000000, 0.000000000000000000, -1.000000000000000000 ) ) ;
#1611 = CARTESIAN_POINT ( 'NONE',  ( -0.7028548130214949952, 0.6026942686694419793, -1.352854813021485914 ) ) ;
#1612 = DIRECTION ( 'NONE',  ( 0.000000000000000000, 0.000000000000000000, -1.000000000000000000 ) ) ;
#1613 =( GEOMETRIC_REPRESENTATION_CONTEXT ( 3 ) GLOBAL_UNCERTAINTY_ASSIGNED_CONTEXT ( ( #4014 ) ) GLOBAL_UNIT_ASSIGNED_CONTEXT ( ( #140, #2497, #3135 ) ) REPRESENTATION_CONTEXT ( 'NONE', 'WORKASPACE' ) );
#1614 = VERTEX_POINT ( 'NONE', #2417 ) ;
#1615 = CARTESIAN_POINT ( 'NONE',  ( 1.041004020899719995, 0.3786484947654800148, -0.7625000000000000666 ) ) ;
#1616 = CIRCLE ( 'NONE', #2446, 0.2582017102577424672 ) ;
#1617 = CARTESIAN_POINT ( 'NONE',  ( 0.6999999999999999556, 0.4699999999999999734, -1.449999999999999956 ) ) ;
#1618 = CARTESIAN_POINT ( 'NONE',  ( 0.8000000000000000444, 0.6300000000000000044, 0.7625000000000000666 ) ) ;
#1619 = EDGE_CURVE ( 'NONE', #659, #683, #2271, .T. ) ;
#1620 = VECTOR ( 'NONE', #4198, 1000.000000000000000 ) ;
#1621 = ORIENTED_EDGE ( 'NONE', *, *, #620, .T. ) ;
#1622 = DIRECTION ( 'NONE',  ( 1.000000000000000000, -3.789816180775159986E-16, 0.000000000000000000 ) ) ;
#1623 = STYLED_ITEM ( 'NONE', ( #1860 ), #3425 ) ;
#1624 = FACE_OUTER_BOUND ( 'NONE', #3151, .T. ) ;
#1625 = DIRECTION ( 'NONE',  ( 0.000000000000000000, 0.000000000000000000, -1.000000000000000000 ) ) ;
#1626 = LINE ( 'NONE', #3095, #414 ) ;
#1627 = EDGE_CURVE ( 'NONE', #4347, #732, #992, .T. ) ;
#1628 = ORIENTED_EDGE ( 'NONE', *, *, #2181, .T. ) ;
#1629 = SURFACE_STYLE_FILL_AREA ( #4175 ) ;
#1630 = DIRECTION ( 'NONE',  ( 1.000000000000000000, 0.000000000000000000, 0.000000000000000000 ) ) ;
#1631 = FILL_AREA_STYLE ('',( #4040 ) ) ;
#1632 =( GEOMETRIC_REPRESENTATION_CONTEXT ( 3 ) GLOBAL_UNCERTAINTY_ASSIGNED_CONTEXT ( ( #2072 ) ) GLOBAL_UNIT_ASSIGNED_CONTEXT ( ( #3120, #596, #261 ) ) REPRESENTATION_CONTEXT ( 'NONE', 'WORKASPACE' ) );
#1633 =( BOUNDED_CURVE ( )  B_SPLINE_CURVE ( 3, ( #4196, #2676, #1996, #3885 ),
 .UNSPECIFIED., .F., .T. ) 
 B_SPLINE_CURVE_WITH_KNOTS ( ( 4, 4 ),
 ( 0.000000000000000000, 0.009685181668462709836 ),
 .UNSPECIFIED. ) 
 CURVE ( )  GEOMETRIC_REPRESENTATION_ITEM ( )  RATIONAL_B_SPLINE_CURVE ( ( 1.000000000000000000, 0.9999921831199470867, 0.9999921831199470867, 1.000000000000000000 ) ) 
 REPRESENTATION_ITEM ( '' )  );
#1634 = UNCERTAINTY_MEASURE_WITH_UNIT (LENGTH_MEASURE( 1.000000000000000082E-05 ), #1534, 'distance_accuracy_value', 'NONE');
#1635 = SURFACE_STYLE_FILL_AREA ( #2794 ) ;
#1636 = EDGE_CURVE ( 'NONE', #2807, #1852, #648, .T. ) ;
#1637 = PRESENTATION_LAYER_ASSIGNMENT (  '', '', ( #2318 ) ) ;
#1638 = ORIENTED_EDGE ( 'NONE', *, *, #3950, .F. ) ;
#1639 = LINE ( 'NONE', #203, #4019 ) ;
#1640 = DIRECTION ( 'NONE',  ( 0.9902680687415702510, -0.1391731009600661040, 0.000000000000000000 ) ) ;
#1641 = PRESENTATION_STYLE_ASSIGNMENT (( #179 ) ) ;
#1642 = AXIS2_PLACEMENT_3D ( 'NONE', #913, #2361, #1999 ) ;
#1643 = ORIENTED_EDGE ( 'NONE', *, *, #1619, .F. ) ;
#1644 = SURFACE_STYLE_FILL_AREA ( #2264 ) ;
#1645 =( LENGTH_UNIT ( ) NAMED_UNIT ( * ) SI_UNIT ( .MILLI., .METRE. ) );
#1646 = LINE ( 'NONE', #2781, #2319 ) ;
#1647 = CARTESIAN_POINT ( 'NONE',  ( 0.8000000000000000444, 0.6300000000000000044, 1.350000000000000089 ) ) ;
#1648 = VECTOR ( 'NONE', #3109, 1000.000000000000000 ) ;
#1649 = EDGE_LOOP ( 'NONE', ( #323, #368, #843, #2442 ) ) ;
#1650 = SURFACE_STYLE_FILL_AREA ( #504 ) ;
#1651 = EDGE_CURVE ( 'NONE', #3647, #1067, #3630, .T. ) ;
#1652 = CARTESIAN_POINT ( 'NONE',  ( -0.6610712173784929480, 0.9000000000000000222, -1.311071217378486198 ) ) ;
#1653 = SURFACE_STYLE_USAGE ( .BOTH. , #1360 ) ;
#1654 = DIRECTION ( 'NONE',  ( 3.789816180775159986E-16, 1.000000000000000000, 0.000000000000000000 ) ) ;
#1655 = CARTESIAN_POINT ( 'NONE',  ( -1.449999999999999956, 0.1596102480415720060, -1.137499999999999956 ) ) ;
#1656 = VECTOR ( 'NONE', #2900, 1000.000000000000000 ) ;
#1657 = MECHANICAL_DESIGN_GEOMETRIC_PRESENTATION_REPRESENTATION (  '', ( #3029 ), #3883 ) ;
#1658 = ORIENTED_EDGE ( 'NONE', *, *, #4297, .T. ) ;
#1659 = ORIENTED_EDGE ( 'NONE', *, *, #604, .F. ) ;
#1660 =( NAMED_UNIT ( * ) SI_UNIT ( $, .STERADIAN. ) SOLID_ANGLE_UNIT ( ) );
#1661 = EDGE_CURVE ( 'NONE', #4520, #1016, #619, .T. ) ;
#1662 =( NAMED_UNIT ( * ) PLANE_ANGLE_UNIT ( ) SI_UNIT ( $, .RADIAN. ) );
#1663 = DIRECTION ( 'NONE',  ( 0.1378445374916290045, 0.9808148484639889197, 0.1378445374916290045 ) ) ;
#1664 = EDGE_CURVE ( 'NONE', #3059, #2017, #1366, .T. ) ;
#1665 = ORIENTED_EDGE ( 'NONE', *, *, #1013, .F. ) ;
#1666 = DIRECTION ( 'NONE',  ( 0.000000000000000000, 0.000000000000000000, -1.000000000000000000 ) ) ;
#1667 = DIRECTION ( 'NONE',  ( -0.06975647374412373425, 0.9975640502598244197, 0.000000000000000000 ) ) ;
#1668 = FILL_AREA_STYLE ('',( #1986 ) ) ;
#1669 = ORIENTED_EDGE ( 'NONE', *, *, #1367, .T. ) ;
#1670 = CLOSED_SHELL ( 'NONE', ( #198, #1357, #4669, #2945, #2646, #60, #3976, #2856, #455, #726, #2114, #78, #1840, #188 ) ) ;
#1671 = ORIENTED_EDGE ( 'NONE', *, *, #1561, .T. ) ;
#1672 = SURFACE_SIDE_STYLE ('',( #2907 ) ) ;
#1673 = CARTESIAN_POINT ( 'NONE',  ( 0.8000000000000000444, 0.6300000000000000044, -0.7625000000000000666 ) ) ;
#1674 = CARTESIAN_POINT ( 'NONE',  ( -1.289561503046444013, 0.01043849695355505980, 0.7625000000000000666 ) ) ;
#1675 = ORIENTED_EDGE ( 'NONE', *, *, #2887, .T. ) ;
#1676 = LINE ( 'NONE', #3887, #2016 ) ;
#1677 = FILL_AREA_STYLE ('',( #2028 ) ) ;
#1678 = DIRECTION ( 'NONE',  ( -1.000000000000000000, 0.000000000000000000, 0.000000000000000000 ) ) ;
#1679 = EDGE_CURVE ( 'NONE', #514, #1829, #4670, .T. ) ;
#1680 = AXIS2_PLACEMENT_3D ( 'NONE', #2884, #31, #4344 ) ;
#1681 = ORIENTED_EDGE ( 'NONE', *, *, #2346, .F. ) ;
#1682 = PLANE ( 'NONE',  #889 ) ;
#1683 = LINE ( 'NONE', #582, #3632 ) ;
#1684 = ADVANCED_FACE ( 'NONE', ( #2485 ), #2882, .T. ) ;
#1685 = ORIENTED_EDGE ( 'NONE', *, *, #3307, .T. ) ;
#1686 = PLANE ( 'NONE',  #884 ) ;
#1687 = DIRECTION ( 'NONE',  ( -1.000000000000000000, 0.000000000000000000, 0.000000000000000000 ) ) ;
#1688 = DIRECTION ( 'NONE',  ( 0.000000000000000000, 0.000000000000000000, 1.000000000000000000 ) ) ;
#1689 = ORIENTED_EDGE ( 'NONE', *, *, #3508, .F. ) ;
#1690 = EDGE_CURVE ( 'NONE', #1370, #1928, #3380, .T. ) ;
#1691 = VERTEX_POINT ( 'NONE', #1823 ) ;
#1692 = CARTESIAN_POINT ( 'NONE',  ( -1.200614268941289975, 0.3898095305645404851, -1.137499999999999956 ) ) ;
#1693 = CYLINDRICAL_SURFACE ( 'NONE', #347, 0.09820171025774261653 ) ;
#1694 = COLOUR_RGB ( '',0.2980392156862745057, 0.2980392156862745057, 0.2980392156862745057 ) ;
#1695 = EDGE_LOOP ( 'NONE', ( #4142, #1422, #1381, #2218 ) ) ;
#1696 = PLANE ( 'NONE',  #883 ) ;
#1697 = CARTESIAN_POINT ( 'NONE',  ( 0.7999999999999993783, 0.4699999999999998623, 1.350322840650753919 ) ) ;
#1698 = DIRECTION ( 'NONE',  ( 0.000000000000000000, 0.000000000000000000, -1.000000000000000000 ) ) ;
#1699 = DIRECTION ( 'NONE',  ( 0.1378445374916292265, -0.9808148484639891418, 0.1378445374916290322 ) ) ;
#1700 = VERTEX_POINT ( 'NONE', #3706 ) ;
#1701 = STYLED_ITEM ( 'NONE', ( #3798 ), #3216 ) ;
#1702 = CARTESIAN_POINT ( 'NONE',  ( 0.6724530265954441477, 0.8329315294077540566, 1.421479833469599940 ) ) ;
#1703 = AXIS2_PLACEMENT_3D ( 'NONE', #1332, #2401, #979 ) ;
#1704 = CARTESIAN_POINT ( 'NONE',  ( -1.209610248041572023, 0.2611610357990599707, -0.7625000000000000666 ) ) ;
#1705 = VECTOR ( 'NONE', #2516, 1000.000000000000227 ) ;
#1706 =( GEOMETRIC_REPRESENTATION_CONTEXT ( 3 ) GLOBAL_UNCERTAINTY_ASSIGNED_CONTEXT ( ( #4179 ) ) GLOBAL_UNIT_ASSIGNED_CONTEXT ( ( #4429, #4626, #2001 ) ) REPRESENTATION_CONTEXT ( 'NONE', 'WORKASPACE' ) );
#1707 = VERTEX_POINT ( 'NONE', #2225 ) ;
#1708 = DIRECTION ( 'NONE',  ( -0.9975640502598243087, -0.06975647374412462243, 0.000000000000000000 ) ) ;
#1709 = AXIS2_PLACEMENT_3D ( 'NONE', #2714, #151, #902 ) ;
#1710 = EDGE_CURVE ( 'NONE', #609, #2041, #685, .T. ) ;
#1711 =( NAMED_UNIT ( * ) SI_UNIT ( $, .STERADIAN. ) SOLID_ANGLE_UNIT ( ) );
#1712 = AXIS2_PLACEMENT_3D ( 'NONE', #4195, #2044, #611 ) ;
#1713 = VERTEX_POINT ( 'NONE', #2248 ) ;
#1714 = EDGE_CURVE ( 'NONE', #3869, #4747, #2546, .T. ) ;
#1715 = SURFACE_SIDE_STYLE ('',( #4594 ) ) ;
#1716 = CARTESIAN_POINT ( 'NONE',  ( 0.7994366493701039467, 0.4659915519849457399, 1.408648687084982365 ) ) ;
#1717 = AXIS2_PLACEMENT_3D ( 'NONE', #3012, #1088, #2572 ) ;
#1718 = COLOUR_RGB ( '',0.2980392156862745057, 0.2980392156862745057, 0.2980392156862745057 ) ;
#1719 = VECTOR ( 'NONE', #561, 1000.000000000000000 ) ;
#1720 = ORIENTED_EDGE ( 'NONE', *, *, #1190, .T. ) ;
#1721 = EDGE_CURVE ( 'NONE', #3547, #4735, #3631, .T. ) ;
#1722 = CARTESIAN_POINT ( 'NONE',  ( 1.307572743868728127, 0.2680112408222825038, 0.1875000000000000000 ) ) ;
#1723 = CARTESIAN_POINT ( 'NONE',  ( -1.041004020899719995, 0.3786484947654800148, -1.137499999999999956 ) ) ;
#1724 = LINE ( 'NONE', #4715, #413 ) ;
#1725 = VECTOR ( 'NONE', #1425, 1000.000000000000000 ) ;
#1726 = ORIENTED_EDGE ( 'NONE', *, *, #4488, .F. ) ;
#1727 = DIRECTION ( 'NONE',  ( -0.9975640502598243087, 0.06975647374412571877, 0.000000000000000000 ) ) ;
#1728 = CARTESIAN_POINT ( 'NONE',  ( -0.7003228406507567838, 0.6300000000000002265, -1.449999999999992850 ) ) ;
#1729 = AXIS2_PLACEMENT_3D ( 'NONE', #223, #3225, #1687 ) ;
#1730 = ORIENTED_EDGE ( 'NONE', *, *, #4033, .T. ) ;
#1731 = DIRECTION ( 'NONE',  ( 0.000000000000000000, 0.000000000000000000, -1.000000000000000000 ) ) ;
#1732 = CARTESIAN_POINT ( 'NONE',  ( 1.300722538845504150, 0.1700487449951270102, -0.7625000000000000666 ) ) ;
#1733 = CARTESIAN_POINT ( 'NONE',  ( -0.8000000000000000444, 0.6300000000000000044, 0.1875000000000000000 ) ) ;
#1734 = ORIENTED_EDGE ( 'NONE', *, *, #4129, .T. ) ;
#1735 = CARTESIAN_POINT ( 'NONE',  ( 1.289561503046444013, 0.01043849695355505980, -0.7625000000000000666 ) ) ;
#1736 = CARTESIAN_POINT ( 'NONE',  ( -0.7009685030253079985, 0.4699666282006559892, 1.449995309899464013 ) ) ;
#1737 = DIRECTION ( 'NONE',  ( -1.000000000000000000, 0.000000000000000000, 0.000000000000000000 ) ) ;
#1738 = EDGE_CURVE ( 'NONE', #2913, #3347, #3733, .T. ) ;
#1739 = ORIENTED_EDGE ( 'NONE', *, *, #3836, .F. ) ;
#1740 = PLANE ( 'NONE',  #3267 ) ;
#1741 = CARTESIAN_POINT ( 'NONE',  ( -0.8000000000000000444, 0.6300000000000000044, -0.1875000000000000000 ) ) ;
#1742 = CARTESIAN_POINT ( 'NONE',  ( 0.7999953098994639911, 0.6300333717993450433, 1.350968503025306022 ) ) ;
#1743 = ADVANCED_FACE ( 'NONE', ( #3658 ), #27, .F. ) ;
#1744 = ORIENTED_EDGE ( 'NONE', *, *, #4420, .F. ) ;
#1745 = DIRECTION ( 'NONE',  ( -1.000000000000000000, 0.000000000000000000, 0.000000000000000000 ) ) ;
#1746 = CARTESIAN_POINT ( 'NONE',  ( -1.300722538845504150, 0.1700487449951270102, -0.7625000000000000666 ) ) ;
#1747 = DIRECTION ( 'NONE',  ( -1.000000000000000000, -3.789816180775159986E-16, 0.000000000000000000 ) ) ;
#1748 = VECTOR ( 'NONE', #1453, 1000.000000000000000 ) ;
#1749 = ORIENTED_EDGE ( 'NONE', *, *, #3058, .F. ) ;
#1750 = DIRECTION ( 'NONE',  ( -1.000000000000000000, 0.000000000000000000, 0.000000000000000000 ) ) ;
#1751 = ORIENTED_EDGE ( 'NONE', *, *, #1074, .F. ) ;
#1752 = LINE ( 'NONE', #3991, #2935 ) ;
#1753 = ORIENTED_EDGE ( 'NONE', *, *, #2745, .T. ) ;
#1754 = ORIENTED_EDGE ( 'NONE', *, *, #3853, .T. ) ;
#1755 = ORIENTED_EDGE ( 'NONE', *, *, #3437, .T. ) ;
#1756 = DIRECTION ( 'NONE',  ( 0.000000000000000000, 0.000000000000000000, -1.000000000000000000 ) ) ;
#1757 = CARTESIAN_POINT ( 'NONE',  ( 0.6610712173784919488, 1.000000000000000000, 1.311071217378491971 ) ) ;
#1758 = LINE ( 'NONE', #2870, #3946 ) ;
#1759 = ORIENTED_EDGE ( 'NONE', *, *, #459, .F. ) ;
#1760 = CARTESIAN_POINT ( 'NONE',  ( 1.041004020899719995, 0.3786484947654800148, 0.1875000000000000000 ) ) ;
#1761 = DIRECTION ( 'NONE',  ( 0.000000000000000000, 0.000000000000000000, 1.000000000000000000 ) ) ;
#1762 = EDGE_CURVE ( 'NONE', #3654, #2746, #1107, .T. ) ;
#1763 = DIRECTION ( 'NONE',  ( 0.000000000000000000, 0.000000000000000000, -1.000000000000000000 ) ) ;
#1764 = DIRECTION ( 'NONE',  ( 0.9975640502598243087, -0.06975647374412462243, 0.000000000000000000 ) ) ;
#1765 = ORIENTED_EDGE ( 'NONE', *, *, #282, .F. ) ;
#1766 = STYLED_ITEM ( 'NONE', ( #2825 ), #3558 ) ;
#1767 = ORIENTED_EDGE ( 'NONE', *, *, #450, .F. ) ;
#1768 = DIRECTION ( 'NONE',  ( 1.000000000000000000, 0.000000000000000000, 0.000000000000000000 ) ) ;
#1769 = DIRECTION ( 'NONE',  ( 0.000000000000000000, 0.000000000000000000, -1.000000000000000000 ) ) ;
#1770 = COLOUR_RGB ( '',0.2980392156862745057, 0.2980392156862745057, 0.2980392156862745057 ) ;
#1771 = CIRCLE ( 'NONE', #168, 0.09999999999999997780 ) ;
#1772 = ADVANCED_FACE ( 'NONE', ( #3028 ), #365, .F. ) ;
#1773 = SURFACE_STYLE_FILL_AREA ( #312 ) ;
#1774 = DIRECTION ( 'NONE',  ( 0.000000000000000000, 0.000000000000000000, 1.000000000000000000 ) ) ;
#1775 = CARTESIAN_POINT ( 'NONE',  ( 0.9430415250725630028, 0.3717982897422579813, -0.1875000000000000000 ) ) ;
#1776 = ADVANCED_FACE ( 'NONE', ( #751 ), #4037, .F. ) ;
#1777 = ORIENTED_EDGE ( 'NONE', *, *, #1690, .F. ) ;
#1778 = CARTESIAN_POINT ( 'NONE',  ( -0.4500000000000000111, 0.9499999999999999556, -1.100000000000000089 ) ) ;
#1779 = AXIS2_PLACEMENT_3D ( 'NONE', #803, #2209, #1184 ) ;
#1780 = DIRECTION ( 'NONE',  ( 0.000000000000000000, 0.000000000000000000, -1.000000000000000000 ) ) ;
#1781 = EDGE_LOOP ( 'NONE', ( #3011, #1402, #3438, #2876, #1129, #4711, #2137, #2514, #2920, #3351, #2406, #4601 ) ) ;
#1782 = CIRCLE ( 'NONE', #948, 0.09820171025774271367 ) ;
#1783 = ORIENTED_EDGE ( 'NONE', *, *, #2815, .T. ) ;
#1784 = VERTEX_POINT ( 'NONE', #4417 ) ;
#1785 = CARTESIAN_POINT ( 'NONE',  ( 0.9430415250725630028, 0.3717982897422579813, 0.1875000000000000000 ) ) ;
#1786 = FILL_AREA_STYLE ('',( #4372 ) ) ;
#1787 = MECHANICAL_DESIGN_GEOMETRIC_PRESENTATION_REPRESENTATION (  '', ( #873 ), #1706 ) ;
#1788 =( BOUNDED_CURVE ( )  B_SPLINE_CURVE ( 3, ( #670, #1697, #4665, #2503 ),
 .UNSPECIFIED., .F., .F. ) 
 B_SPLINE_CURVE_WITH_KNOTS ( ( 4, 4 ),
 ( 3.141592653589785122, 3.151277835258265103 ),
 .UNSPECIFIED. ) 
 CURVE ( )  GEOMETRIC_REPRESENTATION_ITEM ( )  RATIONAL_B_SPLINE_CURVE ( ( 1.000000000000000000, 0.9999921831199470867, 0.9999921831199470867, 1.000000000000000000 ) ) 
 REPRESENTATION_ITEM ( '' )  );
#1789 = UNCERTAINTY_MEASURE_WITH_UNIT (LENGTH_MEASURE( 1.000000000000000082E-05 ), #827, 'distance_accuracy_value', 'NONE');
#1790 = ORIENTED_EDGE ( 'NONE', *, *, #634, .F. ) ;
#1791 =( LENGTH_UNIT ( ) NAMED_UNIT ( * ) SI_UNIT ( .MILLI., .METRE. ) );
#1792 = FILL_AREA_STYLE ('',( #2200 ) ) ;
#1793 = CARTESIAN_POINT ( 'NONE',  ( -0.8000000000000003775, 0.4699999999999998623, 1.350322840650753919 ) ) ;
#1794 = ORIENTED_EDGE ( 'NONE', *, *, #3340, .T. ) ;
#1795 = EDGE_CURVE ( 'NONE', #1016, #3994, #1026, .T. ) ;
#1796 = VERTEX_POINT ( 'NONE', #1134 ) ;
#1797 = DIRECTION ( 'NONE',  ( 0.000000000000000000, 0.000000000000000000, -1.000000000000000000 ) ) ;
#1798 = COLOUR_RGB ( '',0.2980392156862745057, 0.2980392156862745057, 0.2980392156862745057 ) ;
#1799 = VECTOR ( 'NONE', #4411, 1000.000000000000114 ) ;
#1800 = EDGE_CURVE ( 'NONE', #3994, #2738, #771, .T. ) ;
#1801 = VECTOR ( 'NONE', #976, 1000.000000000000114 ) ;
#1802 = PRESENTATION_STYLE_ASSIGNMENT (( #3634 ) ) ;
#1803 = CYLINDRICAL_SURFACE ( 'NONE', #4475, 0.09820171025774282469 ) ;
#1804 = ORIENTED_EDGE ( 'NONE', *, *, #2633, .T. ) ;
#1805 = FILL_AREA_STYLE_COLOUR ( '', #1124 ) ;
#1806 = UNCERTAINTY_MEASURE_WITH_UNIT (LENGTH_MEASURE( 1.000000000000000082E-05 ), #744, 'distance_accuracy_value', 'NONE');
#1807 =( NAMED_UNIT ( * ) PLANE_ANGLE_UNIT ( ) SI_UNIT ( $, .RADIAN. ) );
#1808 = ORIENTED_EDGE ( 'NONE', *, *, #8, .T. ) ;
#1809 = MECHANICAL_DESIGN_GEOMETRIC_PRESENTATION_REPRESENTATION (  '', ( #3882 ), #509 ) ;
#1810 = CIRCLE ( 'NONE', #4646, 0.1000000000000000472 ) ;
#1811 = EDGE_CURVE ( 'NONE', #3531, #4069, #4160, .T. ) ;
#1812 = ORIENTED_EDGE ( 'NONE', *, *, #106, .F. ) ;
#1813 = DIRECTION ( 'NONE',  ( 0.000000000000000000, 0.000000000000000000, -1.000000000000000000 ) ) ;
#1814 = DIRECTION ( 'NONE',  ( 0.000000000000000000, 0.000000000000000000, -1.000000000000000000 ) ) ;
#1815 = DIRECTION ( 'NONE',  ( 0.000000000000000000, 0.000000000000000000, 1.000000000000000000 ) ) ;
#1816 = CYLINDRICAL_SURFACE ( 'NONE', #2539, 0.2582017102577423562 ) ;
#1817 = ORIENTED_EDGE ( 'NONE', *, *, #1284, .T. ) ;
#1818 =( NAMED_UNIT ( * ) PLANE_ANGLE_UNIT ( ) SI_UNIT ( $, .RADIAN. ) );
#1819 = CARTESIAN_POINT ( 'NONE',  ( -0.7999984366209346165, 0.4699888759799297766, 1.350645677516099097 ) ) ;
#1820 = ORIENTED_EDGE ( 'NONE', *, *, #1800, .T. ) ;
#1821 = FACE_OUTER_BOUND ( 'NONE', #2348, .T. ) ;
#1822 = SURFACE_STYLE_USAGE ( .BOTH. , #2983 ) ;
#1823 = CARTESIAN_POINT ( 'NONE',  ( 1.050000000000000044, 0.2500000000000000000, -0.7625000000000000666 ) ) ;
#1824 = DIRECTION ( 'NONE',  ( 0.000000000000000000, 2.128137740978355074E-15, -1.000000000000000000 ) ) ;
#1825 = VERTEX_POINT ( 'NONE', #3505 ) ;
#1826 = SURFACE_SIDE_STYLE ('',( #4366 ) ) ;
#1827 = EDGE_CURVE ( 'NONE', #1353, #1117, #124, .T. ) ;
#1828 = PLANE ( 'NONE',  #411 ) ;
#1829 = VERTEX_POINT ( 'NONE', #4128 ) ;
#1830 = ORIENTED_EDGE ( 'NONE', *, *, #925, .F. ) ;
#1831 = STYLED_ITEM ( 'NONE', ( #4464 ), #480 ) ;
#1832 = SURFACE_STYLE_FILL_AREA ( #1470 ) ;
#1833 = EDGE_CURVE ( 'NONE', #1427, #3251, #1176, .T. ) ;
#1834 = CARTESIAN_POINT ( 'NONE',  ( 0.8000000000000000444, 0.6300000000000000044, 1.137499999999999956 ) ) ;
#1835 = CARTESIAN_POINT ( 'NONE',  ( -1.200614268941289975, 0.3898095305645404851, 1.137499999999999956 ) ) ;
#1836 = FILL_AREA_STYLE ('',( #3891 ) ) ;
#1837 = ORIENTED_EDGE ( 'NONE', *, *, #577, .T. ) ;
#1838 = CARTESIAN_POINT ( 'NONE',  ( 1.449999999999999956, 0.1596102480415720060, 1.137499999999999956 ) ) ;
#1839 = DIRECTION ( 'NONE',  ( 0.000000000000000000, 0.000000000000000000, 1.000000000000000000 ) ) ;
#1840 = ADVANCED_FACE ( 'NONE', ( #1584 ), #4171, .F. ) ;
#1841 = DIRECTION ( 'NONE',  ( 0.000000000000000000, 0.1391731009600658264, 0.9902680687415702510 ) ) ;
#1842 = VERTEX_POINT ( 'NONE', #2737 ) ;
#1843 = DIRECTION ( 'NONE',  ( 0.000000000000000000, 0.000000000000000000, -1.000000000000000000 ) ) ;
#1844 = DIRECTION ( 'NONE',  ( 0.000000000000000000, 1.000000000000000000, 0.000000000000000000 ) ) ;
#1845 = VERTEX_POINT ( 'NONE', #3050 ) ;
#1846 = DIRECTION ( 'NONE',  ( 0.000000000000000000, 1.000000000000000000, 0.000000000000000000 ) ) ;
#1847 = CARTESIAN_POINT ( 'NONE',  ( -0.7999953098994649903, 0.4699666282006559892, -1.350968503025300249 ) ) ;
#1848 = COLOUR_RGB ( '',0.2980392156862745057, 0.2980392156862745057, 0.2980392156862745057 ) ;
#1849 = ORIENTED_EDGE ( 'NONE', *, *, #1101, .F. ) ;
#1850 = ADVANCED_FACE ( 'NONE', ( #1932 ), #3432, .F. ) ;
#1851 = ORIENTED_EDGE ( 'NONE', *, *, #1064, .F. ) ;
#1852 = VERTEX_POINT ( 'NONE', #2681 ) ;
#1853 = DIRECTION ( 'NONE',  ( 0.000000000000000000, 0.000000000000000000, -1.000000000000000000 ) ) ;
#1854 = DIRECTION ( 'NONE',  ( 0.000000000000000000, 0.000000000000000000, -1.000000000000000000 ) ) ;
#1855 =( GEOMETRIC_REPRESENTATION_CONTEXT ( 3 ) GLOBAL_UNCERTAINTY_ASSIGNED_CONTEXT ( ( #2743 ) ) GLOBAL_UNIT_ASSIGNED_CONTEXT ( ( #3640, #2912, #1711 ) ) REPRESENTATION_CONTEXT ( 'NONE', 'WORKASPACE' ) );
#1856 = ADVANCED_FACE ( 'NONE', ( #1205 ), #846, .F. ) ;
#1857 = ORIENTED_EDGE ( 'NONE', *, *, #1896, .F. ) ;
#1858 = DIRECTION ( 'NONE',  ( -0.9902680687415703620, 0.1391731009600658819, 0.000000000000000000 ) ) ;
#1859 = VECTOR ( 'NONE', #4580, 1000.000000000000114 ) ;
#1860 = PRESENTATION_STYLE_ASSIGNMENT (( #1478 ) ) ;
#1861 = DIRECTION ( 'NONE',  ( 0.000000000000000000, 0.000000000000000000, -1.000000000000000000 ) ) ;
#1862 = VECTOR ( 'NONE', #1978, 1000.000000000000000 ) ;
#1863 = EDGE_CURVE ( 'NONE', #2577, #3981, #894, .T. ) ;
#1864 = STYLED_ITEM ( 'NONE', ( #1531 ), #663 ) ;
#1865 = ORIENTED_EDGE ( 'NONE', *, *, #4527, .F. ) ;
#1866 =( NAMED_UNIT ( * ) SI_UNIT ( $, .STERADIAN. ) SOLID_ANGLE_UNIT ( ) );
#1867 = SURFACE_SIDE_STYLE ('',( #412 ) ) ;
#1868 = DIRECTION ( 'NONE',  ( 0.000000000000000000, 1.000000000000000000, 0.000000000000000000 ) ) ;
#1869 = PRESENTATION_LAYER_ASSIGNMENT (  '', '', ( #2092 ) ) ;
#1870 = MECHANICAL_DESIGN_GEOMETRIC_PRESENTATION_REPRESENTATION (  '', ( #3800 ), #3404 ) ;
#1871 = DIRECTION ( 'NONE',  ( 1.000000000000000000, 0.000000000000000000, 0.000000000000000000 ) ) ;
#1872 = LINE ( 'NONE', #2159, #222 ) ;
#1873 = CIRCLE ( 'NONE', #1267, 0.1000000000000000472 ) ;
#1874 = CARTESIAN_POINT ( 'NONE',  ( 0.6999999999999999556, 0.4699999999999999734, 1.449999999999999956 ) ) ;
#1875 = VECTOR ( 'NONE', #2817, 1000.000000000000227 ) ;
#1876 = ORIENTED_EDGE ( 'NONE', *, *, #2211, .F. ) ;
#1877 = VECTOR ( 'NONE', #2396, 1000.000000000000000 ) ;
#1878 = ORIENTED_EDGE ( 'NONE', *, *, #3017, .F. ) ;
#1879 = VERTEX_POINT ( 'NONE', #147 ) ;
#1880 = DIRECTION ( 'NONE',  ( -1.000000000000000000, 0.000000000000000000, 0.000000000000000000 ) ) ;
#1881 = CYLINDRICAL_SURFACE ( 'NONE', #3627, 0.1000000000000000472 ) ;
#1882 =( NAMED_UNIT ( * ) PLANE_ANGLE_UNIT ( ) SI_UNIT ( $, .RADIAN. ) );
#1883 = CIRCLE ( 'NONE', #1954, 0.1000000000000000472 ) ;
#1884 = AXIS2_PLACEMENT_3D ( 'NONE', #3408, #2294, #4039 ) ;
#1885 =( GEOMETRIC_REPRESENTATION_CONTEXT ( 3 ) GLOBAL_UNCERTAINTY_ASSIGNED_CONTEXT ( ( #1140 ) ) GLOBAL_UNIT_ASSIGNED_CONTEXT ( ( #92, #4055, #452 ) ) REPRESENTATION_CONTEXT ( 'NONE', 'WORKASPACE' ) );
#1886 = ORIENTED_EDGE ( 'NONE', *, *, #3197, .T. ) ;
#1887 = FACE_OUTER_BOUND ( 'NONE', #918, .T. ) ;
#1888 = SURFACE_STYLE_FILL_AREA ( #2632 ) ;
#1889 = DIRECTION ( 'NONE',  ( 1.000000000000000000, 0.000000000000000000, 0.000000000000000000 ) ) ;
#1890 = CARTESIAN_POINT ( 'NONE',  ( 0.6610712173784909496, 0.2000000000000000111, -1.311071217378483977 ) ) ;
#1891 = ADVANCED_FACE ( 'NONE', ( #1604 ), #3067, .F. ) ;
#1892 = VERTEX_POINT ( 'NONE', #3824 ) ;
#1893 = SURFACE_SIDE_STYLE ('',( #3679 ) ) ;
#1894 = PRESENTATION_STYLE_ASSIGNMENT (( #1822 ) ) ;
#1895 = DIRECTION ( 'NONE',  ( 0.000000000000000000, 0.000000000000000000, -1.000000000000000000 ) ) ;
#1896 = EDGE_CURVE ( 'NONE', #4190, #2214, #531, .T. ) ;
#1897 = CLOSED_SHELL ( 'NONE', ( #1329, #3722, #2528, #1169, #1158, #3281, #2465, #2262, #4206, #4566, #2351, #2026, #995, #4643 ) ) ;
#1898 = FACE_OUTER_BOUND ( 'NONE', #2126, .T. ) ;
#1899 = CARTESIAN_POINT ( 'NONE',  ( -0.4500000000000000111, 0.9499999999999999556, -1.000000000000000000 ) ) ;
#1900 = UNCERTAINTY_MEASURE_WITH_UNIT (LENGTH_MEASURE( 1.000000000000000082E-05 ), #964, 'distance_accuracy_value', 'NONE');
#1901 = EDGE_LOOP ( 'NONE', ( #3416, #3914, #2394, #1391 ) ) ;
#1902 = EDGE_LOOP ( 'NONE', ( #2927, #2086, #2263, #2388 ) ) ;
#1903 = FACE_OUTER_BOUND ( 'NONE', #579, .T. ) ;
#1904 = CARTESIAN_POINT ( 'NONE',  ( 0.9430415250725630028, 0.3717982897422579813, 1.137499999999999956 ) ) ;
#1905 = DIRECTION ( 'NONE',  ( 0.000000000000000000, 0.000000000000000000, -1.000000000000000000 ) ) ;
#1906 = DIRECTION ( 'NONE',  ( 1.000000000000000000, 0.000000000000000000, 0.000000000000000000 ) ) ;
#1907 = VECTOR ( 'NONE', #4364, 1000.000000000000000 ) ;
#1908 = ORIENTED_EDGE ( 'NONE', *, *, #3387, .F. ) ;
#1909 = CYLINDRICAL_SURFACE ( 'NONE', #3311, 0.1000000000000000472 ) ;
#1910 = EDGE_LOOP ( 'NONE', ( #1591, #988, #4284, #2046 ) ) ;
#1911 = EDGE_CURVE ( 'NONE', #2150, #2996, #576, .T. ) ;
#1912 = EDGE_CURVE ( 'NONE', #4328, #2538, #1626, .T. ) ;
#1913 = DIRECTION ( 'NONE',  ( -1.000000000000000000, 0.000000000000000000, 0.000000000000000000 ) ) ;
#1914 =( NAMED_UNIT ( * ) PLANE_ANGLE_UNIT ( ) SI_UNIT ( $, .RADIAN. ) );
#1915 = DIRECTION ( 'NONE',  ( 0.000000000000000000, 0.000000000000000000, 1.000000000000000000 ) ) ;
#1916 = VERTEX_POINT ( 'NONE', #4555 ) ;
#1917 = AXIS2_PLACEMENT_3D ( 'NONE', #2378, #4544, #839 ) ;
#1918 = EDGE_CURVE ( 'NONE', #695, #83, #1272, .T. ) ;
#1919 = VERTEX_POINT ( 'NONE', #2003 ) ;
#1920 = ORIENTED_EDGE ( 'NONE', *, *, #1512, .F. ) ;
#1921 = CARTESIAN_POINT ( 'NONE',  ( 1.438838964200940040, 1.626303258728255172E-16, -0.7625000000000000666 ) ) ;
#1922 = SURFACE_STYLE_FILL_AREA ( #2261 ) ;
#1923 = AXIS2_PLACEMENT_3D ( 'NONE', #2997, #1839, #2174 ) ;
#1924 = EDGE_LOOP ( 'NONE', ( #980, #2541, #2568, #4575 ) ) ;
#1925 = LINE ( 'NONE', #4194, #3917 ) ;
#1926 = CARTESIAN_POINT ( 'NONE',  ( 1.050000000000000044, 0.2500000000000000000, 0.7625000000000000666 ) ) ;
#1927 = VECTOR ( 'NONE', #3205, 1000.000000000000000 ) ;
#1928 = VERTEX_POINT ( 'NONE', #3475 ) ;
#1929 = FACE_OUTER_BOUND ( 'NONE', #2824, .T. ) ;
#1930 = VECTOR ( 'NONE', #4725, 1000.000000000000000 ) ;
#1931 =( NAMED_UNIT ( * ) SI_UNIT ( $, .STERADIAN. ) SOLID_ANGLE_UNIT ( ) );
#1932 = FACE_OUTER_BOUND ( 'NONE', #2165, .T. ) ;
#1933 = EDGE_CURVE ( 'NONE', #3983, #1256, #192, .T. ) ;
#1934 = CARTESIAN_POINT ( 'NONE',  ( -0.8000000000000000444, 0.6300000000000000044, -1.137499999999999956 ) ) ;
#1935 = LINE ( 'NONE', #457, #896 ) ;
#1936 = LINE ( 'NONE', #4505, #1557 ) ;
#1937 = ORIENTED_EDGE ( 'NONE', *, *, #3636, .T. ) ;
#1938 = EDGE_CURVE ( 'NONE', #1940, #3198, #3121, .T. ) ;
#1939 = VECTOR ( 'NONE', #1666, 1000.000000000000000 ) ;
#1940 = VERTEX_POINT ( 'NONE', #938 ) ;
#1941 = CARTESIAN_POINT ( 'NONE',  ( -0.8000000000000000444, 0.6300000000000000044, 0.1875000000000000000 ) ) ;
#1942 = CIRCLE ( 'NONE', #4323, 0.09820171025774261653 ) ;
#1943 = CARTESIAN_POINT ( 'NONE',  ( -0.4500000000000000111, 1.000000000000000000, -1.100000000000000089 ) ) ;
#1944 = DIRECTION ( 'NONE',  ( 0.000000000000000000, 0.000000000000000000, 1.000000000000000000 ) ) ;
#1945 = ADVANCED_FACE ( 'NONE', ( #2387 ), #3866, .F. ) ;
#1946 = AXIS2_PLACEMENT_3D ( 'NONE', #2521, #3902, #3232 ) ;
#1947 = ORIENTED_EDGE ( 'NONE', *, *, #4731, .F. ) ;
#1948 = SURFACE_SIDE_STYLE ('',( #1644 ) ) ;
#1949 = COLOUR_RGB ( '',0.2980392156862745057, 0.2980392156862745057, 0.2980392156862745057 ) ;
#1950 = PRESENTATION_STYLE_ASSIGNMENT (( #117 ) ) ;
#1951 = COLOUR_RGB ( '',0.2980392156862745057, 0.2980392156862745057, 0.2980392156862745057 ) ;
#1952 = CARTESIAN_POINT ( 'NONE',  ( -0.7999953098994649903, 0.6300333717993450433, 1.350968503025306022 ) ) ;
#1953 = CARTESIAN_POINT ( 'NONE',  ( 0.9430415250725630028, 0.6300000000000000044, -0.7625000000000000666 ) ) ;
#1954 = AXIS2_PLACEMENT_3D ( 'NONE', #1778, #1846, #1520 ) ;
#1955 = COLOUR_RGB ( '',0.2980392156862745057, 0.2980392156862745057, 0.2980392156862745057 ) ;
#1956 = ORIENTED_EDGE ( 'NONE', *, *, #1600, .F. ) ;
#1957 = DIRECTION ( 'NONE',  ( -1.000000000000000000, 0.000000000000000000, 0.000000000000000000 ) ) ;
#1958 = DIRECTION ( 'NONE',  ( 0.000000000000000000, 1.000000000000000000, 0.000000000000000000 ) ) ;
#1959 = PRESENTATION_LAYER_ASSIGNMENT (  '', '', ( #55 ) ) ;
#1960 = CARTESIAN_POINT ( 'NONE',  ( -1.209610248041572023, 0.2611610357990599707, 0.1875000000000000000 ) ) ;
#1961 = DIRECTION ( 'NONE',  ( 0.000000000000000000, 1.000000000000000000, 0.000000000000000000 ) ) ;
#1962 = ORIENTED_EDGE ( 'NONE', *, *, #4420, .T. ) ;
#1963 = UNCERTAINTY_MEASURE_WITH_UNIT (LENGTH_MEASURE( 1.000000000000000082E-05 ), #749, 'distance_accuracy_value', 'NONE');
#1964 = EDGE_LOOP ( 'NONE', ( #4655, #3305, #3812, #4308 ) ) ;
#1965 = LINE ( 'NONE', #1230, #2717 ) ;
#1966 = EDGE_CURVE ( 'NONE', #3198, #4557, #2938, .T. ) ;
#1967 = CARTESIAN_POINT ( 'NONE',  ( -0.7009685030253079985, 0.6300333717993450433, -1.449995309899458018 ) ) ;
#1968 = ORIENTED_EDGE ( 'NONE', *, *, #3122, .T. ) ;
#1969 = SURFACE_SIDE_STYLE ('',( #3764 ) ) ;
#1970 = EDGE_CURVE ( 'NONE', #4214, #3744, #3526, .T. ) ;
#1971 = DIRECTION ( 'NONE',  ( 1.000000000000000000, 0.000000000000000000, 0.000000000000000000 ) ) ;
#1972 = CARTESIAN_POINT ( 'NONE',  ( -0.7028548130214949952, 0.6166115787654489200, 1.451881619895650122 ) ) ;
#1973 = DIRECTION ( 'NONE',  ( 0.000000000000000000, 0.000000000000000000, -1.000000000000000000 ) ) ;
#1974 = VECTOR ( 'NONE', #3125, 1000.000000000000000 ) ;
#1975 = ORIENTED_EDGE ( 'NONE', *, *, #3982, .F. ) ;
#1976 = ADVANCED_FACE ( 'NONE', ( #987 ), #2576, .T. ) ;
#1977 = PLANE ( 'NONE',  #660 ) ;
#1978 = DIRECTION ( 'NONE',  ( 1.000000000000000000, 0.000000000000000000, 0.000000000000000000 ) ) ;
#1979 =( LENGTH_UNIT ( ) NAMED_UNIT ( * ) SI_UNIT ( .MILLI., .METRE. ) );
#1980 = FILL_AREA_STYLE_COLOUR ( '', #1951 ) ;
#1981 = LINE ( 'NONE', #3453, #1974 ) ;
#1982 = CARTESIAN_POINT ( 'NONE',  ( 0.7600980242526479413, 0.1860826899039934867, -1.311071217378483977 ) ) ;
#1983 = EDGE_LOOP ( 'NONE', ( #585, #1087, #2069, #1794 ) ) ;
#1984 = DIRECTION ( 'NONE',  ( 0.000000000000000000, 0.000000000000000000, 1.000000000000000000 ) ) ;
#1985 = FACE_OUTER_BOUND ( 'NONE', #2276, .T. ) ;
#1986 = FILL_AREA_STYLE_COLOUR ( '', #945 ) ;
#1987 = MANIFOLD_SOLID_BREP ( 'NONE', #3796 ) ;
#1988 = AXIS2_PLACEMENT_3D ( 'NONE', #1785, #3277, #4427 ) ;
#1989 = ADVANCED_FACE ( 'NONE', ( #2074 ), #3551, .T. ) ;
#1990 = ORIENTED_EDGE ( 'NONE', *, *, #4325, .T. ) ;
#1992 = LINE ( 'NONE', #910, #1123 ) ;
#1991 =( GEOMETRIC_REPRESENTATION_CONTEXT ( 3 ) GLOBAL_UNCERTAINTY_ASSIGNED_CONTEXT ( ( #877 ) ) GLOBAL_UNIT_ASSIGNED_CONTEXT ( ( #4254, #1662, #942 ) ) REPRESENTATION_CONTEXT ( 'NONE', 'WORKASPACE' ) );
#1993 = CIRCLE ( 'NONE', #783, 0.2582017102577425782 ) ;
#1994 = PLANE ( 'NONE',  #2773 ) ;
#1995 = LINE ( 'NONE', #3464, #4457 ) ;
#1996 = CARTESIAN_POINT ( 'NONE',  ( 0.7006456775161016282, 0.6300111240200714224, 1.449998436620931974 ) ) ;
#1997 = EDGE_CURVE ( 'NONE', #2996, #4053, #1724, .T. ) ;
#1998 = ORIENTED_EDGE ( 'NONE', *, *, #3161, .F. ) ;
#1999 = DIRECTION ( 'NONE',  ( 1.000000000000000000, 0.000000000000000000, 0.000000000000000000 ) ) ;
#2000 = VECTOR ( 'NONE', #3346, 1000.000000000000000 ) ;
#2001 =( NAMED_UNIT ( * ) SI_UNIT ( $, .STERADIAN. ) SOLID_ANGLE_UNIT ( ) );
#2002 = CARTESIAN_POINT ( 'NONE',  ( -1.300722538845504150, 0.1700487449951270102, 0.7625000000000000666 ) ) ;
#2003 = CARTESIAN_POINT ( 'NONE',  ( -0.8000000000000000444, 0.4699999999999999734, -1.137499999999999956 ) ) ;
#2004 = EDGE_CURVE ( 'NONE', #4548, #109, #633, .T. ) ;
#2005 = VECTOR ( 'NONE', #3563, 1000.000000000000114 ) ;
#2006 = ORIENTED_EDGE ( 'NONE', *, *, #3086, .T. ) ;
#2007 = FACE_OUTER_BOUND ( 'NONE', #2688, .T. ) ;
#2008 = CARTESIAN_POINT ( 'NONE',  ( 1.449999999999999956, 0.1596102480415720060, 0.7625000000000000666 ) ) ;
#2009 = LINE ( 'NONE', #1430, #1748 ) ;
#2010 = STYLED_ITEM ( 'NONE', ( #2547 ), #1976 ) ;
#2011 = CARTESIAN_POINT ( 'NONE',  ( 0.6610712173784909496, 0.9139173100960069629, -1.410098024252641968 ) ) ;
#2012 = EDGE_LOOP ( 'NONE', ( #396, #4541, #1441, #545 ) ) ;
#2013 = CARTESIAN_POINT ( 'NONE',  ( 1.050000000000000044, 0.2500000000000000000, 0.1875000000000000000 ) ) ;
#2014 = DIRECTION ( 'NONE',  ( 0.000000000000000000, 0.000000000000000000, -1.000000000000000000 ) ) ;
#2015 = AXIS2_PLACEMENT_3D ( 'NONE', #1592, #4153, #4116 ) ;
#2016 = VECTOR ( 'NONE', #1002, 1000.000000000000114 ) ;
#2017 = VERTEX_POINT ( 'NONE', #3645 ) ;
#2018 = CARTESIAN_POINT ( 'NONE',  ( 1.209610248041572023, 0.2611610357990599707, -0.7625000000000000666 ) ) ;
#2019 = DIRECTION ( 'NONE',  ( -0.06975647374412562163, -0.9975640502598241977, 0.000000000000000000 ) ) ;
#2020 = SURFACE_STYLE_FILL_AREA ( #930 ) ;
#2021 = PLANE ( 'NONE',  #1194 ) ;
#2022 = CIRCLE ( 'NONE', #3491, 0.1000000000000000472 ) ;
#2023 = ORIENTED_EDGE ( 'NONE', *, *, #2471, .T. ) ;
#2024 = SURFACE_STYLE_USAGE ( .BOTH. , #864 ) ;
#2025 = SURFACE_STYLE_FILL_AREA ( #2706 ) ;
#2026 = ADVANCED_FACE ( 'NONE', ( #354 ), #1816, .T. ) ;
#2027 = DIRECTION ( 'NONE',  ( 1.000000000000000000, 0.000000000000000000, 0.000000000000000000 ) ) ;
#2028 = FILL_AREA_STYLE_COLOUR ( '', #2727 ) ;
#2029 = CARTESIAN_POINT ( 'NONE',  ( 1.200614268941289975, 0.3898095305645404851, 1.137499999999999956 ) ) ;
#2030 =( GEOMETRIC_REPRESENTATION_CONTEXT ( 3 ) GLOBAL_UNCERTAINTY_ASSIGNED_CONTEXT ( ( #2617 ) ) GLOBAL_UNIT_ASSIGNED_CONTEXT ( ( #2565, #1062, #3990 ) ) REPRESENTATION_CONTEXT ( 'NONE', 'WORKASPACE' ) );
#2031 = COLOUR_RGB ( '',0.2980392156862745057, 0.2980392156862745057, 0.2980392156862745057 ) ;
#2032 = ORIENTED_EDGE ( 'NONE', *, *, #225, .F. ) ;
#2033 = CARTESIAN_POINT ( 'NONE',  ( -0.7009685030253079985, 0.6300333717993450433, 1.449995309899464013 ) ) ;
#2034 = MANIFOLD_SOLID_BREP ( 'NONE', #3584 ) ;
#2035 = SURFACE_STYLE_FILL_AREA ( #2711 ) ;
#2036 = EDGE_CURVE ( 'NONE', #3251, #3993, #3549, .T. ) ;
#2037 = DIRECTION ( 'NONE',  ( 0.000000000000000000, 0.000000000000000000, -1.000000000000000000 ) ) ;
#2038 = ORIENTED_EDGE ( 'NONE', *, *, #1912, .F. ) ;
#2039 = DIRECTION ( 'NONE',  ( -1.000000000000000000, 0.000000000000000000, 0.000000000000000000 ) ) ;
#2040 = LINE ( 'NONE', #3153, #4261 ) ;
#2041 = VERTEX_POINT ( 'NONE', #44 ) ;
#2042 = EDGE_LOOP ( 'NONE', ( #195, #4376, #3436, #373 ) ) ;
#2043 = CARTESIAN_POINT ( 'NONE',  ( -1.200614268941289975, 0.3898095305645404851, 0.1875000000000000000 ) ) ;
#2044 = DIRECTION ( 'NONE',  ( 0.000000000000000000, 0.000000000000000000, -1.000000000000000000 ) ) ;
#2045 = CARTESIAN_POINT ( 'NONE',  ( 0.7009685030253060001, 0.6300333717993450433, -1.449995309899458018 ) ) ;
#2046 = ORIENTED_EDGE ( 'NONE', *, *, #1863, .F. ) ;
#2047 = CARTESIAN_POINT ( 'NONE',  ( 0.8000000000000000444, 0.4699999999999999734, -1.137499999999999956 ) ) ;
#2048 = CARTESIAN_POINT ( 'NONE',  ( -0.7586486870849823427, 0.4659915519849464061, 1.449436649370100083 ) ) ;
#2049 = DIRECTION ( 'NONE',  ( 0.9975640502598243087, -0.06975647374412462243, 0.000000000000000000 ) ) ;
#2050 = DIRECTION ( 'NONE',  ( 0.000000000000000000, 0.000000000000000000, 1.000000000000000000 ) ) ;
#2051 = EDGE_CURVE ( 'NONE', #1162, #536, #3473, .T. ) ;
#2052 = ORIENTED_EDGE ( 'NONE', *, *, #3697, .T. ) ;
#2053 = DIRECTION ( 'NONE',  ( 1.000000000000000000, 3.789816180775159986E-16, 0.000000000000000000 ) ) ;
#2054 = DIRECTION ( 'NONE',  ( 0.000000000000000000, 0.000000000000000000, 1.000000000000000000 ) ) ;
#2055 = CARTESIAN_POINT ( 'NONE',  ( 0.6610712173784909496, 0.1860826899039934867, -1.410098024252641968 ) ) ;
#2056 = EDGE_CURVE ( 'NONE', #2872, #216, #3093, .T. ) ;
#2057 = ORIENTED_EDGE ( 'NONE', *, *, #934, .T. ) ;
#2058 = PLANE ( 'NONE',  #4170 ) ;
#2059 =( NAMED_UNIT ( * ) SI_UNIT ( $, .STERADIAN. ) SOLID_ANGLE_UNIT ( ) );
#2060 = SURFACE_STYLE_USAGE ( .BOTH. , #155 ) ;
#2061 = MANIFOLD_SOLID_BREP ( 'NONE', #4165 ) ;
#2062 = ADVANCED_FACE ( 'NONE', ( #1624 ), #915, .T. ) ;
#2063 = ORIENTED_EDGE ( 'NONE', *, *, #1938, .T. ) ;
#2064 = CARTESIAN_POINT ( 'NONE',  ( 0.9430415250725630028, 0.4699999999999999734, 0.1875000000000000000 ) ) ;
#2065 = CARTESIAN_POINT ( 'NONE',  ( -0.7999953098994649903, 0.6300333717993450433, -1.350968503025300249 ) ) ;
#2066 = FACE_OUTER_BOUND ( 'NONE', #2111, .T. ) ;
#2067 = VECTOR ( 'NONE', #4684, 1000.000000000000114 ) ;
#2068 = PRESENTATION_LAYER_ASSIGNMENT (  '', '', ( #400 ) ) ;
#2069 = ORIENTED_EDGE ( 'NONE', *, *, #3860, .F. ) ;
#2070 = SURFACE_STYLE_FILL_AREA ( #613 ) ;
#2071 = LINE ( 'NONE', #4290, #1012 ) ;
#2072 = UNCERTAINTY_MEASURE_WITH_UNIT (LENGTH_MEASURE( 1.000000000000000082E-05 ), #3120, 'distance_accuracy_value', 'NONE');
#2073 = CIRCLE ( 'NONE', #1465, 0.2582017102577425782 ) ;
#2074 = FACE_OUTER_BOUND ( 'NONE', #4436, .T. ) ;
#2075 = EDGE_LOOP ( 'NONE', ( #2867, #1767, #75, #3492 ) ) ;
#2076 = CARTESIAN_POINT ( 'NONE',  ( -0.8000000000000000444, 0.6300000000000000044, -0.1875000000000000000 ) ) ;
#2077 = EDGE_CURVE ( 'NONE', #2841, #3876, #180, .T. ) ;
#2078 = CARTESIAN_POINT ( 'NONE',  ( 0.8018816198956499885, 0.4833884212345520015, -1.352854813021485914 ) ) ;
#2079 =( GEOMETRIC_REPRESENTATION_CONTEXT ( 3 ) GLOBAL_UNCERTAINTY_ASSIGNED_CONTEXT ( ( #1571 ) ) GLOBAL_UNIT_ASSIGNED_CONTEXT ( ( #2772, #2749, #3057 ) ) REPRESENTATION_CONTEXT ( 'NONE', 'WORKASPACE' ) );
#2080 = STYLED_ITEM ( 'NONE', ( #235 ), #2061 ) ;
#2081 = VERTEX_POINT ( 'NONE', #3503 ) ;
#2082 = DIRECTION ( 'NONE',  ( -0.06975647374412562163, -0.9975640502598241977, 0.000000000000000000 ) ) ;
#2083 = DIRECTION ( 'NONE',  ( 0.000000000000000000, 0.000000000000000000, -1.000000000000000000 ) ) ;
#2084 = EDGE_CURVE ( 'NONE', #766, #4134, #2774, .T. ) ;
#2085 = SURFACE_STYLE_USAGE ( .BOTH. , #2441 ) ;
#2086 = ORIENTED_EDGE ( 'NONE', *, *, #2593, .F. ) ;
#2087 = AXIS2_PLACEMENT_3D ( 'NONE', #552, #506, #1224 ) ;
#2088 = MECHANICAL_DESIGN_GEOMETRIC_PRESENTATION_REPRESENTATION (  '', ( #878 ), #1090 ) ;
#2089 = ORIENTED_EDGE ( 'NONE', *, *, #139, .F. ) ;
#2090 = EDGE_CURVE ( 'NONE', #1919, #1486, #3069, .T. ) ;
#2091 = DIRECTION ( 'NONE',  ( -1.000000000000000000, 0.000000000000000000, 0.000000000000000000 ) ) ;
#2092 = STYLED_ITEM ( 'NONE', ( #3300 ), #76 ) ;
#2093 = DIRECTION ( 'NONE',  ( 0.000000000000000000, 0.000000000000000000, -1.000000000000000000 ) ) ;
#2094 =( GEOMETRIC_REPRESENTATION_CONTEXT ( 3 ) GLOBAL_UNCERTAINTY_ASSIGNED_CONTEXT ( ( #1590 ) ) GLOBAL_UNIT_ASSIGNED_CONTEXT ( ( #3065, #528, #164 ) ) REPRESENTATION_CONTEXT ( 'NONE', 'WORKASPACE' ) );
#2095 = COLOUR_RGB ( '',0.8000000000000000444, 0.8196078431372548767, 0.9333333333333333481 ) ;
#2096 = VERTEX_POINT ( 'NONE', #3804 ) ;
#2097 = AXIS2_PLACEMENT_3D ( 'NONE', #4286, #2093, #1737 ) ;
#2098 = AXIS2_PLACEMENT_3D ( 'NONE', #4724, #698, #2053 ) ;
#2099 = CARTESIAN_POINT ( 'NONE',  ( -0.8000000000000000444, 0.4699999999999999734, 1.137499999999999956 ) ) ;
#2100 = CIRCLE ( 'NONE', #1122, 0.09999999999999997780 ) ;
#2101 = ORIENTED_EDGE ( 'NONE', *, *, #4439, .T. ) ;
#2102 = CARTESIAN_POINT ( 'NONE',  ( -1.449999999999999956, 0.1596102480415720060, -0.1875000000000000000 ) ) ;
#2103 = DIRECTION ( 'NONE',  ( 0.000000000000000000, 0.000000000000000000, -1.000000000000000000 ) ) ;
#2104 =( GEOMETRIC_REPRESENTATION_CONTEXT ( 3 ) GLOBAL_UNCERTAINTY_ASSIGNED_CONTEXT ( ( #2232 ) ) GLOBAL_UNIT_ASSIGNED_CONTEXT ( ( #614, #4271, #2875 ) ) REPRESENTATION_CONTEXT ( 'NONE', 'WORKASPACE' ) );
#2105 = AXIS2_PLACEMENT_3D ( 'NONE', #30, #1136, #800 ) ;
#2106 = SURFACE_STYLE_FILL_AREA ( #2767 ) ;
#2107 = AXIS2_PLACEMENT_3D ( 'NONE', #1890, #3286, #1841 ) ;
#2108 = EDGE_LOOP ( 'NONE', ( #1432, #4074, #2375, #370 ) ) ;
#2109 = CARTESIAN_POINT ( 'NONE',  ( 0.7009685030253069993, 0.4699666282006539908, 1.449995309899462015 ) ) ;
#2110 =( LENGTH_UNIT ( ) NAMED_UNIT ( * ) SI_UNIT ( .MILLI., .METRE. ) );
#2111 = EDGE_LOOP ( 'NONE', ( #1876, #1744, #3210, #361 ) ) ;
#2112 = CARTESIAN_POINT ( 'NONE',  ( -1.209610248041572023, 0.2611610357990599707, 1.137499999999999956 ) ) ;
#2113 = ORIENTED_EDGE ( 'NONE', *, *, #2953, .F. ) ;
#2114 = ADVANCED_FACE ( 'NONE', ( #3147 ), #2791, .F. ) ;
#2115 = EDGE_LOOP ( 'NONE', ( #3389, #2555, #3253, #2990, #2902, #4572, #2464, #3925, #292, #4452, #612, #2113 ) ) ;
#2116 = LINE ( 'NONE', #228, #3772 ) ;
#2117 = LINE ( 'NONE', #1471, #4145 ) ;
#2118 = CARTESIAN_POINT ( 'NONE',  ( -0.8000000000000000444, 0.6300000000000000044, 1.350000000000000089 ) ) ;
#2119 = EDGE_CURVE ( 'NONE', #4134, #214, #3263, .T. ) ;
#2120 = ORIENTED_EDGE ( 'NONE', *, *, #4550, .F. ) ;
#2121 = CARTESIAN_POINT ( 'NONE',  ( -0.8000000000000000444, 0.6300000000000000044, -1.449999999999999956 ) ) ;
#2122 = SURFACE_STYLE_FILL_AREA ( #2810 ) ;
#2123 = DIRECTION ( 'NONE',  ( 0.000000000000000000, 0.000000000000000000, -1.000000000000000000 ) ) ;
#2124 = ORIENTED_EDGE ( 'NONE', *, *, #842, .T. ) ;
#2125 = EDGE_CURVE ( 'NONE', #1476, #2583, #2321, .T. ) ;
#2126 = EDGE_LOOP ( 'NONE', ( #1418, #487, #667, #2763 ) ) ;
#2127 = CARTESIAN_POINT ( 'NONE',  ( -0.8000000000000000444, 0.4699999999999999734, -1.350000000000000089 ) ) ;
#2128 = DIRECTION ( 'NONE',  ( 0.000000000000000000, 0.000000000000000000, 1.000000000000000000 ) ) ;
#2129 = FILL_AREA_STYLE_COLOUR ( '', #1484 ) ;
#2130 = AXIS2_PLACEMENT_3D ( 'NONE', #1297, #2766, #4227 ) ;
#2131 = VERTEX_POINT ( 'NONE', #1226 ) ;
#2132 = CARTESIAN_POINT ( 'NONE',  ( -0.6610712173784929480, 0.9000000000000000222, 1.311071217378491971 ) ) ;
#2133 = LINE ( 'NONE', #4299, #3943 ) ;
#2134 = ORIENTED_EDGE ( 'NONE', *, *, #2779, .T. ) ;
#2135 = CARTESIAN_POINT ( 'NONE',  ( -0.7999984366209346165, 0.4699888759799297766, -1.350645677516095100 ) ) ;
#2136 = VERTEX_POINT ( 'NONE', #4225 ) ;
#2137 = ORIENTED_EDGE ( 'NONE', *, *, #4738, .T. ) ;
#2138 = ORIENTED_EDGE ( 'NONE', *, *, #1918, .T. ) ;
#2139 = CARTESIAN_POINT ( 'NONE',  ( 0.6489730842859571247, 0.1860826899039934867, 1.410098024252649740 ) ) ;
#2140 = PRESENTATION_STYLE_ASSIGNMENT (( #1049 ) ) ;
#2141 = EDGE_CURVE ( 'NONE', #2208, #474, #3775, .T. ) ;
#2142 = ORIENTED_EDGE ( 'NONE', *, *, #2296, .F. ) ;
#2143 = DIRECTION ( 'NONE',  ( 0.9975640502598243087, -0.06975647374412462243, 0.000000000000000000 ) ) ;
#2144 = CARTESIAN_POINT ( 'NONE',  ( -0.7999953098994649903, 0.4699666282006559892, 1.350968503025306022 ) ) ;
#2145 = CARTESIAN_POINT ( 'NONE',  ( -0.6610712173784929480, 0.2000000000000000111, 1.311071217378489973 ) ) ;
#2146 = LINE ( 'NONE', #2099, #1347 ) ;
#2147 = ORIENTED_EDGE ( 'NONE', *, *, #4119, .T. ) ;
#2148 = EDGE_CURVE ( 'NONE', #3876, #4348, #3407, .T. ) ;
#2149 = AXIS2_PLACEMENT_3D ( 'NONE', #712, #3643, #1445 ) ;
#2150 = VERTEX_POINT ( 'NONE', #508 ) ;
#2151 = PRESENTATION_STYLE_ASSIGNMENT (( #2509 ) ) ;
#2152 =( NAMED_UNIT ( * ) SI_UNIT ( $, .STERADIAN. ) SOLID_ANGLE_UNIT ( ) );
#2153 =( GEOMETRIC_REPRESENTATION_CONTEXT ( 3 ) GLOBAL_UNCERTAINTY_ASSIGNED_CONTEXT ( ( #152 ) ) GLOBAL_UNIT_ASSIGNED_CONTEXT ( ( #3985, #721, #2152 ) ) REPRESENTATION_CONTEXT ( 'NONE', 'WORKASPACE' ) );
#2154 = AXIS2_PLACEMENT_3D ( 'NONE', #42, #1570, #1504 ) ;
#2155 = CARTESIAN_POINT ( 'NONE',  ( 0.7999999999999993783, 0.6300000000000002265, 1.350322840650753919 ) ) ;
#2156 = ADVANCED_FACE ( 'NONE', ( #127 ), #148, .T. ) ;
#2157 = CIRCLE ( 'NONE', #554, 0.1000000000000000472 ) ;
#2158 = SURFACE_SIDE_STYLE ('',( #678 ) ) ;
#2159 = CARTESIAN_POINT ( 'NONE',  ( -0.9430415250725630028, 0.4699999999999999734, 1.137499999999999956 ) ) ;
#2160 = ORIENTED_EDGE ( 'NONE', *, *, #4244, .T. ) ;
#2161 = STYLED_ITEM ( 'NONE', ( #658 ), #1219 ) ;
#2162 = CARTESIAN_POINT ( 'NONE',  ( -0.8000000000000003775, 0.4699999999999998623, -1.350322840650747924 ) ) ;
#2163 = ORIENTED_EDGE ( 'NONE', *, *, #752, .F. ) ;
#2164 = COLOUR_RGB ( '',0.2980392156862745057, 0.2980392156862745057, 0.2980392156862745057 ) ;
#2165 = EDGE_LOOP ( 'NONE', ( #1349, #2089, #707, #3666 ) ) ;
#2166 = FACE_OUTER_BOUND ( 'NONE', #3098, .T. ) ;
#2167 = PLANE ( 'NONE',  #1988 ) ;
#2168 = CARTESIAN_POINT ( 'NONE',  ( -0.8000000000000000444, 0.6300000000000000044, 0.7625000000000000666 ) ) ;
#2169 = CARTESIAN_POINT ( 'NONE',  ( -1.449999999999999956, 0.1596102480415720060, -0.7625000000000000666 ) ) ;
#2170 = COLOUR_RGB ( '',0.2980392156862745057, 0.2980392156862745057, 0.2980392156862745057 ) ;
#2171 = SURFACE_SIDE_STYLE ('',( #237 ) ) ;
#2172 = ORIENTED_EDGE ( 'NONE', *, *, #4181, .T. ) ;
#2173 =( LENGTH_UNIT ( ) NAMED_UNIT ( * ) SI_UNIT ( .MILLI., .METRE. ) );
#2174 = DIRECTION ( 'NONE',  ( -1.000000000000000000, 0.000000000000000000, 0.000000000000000000 ) ) ;
#2175 = CARTESIAN_POINT ( 'NONE',  ( 0.7009685030253060001, 0.4699666282006559892, -1.449995309899458018 ) ) ;
#2176 = ORIENTED_EDGE ( 'NONE', *, *, #4125, .F. ) ;
#2177 = FILL_AREA_STYLE_COLOUR ( '', #1798 ) ;
#2178 = EDGE_CURVE ( 'NONE', #2846, #3611, #4529, .T. ) ;
#2179 = AXIS2_PLACEMENT_3D ( 'NONE', #2785, #4288, #4248 ) ;
#2180 = LINE ( 'NONE', #1704, #3315 ) ;
#2181 = EDGE_CURVE ( 'NONE', #1892, #4041, #4203, .T. ) ;
#2182 = STYLED_ITEM ( 'NONE', ( #755 ), #3999 ) ;
#2183 = CARTESIAN_POINT ( 'NONE',  ( -0.6724530265954450359, 0.2670684705922469759, 1.421479833469599940 ) ) ;
#2184 = DIRECTION ( 'NONE',  ( 0.9975640502598243087, 0.06975647374412372037, 0.000000000000000000 ) ) ;
#2185 = AXIS2_PLACEMENT_3D ( 'NONE', #482, #2612, #826 ) ;
#2186 = ORIENTED_EDGE ( 'NONE', *, *, #2558, .F. ) ;
#2187 = UNCERTAINTY_MEASURE_WITH_UNIT (LENGTH_MEASURE( 1.000000000000000082E-05 ), #4449, 'distance_accuracy_value', 'NONE');
#2188 = DIRECTION ( 'NONE',  ( 0.000000000000000000, 0.000000000000000000, 1.000000000000000000 ) ) ;
#2189 = ORIENTED_EDGE ( 'NONE', *, *, #1411, .T. ) ;
#2190 = STYLED_ITEM ( 'NONE', ( #2921 ), #2582 ) ;
#2191 = ORIENTED_EDGE ( 'NONE', *, *, #1679, .T. ) ;
#2192 = ORIENTED_EDGE ( 'NONE', *, *, #425, .F. ) ;
#2193 = CARTESIAN_POINT ( 'NONE',  ( 1.200614268941289975, 0.3898095305645404851, 0.7625000000000000666 ) ) ;
#2194 = FILL_AREA_STYLE ('',( #4351 ) ) ;
#2195 = CARTESIAN_POINT ( 'NONE',  ( -0.9430415250725630028, 0.3717982897422579813, 1.137499999999999956 ) ) ;
#2196 = DIRECTION ( 'NONE',  ( 3.789816180775159986E-16, 1.000000000000000000, 0.000000000000000000 ) ) ;
#2197 = ORIENTED_EDGE ( 'NONE', *, *, #302, .T. ) ;
#2198 = DIRECTION ( 'NONE',  ( 1.000000000000000000, 0.000000000000000000, 0.000000000000000000 ) ) ;
#2199 = DIRECTION ( 'NONE',  ( 0.000000000000000000, 0.000000000000000000, 1.000000000000000000 ) ) ;
#2200 = FILL_AREA_STYLE_COLOUR ( '', #3138 ) ;
#2201 = DIRECTION ( 'NONE',  ( 1.000000000000000000, 0.000000000000000000, 0.000000000000000000 ) ) ;
#2202 = ORIENTED_EDGE ( 'NONE', *, *, #4244, .F. ) ;
#2203 = DIRECTION ( 'NONE',  ( 0.000000000000000000, 0.000000000000000000, 1.000000000000000000 ) ) ;
#2204 = DIRECTION ( 'NONE',  ( 1.000000000000000000, 0.000000000000000000, 0.000000000000000000 ) ) ;
#2205 = ADVANCED_FACE ( 'NONE', ( #2007 ), #1682, .F. ) ;
#2206 = CYLINDRICAL_SURFACE ( 'NONE', #2808, 0.2582017102577425782 ) ;
#2207 =( LENGTH_UNIT ( ) NAMED_UNIT ( * ) SI_UNIT ( .MILLI., .METRE. ) );
#2208 = VERTEX_POINT ( 'NONE', #2076 ) ;
#2209 = DIRECTION ( 'NONE',  ( 0.000000000000000000, 0.000000000000000000, -1.000000000000000000 ) ) ;
#2210 = EDGE_LOOP ( 'NONE', ( #3233, #2176, #1305, #1144 ) ) ;
#2211 = EDGE_CURVE ( 'NONE', #216, #39, #3731, .T. ) ;
#2212 = ORIENTED_EDGE ( 'NONE', *, *, #1213, .F. ) ;
#2213 = ORIENTED_EDGE ( 'NONE', *, *, #4513, .F. ) ;
#2214 = VERTEX_POINT ( 'NONE', #644 ) ;
#2215 = DIRECTION ( 'NONE',  ( 0.000000000000000000, 0.000000000000000000, -1.000000000000000000 ) ) ;
#2216 = CARTESIAN_POINT ( 'NONE',  ( -1.041004020899719995, 0.3786484947654800148, 1.137499999999999956 ) ) ;
#2217 = DIRECTION ( 'NONE',  ( 0.9975640502598243087, 0.06975647374412372037, 0.000000000000000000 ) ) ;
#2218 = ORIENTED_EDGE ( 'NONE', *, *, #106, .T. ) ;
#2219 = CARTESIAN_POINT ( 'NONE',  ( -1.289561503046444013, 0.01043849695355505980, 0.1875000000000000000 ) ) ;
#2220 = FILL_AREA_STYLE ('',( #3309 ) ) ;
#2221 = DIRECTION ( 'NONE',  ( 0.000000000000000000, 0.000000000000000000, 1.000000000000000000 ) ) ;
#2222 = VERTEX_POINT ( 'NONE', #4629 ) ;
#2223 =( LENGTH_UNIT ( ) NAMED_UNIT ( * ) SI_UNIT ( .MILLI., .METRE. ) );
#2224 = FILL_AREA_STYLE ('',( #3360 ) ) ;
#2225 = CARTESIAN_POINT ( 'NONE',  ( 1.438838964200940040, 1.626303258728255172E-16, -0.1875000000000000000 ) ) ;
#2226 = VECTOR ( 'NONE', #2661, 1000.000000000000000 ) ;
#2227 = AXIS2_PLACEMENT_3D ( 'NONE', #2195, #3974, #631 ) ;
#2228 = CYLINDRICAL_SURFACE ( 'NONE', #3201, 0.2582017102577423562 ) ;
#2229 = DIRECTION ( 'NONE',  ( -1.000000000000000000, 0.000000000000000000, -3.252606517456510541E-15 ) ) ;
#2230 = DIRECTION ( 'NONE',  ( 0.000000000000000000, 0.000000000000000000, 1.000000000000000000 ) ) ;
#2231 = DIRECTION ( 'NONE',  ( 0.000000000000000000, 0.000000000000000000, -1.000000000000000000 ) ) ;
#2232 = UNCERTAINTY_MEASURE_WITH_UNIT (LENGTH_MEASURE( 1.000000000000000082E-05 ), #614, 'distance_accuracy_value', 'NONE');
#2233 = VERTEX_POINT ( 'NONE', #675 ) ;
#2234 = VERTEX_POINT ( 'NONE', #2102 ) ;
#2235 = ORIENTED_EDGE ( 'NONE', *, *, #966, .T. ) ;
#2236 = CYLINDRICAL_SURFACE ( 'NONE', #2323, 0.2582017102577423562 ) ;
#2237 = COLOUR_RGB ( '',0.2980392156862745057, 0.2980392156862745057, 0.2980392156862745057 ) ;
#2238 = EDGE_CURVE ( 'NONE', #514, #115, #2331, .T. ) ;
#2239 = DIRECTION ( 'NONE',  ( 0.000000000000000000, 0.000000000000000000, -1.000000000000000000 ) ) ;
#2240 = FACE_OUTER_BOUND ( 'NONE', #3757, .T. ) ;
#2241 = SURFACE_STYLE_FILL_AREA ( #1149 ) ;
#2242 = AXIS2_PLACEMENT_3D ( 'NONE', #3941, #319, #1780 ) ;
#2243 = ORIENTED_EDGE ( 'NONE', *, *, #215, .T. ) ;
#2244 = ADVANCED_FACE ( 'NONE', ( #3893 ), #2453, .F. ) ;
#2245 = CARTESIAN_POINT ( 'NONE',  ( -0.6610712173784929480, 0.1000000000000000056, -1.298973084285950153 ) ) ;
#2246 = ORIENTED_EDGE ( 'NONE', *, *, #313, .T. ) ;
#2247 = DIRECTION ( 'NONE',  ( 0.000000000000000000, 0.000000000000000000, 1.000000000000000000 ) ) ;
#2248 = CARTESIAN_POINT ( 'NONE',  ( 0.9430415250725630028, 0.6300000000000000044, -1.137499999999999956 ) ) ;
#2249 =( GEOMETRIC_REPRESENTATION_CONTEXT ( 3 ) GLOBAL_UNCERTAINTY_ASSIGNED_CONTEXT ( ( #3454 ) ) GLOBAL_UNIT_ASSIGNED_CONTEXT ( ( #2223, #3750, #1866 ) ) REPRESENTATION_CONTEXT ( 'NONE', 'WORKASPACE' ) );
#2250 = CARTESIAN_POINT ( 'NONE',  ( 0.6610712173784909496, 0.9000000000000000222, -1.311071217378486198 ) ) ;
#2251 = DIRECTION ( 'NONE',  ( 0.9975640502598243087, 0.06975647374412372037, 0.000000000000000000 ) ) ;
#2253 = FACE_OUTER_BOUND ( 'NONE', #656, .T. ) ;
#2252 = VECTOR ( 'NONE', #3371, 1000.000000000000000 ) ;
#2254 = DIRECTION ( 'NONE',  ( 1.000000000000000000, -3.789816180775159986E-16, 0.000000000000000000 ) ) ;
#2255 =( GEOMETRIC_REPRESENTATION_CONTEXT ( 3 ) GLOBAL_UNCERTAINTY_ASSIGNED_CONTEXT ( ( #2345 ) ) GLOBAL_UNIT_ASSIGNED_CONTEXT ( ( #1364, #2833, #1382 ) ) REPRESENTATION_CONTEXT ( 'NONE', 'WORKASPACE' ) );
#2256 = ORIENTED_EDGE ( 'NONE', *, *, #2119, .F. ) ;
#2257 = ORIENTED_EDGE ( 'NONE', *, *, #1997, .T. ) ;
#2258 = ORIENTED_EDGE ( 'NONE', *, *, #2786, .F. ) ;
#2259 = DIRECTION ( 'NONE',  ( 0.9902680687415703620, 0.1391731009600658819, -2.961795286821071287E-16 ) ) ;
#2260 = SURFACE_STYLE_USAGE ( .BOTH. , #4049 ) ;
#2261 = FILL_AREA_STYLE ('',( #3352 ) ) ;
#2262 = ADVANCED_FACE ( 'NONE', ( #2482 ), #3962, .F. ) ;
#2263 = ORIENTED_EDGE ( 'NONE', *, *, #1863, .T. ) ;
#2264 = FILL_AREA_STYLE ('',( #1264 ) ) ;
#2265 = DIRECTION ( 'NONE',  ( -0.9902680687415702510, 0.1391731009600661040, 0.000000000000000000 ) ) ;
#2266 = CARTESIAN_POINT ( 'NONE',  ( -1.200614268941289975, 0.3898095305645404851, 0.7625000000000000666 ) ) ;
#2267 = CARTESIAN_POINT ( 'NONE',  ( -1.300722538845504150, 0.1700487449951270102, -0.7625000000000000666 ) ) ;
#2268 = EDGE_CURVE ( 'NONE', #2214, #1582, #1034, .T. ) ;
#2269 = ORIENTED_EDGE ( 'NONE', *, *, #3752, .F. ) ;
#2270 = DIRECTION ( 'NONE',  ( -1.000000000000000000, 0.000000000000000000, 0.000000000000000000 ) ) ;
#2271 =( BOUNDED_CURVE ( )  B_SPLINE_CURVE ( 3, ( #3896, #603, #2155, #291 ),
 .UNSPECIFIED., .F., .F. ) 
 B_SPLINE_CURVE_WITH_KNOTS ( ( 4, 4 ),
 ( 6.273500125511119130, 6.283185307179590673 ),
 .UNSPECIFIED. ) 
 CURVE ( )  GEOMETRIC_REPRESENTATION_ITEM ( )  RATIONAL_B_SPLINE_CURVE ( ( 1.000000000000000000, 0.9999921831199470867, 0.9999921831199470867, 1.000000000000000000 ) ) 
 REPRESENTATION_ITEM ( '' )  );
#2272 = EDGE_CURVE ( 'NONE', #1614, #32, #2959, .T. ) ;
#2273 = LINE ( 'NONE', #2588, #739 ) ;
#2274 = DIRECTION ( 'NONE',  ( 3.789816180775159986E-16, 1.000000000000000000, 0.000000000000000000 ) ) ;
#2275 = CARTESIAN_POINT ( 'NONE',  ( 0.7003228406507557846, 0.4699999999999988631, 1.449999999999998845 ) ) ;
#2276 = EDGE_LOOP ( 'NONE', ( #636, #1375, #733, #1269 ) ) ;
#2277 = ORIENTED_EDGE ( 'NONE', *, *, #2125, .T. ) ;
#2278 = EDGE_LOOP ( 'NONE', ( #4723, #1849, #2197, #4031 ) ) ;
#2279 = CARTESIAN_POINT ( 'NONE',  ( 1.200614268941289975, 0.3898095305645404851, -0.7625000000000000666 ) ) ;
#2280 = CARTESIAN_POINT ( 'NONE',  ( -0.6610712173784929480, 0.9000000000000000222, 1.311071217378491971 ) ) ;
#2281 = DIRECTION ( 'NONE',  ( -0.9902680687415702510, 0.1391731009600658264, 0.000000000000000000 ) ) ;
#2282 = VECTOR ( 'NONE', #2251, 1000.000000000000227 ) ;
#2283 = ORIENTED_EDGE ( 'NONE', *, *, #2320, .F. ) ;
#2284 = PLANE ( 'NONE',  #3664 ) ;
#2285 = SURFACE_SIDE_STYLE ('',( #4138 ) ) ;
#2286 = EDGE_CURVE ( 'NONE', #3059, #3994, #2433, .T. ) ;
#2287 = CARTESIAN_POINT ( 'NONE',  ( -0.7600980242526499397, 0.9139173100960069629, 1.311071217378491971 ) ) ;
#2288 = SURFACE_STYLE_USAGE ( .BOTH. , #4745 ) ;
#2289 = ORIENTED_EDGE ( 'NONE', *, *, #4527, .T. ) ;
#2290 = CARTESIAN_POINT ( 'NONE',  ( -0.8000000000000000444, 0.6300000000000000044, 0.1875000000000000000 ) ) ;
#2291 = ADVANCED_FACE ( 'NONE', ( #1408 ), #3910, .F. ) ;
#2292 = DIRECTION ( 'NONE',  ( 0.000000000000000000, 0.000000000000000000, 1.000000000000000000 ) ) ;
#2293 = CARTESIAN_POINT ( 'NONE',  ( -0.7994366493701039467, 0.6340084480150536272, 1.408648687084980589 ) ) ;
#2294 = DIRECTION ( 'NONE',  ( 0.9975640502598243087, 0.06975647374412571877, 0.000000000000000000 ) ) ;
#2295 = CARTESIAN_POINT ( 'NONE',  ( -0.8000000000000000444, 0.6300000000000000044, 1.137499999999999956 ) ) ;
#2296 = EDGE_CURVE ( 'NONE', #474, #2846, #46, .T. ) ;
#2297 = LINE ( 'NONE', #828, #2456 ) ;
#2298 = ORIENTED_EDGE ( 'NONE', *, *, #4273, .F. ) ;
#2299 =( GEOMETRIC_REPRESENTATION_CONTEXT ( 3 ) GLOBAL_UNCERTAINTY_ASSIGNED_CONTEXT ( ( #4730 ) ) GLOBAL_UNIT_ASSIGNED_CONTEXT ( ( #1645, #1287, #2753 ) ) REPRESENTATION_CONTEXT ( 'NONE', 'WORKASPACE' ) );
#2300 = AXIS2_PLACEMENT_3D ( 'NONE', #4072, #811, #3718 ) ;
#2301 = UNCERTAINTY_MEASURE_WITH_UNIT (LENGTH_MEASURE( 1.000000000000000082E-05 ), #468, 'distance_accuracy_value', 'NONE');
#2302 = ORIENTED_EDGE ( 'NONE', *, *, #3102, .F. ) ;
#2303 = DIRECTION ( 'NONE',  ( -1.000000000000000000, 0.000000000000000000, 0.000000000000000000 ) ) ;
#2304 = CYLINDRICAL_SURFACE ( 'NONE', #651, 0.09999999999999997780 ) ;
#2305 = AXIS2_PLACEMENT_3D ( 'NONE', #363, #824, #4081 ) ;
#2306 = CARTESIAN_POINT ( 'NONE',  ( 0.9430415250725630028, 0.6300000000000000044, 0.1875000000000000000 ) ) ;
#2307 = ORIENTED_EDGE ( 'NONE', *, *, #806, .T. ) ;
#2308 = FILL_AREA_STYLE ('',( #838 ) ) ;
#2309 = SURFACE_STYLE_USAGE ( .BOTH. , #1216 ) ;
#2310 = LINE ( 'NONE', #3022, #2698 ) ;
#2311 = LINE ( 'NONE', #1647, #3807 ) ;
#2312 = PRESENTATION_LAYER_ASSIGNMENT (  '', '', ( #2161 ) ) ;
#2313 = MECHANICAL_DESIGN_GEOMETRIC_PRESENTATION_REPRESENTATION (  '', ( #2010 ), #4693 ) ;
#2314 = VERTEX_POINT ( 'NONE', #2127 ) ;
#2315 = PRESENTATION_STYLE_ASSIGNMENT (( #2024 ) ) ;
#2316 = DIRECTION ( 'NONE',  ( 0.000000000000000000, 0.000000000000000000, -1.000000000000000000 ) ) ;
#2317 = CARTESIAN_POINT ( 'NONE',  ( -1.041004020899719995, 0.3786484947654800148, -0.7625000000000000666 ) ) ;
#2318 = STYLED_ITEM ( 'NONE', ( #1410 ), #1684 ) ;
#2319 = VECTOR ( 'NONE', #3857, 1000.000000000000000 ) ;
#2320 = EDGE_CURVE ( 'NONE', #714, #788, #1057, .T. ) ;
#2321 = LINE ( 'NONE', #4503, #333 ) ;
#2322 = DIRECTION ( 'NONE',  ( 0.000000000000000000, 0.000000000000000000, -1.000000000000000000 ) ) ;
#2323 = AXIS2_PLACEMENT_3D ( 'NONE', #2974, #1853, #1545 ) ;
#2324 =( NAMED_UNIT ( * ) PLANE_ANGLE_UNIT ( ) SI_UNIT ( $, .RADIAN. ) );
#2325 = ORIENTED_EDGE ( 'NONE', *, *, #3913, .T. ) ;
#2326 = COLOUR_RGB ( '',0.2980392156862745057, 0.2980392156862745057, 0.2980392156862745057 ) ;
#2327 = ADVANCED_FACE ( 'NONE', ( #4293 ), #3605, .T. ) ;
#2328 = CIRCLE ( 'NONE', #731, 0.1000000000000000472 ) ;
#2329 = ORIENTED_EDGE ( 'NONE', *, *, #156, .F. ) ;
#2330 = CARTESIAN_POINT ( 'NONE',  ( -1.449999999999999956, 0.1596102480415720060, 1.137499999999999956 ) ) ;
#2331 = CIRCLE ( 'NONE', #501, 0.09999999999999997780 ) ;
#2332 = SURFACE_STYLE_FILL_AREA ( #538 ) ;
#2333 = EDGE_CURVE ( 'NONE', #2636, #1162, #1020, .T. ) ;
#2334 = ORIENTED_EDGE ( 'NONE', *, *, #4099, .F. ) ;
#2335 = LINE ( 'NONE', #1615, #3041 ) ;
#2336 = AXIS2_PLACEMENT_3D ( 'NONE', #1079, #2533, #4343 ) ;
#2337 = CYLINDRICAL_SURFACE ( 'NONE', #1703, 0.09999999999999997780 ) ;
#2338 = FACE_OUTER_BOUND ( 'NONE', #1964, .T. ) ;
#2339 = VECTOR ( 'NONE', #4579, 1000.000000000000000 ) ;
#2340 = ORIENTED_EDGE ( 'NONE', *, *, #4477, .T. ) ;
#2341 = DIRECTION ( 'NONE',  ( -0.9975640502598243087, 0.06975647374412571877, 0.000000000000000000 ) ) ;
#2342 = DIRECTION ( 'NONE',  ( 0.000000000000000000, 0.000000000000000000, 1.000000000000000000 ) ) ;
#2343 = SURFACE_SIDE_STYLE ('',( #1629 ) ) ;
#2344 = COLOUR_RGB ( '',0.2980392156862745057, 0.2980392156862745057, 0.2980392156862745057 ) ;
#2345 = UNCERTAINTY_MEASURE_WITH_UNIT (LENGTH_MEASURE( 1.000000000000000082E-05 ), #1364, 'distance_accuracy_value', 'NONE');
#2346 = EDGE_CURVE ( 'NONE', #2214, #143, #720, .T. ) ;
#2347 = DIRECTION ( 'NONE',  ( 1.000000000000000000, 0.000000000000000000, 0.000000000000000000 ) ) ;
#2348 = EDGE_LOOP ( 'NONE', ( #4333, #3458, #1753 ) ) ;
#2349 = PLANE ( 'NONE',  #1406 ) ;
#2350 = DIRECTION ( 'NONE',  ( -1.000000000000000000, 0.000000000000000000, 0.000000000000000000 ) ) ;
#2351 = ADVANCED_FACE ( 'NONE', ( #362 ), #2928, .F. ) ;
#2352 =( NAMED_UNIT ( * ) SI_UNIT ( $, .STERADIAN. ) SOLID_ANGLE_UNIT ( ) );
#2353 = ORIENTED_EDGE ( 'NONE', *, *, #3327, .T. ) ;
#2354 = PRESENTATION_STYLE_ASSIGNMENT (( #3084 ) ) ;
#2355 = FILL_AREA_STYLE_COLOUR ( '', #240 ) ;
#2356 = EDGE_CURVE ( 'NONE', #758, #1427, #57, .T. ) ;
#2357 = SURFACE_STYLE_USAGE ( .BOTH. , #1356 ) ;
#2358 = DIRECTION ( 'NONE',  ( 0.000000000000000000, 1.000000000000000000, 0.000000000000000000 ) ) ;
#2359 = VECTOR ( 'NONE', #1663, 1000.000000000000227 ) ;
#2360 = EDGE_LOOP ( 'NONE', ( #3368, #2816, #105, #677, #3938, #3554, #4208, #2269, #3881, #1046, #2142, #3019 ) ) ;
#2361 = DIRECTION ( 'NONE',  ( -0.000000000000000000, 1.000000000000000000, 0.000000000000000000 ) ) ;
#2362 = DIRECTION ( 'NONE',  ( 0.000000000000000000, 1.000000000000000000, 0.000000000000000000 ) ) ;
#2363 = DIRECTION ( 'NONE',  ( 0.9902680687415702510, 0.1391731009600661040, 0.000000000000000000 ) ) ;
#2364 = DIRECTION ( 'NONE',  ( -0.9975640502598243087, 0.06975647374412563551, 0.000000000000000000 ) ) ;
#2365 = ORIENTED_EDGE ( 'NONE', *, *, #473, .T. ) ;
#2366 = SURFACE_STYLE_USAGE ( .BOTH. , #2343 ) ;
#2367 = FACE_OUTER_BOUND ( 'NONE', #66, .T. ) ;
#2368 = ADVANCED_FACE ( 'NONE', ( #1821 ), #2556, .T. ) ;
#2369 = ORIENTED_EDGE ( 'NONE', *, *, #4237, .T. ) ;
#2370 = CARTESIAN_POINT ( 'NONE',  ( 1.289561503046444013, 0.01043849695355505980, 0.7625000000000000666 ) ) ;
#2371 = DIRECTION ( 'NONE',  ( 0.000000000000000000, 0.000000000000000000, -1.000000000000000000 ) ) ;
#2372 = DIRECTION ( 'NONE',  ( 1.000000000000000000, 0.000000000000000000, 0.000000000000000000 ) ) ;
#2373 = VECTOR ( 'NONE', #2780, 1000.000000000000000 ) ;
#2374 = EDGE_CURVE ( 'NONE', #1691, #70, #1178, .T. ) ;
#2375 = ORIENTED_EDGE ( 'NONE', *, *, #3092, .F. ) ;
#2376 = AXIS2_PLACEMENT_3D ( 'NONE', #2510, #2880, #1769 ) ;
#2377 = CIRCLE ( 'NONE', #2227, 0.09820171025774271367 ) ;
#2378 = CARTESIAN_POINT ( 'NONE',  ( 0.9430415250725630028, 0.3717982897422579813, 1.137499999999999956 ) ) ;
#2379 = PLANE ( 'NONE',  #269 ) ;
#2380 = STYLED_ITEM ( 'NONE', ( #329 ), #3334 ) ;
#2381 = EDGE_CURVE ( 'NONE', #4360, #993, #2606, .T. ) ;
#2382 = ORIENTED_EDGE ( 'NONE', *, *, #3629, .F. ) ;
#2383 = SPHERICAL_SURFACE ( 'NONE', #1032, 0.1000000000000000056 ) ;
#2384 = CARTESIAN_POINT ( 'NONE',  ( 1.449999999999999956, 0.1596102480415720060, -0.7625000000000000666 ) ) ;
#2385 = CARTESIAN_POINT ( 'NONE',  ( 0.6999999999999999556, 0.6300000000000000044, -1.350000000000000089 ) ) ;
#2386 = LINE ( 'NONE', #2614, #4416 ) ;
#2387 = FACE_OUTER_BOUND ( 'NONE', #2699, .T. ) ;
#2388 = ORIENTED_EDGE ( 'NONE', *, *, #2985, .T. ) ;
#2389 = DIRECTION ( 'NONE',  ( -3.789816180775159986E-16, 1.000000000000000000, 0.000000000000000000 ) ) ;
#2390 = DIRECTION ( 'NONE',  ( 1.000000000000000000, 0.000000000000000000, 0.000000000000000000 ) ) ;
#2391 = CARTESIAN_POINT ( 'NONE',  ( -1.200614268941289975, 0.3898095305645404851, 1.137499999999999956 ) ) ;
#2392 = PRESENTATION_LAYER_ASSIGNMENT (  '', '', ( #2080 ) ) ;
#2393 = CARTESIAN_POINT ( 'NONE',  ( -0.8000000000000000444, 0.6300000000000000044, -0.7625000000000000666 ) ) ;
#2394 = ORIENTED_EDGE ( 'NONE', *, *, #669, .F. ) ;
#2395 = CARTESIAN_POINT ( 'NONE',  ( -1.300722538845504150, 0.1700487449951270102, -1.137499999999999956 ) ) ;
#2396 = DIRECTION ( 'NONE',  ( 0.000000000000000000, 0.000000000000000000, 1.000000000000000000 ) ) ;
#2397 = DIRECTION ( 'NONE',  ( -0.1378445374916290045, -0.9808148484639889197, 0.1378445374916290045 ) ) ;
#2398 = AXIS2_PLACEMENT_3D ( 'NONE', #4135, #517, #853 ) ;
#2399 = CIRCLE ( 'NONE', #345, 0.1000000000000000472 ) ;
#2400 = ORIENTED_EDGE ( 'NONE', *, *, #1661, .F. ) ;
#2401 = DIRECTION ( 'NONE',  ( -0.1378445374916286159, 0.9808148484639891418, -0.1378445374916290322 ) ) ;
#2402 = CARTESIAN_POINT ( 'NONE',  ( -1.300722538845504150, 0.1700487449951270102, -1.137499999999999956 ) ) ;
#2403 = VECTOR ( 'NONE', #3304, 1000.000000000000114 ) ;
#2404 = ADVANCED_FACE ( 'NONE', ( #748 ), #2383, .T. ) ;
#2405 =( GEOMETRIC_REPRESENTATION_CONTEXT ( 3 ) GLOBAL_UNCERTAINTY_ASSIGNED_CONTEXT ( ( #1463 ) ) GLOBAL_UNIT_ASSIGNED_CONTEXT ( ( #4136, #3440, #85 ) ) REPRESENTATION_CONTEXT ( 'NONE', 'WORKASPACE' ) );
#2406 = ORIENTED_EDGE ( 'NONE', *, *, #1475, .T. ) ;
#2407 = DIRECTION ( 'NONE',  ( 0.06975647374412562163, -0.9975640502598241977, 0.000000000000000000 ) ) ;
#2408 = PLANE ( 'NONE',  #940 ) ;
#2409 =( LENGTH_UNIT ( ) NAMED_UNIT ( * ) SI_UNIT ( .MILLI., .METRE. ) );
#2410 = CARTESIAN_POINT ( 'NONE',  ( -1.289561503046444013, 0.01043849695355493837, -0.1875000000000000000 ) ) ;
#2411 = DIRECTION ( 'NONE',  ( 0.000000000000000000, 0.000000000000000000, -1.000000000000000000 ) ) ;
#2412 = ADVANCED_FACE ( 'NONE', ( #3703 ), #1241, .F. ) ;
#2413 = VECTOR ( 'NONE', #1245, 1000.000000000000000 ) ;
#2414 = VECTOR ( 'NONE', #3306, 1000.000000000000114 ) ;
#2415 = EDGE_LOOP ( 'NONE', ( #1851, #2885, #3442, #1777 ) ) ;
#2416 = DIRECTION ( 'NONE',  ( 0.000000000000000000, 0.000000000000000000, 1.000000000000000000 ) ) ;
#2417 = CARTESIAN_POINT ( 'NONE',  ( 1.041004020899719995, 0.3786484947654800148, -0.1875000000000000000 ) ) ;
#2418 = EDGE_CURVE ( 'NONE', #1796, #1067, #3646, .T. ) ;
#2419 = ORIENTED_EDGE ( 'NONE', *, *, #3940, .T. ) ;
#2420 = CARTESIAN_POINT ( 'NONE',  ( -0.9430415250725630028, 0.3717982897422579813, -0.7625000000000000666 ) ) ;
#2421 =( NAMED_UNIT ( * ) PLANE_ANGLE_UNIT ( ) SI_UNIT ( $, .RADIAN. ) );
#2422 = ORIENTED_EDGE ( 'NONE', *, *, #512, .F. ) ;
#2423 = DIRECTION ( 'NONE',  ( 0.000000000000000000, 0.000000000000000000, -1.000000000000000000 ) ) ;
#2424 = CARTESIAN_POINT ( 'NONE',  ( 1.209610248041572023, 0.2611610357990599707, 0.1875000000000000000 ) ) ;
#2425 = DIRECTION ( 'NONE',  ( 1.000000000000000000, 0.000000000000000000, 0.000000000000000000 ) ) ;
#2426 = VERTEX_POINT ( 'NONE', #4521 ) ;
#2427 = DIRECTION ( 'NONE',  ( 1.000000000000000000, 0.000000000000000000, 0.000000000000000000 ) ) ;
#2428 = ADVANCED_FACE ( 'NONE', ( #1929 ), #844, .T. ) ;
#2429 = DIRECTION ( 'NONE',  ( 0.000000000000000000, -0.1391731009600656321, 0.9902680687415703620 ) ) ;
#2430 = CARTESIAN_POINT ( 'NONE',  ( -0.6999999999999999556, 0.4699999999999999734, 1.449999999999999956 ) ) ;
#2431 = AXIS2_PLACEMENT_3D ( 'NONE', #1206, #4131, #849 ) ;
#2432 = ORIENTED_EDGE ( 'NONE', *, *, #2286, .F. ) ;
#2433 = LINE ( 'NONE', #3241, #3566 ) ;
#2434 = ADVANCED_FACE ( 'NONE', ( #1221 ), #2734, .T. ) ;
#2435 = CARTESIAN_POINT ( 'NONE',  ( -0.6489730842859580129, 1.000000000000000000, -1.311071217378483977 ) ) ;
#2436 = DIRECTION ( 'NONE',  ( 0.1378445374916290045, -0.9808148484639889197, 0.1378445374916290045 ) ) ;
#2437 = EDGE_CURVE ( 'NONE', #4348, #2913, #2679, .T. ) ;
#2438 = ORIENTED_EDGE ( 'NONE', *, *, #634, .T. ) ;
#2439 = CARTESIAN_POINT ( 'NONE',  ( -1.200614268941289975, 0.3898095305645404851, -0.7625000000000000666 ) ) ;
#2440 = CARTESIAN_POINT ( 'NONE',  ( 1.307572743868728127, 0.2680112408222825038, -0.1875000000000000000 ) ) ;
#2441 = SURFACE_SIDE_STYLE ('',( #997 ) ) ;
#2442 = ORIENTED_EDGE ( 'NONE', *, *, #2887, .F. ) ;
#2443 = VECTOR ( 'NONE', #3518, 1000.000000000000000 ) ;
#2444 = DIRECTION ( 'NONE',  ( -1.000000000000000000, 0.000000000000000000, 0.000000000000000000 ) ) ;
#2445 = CIRCLE ( 'NONE', #3001, 0.09820171025774261653 ) ;
#2446 = AXIS2_PLACEMENT_3D ( 'NONE', #2544, #1814, #2091 ) ;
#2447 = VERTEX_POINT ( 'NONE', #4687 ) ;
#2448 = LINE ( 'NONE', #2047, #2954 ) ;
#2449 = CARTESIAN_POINT ( 'NONE',  ( -0.9430415250725630028, 0.3717982897422579813, -1.137499999999999956 ) ) ;
#2450 = VECTOR ( 'NONE', #386, 1000.000000000000114 ) ;
#2451 = ORIENTED_EDGE ( 'NONE', *, *, #82, .T. ) ;
#2452 = AXIS2_PLACEMENT_3D ( 'NONE', #382, #3308, #2265 ) ;
#2453 = PLANE ( 'NONE',  #1498 ) ;
#2454 = AXIS2_PLACEMENT_3D ( 'NONE', #2145, #3599, #1763 ) ;
#2455 = CARTESIAN_POINT ( 'NONE',  ( 1.289561503046444013, 0.01043849695355505980, 0.1875000000000000000 ) ) ;
#2456 = VECTOR ( 'NONE', #1139, 1000.000000000000000 ) ;
#2457 = EDGE_CURVE ( 'NONE', #2017, #1700, #668, .T. ) ;
#2458 = ORIENTED_EDGE ( 'NONE', *, *, #3501, .T. ) ;
#2459 = CARTESIAN_POINT ( 'NONE',  ( 0.7028548130214931078, 0.6026942686694419793, -1.352854813021485914 ) ) ;
#2460 = CARTESIAN_POINT ( 'NONE',  ( 1.050000000000000044, 0.2500000000000000000, -0.1875000000000000000 ) ) ;
#2461 = VERTEX_POINT ( 'NONE', #1403 ) ;
#2462 = CARTESIAN_POINT ( 'NONE',  ( -1.307572743868728127, 0.2680112408222825038, 1.137499999999999956 ) ) ;
#2463 = CARTESIAN_POINT ( 'NONE',  ( 1.289561503046444013, 0.01043849695355493837, -0.7625000000000000666 ) ) ;
#2464 = ORIENTED_EDGE ( 'NONE', *, *, #2615, .F. ) ;
#2465 = ADVANCED_FACE ( 'NONE', ( #1312 ), #4335, .F. ) ;
#2466 = VECTOR ( 'NONE', #169, 1000.000000000000000 ) ;
#2467 = AXIS2_PLACEMENT_3D ( 'NONE', #3649, #671, #3236 ) ;
#2468 = ORIENTED_EDGE ( 'NONE', *, *, #2593, .T. ) ;
#2469 = PLANE ( 'NONE',  #1385 ) ;
#2470 = CARTESIAN_POINT ( 'NONE',  ( 0.7999953098994629919, 0.6300333717993450433, -1.350968503025300249 ) ) ;
#2471 = EDGE_CURVE ( 'NONE', #2864, #4425, #2448, .T. ) ;
#2472 = AXIS2_PLACEMENT_3D ( 'NONE', #4500, #2758, #4549 ) ;
#2473 = ORIENTED_EDGE ( 'NONE', *, *, #1225, .F. ) ;
#2474 = SURFACE_SIDE_STYLE ('',( #2070 ) ) ;
#2475 = VECTOR ( 'NONE', #4163, 1000.000000000000000 ) ;
#2476 = DIRECTION ( 'NONE',  ( 1.000000000000000000, 0.000000000000000000, 0.000000000000000000 ) ) ;
#2477 = LINE ( 'NONE', #286, #249 ) ;
#2478 = CARTESIAN_POINT ( 'NONE',  ( 0.8000000000000000444, 0.6300000000000000044, -0.1875000000000000000 ) ) ;
#2479 = EDGE_LOOP ( 'NONE', ( #2529, #2840, #4383, #1415 ) ) ;
#2480 = CIRCLE ( 'NONE', #4484, 0.2582017102577425782 ) ;
#2481 = ORIENTED_EDGE ( 'NONE', *, *, #2552, .F. ) ;
#2482 = FACE_OUTER_BOUND ( 'NONE', #4080, .T. ) ;
#2483 = PRESENTATION_LAYER_ASSIGNMENT (  '', '', ( #355 ) ) ;
#2484 = AXIS2_PLACEMENT_3D ( 'NONE', #3443, #3060, #3043 ) ;
#2485 = FACE_OUTER_BOUND ( 'NONE', #1588, .T. ) ;
#2486 = VECTOR ( 'NONE', #1513, 1000.000000000000114 ) ;
#2487 = ORIENTED_EDGE ( 'NONE', *, *, #2437, .T. ) ;
#2488 = FILL_AREA_STYLE ('',( #702 ) ) ;
#2489 = LINE ( 'NONE', #3937, #497 ) ;
#2490 = EDGE_CURVE ( 'NONE', #863, #1596, #1942, .T. ) ;
#2491 = ORIENTED_EDGE ( 'NONE', *, *, #1273, .T. ) ;
#2492 = CARTESIAN_POINT ( 'NONE',  ( 0.8000000000000000444, 0.6300000000000000044, -0.7625000000000000666 ) ) ;
#2493 = EDGE_LOOP ( 'NONE', ( #4470, #1665, #3024, #3673 ) ) ;
#2494 = EDGE_LOOP ( 'NONE', ( #540, #4430, #1086, #303, #3055, #3369, #1240, #879, #3033, #3470, #1572, #1056 ) ) ;
#2495 = ORIENTED_EDGE ( 'NONE', *, *, #1833, .T. ) ;
#2496 = EDGE_CURVE ( 'NONE', #3749, #3117, #2873, .T. ) ;
#2497 =( NAMED_UNIT ( * ) PLANE_ANGLE_UNIT ( ) SI_UNIT ( $, .RADIAN. ) );
#2498 = FACE_OUTER_BOUND ( 'NONE', #3738, .T. ) ;
#2499 = SURFACE_SIDE_STYLE ('',( #4353 ) ) ;
#2500 = ORIENTED_EDGE ( 'NONE', *, *, #655, .F. ) ;
#2501 = CARTESIAN_POINT ( 'NONE',  ( 1.200614268941289975, 0.3898095305645404851, -0.7625000000000000666 ) ) ;
#2502 = EDGE_CURVE ( 'NONE', #109, #1358, #1052, .T. ) ;
#2503 = CARTESIAN_POINT ( 'NONE',  ( 0.7999953098994639911, 0.4699666282006559892, 1.350968503025306022 ) ) ;
#2504 = DIRECTION ( 'NONE',  ( 0.000000000000000000, 0.000000000000000000, 1.000000000000000000 ) ) ;
#2505 = APPLICATION_CONTEXT ( 'automotive_design' ) ;
#2506 = CARTESIAN_POINT ( 'NONE',  ( -0.8000000000000000444, 0.4699999999999999734, -1.449999999999999956 ) ) ;
#2507 = VERTEX_POINT ( 'NONE', #3234 ) ;
#2508 = ORIENTED_EDGE ( 'NONE', *, *, #1966, .F. ) ;
#2509 = SURFACE_STYLE_USAGE ( .BOTH. , #616 ) ;
#2510 = CARTESIAN_POINT ( 'NONE',  ( -0.6610712173784929480, 0.2000000000000000111, -1.311071217378483977 ) ) ;
#2511 = DIRECTION ( 'NONE',  ( 0.000000000000000000, 0.000000000000000000, -1.000000000000000000 ) ) ;
#2512 = VECTOR ( 'NONE', #4584, 1000.000000000000000 ) ;
#2513 = CARTESIAN_POINT ( 'NONE',  ( 0.8000000000000000444, 0.4699999999999999734, 0.7625000000000000666 ) ) ;
#2514 = ORIENTED_EDGE ( 'NONE', *, *, #4666, .T. ) ;
#2515 = FACE_OUTER_BOUND ( 'NONE', #4717, .T. ) ;
#2516 = DIRECTION ( 'NONE',  ( -0.9975640502598243087, 0.06975647374412372037, 0.000000000000000000 ) ) ;
#2517 = EDGE_LOOP ( 'NONE', ( #1229, #409, #830, #2258 ) ) ;
#2518 = EDGE_CURVE ( 'NONE', #885, #863, #4269, .T. ) ;
#2519 = VERTEX_POINT ( 'NONE', #211 ) ;
#2520 = ORIENTED_EDGE ( 'NONE', *, *, #991, .F. ) ;
#2521 = CARTESIAN_POINT ( 'NONE',  ( -0.8000000000000000444, 0.6300000000000000044, 1.449999999999999956 ) ) ;
#2522 = CARTESIAN_POINT ( 'NONE',  ( 0.9430415250725630028, 0.3717982897422579813, -0.7625000000000000666 ) ) ;
#2523 = EDGE_CURVE ( 'NONE', #686, #3531, #1676, .T. ) ;
#2524 = EDGE_LOOP ( 'NONE', ( #4298, #807, #4166, #1442 ) ) ;
#2525 = FACE_OUTER_BOUND ( 'NONE', #3834, .T. ) ;
#2526 = PLANE ( 'NONE',  #3113 ) ;
#2527 = VECTOR ( 'NONE', #1265, 1000.000000000000000 ) ;
#2528 = ADVANCED_FACE ( 'NONE', ( #3522 ), #1696, .F. ) ;
#2529 = ORIENTED_EDGE ( 'NONE', *, *, #3561, .F. ) ;
#2530 = CARTESIAN_POINT ( 'NONE',  ( -0.9430415250725630028, 0.3717982897422579813, 0.1875000000000000000 ) ) ;
#2531 = CARTESIAN_POINT ( 'NONE',  ( 0.7999953098994629919, 0.4699666282006559892, -1.350968503025300249 ) ) ;
#2532 = AXIS2_PLACEMENT_3D ( 'NONE', #4378, #2199, #818 ) ;
#2533 = DIRECTION ( 'NONE',  ( 0.000000000000000000, 1.000000000000000000, 0.000000000000000000 ) ) ;
#2534 = LINE ( 'NONE', #4419, #338 ) ;
#2535 = EDGE_LOOP ( 'NONE', ( #4000, #3083, #3723 ) ) ;
#2536 = AXIS2_PLACEMENT_3D ( 'NONE', #4467, #2567, #4112 ) ;
#2537 = CARTESIAN_POINT ( 'NONE',  ( 0.6610712173784919488, 0.2000000000000000111, 1.311071217378489973 ) ) ;
#2538 = VERTEX_POINT ( 'NONE', #3576 ) ;
#2539 = AXIS2_PLACEMENT_3D ( 'NONE', #4740, #1854, #2600 ) ;
#2540 = VECTOR ( 'NONE', #3200, 1000.000000000000114 ) ;
#2541 = ORIENTED_EDGE ( 'NONE', *, *, #4374, .F. ) ;
#2542 = CYLINDRICAL_SURFACE ( 'NONE', #882, 0.2582017102577423562 ) ;
#2543 = SURFACE_SIDE_STYLE ('',( #1832 ) ) ;
#2544 = CARTESIAN_POINT ( 'NONE',  ( 0.9430415250725630028, 0.3717982897422579813, -1.137499999999999956 ) ) ;
#2545 = PLANE ( 'NONE',  #4326 ) ;
#2546 = CIRCLE ( 'NONE', #3932, 0.09820171025774261653 ) ;
#2547 = PRESENTATION_STYLE_ASSIGNMENT (( #1473 ) ) ;
#2548 = COLOUR_RGB ( '',0.2980392156862745057, 0.2980392156862745057, 0.2980392156862745057 ) ;
#2549 = EDGE_LOOP ( 'NONE', ( #3797, #3485, #4676, #3768 ) ) ;
#2550 = SURFACE_STYLE_USAGE ( .BOTH. , #71 ) ;
#2551 =( GEOMETRIC_REPRESENTATION_CONTEXT ( 3 ) GLOBAL_UNCERTAINTY_ASSIGNED_CONTEXT ( ( #1523 ) ) GLOBAL_UNIT_ASSIGNED_CONTEXT ( ( #375, #808, #1165 ) ) REPRESENTATION_CONTEXT ( 'NONE', 'WORKASPACE' ) );
#2552 = EDGE_CURVE ( 'NONE', #3359, #2222, #1376, .T. ) ;
#2553 = SURFACE_STYLE_USAGE ( .BOTH. , #1073 ) ;
#2554 = VECTOR ( 'NONE', #1210, 1000.000000000000000 ) ;
#2555 = ORIENTED_EDGE ( 'NONE', *, *, #1664, .F. ) ;
#2556 = SPHERICAL_SURFACE ( 'NONE', #1109, 0.1000000000000000056 ) ;
#2557 = AXIS2_PLACEMENT_3D ( 'NONE', #3626, #3555, #265 ) ;
#2558 = EDGE_CURVE ( 'NONE', #498, #758, #2399, .T. ) ;
#2559 = CARTESIAN_POINT ( 'NONE',  ( 1.449999999999999956, 0.1596102480415720060, 0.7625000000000000666 ) ) ;
#2560 = VECTOR ( 'NONE', #2782, 1000.000000000000000 ) ;
#2561 = MECHANICAL_DESIGN_GEOMETRIC_PRESENTATION_REPRESENTATION (  '', ( #2182 ), #275 ) ;
#2562 = DIRECTION ( 'NONE',  ( 0.000000000000000000, 0.000000000000000000, -1.000000000000000000 ) ) ;
#2563 = ADVANCED_FACE ( 'NONE', ( #3905 ), #1740, .T. ) ;
#2564 = ORIENTED_EDGE ( 'NONE', *, *, #473, .F. ) ;
#2565 =( LENGTH_UNIT ( ) NAMED_UNIT ( * ) SI_UNIT ( .MILLI., .METRE. ) );
#2566 = UNCERTAINTY_MEASURE_WITH_UNIT (LENGTH_MEASURE( 1.000000000000000082E-05 ), #178, 'distance_accuracy_value', 'NONE');
#2567 = DIRECTION ( 'NONE',  ( 0.000000000000000000, 0.000000000000000000, 1.000000000000000000 ) ) ;
#2568 = ORIENTED_EDGE ( 'NONE', *, *, #3447, .F. ) ;
#2569 = AXIS2_PLACEMENT_3D ( 'NONE', #3638, #343, #4442 ) ;
#2570 = EDGE_LOOP ( 'NONE', ( #662, #2202, #4005, #2481, #3206, #522, #566, #2298, #4733, #1274, #4120, #2038 ) ) ;
#2571 = VERTEX_POINT ( 'NONE', #2630 ) ;
#2572 = DIRECTION ( 'NONE',  ( 1.000000000000000000, 0.000000000000000000, 0.000000000000000000 ) ) ;
#2573 = PLANE ( 'NONE',  #3034 ) ;
#2574 = CARTESIAN_POINT ( 'NONE',  ( 1.438838964200940040, 1.626303258728255172E-16, 1.137499999999999956 ) ) ;
#2575 = DIRECTION ( 'NONE',  ( 0.9975640502598243087, 0.06975647374412571877, 0.000000000000000000 ) ) ;
#2576 = CYLINDRICAL_SURFACE ( 'NONE', #3170, 0.1000000000000000472 ) ;
#2577 = VERTEX_POINT ( 'NONE', #428 ) ;
#2578 = PRESENTATION_STYLE_ASSIGNMENT (( #2550 ) ) ;
#2579 =( LENGTH_UNIT ( ) NAMED_UNIT ( * ) SI_UNIT ( .MILLI., .METRE. ) );
#2580 = DIRECTION ( 'NONE',  ( 0.000000000000000000, 0.000000000000000000, -1.000000000000000000 ) ) ;
#2581 = CARTESIAN_POINT ( 'NONE',  ( -1.300722538845504150, 0.1700487449951270102, 1.137499999999999956 ) ) ;
#2582 = ADVANCED_FACE ( 'NONE', ( #1887 ), #19, .T. ) ;
#2583 = VERTEX_POINT ( 'NONE', #4377 ) ;
#2584 = CARTESIAN_POINT ( 'NONE',  ( -0.8018816198956519870, 0.6166115787654489200, -1.352854813021485914 ) ) ;
#2585 = DIRECTION ( 'NONE',  ( -0.9975640502598243087, -0.06975647374412462243, 0.000000000000000000 ) ) ;
#2586 =( NAMED_UNIT ( * ) SI_UNIT ( $, .STERADIAN. ) SOLID_ANGLE_UNIT ( ) );
#2587 = ADVANCED_FACE ( 'NONE', ( #3283, #2525 ), #4001, .T. ) ;
#2588 = CARTESIAN_POINT ( 'NONE',  ( -0.8000000000000000444, 0.4699999999999999734, -0.1875000000000000000 ) ) ;
#2589 = PLANE ( 'NONE',  #4253 ) ;
#2590 = DIRECTION ( 'NONE',  ( -0.06975647374412462243, -0.9975640502598243087, 0.000000000000000000 ) ) ;
#2591 = LINE ( 'NONE', #4065, #1021 ) ;
#2592 = ORIENTED_EDGE ( 'NONE', *, *, #1664, .T. ) ;
#2593 = EDGE_CURVE ( 'NONE', #2577, #1285, #1810, .T. ) ;
#2594 = ORIENTED_EDGE ( 'NONE', *, *, #1710, .F. ) ;
#2595 = ORIENTED_EDGE ( 'NONE', *, *, #3908, .F. ) ;
#2596 = CYLINDRICAL_SURFACE ( 'NONE', #1260, 0.2582017102577425782 ) ;
#2597 =( NAMED_UNIT ( * ) SI_UNIT ( $, .STERADIAN. ) SOLID_ANGLE_UNIT ( ) );
#2598 = DIRECTION ( 'NONE',  ( -1.000000000000000000, 0.000000000000000000, 0.000000000000000000 ) ) ;
#2599 = LINE ( 'NONE', #2169, #2403 ) ;
#2600 = DIRECTION ( 'NONE',  ( 1.000000000000000000, 0.000000000000000000, 0.000000000000000000 ) ) ;
#2601 = ORIENTED_EDGE ( 'NONE', *, *, #1710, .T. ) ;
#2602 = SURFACE_STYLE_USAGE ( .BOTH. , #4409 ) ;
#2603 = CYLINDRICAL_SURFACE ( 'NONE', #4624, 0.09820171025774261653 ) ;
#2604 = DIRECTION ( 'NONE',  ( -0.000000000000000000, 1.000000000000000000, 0.000000000000000000 ) ) ;
#2605 = ORIENTED_EDGE ( 'NONE', *, *, #1475, .F. ) ;
#2606 = LINE ( 'NONE', #435, #1339 ) ;
#2607 =( LENGTH_UNIT ( ) NAMED_UNIT ( * ) SI_UNIT ( .MILLI., .METRE. ) );
#2608 = VECTOR ( 'NONE', #1398, 1000.000000000000000 ) ;
#2609 = CARTESIAN_POINT ( 'NONE',  ( -0.7006456775161027384, 0.4699888759799297766, -1.449998436620926201 ) ) ;
#2610 = CIRCLE ( 'NONE', #472, 0.1000000000000000472 ) ;
#2611 = VECTOR ( 'NONE', #14, 1000.000000000000114 ) ;
#2612 = DIRECTION ( 'NONE',  ( 0.9975640502598243087, 0.06975647374412571877, 0.000000000000000000 ) ) ;
#2613 = CARTESIAN_POINT ( 'NONE',  ( 0.6610712173784919488, 0.9000000000000000222, 1.311071217378491971 ) ) ;
#2614 = CARTESIAN_POINT ( 'NONE',  ( -1.438838964200940040, 1.626303258728255172E-16, -0.7625000000000000666 ) ) ;
#2615 = EDGE_CURVE ( 'NONE', #1295, #309, #1511, .T. ) ;
#2616 = CARTESIAN_POINT ( 'NONE',  ( 0.9430415250725630028, 0.3717982897422579813, -0.1875000000000000000 ) ) ;
#2617 = UNCERTAINTY_MEASURE_WITH_UNIT (LENGTH_MEASURE( 1.000000000000000082E-05 ), #2565, 'distance_accuracy_value', 'NONE');
#2618 = AXIS2_PLACEMENT_3D ( 'NONE', #3771, #2341, #3863 ) ;
#2619 = VERTEX_POINT ( 'NONE', #1477 ) ;
#2620 = UNCERTAINTY_MEASURE_WITH_UNIT (LENGTH_MEASURE( 1.000000000000000082E-05 ), #4054, 'distance_accuracy_value', 'NONE');
#2621 = ORIENTED_EDGE ( 'NONE', *, *, #3068, .T. ) ;
#2622 = FACE_OUTER_BOUND ( 'NONE', #2733, .T. ) ;
#2623 = AXIS2_PLACEMENT_3D ( 'NONE', #4743, #3355, #1452 ) ;
#2624 = LINE ( 'NONE', #4020, #4075 ) ;
#2625 = EDGE_CURVE ( 'NONE', #1916, #3663, #767, .T. ) ;
#2626 = CARTESIAN_POINT ( 'NONE',  ( -0.6999999999999999556, 0.6300000000000000044, -1.449999999999999956 ) ) ;
#2627 = CARTESIAN_POINT ( 'NONE',  ( -1.300722538845504150, 0.1700487449951270102, 1.137499999999999956 ) ) ;
#2628 = COLOUR_RGB ( '',0.2980392156862745057, 0.2980392156862745057, 0.2980392156862745057 ) ;
#2629 = ORIENTED_EDGE ( 'NONE', *, *, #3727, .F. ) ;
#2630 = CARTESIAN_POINT ( 'NONE',  ( 1.300722538845504150, 0.1700487449951270102, -1.137499999999999956 ) ) ;
#2631 = COLOUR_RGB ( '',0.8000000000000000444, 0.8196078431372548767, 0.9333333333333333481 ) ;
#2632 = FILL_AREA_STYLE ('',( #4432 ) ) ;
#2633 = EDGE_CURVE ( 'NONE', #727, #758, #2978, .T. ) ;
#2634 = DIRECTION ( 'NONE',  ( -1.000000000000000000, 0.000000000000000000, 0.000000000000000000 ) ) ;
#2635 = CARTESIAN_POINT ( 'NONE',  ( -0.9430415250725630028, 0.3717982897422579813, -1.137499999999999956 ) ) ;
#2636 = VERTEX_POINT ( 'NONE', #1573 ) ;
#2637 = DIRECTION ( 'NONE',  ( 2.990902544787605001E-16, 0.000000000000000000, 1.000000000000000000 ) ) ;
#2638 = VECTOR ( 'NONE', #4281, 1000.000000000000000 ) ;
#2639 = CARTESIAN_POINT ( 'NONE',  ( 0.7009685030253060001, 0.4699666282006559892, -1.449995309899458018 ) ) ;
#2640 = MECHANICAL_DESIGN_GEOMETRIC_PRESENTATION_REPRESENTATION (  '', ( #4553 ), #2249 ) ;
#2641 = CARTESIAN_POINT ( 'NONE',  ( 0.9430415250725630028, 0.3717982897422579813, -0.7625000000000000666 ) ) ;
#2642 = AXIS2_PLACEMENT_3D ( 'NONE', #3446, #119, #3088 ) ;
#2643 = PLANE ( 'NONE',  #250 ) ;
#2644 = ORIENTED_EDGE ( 'NONE', *, *, #2953, .T. ) ;
#2645 = AXIS2_PLACEMENT_3D ( 'NONE', #294, #204, #4677 ) ;
#2646 = ADVANCED_FACE ( 'NONE', ( #4215 ), #3835, .F. ) ;
#2647 = ORIENTED_EDGE ( 'NONE', *, *, #1896, .T. ) ;
#2648 = ORIENTED_EDGE ( 'NONE', *, *, #2815, .F. ) ;
#2649 = FACE_OUTER_BOUND ( 'NONE', #2108, .T. ) ;
#2650 = DIRECTION ( 'NONE',  ( 0.000000000000000000, 0.000000000000000000, 1.000000000000000000 ) ) ;
#2651 = CARTESIAN_POINT ( 'NONE',  ( -0.9430415250725630028, 0.3717982897422579813, -0.7625000000000000666 ) ) ;
#2652 = AXIS2_PLACEMENT_3D ( 'NONE', #4721, #718, #3550 ) ;
#2653 = EDGE_CURVE ( 'NONE', #3090, #2583, #742, .T. ) ;
#2654 = VERTEX_POINT ( 'NONE', #499 ) ;
#2655 = CARTESIAN_POINT ( 'NONE',  ( -0.8000000000000000444, 0.6300000000000000044, -1.350000000000000089 ) ) ;
#2656 = CARTESIAN_POINT ( 'NONE',  ( -1.209610248041572023, 0.2611610357990599707, 0.7625000000000000666 ) ) ;
#2657 = FACE_OUTER_BOUND ( 'NONE', #2493, .T. ) ;
#2658 = EDGE_CURVE ( 'NONE', #1691, #1322, #2335, .T. ) ;
#2659 = EDGE_LOOP ( 'NONE', ( #2468, #3499 ) ) ;
#2660 =( NAMED_UNIT ( * ) SI_UNIT ( $, .STERADIAN. ) SOLID_ANGLE_UNIT ( ) );
#2661 = DIRECTION ( 'NONE',  ( 0.000000000000000000, 1.000000000000000000, 0.000000000000000000 ) ) ;
#2662 = CARTESIAN_POINT ( 'NONE',  ( -1.041004020899719995, 0.3786484947654800148, 0.1875000000000000000 ) ) ;
#2663 = CARTESIAN_POINT ( 'NONE',  ( 0.8000000000000000444, 0.4699999999999999734, -0.1875000000000000000 ) ) ;
#2664 = CARTESIAN_POINT ( 'NONE',  ( -0.8000000000000000444, 0.4699999999999999734, 1.449999999999999956 ) ) ;
#2665 = VERTEX_POINT ( 'NONE', #1551 ) ;
#2666 = EDGE_LOOP ( 'NONE', ( #374, #3248, #1294, #2369 ) ) ;
#2667 = DIRECTION ( 'NONE',  ( 0.000000000000000000, 1.000000000000000000, 0.000000000000000000 ) ) ;
#2668 = FILL_AREA_STYLE ('',( #465 ) ) ;
#2669 = DIRECTION ( 'NONE',  ( 1.000000000000000000, 0.000000000000000000, 0.000000000000000000 ) ) ;
#2670 = ADVANCED_FACE ( 'NONE', ( #3396 ), #4193, .T. ) ;
#2671 = AXIS2_PLACEMENT_3D ( 'NONE', #557, #2274, #1249 ) ;
#2672 = ORIENTED_EDGE ( 'NONE', *, *, #1419, .T. ) ;
#2673 = DIRECTION ( 'NONE',  ( 0.9975640502598243087, -0.06975647374412551061, 0.000000000000000000 ) ) ;
#2674 = FACE_OUTER_BOUND ( 'NONE', #3388, .T. ) ;
#2675 = DIRECTION ( 'NONE',  ( 0.9975640502598243087, 0.06975647374412372037, 0.000000000000000000 ) ) ;
#2676 = CARTESIAN_POINT ( 'NONE',  ( 0.7003228406507546744, 0.6300000000000023359, 1.449999999999998845 ) ) ;
#2677 = EDGE_CURVE ( 'NONE', #3251, #2314, #1215, .T. ) ;
#2678 = ORIENTED_EDGE ( 'NONE', *, *, #2320, .T. ) ;
#2679 = LINE ( 'NONE', #3841, #3874 ) ;
#2680 = DIRECTION ( 'NONE',  ( 0.000000000000000000, 0.000000000000000000, -1.000000000000000000 ) ) ;
#2681 = CARTESIAN_POINT ( 'NONE',  ( 1.289561503046444013, 0.01043849695355505980, -0.1875000000000000000 ) ) ;
#2682 = EDGE_CURVE ( 'NONE', #885, #2872, #1992, .T. ) ;
#2683 = DIRECTION ( 'NONE',  ( -1.000000000000000000, 0.000000000000000000, 0.000000000000000000 ) ) ;
#2684 = FACE_OUTER_BOUND ( 'NONE', #1649, .T. ) ;
#2685 = DIRECTION ( 'NONE',  ( 1.000000000000000000, 0.000000000000000000, 0.000000000000000000 ) ) ;
#2686 = DIRECTION ( 'NONE',  ( 0.000000000000000000, 0.000000000000000000, 1.000000000000000000 ) ) ;
#2687 = ADVANCED_FACE ( 'NONE', ( #523 ), #116, .F. ) ;
#2688 = EDGE_LOOP ( 'NONE', ( #1065, #697, #18, #3955 ) ) ;
#2689 = STYLED_ITEM ( 'NONE', ( #3741 ), #3685 ) ;
#2690 = AXIS2_PLACEMENT_3D ( 'NONE', #3922, #3644, #688 ) ;
#2691 = UNCERTAINTY_MEASURE_WITH_UNIT (LENGTH_MEASURE( 1.000000000000000082E-05 ), #4604, 'distance_accuracy_value', 'NONE');
#2692 = ORIENTED_EDGE ( 'NONE', *, *, #2919, .T. ) ;
#2693 = LINE ( 'NONE', #880, #1262 ) ;
#2694 = CARTESIAN_POINT ( 'NONE',  ( 0.8018816198956508767, 0.6166115787654489200, 1.352854813021491909 ) ) ;
#2695 = PRESENTATION_LAYER_ASSIGNMENT (  '', '', ( #3774 ) ) ;
#2696 = PLANE ( 'NONE',  #3013 ) ;
#2697 =( GEOMETRIC_REPRESENTATION_CONTEXT ( 3 ) GLOBAL_UNCERTAINTY_ASSIGNED_CONTEXT ( ( #1083 ) ) GLOBAL_UNIT_ASSIGNED_CONTEXT ( ( #1791, #3957, #1028 ) ) REPRESENTATION_CONTEXT ( 'NONE', 'WORKASPACE' ) );
#2698 = VECTOR ( 'NONE', #4478, 1000.000000000000000 ) ;
#2699 = EDGE_LOOP ( 'NONE', ( #206, #380, #1968, #1363 ) ) ;
#2700 = DIRECTION ( 'NONE',  ( 0.000000000000000000, -1.000000000000000000, 0.000000000000000000 ) ) ;
#2701 = CARTESIAN_POINT ( 'NONE',  ( 0.9430415250725630028, 0.6300000000000000044, 1.137499999999999956 ) ) ;
#2702 = AXIS2_PLACEMENT_3D ( 'NONE', #4156, #1612, #4613 ) ;
#2703 = ORIENTED_EDGE ( 'NONE', *, *, #2148, .F. ) ;
#2704 = CARTESIAN_POINT ( 'NONE',  ( 0.6610712173784909496, 0.2000000000000000111, -1.311071217378483977 ) ) ;
#2705 = ADVANCED_FACE ( 'NONE', ( #858 ), #2284, .T. ) ;
#2706 = FILL_AREA_STYLE ('',( #187 ) ) ;
#2707 = CARTESIAN_POINT ( 'NONE',  ( -0.7999984366209346165, 0.6300111240200704232, -1.350645677516095100 ) ) ;
#2708 = VECTOR ( 'NONE', #1747, 1000.000000000000000 ) ;
#2709 = DIRECTION ( 'NONE',  ( 0.000000000000000000, 0.000000000000000000, -1.000000000000000000 ) ) ;
#2710 = EDGE_CURVE ( 'NONE', #2739, #1290, #3987, .T. ) ;
#2711 = FILL_AREA_STYLE ('',( #3452 ) ) ;
#2712 = FILL_AREA_STYLE_COLOUR ( '', #1528 ) ;
#2713 = CLOSED_SHELL ( 'NONE', ( #2750, #3411, #2291, #3242, #100, #1131, #3665, #3245, #1743, #1850, #1945, #4061, #928, #390 ) ) ;
#2714 = CARTESIAN_POINT ( 'NONE',  ( -0.4500000000000000111, 0.9499999999999999556, -1.100000000000000089 ) ) ;
#2715 = ORIENTED_EDGE ( 'NONE', *, *, #1143, .T. ) ;
#2716 =( GEOMETRIC_REPRESENTATION_CONTEXT ( 3 ) GLOBAL_UNCERTAINTY_ASSIGNED_CONTEXT ( ( #3811 ) ) GLOBAL_UNIT_ASSIGNED_CONTEXT ( ( #4576, #1583, #2660 ) ) REPRESENTATION_CONTEXT ( 'NONE', 'WORKASPACE' ) );
#2717 = VECTOR ( 'NONE', #2667, 1000.000000000000000 ) ;
#2718 = EDGE_CURVE ( 'NONE', #923, #115, #953, .T. ) ;
#2719 = VERTEX_POINT ( 'NONE', #567 ) ;
#2720 = PLANE ( 'NONE',  #4402 ) ;
#2721 = AXIS2_PLACEMENT_3D ( 'NONE', #969, #3528, #1768 ) ;
#2722 = DIRECTION ( 'NONE',  ( 0.9902680687415702510, -0.1391731009600661040, 0.000000000000000000 ) ) ;
#2723 = LINE ( 'NONE', #4188, #2855 ) ;
#2724 = AXIS2_PLACEMENT_3D ( 'NONE', #4155, #3079, #1640 ) ;
#2725 = ORIENTED_EDGE ( 'NONE', *, *, #1595, .T. ) ;
#2726 = DIRECTION ( 'NONE',  ( 0.000000000000000000, 0.000000000000000000, -1.000000000000000000 ) ) ;
#2727 = COLOUR_RGB ( '',0.2980392156862745057, 0.2980392156862745057, 0.2980392156862745057 ) ;
#2728 = FILL_AREA_STYLE ('',( #1552 ) ) ;
#2729 = CIRCLE ( 'NONE', #972, 0.1000000000000000472 ) ;
#2730 = CARTESIAN_POINT ( 'NONE',  ( 0.7467783819984360472, 0.09130851069537519737, 1.297751575124278078 ) ) ;
#2731 = DIRECTION ( 'NONE',  ( 1.000000000000000000, 0.000000000000000000, 0.000000000000000000 ) ) ;
#2732 = AXIS2_PLACEMENT_3D ( 'NONE', #2635, #2221, #2201 ) ;
#2733 = EDGE_LOOP ( 'NONE', ( #1837, #3521, #3715, #3977 ) ) ;
#2734 = PLANE ( 'NONE',  #1642 ) ;
#2735 = CARTESIAN_POINT ( 'NONE',  ( -0.9430415250725630028, 0.6300000000000000044, 0.1875000000000000000 ) ) ;
#2736 = DIRECTION ( 'NONE',  ( 1.000000000000000000, 0.000000000000000000, 0.000000000000000000 ) ) ;
#2737 = CARTESIAN_POINT ( 'NONE',  ( -1.289561503046444013, 0.01043849695355505980, 1.137499999999999956 ) ) ;
#2738 = VERTEX_POINT ( 'NONE', #2513 ) ;
#2739 = VERTEX_POINT ( 'NONE', #2018 ) ;
#2740 = CARTESIAN_POINT ( 'NONE',  ( -1.200614268941289975, 0.3898095305645404851, -0.1875000000000000000 ) ) ;
#2741 = FACE_OUTER_BOUND ( 'NONE', #3182, .T. ) ;
#2742 = SURFACE_STYLE_FILL_AREA ( #4177 ) ;
#2743 = UNCERTAINTY_MEASURE_WITH_UNIT (LENGTH_MEASURE( 1.000000000000000082E-05 ), #3640, 'distance_accuracy_value', 'NONE');
#2744 = DIRECTION ( 'NONE',  ( 1.000000000000000000, 0.000000000000000000, 0.000000000000000000 ) ) ;
#2745 = EDGE_CURVE ( 'NONE', #4499, #4360, #4565, .T. ) ;
#2746 = VERTEX_POINT ( 'NONE', #3660 ) ;
#2747 = DIRECTION ( 'NONE',  ( 0.000000000000000000, 0.000000000000000000, -1.000000000000000000 ) ) ;
#2748 = DIRECTION ( 'NONE',  ( -0.9902680687415703620, -0.1391731009600658819, 0.000000000000000000 ) ) ;
#2749 =( NAMED_UNIT ( * ) PLANE_ANGLE_UNIT ( ) SI_UNIT ( $, .RADIAN. ) );
#2750 = ADVANCED_FACE ( 'NONE', ( #3586 ), #1307, .F. ) ;
#2751 = EDGE_LOOP ( 'NONE', ( #2032, #3944, #2052, #421 ) ) ;
#2752 = DIRECTION ( 'NONE',  ( 0.000000000000000000, 0.000000000000000000, -1.000000000000000000 ) ) ;
#2753 =( NAMED_UNIT ( * ) SI_UNIT ( $, .STERADIAN. ) SOLID_ANGLE_UNIT ( ) );
#2754 = CARTESIAN_POINT ( 'NONE',  ( -0.7994366493701039467, 0.6340084480150542934, -1.408648687084975482 ) ) ;
#2755 = CARTESIAN_POINT ( 'NONE',  ( 1.200614268941289975, 0.3898095305645404851, -0.7625000000000000666 ) ) ;
#2756 =( GEOMETRIC_REPRESENTATION_CONTEXT ( 3 ) GLOBAL_UNCERTAINTY_ASSIGNED_CONTEXT ( ( #1142 ) ) GLOBAL_UNIT_ASSIGNED_CONTEXT ( ( #2207, #725, #1137 ) ) REPRESENTATION_CONTEXT ( 'NONE', 'WORKASPACE' ) );
#2757 = ORIENTED_EDGE ( 'NONE', *, *, #4591, .F. ) ;
#2758 = DIRECTION ( 'NONE',  ( 0.000000000000000000, 0.000000000000000000, 1.000000000000000000 ) ) ;
#2759 = CYLINDRICAL_SURFACE ( 'NONE', #624, 0.09820171025774282469 ) ;
#2760 = DIRECTION ( 'NONE',  ( -1.000000000000000000, 0.000000000000000000, 0.000000000000000000 ) ) ;
#2761 = DIRECTION ( 'NONE',  ( 0.000000000000000000, 0.000000000000000000, -1.000000000000000000 ) ) ;
#2762 = DIRECTION ( 'NONE',  ( -1.000000000000000000, 0.000000000000000000, 0.000000000000000000 ) ) ;
#2763 = ORIENTED_EDGE ( 'NONE', *, *, #1013, .T. ) ;
#2764 = CARTESIAN_POINT ( 'NONE',  ( -0.7586486870849826758, 0.6340084480150536272, 1.449436649370103414 ) ) ;
#2765 = DIRECTION ( 'NONE',  ( 0.000000000000000000, 0.000000000000000000, -1.000000000000000000 ) ) ;
#2766 = DIRECTION ( 'NONE',  ( 0.000000000000000000, 0.000000000000000000, 1.000000000000000000 ) ) ;
#2767 = FILL_AREA_STYLE ('',( #1300 ) ) ;
#2768 = ORIENTED_EDGE ( 'NONE', *, *, #276, .T. ) ;
#2769 = CARTESIAN_POINT ( 'NONE',  ( 1.449999999999999956, 0.1596102480415720060, -0.7625000000000000666 ) ) ;
#2770 = ADVANCED_FACE ( 'NONE', ( #3246 ), #4239, .T. ) ;
#2771 = DIRECTION ( 'NONE',  ( 1.000000000000000000, 0.000000000000000000, 0.000000000000000000 ) ) ;
#2772 =( LENGTH_UNIT ( ) NAMED_UNIT ( * ) SI_UNIT ( .MILLI., .METRE. ) );
#2773 = AXIS2_PLACEMENT_3D ( 'NONE', #3856, #469, #1971 ) ;
#2774 =( BOUNDED_CURVE ( )  B_SPLINE_CURVE ( 3, ( #1275, #2293, #2764, #2033 ),
 .UNSPECIFIED., .F., .F. ) 
 B_SPLINE_CURVE_WITH_KNOTS ( ( 4, 4 ),
 ( 2.365879671860815048, 3.917305635318775181 ),
 .UNSPECIFIED. ) 
 CURVE ( )  GEOMETRIC_REPRESENTATION_ITEM ( )  RATIONAL_B_SPLINE_CURVE ( ( 1.000000000000000000, 0.8092813118237099923, 0.8092813118237099923, 1.000000000000000000 ) ) 
 REPRESENTATION_ITEM ( '' )  );
#2775 = VERTEX_POINT ( 'NONE', #2109 ) ;
#2777 =( NAMED_UNIT ( * ) SI_UNIT ( $, .STERADIAN. ) SOLID_ANGLE_UNIT ( ) );
#2776 = AXIS2_PLACEMENT_3D ( 'NONE', #4176, #1227, #3628 ) ;
#2778 = MECHANICAL_DESIGN_GEOMETRIC_PRESENTATION_REPRESENTATION (  '', ( #400 ), #4681 ) ;
#2779 = EDGE_CURVE ( 'NONE', #3224, #4247, #1389, .T. ) ;
#2780 = DIRECTION ( 'NONE',  ( 1.000000000000000000, 0.000000000000000000, 0.000000000000000000 ) ) ;
#2781 = CARTESIAN_POINT ( 'NONE',  ( -0.9430415250725630028, 0.6300000000000000044, 1.137499999999999956 ) ) ;
#2782 = DIRECTION ( 'NONE',  ( -2.990902544787605001E-16, -6.162975822039149940E-33, -1.000000000000000000 ) ) ;
#2783 = STYLED_ITEM ( 'NONE', ( #1516 ), #3183 ) ;
#2784 = ORIENTED_EDGE ( 'NONE', *, *, #225, .T. ) ;
#2785 = CARTESIAN_POINT ( 'NONE',  ( 1.289561503046444013, 0.01043849695355493837, 0.1875000000000000000 ) ) ;
#2786 = EDGE_CURVE ( 'NONE', #2081, #1928, #2820, .T. ) ;
#2787 = MECHANICAL_DESIGN_GEOMETRIC_PRESENTATION_REPRESENTATION (  '', ( #2161 ), #1855 ) ;
#2788 = FILL_AREA_STYLE ('',( #2895 ) ) ;
#2789 = PRESENTATION_LAYER_ASSIGNMENT (  '', '', ( #3553 ) ) ;
#2790 = ORIENTED_EDGE ( 'NONE', *, *, #3603, .T. ) ;
#2791 = PLANE ( 'NONE',  #1401 ) ;
#2792 = LINE ( 'NONE', #1248, #1166 ) ;
#2793 =( GEOMETRIC_REPRESENTATION_CONTEXT ( 3 ) GLOBAL_UNCERTAINTY_ASSIGNED_CONTEXT ( ( #534 ) ) GLOBAL_UNIT_ASSIGNED_CONTEXT ( ( #2409, #548, #189 ) ) REPRESENTATION_CONTEXT ( 'NONE', 'WORKASPACE' ) );
#2794 = FILL_AREA_STYLE ('',( #1320 ) ) ;
#2795 = ORIENTED_EDGE ( 'NONE', *, *, #144, .T. ) ;
#2796 = CARTESIAN_POINT ( 'NONE',  ( -0.8000000000000000444, 0.6300000000000000044, 1.350000000000000089 ) ) ;
#2797 = PRESENTATION_STYLE_ASSIGNMENT (( #2060 ) ) ;
#2798 = CIRCLE ( 'NONE', #1186, 0.2582017102577424672 ) ;
#2799 = ADVANCED_FACE ( 'NONE', ( #4319 ), #1037, .T. ) ;
#2800 = VECTOR ( 'NONE', #1076, 1000.000000000000000 ) ;
#2801 = ORIENTED_EDGE ( 'NONE', *, *, #4662, .F. ) ;
#2802 = DIRECTION ( 'NONE',  ( -1.000000000000000000, 0.000000000000000000, 0.000000000000000000 ) ) ;
#2803 = CARTESIAN_POINT ( 'NONE',  ( 0.7586486870849802333, 0.6340084480150536272, -1.449436649370096086 ) ) ;
#2804 =( BOUNDED_CURVE ( )  B_SPLINE_CURVE ( 3, ( #1578, #3046, #4496, #4078 ),
 .UNSPECIFIED., .F., .F. ) 
 B_SPLINE_CURVE_WITH_KNOTS ( ( 4, 4 ),
 ( 3.141592653589795336, 3.151277835258260218 ),
 .UNSPECIFIED. ) 
 CURVE ( )  GEOMETRIC_REPRESENTATION_ITEM ( )  RATIONAL_B_SPLINE_CURVE ( ( 1.000000000000000000, 0.9999921831199470867, 0.9999921831199470867, 1.000000000000000000 ) ) 
 REPRESENTATION_ITEM ( '' )  );
#2805 = ADVANCED_FACE ( 'NONE', ( #1492 ), #2228, .T. ) ;
#2806 = AXIS2_PLACEMENT_3D ( 'NONE', #2462, #3562, #587 ) ;
#2807 = VERTEX_POINT ( 'NONE', #3708 ) ;
#2809 = DIRECTION ( 'NONE',  ( 0.000000000000000000, 0.000000000000000000, 1.000000000000000000 ) ) ;
#2808 = AXIS2_PLACEMENT_3D ( 'NONE', #4440, #1159, #4418 ) ;
#2810 = FILL_AREA_STYLE ('',( #3235 ) ) ;
#2811 = PRESENTATION_STYLE_ASSIGNMENT (( #985 ) ) ;
#2812 = SURFACE_STYLE_USAGE ( .BOTH. , #2171 ) ;
#2813 = VECTOR ( 'NONE', #1100, 1000.000000000000000 ) ;
#2814 = VECTOR ( 'NONE', #3696, 1000.000000000000000 ) ;
#2815 = EDGE_CURVE ( 'NONE', #3299, #4268, #1935, .T. ) ;
#2816 = ORIENTED_EDGE ( 'NONE', *, *, #2866, .F. ) ;
#2817 = DIRECTION ( 'NONE',  ( -0.1378445374916290045, 0.9808148484639889197, -0.1378445374916290045 ) ) ;
#2818 = CARTESIAN_POINT ( 'NONE',  ( -0.8000000000000000444, 0.6300000000000000044, 1.137499999999999956 ) ) ;
#2819 = CARTESIAN_POINT ( 'NONE',  ( 1.449999999999999956, 0.1596102480415720060, -0.7625000000000000666 ) ) ;
#2820 = CIRCLE ( 'NONE', #2336, 0.1000000000000000472 ) ;
#2821 = VERTEX_POINT ( 'NONE', #753 ) ;
#2822 = DIRECTION ( 'NONE',  ( 0.000000000000000000, 0.000000000000000000, -1.000000000000000000 ) ) ;
#2823 = DIRECTION ( 'NONE',  ( 1.000000000000000000, 0.000000000000000000, 0.000000000000000000 ) ) ;
#2824 = EDGE_LOOP ( 'NONE', ( #4672, #3840, #2422, #4292 ) ) ;
#2825 = PRESENTATION_STYLE_ASSIGNMENT (( #590 ) ) ;
#2826 = EDGE_CURVE ( 'NONE', #1455, #83, #1133, .T. ) ;
#2827 = CARTESIAN_POINT ( 'NONE',  ( 0.8000000000000000444, 0.6300000000000000044, 0.1875000000000000000 ) ) ;
#2828 = VERTEX_POINT ( 'NONE', #388 ) ;
#2829 = SURFACE_STYLE_USAGE ( .BOTH. , #2474 ) ;
#2830 = EDGE_CURVE ( 'NONE', #498, #3117, #2729, .T. ) ;
#2831 = LINE ( 'NONE', #4691, #1044 ) ;
#2832 = ORIENTED_EDGE ( 'NONE', *, *, #3697, .F. ) ;
#2833 =( NAMED_UNIT ( * ) PLANE_ANGLE_UNIT ( ) SI_UNIT ( $, .RADIAN. ) );
#2834 = DIRECTION ( 'NONE',  ( 0.000000000000000000, 0.000000000000000000, 1.000000000000000000 ) ) ;
#2835 = ADVANCED_FACE ( 'NONE', ( #102 ), #4062, .F. ) ;
#2836 = CARTESIAN_POINT ( 'NONE',  ( -0.8018816198956519870, 0.4833884212345520015, 1.352854813021491909 ) ) ;
#2837 = ORIENTED_EDGE ( 'NONE', *, *, #3381, .T. ) ;
#2838 = CARTESIAN_POINT ( 'NONE',  ( -1.041004020899719995, 0.3786484947654800148, 1.137499999999999956 ) ) ;
#2839 = EDGE_CURVE ( 'NONE', #157, #4520, #3652, .T. ) ;
#2840 = ORIENTED_EDGE ( 'NONE', *, *, #4279, .F. ) ;
#2841 = VERTEX_POINT ( 'NONE', #3006 ) ;
#2842 = AXIS2_PLACEMENT_3D ( 'NONE', #1423, #3255, #1068 ) ;
#2843 = DIRECTION ( 'NONE',  ( 0.000000000000000000, 0.000000000000000000, -1.000000000000000000 ) ) ;
#2844 = DIRECTION ( 'NONE',  ( 0.9975640502598243087, 0.06975647374412563551, 0.000000000000000000 ) ) ;
#2845 = VECTOR ( 'NONE', #300, 1000.000000000000000 ) ;
#2846 = VERTEX_POINT ( 'NONE', #61 ) ;
#2847 = CARTESIAN_POINT ( 'NONE',  ( -0.6610712173784929480, 0.2000000000000000111, 1.311071217378489973 ) ) ;
#2848 = FACE_OUTER_BOUND ( 'NONE', #1910, .T. ) ;
#2849 = LINE ( 'NONE', #2478, #3954 ) ;
#2850 = ORIENTED_EDGE ( 'NONE', *, *, #2892, .F. ) ;
#2851 = ADVANCED_FACE ( 'NONE', ( #4463 ), #2206, .T. ) ;
#2852 = ORIENTED_EDGE ( 'NONE', *, *, #2084, .F. ) ;
#2853 =( GEOMETRIC_REPRESENTATION_CONTEXT ( 3 ) GLOBAL_UNCERTAINTY_ASSIGNED_CONTEXT ( ( #1806 ) ) GLOBAL_UNIT_ASSIGNED_CONTEXT ( ( #744, #4100, #1172 ) ) REPRESENTATION_CONTEXT ( 'NONE', 'WORKASPACE' ) );
#2854 = DIRECTION ( 'NONE',  ( 0.000000000000000000, 0.000000000000000000, -1.000000000000000000 ) ) ;
#2855 = VECTOR ( 'NONE', #2397, 1000.000000000000227 ) ;
#2856 = ADVANCED_FACE ( 'NONE', ( #4110 ), #3383, .F. ) ;
#2857 = AXIS2_PLACEMENT_3D ( 'NONE', #2385, #3524, #1698 ) ;
#2858 = ORIENTED_EDGE ( 'NONE', *, *, #1970, .T. ) ;
#2859 = CARTESIAN_POINT ( 'NONE',  ( 1.449999999999999956, 0.1596102480415720060, -0.7625000000000000666 ) ) ;
#2860 = DIRECTION ( 'NONE',  ( 0.000000000000000000, -1.000000000000000000, 0.000000000000000000 ) ) ;
#2861 = EDGE_LOOP ( 'NONE', ( #4397, #2647, #3386, #1008 ) ) ;
#2862 = PLANE ( 'NONE',  #4714 ) ;
#2863 = CARTESIAN_POINT ( 'NONE',  ( -0.7994366493701039467, 0.4659915519849457954, -1.408648687084973039 ) ) ;
#2864 = VERTEX_POINT ( 'NONE', #1111 ) ;
#2865 =( GEOMETRIC_REPRESENTATION_CONTEXT ( 3 ) GLOBAL_UNCERTAINTY_ASSIGNED_CONTEXT ( ( #4562 ) ) GLOBAL_UNIT_ASSIGNED_CONTEXT ( ( #4083, #456, #2586 ) ) REPRESENTATION_CONTEXT ( 'NONE', 'WORKASPACE' ) );
#2866 = EDGE_CURVE ( 'NONE', #4041, #3240, #2273, .T. ) ;
#2867 = ORIENTED_EDGE ( 'NONE', *, *, #2523, .T. ) ;
#2868 = LINE ( 'NONE', #2139, #314 ) ;
#2869 = SURFACE_STYLE_FILL_AREA ( #1786 ) ;
#2870 = CARTESIAN_POINT ( 'NONE',  ( 0.8000000000000000444, 0.6300000000000000044, 1.137499999999999956 ) ) ;
#2871 = VECTOR ( 'NONE', #2637, 1000.000000000000000 ) ;
#2872 = VERTEX_POINT ( 'NONE', #772 ) ;
#2873 = LINE ( 'NONE', #233, #3484 ) ;
#2874 = LINE ( 'NONE', #3675, #3238 ) ;
#2875 =( NAMED_UNIT ( * ) SI_UNIT ( $, .STERADIAN. ) SOLID_ANGLE_UNIT ( ) );
#2876 = ORIENTED_EDGE ( 'NONE', *, *, #371, .T. ) ;
#2877 = CIRCLE ( 'NONE', #4641, 0.2582017102577424672 ) ;
#2878 = ORIENTED_EDGE ( 'NONE', *, *, #2677, .F. ) ;
#2879 = CARTESIAN_POINT ( 'NONE',  ( 0.000000000000000000, 0.1000000000000000056, 0.000000000000000000 ) ) ;
#2880 = DIRECTION ( 'NONE',  ( 1.000000000000000000, 0.000000000000000000, 0.000000000000000000 ) ) ;
#2881 = MECHANICAL_DESIGN_GEOMETRIC_PRESENTATION_REPRESENTATION (  '', ( #2190 ), #4334 ) ;
#2882 = CYLINDRICAL_SURFACE ( 'NONE', #3326, 0.1000000000000000472 ) ;
#2883 = PRESENTATION_STYLE_ASSIGNMENT (( #1059 ) ) ;
#2884 = CARTESIAN_POINT ( 'NONE',  ( -1.300722538845504150, 0.1700487449951270102, 0.1875000000000000000 ) ) ;
#2885 = ORIENTED_EDGE ( 'NONE', *, *, #539, .T. ) ;
#2886 = SPHERICAL_SURFACE ( 'NONE', #3656, 0.1000000000000000056 ) ;
#2887 = EDGE_CURVE ( 'NONE', #788, #4499, #1560, .T. ) ;
#2888 = EDGE_LOOP ( 'NONE', ( #4621, #4311, #952, #1317 ) ) ;
#2889 = VERTEX_POINT ( 'NONE', #3030 ) ;
#2890 = EDGE_LOOP ( 'NONE', ( #4321, #1920, #2605, #4644 ) ) ;
#2891 = FACE_OUTER_BOUND ( 'NONE', #605, .T. ) ;
#2892 = EDGE_CURVE ( 'NONE', #2041, #3299, #193, .T. ) ;
#2893 = FACE_OUTER_BOUND ( 'NONE', #1341, .T. ) ;
#2894 = FACE_OUTER_BOUND ( 'NONE', #4017, .T. ) ;
#2895 = FILL_AREA_STYLE_COLOUR ( '', #4540 ) ;
#2896 = UNCERTAINTY_MEASURE_WITH_UNIT (LENGTH_MEASURE( 1.000000000000000082E-05 ), #3817, 'distance_accuracy_value', 'NONE');
#2897 = ORIENTED_EDGE ( 'NONE', *, *, #1561, .F. ) ;
#2898 = DIRECTION ( 'NONE',  ( 0.000000000000000000, -0.9902680687415703620, 0.1391731009600656321 ) ) ;
#2899 = SURFACE_STYLE_USAGE ( .BOTH. , #4357 ) ;
#2900 = DIRECTION ( 'NONE',  ( 0.000000000000000000, 0.000000000000000000, -1.000000000000000000 ) ) ;
#2901 = VERTEX_POINT ( 'NONE', #2663 ) ;
#2902 = ORIENTED_EDGE ( 'NONE', *, *, #1490, .F. ) ;
#2903 = DIRECTION ( 'NONE',  ( 0.000000000000000000, 0.000000000000000000, -1.000000000000000000 ) ) ;
#2904 = CARTESIAN_POINT ( 'NONE',  ( -0.7009685030253079985, 0.6300333717993450433, -1.449995309899458018 ) ) ;
#2905 = DIRECTION ( 'NONE',  ( -0.06975647374412562163, 0.9975640502598241977, 0.000000000000000000 ) ) ;
#2906 = VECTOR ( 'NONE', #367, 1000.000000000000000 ) ;
#2907 = SURFACE_STYLE_FILL_AREA ( #3270 ) ;
#2908 = PLANE ( 'NONE',  #1680 ) ;
#2909 = VERTEX_POINT ( 'NONE', #3894 ) ;
#2910 = FACE_OUTER_BOUND ( 'NONE', #3592, .T. ) ;
#2911 = UNCERTAINTY_MEASURE_WITH_UNIT (LENGTH_MEASURE( 1.000000000000000082E-05 ), #2607, 'distance_accuracy_value', 'NONE');
#2912 =( NAMED_UNIT ( * ) PLANE_ANGLE_UNIT ( ) SI_UNIT ( $, .RADIAN. ) );
#2913 = VERTEX_POINT ( 'NONE', #2008 ) ;
#2914 = ADVANCED_FACE ( 'NONE', ( #2684 ), #4583, .T. ) ;
#2915 = ORIENTED_EDGE ( 'NONE', *, *, #1537, .F. ) ;
#2916 = CARTESIAN_POINT ( 'NONE',  ( 0.6610712173784909496, 0.9000000000000000222, -1.311071217378486198 ) ) ;
#2917 = LINE ( 'NONE', #3303, #2611 ) ;
#2918 = DIRECTION ( 'NONE',  ( 0.000000000000000000, 1.000000000000000000, 0.000000000000000000 ) ) ;
#2919 = EDGE_CURVE ( 'NONE', #1322, #2828, #1009, .T. ) ;
#2920 = ORIENTED_EDGE ( 'NONE', *, *, #3387, .T. ) ;
#2921 = PRESENTATION_STYLE_ASSIGNMENT (( #1096 ) ) ;
#2922 = CARTESIAN_POINT ( 'NONE',  ( -1.209610248041572023, 0.2611610357990599707, 0.1875000000000000000 ) ) ;
#2923 =( NAMED_UNIT ( * ) SI_UNIT ( $, .STERADIAN. ) SOLID_ANGLE_UNIT ( ) );
#2924 = SURFACE_STYLE_FILL_AREA ( #52 ) ;
#2925 = VECTOR ( 'NONE', #1905, 1000.000000000000000 ) ;
#2926 = EDGE_CURVE ( 'NONE', #3429, #3611, #3826, .T. ) ;
#2927 = ORIENTED_EDGE ( 'NONE', *, *, #690, .F. ) ;
#2928 = PLANE ( 'NONE',  #4634 ) ;
#2929 = AXIS2_PLACEMENT_3D ( 'NONE', #4034, #2203, #845 ) ;
#2930 = CARTESIAN_POINT ( 'NONE',  ( 0.7994366493701025034, 0.4659915519849464061, -1.408648687084975482 ) ) ;
#2931 = MECHANICAL_DESIGN_GEOMETRIC_PRESENTATION_REPRESENTATION (  '', ( #1864 ), #491 ) ;
#2932 = SURFACE_STYLE_FILL_AREA ( #703 ) ;
#2933 = ORIENTED_EDGE ( 'NONE', *, *, #903, .F. ) ;
#2934 = DIRECTION ( 'NONE',  ( 0.000000000000000000, -1.000000000000000000, 0.000000000000000000 ) ) ;
#2935 = VECTOR ( 'NONE', #625, 1000.000000000000000 ) ;
#2936 = DIRECTION ( 'NONE',  ( 0.000000000000000000, 0.000000000000000000, -1.000000000000000000 ) ) ;
#2937 = ORIENTED_EDGE ( 'NONE', *, *, #3770, .T. ) ;
#2938 = CIRCLE ( 'NONE', #484, 0.2582017102577424672 ) ;
#2939 = VECTOR ( 'NONE', #3873, 1000.000000000000000 ) ;
#2940 = ORIENTED_EDGE ( 'NONE', *, *, #3659, .F. ) ;
#2941 = FACE_OUTER_BOUND ( 'NONE', #4251, .T. ) ;
#2942 = PLANE ( 'NONE',  #2690 ) ;
#2943 = APPLICATION_PROTOCOL_DEFINITION ( 'draft international standard', 'automotive_design', 1998, #3403 ) ;
#2944 = VECTOR ( 'NONE', #1958, 1000.000000000000000 ) ;
#2945 = ADVANCED_FACE ( 'NONE', ( #3433 ), #4559, .F. ) ;
#2946 = COLOUR_RGB ( '',0.2980392156862745057, 0.2980392156862745057, 0.2980392156862745057 ) ;
#2947 = ORIENTED_EDGE ( 'NONE', *, *, #2826, .T. ) ;
#2948 =( NAMED_UNIT ( * ) PLANE_ANGLE_UNIT ( ) SI_UNIT ( $, .RADIAN. ) );
#2949 = CIRCLE ( 'NONE', #3559, 0.1000000000000000472 ) ;
#2950 = FILL_AREA_STYLE ('',( #50 ) ) ;
#2951 = CARTESIAN_POINT ( 'NONE',  ( 1.289561503046444013, 0.01043849695355505980, -0.7625000000000000666 ) ) ;
#2952 = LINE ( 'NONE', #745, #2486 ) ;
#2953 = EDGE_CURVE ( 'NONE', #1700, #2619, #2792, .T. ) ;
#2954 = VECTOR ( 'NONE', #284, 1000.000000000000000 ) ;
#2955 = AXIS2_PLACEMENT_3D ( 'NONE', #1257, #4588, #2747 ) ;
#2956 = AXIS2_PLACEMENT_3D ( 'NONE', #4141, #3498, #1309 ) ;
#2957 = ORIENTED_EDGE ( 'NONE', *, *, #313, .F. ) ;
#2958 = CARTESIAN_POINT ( 'NONE',  ( 0.6999999999999999556, 0.6300000000000000044, -1.449999999999999956 ) ) ;
#2959 = CIRCLE ( 'NONE', #4174, 0.09820171025774271367 ) ;
#2960 = CARTESIAN_POINT ( 'NONE',  ( 0.9430415250725630028, 0.6300000000000000044, 0.7625000000000000666 ) ) ;
#2961 = CARTESIAN_POINT ( 'NONE',  ( -0.7009685030253079985, 0.4699666282006559892, -1.449995309899458018 ) ) ;
#2962 = ADVANCED_FACE ( 'NONE', ( #2741 ), #3051, .T. ) ;
#2963 =( GEOMETRIC_REPRESENTATION_CONTEXT ( 3 ) GLOBAL_UNCERTAINTY_ASSIGNED_CONTEXT ( ( #3296 ) ) GLOBAL_UNIT_ASSIGNED_CONTEXT ( ( #3325, #1503, #2597 ) ) REPRESENTATION_CONTEXT ( 'NONE', 'WORKASPACE' ) );
#2964 = VECTOR ( 'NONE', #4569, 1000.000000000000000 ) ;
#2965 = DIRECTION ( 'NONE',  ( 1.000000000000000000, 0.000000000000000000, 0.000000000000000000 ) ) ;
#2966 = FACE_OUTER_BOUND ( 'NONE', #2890, .T. ) ;
#2967 = COLOUR_RGB ( '',0.2980392156862745057, 0.2980392156862745057, 0.2980392156862745057 ) ;
#2968 = ORIENTED_EDGE ( 'NONE', *, *, #2333, .F. ) ;
#2969 = PLANE ( 'NONE',  #1201 ) ;
#2970 = DIRECTION ( 'NONE',  ( 0.000000000000000000, 0.000000000000000000, 1.000000000000000000 ) ) ;
#2971 = VERTEX_POINT ( 'NONE', #1077 ) ;
#2972 = AXIS2_PLACEMENT_3D ( 'NONE', #4651, #4291, #641 ) ;
#2973 = ORIENTED_EDGE ( 'NONE', *, *, #4067, .T. ) ;
#2974 = CARTESIAN_POINT ( 'NONE',  ( -0.9430415250725630028, 0.3717982897422579813, 1.137499999999999956 ) ) ;
#2975 = LINE ( 'NONE', #2574, #4231 ) ;
#2976 = SURFACE_STYLE_USAGE ( .BOTH. , #3721 ) ;
#2977 = ORIENTED_EDGE ( 'NONE', *, *, #1569, .F. ) ;
#2978 = LINE ( 'NONE', #4076, #3657 ) ;
#2979 = SURFACE_STYLE_FILL_AREA ( #73 ) ;
#2980 = LINE ( 'NONE', #2245, #1509 ) ;
#2981 = VERTEX_POINT ( 'NONE', #1435 ) ;
#2982 = EDGE_CURVE ( 'NONE', #3848, #946, #3243, .T. ) ;
#2983 = SURFACE_SIDE_STYLE ('',( #1132 ) ) ;
#2984 = DIRECTION ( 'NONE',  ( -1.000000000000000000, -3.789816180775159986E-16, 0.000000000000000000 ) ) ;
#2985 = EDGE_CURVE ( 'NONE', #3981, #315, #2610, .T. ) ;
#2986 = LINE ( 'NONE', #4012, #2282 ) ;
#2987 = SPHERICAL_SURFACE ( 'NONE', #4485, 0.1000000000000000056 ) ;
#2988 = DIRECTION ( 'NONE',  ( -0.9975640502598243087, 0.06975647374412372037, 0.000000000000000000 ) ) ;
#2989 =( GEOMETRIC_REPRESENTATION_CONTEXT ( 3 ) GLOBAL_UNCERTAINTY_ASSIGNED_CONTEXT ( ( #2620 ) ) GLOBAL_UNIT_ASSIGNED_CONTEXT ( ( #4054, #1818, #2923 ) ) REPRESENTATION_CONTEXT ( 'NONE', 'WORKASPACE' ) );
#2990 = ORIENTED_EDGE ( 'NONE', *, *, #4325, .F. ) ;
#2991 = EDGE_CURVE ( 'NONE', #1117, #1892, #16, .T. ) ;
#2992 = EDGE_LOOP ( 'NONE', ( #4654, #3336, #2595, #3694 ) ) ;
#2993 = ORIENTED_EDGE ( 'NONE', *, *, #1519, .F. ) ;
#2994 = CARTESIAN_POINT ( 'NONE',  ( 0.6610712173784909496, 0.2000000000000000111, -1.311071217378483977 ) ) ;
#2995 = SURFACE_SIDE_STYLE ('',( #1922 ) ) ;
#2996 = VERTEX_POINT ( 'NONE', #4632 ) ;
#2997 = CARTESIAN_POINT ( 'NONE',  ( -1.307572743868728127, 0.2680112408222825038, -0.7625000000000000666 ) ) ;
#2998 =( NAMED_UNIT ( * ) PLANE_ANGLE_UNIT ( ) SI_UNIT ( $, .RADIAN. ) );
#2999 = ORIENTED_EDGE ( 'NONE', *, *, #3538, .T. ) ;
#3000 =( NAMED_UNIT ( * ) PLANE_ANGLE_UNIT ( ) SI_UNIT ( $, .RADIAN. ) );
#3001 = AXIS2_PLACEMENT_3D ( 'NONE', #1331, #2423, #2802 ) ;
#3002 = CARTESIAN_POINT ( 'NONE',  ( -1.289561503046444013, 0.01043849695355493837, -0.7625000000000000666 ) ) ;
#3003 = EDGE_CURVE ( 'NONE', #2981, #498, #699, .T. ) ;
#3004 = COLOUR_RGB ( '',0.2980392156862745057, 0.2980392156862745057, 0.2980392156862745057 ) ;
#3005 = VECTOR ( 'NONE', #3670, 1000.000000000000227 ) ;
#3006 = CARTESIAN_POINT ( 'NONE',  ( 1.209610248041572023, 0.2611610357990599707, 1.137499999999999956 ) ) ;
#3007 = CARTESIAN_POINT ( 'NONE',  ( -1.050000000000000044, 0.2500000000000000000, 0.1875000000000000000 ) ) ;
#3008 = ORIENTED_EDGE ( 'NONE', *, *, #2653, .T. ) ;
#3009 = EDGE_CURVE ( 'NONE', #3423, #70, #2073, .T. ) ;
#3010 = ORIENTED_EDGE ( 'NONE', *, *, #1833, .F. ) ;
#3011 = ORIENTED_EDGE ( 'NONE', *, *, #1517, .T. ) ;
#3012 = CARTESIAN_POINT ( 'NONE',  ( -0.9430415250725630028, 0.3717982897422579813, 1.137499999999999956 ) ) ;
#3013 = AXIS2_PLACEMENT_3D ( 'NONE', #4512, #907, #3131 ) ;
#3014 = DIRECTION ( 'NONE',  ( -0.1391731009600658819, 0.9902680687415703620, 0.000000000000000000 ) ) ;
#3015 = SURFACE_STYLE_USAGE ( .BOTH. , #2995 ) ;
#3016 =( LENGTH_UNIT ( ) NAMED_UNIT ( * ) SI_UNIT ( .MILLI., .METRE. ) );
#3017 = EDGE_CURVE ( 'NONE', #536, #3749, #1298, .T. ) ;
#3018 = STYLED_ITEM ( 'NONE', ( #3103 ), #1543 ) ;
#3019 = ORIENTED_EDGE ( 'NONE', *, *, #2141, .F. ) ;
#3020 =( NAMED_UNIT ( * ) PLANE_ANGLE_UNIT ( ) SI_UNIT ( $, .RADIAN. ) );
#3021 = FACE_OUTER_BOUND ( 'NONE', #1555, .T. ) ;
#3022 = CARTESIAN_POINT ( 'NONE',  ( -0.8000000000000000444, 0.4699999999999999734, 0.1875000000000000000 ) ) ;
#3023 = ADVANCED_BREP_SHAPE_REPRESENTATION ( 'AP63301QWU-7', ( #3558, #2034, #418, #372, #1987, #2061, #3541, #515, #3728 ), #4556 ) ;
#3024 = ORIENTED_EDGE ( 'NONE', *, *, #3913, .F. ) ;
#3025 = DIRECTION ( 'NONE',  ( -0.000000000000000000, 1.000000000000000000, 0.000000000000000000 ) ) ;
#3026 = FACE_OUTER_BOUND ( 'NONE', #1031, .T. ) ;
#3027 = STYLED_ITEM ( 'NONE', ( #3 ), #418 ) ;
#3028 = FACE_OUTER_BOUND ( 'NONE', #3376, .T. ) ;
#3029 = STYLED_ITEM ( 'NONE', ( #637 ), #2563 ) ;
#3030 = CARTESIAN_POINT ( 'NONE',  ( -1.209610248041572023, 0.2611610357990599707, -1.137499999999999956 ) ) ;
#3031 = VECTOR ( 'NONE', #737, 1000.000000000000114 ) ;
#3032 = LINE ( 'NONE', #1207, #1474 ) ;
#3033 = ORIENTED_EDGE ( 'NONE', *, *, #3889, .T. ) ;
#3034 = AXIS2_PLACEMENT_3D ( 'NONE', #4538, #2748, #3014 ) ;
#3035 = AXIS2_PLACEMENT_3D ( 'NONE', #2250, #3318, #3363 ) ;
#3036 = ORIENTED_EDGE ( 'NONE', *, *, #3511, .T. ) ;
#3037 = LINE ( 'NONE', #2330, #1719 ) ;
#3038 = ADVANCED_FACE ( 'NONE', ( #4314 ), #4656, .T. ) ;
#3039 = LINE ( 'NONE', #111, #1648 ) ;
#3040 = LINE ( 'NONE', #4095, #3918 ) ;
#3041 = VECTOR ( 'NONE', #3424, 1000.000000000000114 ) ;
#3042 = EDGE_LOOP ( 'NONE', ( #2520, #4507, #95, #210 ) ) ;
#3043 = DIRECTION ( 'NONE',  ( -0.9902680687415702510, -0.1391731009600655766, 0.000000000000000000 ) ) ;
#3044 = EDGE_CURVE ( 'NONE', #2447, #2889, #2180, .T. ) ;
#3045 = SURFACE_STYLE_FILL_AREA ( #3085 ) ;
#3046 = CARTESIAN_POINT ( 'NONE',  ( 0.7003228406507546744, 0.4699999999999998623, -1.449999999999992850 ) ) ;
#3047 = LINE ( 'NONE', #861, #578 ) ;
#3048 = VERTEX_POINT ( 'NONE', #647 ) ;
#3049 = CARTESIAN_POINT ( 'NONE',  ( -0.4500000000000000111, 0.9499999999999999556, -1.100000000000000089 ) ) ;
#3050 = CARTESIAN_POINT ( 'NONE',  ( -1.289561503046444013, 0.01043849695355505980, -1.137499999999999956 ) ) ;
#3051 = CYLINDRICAL_SURFACE ( 'NONE', #2776, 0.09999999999999997780 ) ;
#3052 = PRESENTATION_STYLE_ASSIGNMENT (( #3754 ) ) ;
#3053 = DIRECTION ( 'NONE',  ( 0.06975647374412562163, 0.9975640502598241977, 0.000000000000000000 ) ) ;
#3054 = ORIENTED_EDGE ( 'NONE', *, *, #3044, .F. ) ;
#3055 = ORIENTED_EDGE ( 'NONE', *, *, #2211, .T. ) ;
#3056 = DIRECTION ( 'NONE',  ( 0.000000000000000000, 0.000000000000000000, -1.000000000000000000 ) ) ;
#3057 =( NAMED_UNIT ( * ) SI_UNIT ( $, .STERADIAN. ) SOLID_ANGLE_UNIT ( ) );
#3058 = EDGE_CURVE ( 'NONE', #4, #298, #3583, .T. ) ;
#3059 = VERTEX_POINT ( 'NONE', #1384 ) ;
#3060 = DIRECTION ( 'NONE',  ( -0.1378445374916286159, 0.9808148484639891418, 0.1378445374916290322 ) ) ;
#3061 = CARTESIAN_POINT ( 'NONE',  ( -0.4500000000000000111, 0.9499999999999999556, -1.199999999999999956 ) ) ;
#3062 = CARTESIAN_POINT ( 'NONE',  ( -0.8000000000000000444, 0.4699999999999999734, 1.137499999999999956 ) ) ;
#3063 = EDGE_CURVE ( 'NONE', #4328, #527, #4668, .T. ) ;
#3064 = ORIENTED_EDGE ( 'NONE', *, *, #3832, .F. ) ;
#3065 =( LENGTH_UNIT ( ) NAMED_UNIT ( * ) SI_UNIT ( .MILLI., .METRE. ) );
#3066 = CARTESIAN_POINT ( 'NONE',  ( -1.289561503046444013, 0.01043849695355505980, -0.7625000000000000666 ) ) ;
#3067 = PLANE ( 'NONE',  #4543 ) ;
#3068 = EDGE_CURVE ( 'NONE', #4190, #1796, #862, .T. ) ;
#3069 = LINE ( 'NONE', #1934, #3469 ) ;
#3070 = CARTESIAN_POINT ( 'NONE',  ( -0.8000000000000000444, 0.6300000000000000044, -1.449999999999999956 ) ) ;
#3071 = PRESENTATION_LAYER_ASSIGNMENT (  '', '', ( #1766 ) ) ;
#3072 = UNCERTAINTY_MEASURE_WITH_UNIT (LENGTH_MEASURE( 1.000000000000000082E-05 ), #3169, 'distance_accuracy_value', 'NONE');
#3073 =( NAMED_UNIT ( * ) SI_UNIT ( $, .STERADIAN. ) SOLID_ANGLE_UNIT ( ) );
#3074 = MECHANICAL_DESIGN_GEOMETRIC_PRESENTATION_REPRESENTATION (  '', ( #4642 ), #1084 ) ;
#3075 = PRESENTATION_LAYER_ASSIGNMENT (  '', '', ( #551 ) ) ;
#3076 = UNCERTAINTY_MEASURE_WITH_UNIT (LENGTH_MEASURE( 1.000000000000000082E-05 ), #1182, 'distance_accuracy_value', 'NONE');
#3077 = ORIENTED_EDGE ( 'NONE', *, *, #2119, .T. ) ;
#3078 = CARTESIAN_POINT ( 'NONE',  ( 1.209610248041572023, 0.2611610357990599707, -0.1875000000000000000 ) ) ;
#3079 = DIRECTION ( 'NONE',  ( -0.1378445374916292265, -0.9808148484639891418, -0.1378445374916290322 ) ) ;
#3080 = AXIS2_PLACEMENT_3D ( 'NONE', #2530, #2854, #3174 ) ;
#3081 = DIRECTION ( 'NONE',  ( 0.000000000000000000, 0.1391731009600661040, 0.9902680687415702510 ) ) ;
#3082 = PRESENTATION_LAYER_ASSIGNMENT (  '', '', ( #3164 ) ) ;
#3083 = ORIENTED_EDGE ( 'NONE', *, *, #4382, .F. ) ;
#3084 = SURFACE_STYLE_USAGE ( .BOTH. , #1969 ) ;
#3085 = FILL_AREA_STYLE ('',( #2355 ) ) ;
#3086 = EDGE_CURVE ( 'NONE', #3876, #1295, #4342, .T. ) ;
#3087 =( NAMED_UNIT ( * ) SI_UNIT ( $, .STERADIAN. ) SOLID_ANGLE_UNIT ( ) );
#3088 = DIRECTION ( 'NONE',  ( 1.000000000000000000, 0.000000000000000000, 0.000000000000000000 ) ) ;
#3089 = STYLED_ITEM ( 'NONE', ( #1641 ), #1197 ) ;
#3090 = VERTEX_POINT ( 'NONE', #2960 ) ;
#3091 = DIRECTION ( 'NONE',  ( 0.000000000000000000, 0.000000000000000000, -1.000000000000000000 ) ) ;
#3092 = EDGE_CURVE ( 'NONE', #4349, #1940, #58, .T. ) ;
#3093 = LINE ( 'NONE', #3890, #3552 ) ;
#3094 = CARTESIAN_POINT ( 'NONE',  ( -0.7009685030253079985, 0.6300333717993450433, 1.449995309899464013 ) ) ;
#3095 = CARTESIAN_POINT ( 'NONE',  ( 0.8000000000000000444, 0.6300000000000000044, 0.1875000000000000000 ) ) ;
#3096 = VECTOR ( 'NONE', #917, 1000.000000000000227 ) ;
#3097 = VECTOR ( 'NONE', #3426, 1000.000000000000114 ) ;
#3098 = EDGE_LOOP ( 'NONE', ( #4703, #1407, #1330, #1151, #1522, #277, #3191, #3608, #384, #462, #1544, #2101 ) ) ;
#3099 = FILL_AREA_STYLE_COLOUR ( '', #3184 ) ;
#3100 = DIRECTION ( 'NONE',  ( -1.000000000000000000, 0.000000000000000000, 0.000000000000000000 ) ) ;
#3101 = CARTESIAN_POINT ( 'NONE',  ( -0.6610712173784929480, 1.000000000000000000, -1.311071217378483977 ) ) ;
#3102 = EDGE_CURVE ( 'NONE', #2654, #1016, #3289, .T. ) ;
#3103 = PRESENTATION_STYLE_ASSIGNMENT (( #486 ) ) ;
#3104 = MECHANICAL_DESIGN_GEOMETRIC_PRESENTATION_REPRESENTATION (  '', ( #4401 ), #2094 ) ;
#3105 = CIRCLE ( 'NONE', #4257, 0.2582017102577425782 ) ;
#3106 = ORIENTED_EDGE ( 'NONE', *, *, #2333, .T. ) ;
#3107 = DIRECTION ( 'NONE',  ( 2.168404344971010446E-15, 0.000000000000000000, -1.000000000000000000 ) ) ;
#3108 =( GEOMETRIC_REPRESENTATION_CONTEXT ( 3 ) GLOBAL_UNCERTAINTY_ASSIGNED_CONTEXT ( ( #150 ) ) GLOBAL_UNIT_ASSIGNED_CONTEXT ( ( #1979, #1296, #1660 ) ) REPRESENTATION_CONTEXT ( 'NONE', 'WORKASPACE' ) );
#3109 = DIRECTION ( 'NONE',  ( -0.9975640502598243087, -0.06975647374412462243, 0.000000000000000000 ) ) ;
#3110 = CARTESIAN_POINT ( 'NONE',  ( -1.050000000000000044, 0.2500000000000000000, -1.137499999999999956 ) ) ;
#3111 = VECTOR ( 'NONE', #3850, 1000.000000000000000 ) ;
#3112 = EDGE_LOOP ( 'NONE', ( #1043, #780, #328, #1541, #1975, #1685 ) ) ;
#3113 = AXIS2_PLACEMENT_3D ( 'NONE', #2449, #3622, #4003 ) ;
#3114 = MECHANICAL_DESIGN_GEOMETRIC_PRESENTATION_REPRESENTATION (  '', ( #55 ), #1345 ) ;
#3115 = CARTESIAN_POINT ( 'NONE',  ( 0.8000000000000000444, 0.4699999999999999734, -0.7625000000000000666 ) ) ;
#3116 = ORIENTED_EDGE ( 'NONE', *, *, #2051, .T. ) ;
#3117 = VERTEX_POINT ( 'NONE', #4414 ) ;
#3118 = CARTESIAN_POINT ( 'NONE',  ( -0.6610712173784929480, 0.2000000000000000111, -1.311071217378483977 ) ) ;
#3119 = CARTESIAN_POINT ( 'NONE',  ( 1.289561503046444013, 0.01043849695355493837, 0.7625000000000000666 ) ) ;
#3120 =( LENGTH_UNIT ( ) NAMED_UNIT ( * ) SI_UNIT ( .MILLI., .METRE. ) );
#3121 = LINE ( 'NONE', #1293, #4090 ) ;
#3122 = EDGE_CURVE ( 'NONE', #1476, #2841, #4059, .T. ) ;
#3123 = ORIENTED_EDGE ( 'NONE', *, *, #4033, .F. ) ;
#3124 = DIRECTION ( 'NONE',  ( 0.000000000000000000, 0.000000000000000000, -1.000000000000000000 ) ) ;
#3125 = DIRECTION ( 'NONE',  ( -1.000000000000000000, 0.000000000000000000, 0.000000000000000000 ) ) ;
#3126 = CARTESIAN_POINT ( 'NONE',  ( 0.6610712173784909496, 0.9000000000000000222, -1.311071217378486198 ) ) ;
#3127 = EDGE_CURVE ( 'NONE', #498, #4360, #3680, .T. ) ;
#3128 = ORIENTED_EDGE ( 'NONE', *, *, #4694, .F. ) ;
#3129 = CARTESIAN_POINT ( 'NONE',  ( -0.6610712173784929480, 0.2000000000000000111, -1.311071217378483977 ) ) ;
#3130 = DIRECTION ( 'NONE',  ( 0.000000000000000000, 0.000000000000000000, 1.000000000000000000 ) ) ;
#3131 = DIRECTION ( 'NONE',  ( 0.000000000000000000, 0.000000000000000000, -1.000000000000000000 ) ) ;
#3132 = ADVANCED_FACE ( 'NONE', ( #3026 ), #3314, .T. ) ;
#3133 = VERTEX_POINT ( 'NONE', #4482 ) ;
#3134 =( LENGTH_UNIT ( ) NAMED_UNIT ( * ) SI_UNIT ( .MILLI., .METRE. ) );
#3135 =( NAMED_UNIT ( * ) SI_UNIT ( $, .STERADIAN. ) SOLID_ANGLE_UNIT ( ) );
#3136 = LINE ( 'NONE', #3115, #259 ) ;
#3137 = CARTESIAN_POINT ( 'NONE',  ( -0.4500000000000000111, 1.000000000000000000, -1.100000000000000089 ) ) ;
#3138 = COLOUR_RGB ( '',0.2980392156862745057, 0.2980392156862745057, 0.2980392156862745057 ) ;
#3139 = ORIENTED_EDGE ( 'NONE', *, *, #544, .T. ) ;
#3140 = DIRECTION ( 'NONE',  ( 0.000000000000000000, 1.000000000000000000, 0.000000000000000000 ) ) ;
#3141 = PLANE ( 'NONE',  #2618 ) ;
#3142 = SURFACE_STYLE_FILL_AREA ( #640 ) ;
#3143 = SURFACE_SIDE_STYLE ('',( #213 ) ) ;
#3144 =( NAMED_UNIT ( * ) SI_UNIT ( $, .STERADIAN. ) SOLID_ANGLE_UNIT ( ) );
#3145 = ORIENTED_EDGE ( 'NONE', *, *, #1997, .F. ) ;
#3146 = ORIENTED_EDGE ( 'NONE', *, *, #1651, .T. ) ;
#3147 = FACE_OUTER_BOUND ( 'NONE', #1901, .T. ) ;
#3148 = CARTESIAN_POINT ( 'NONE',  ( 0.9430415250725630028, 0.3717982897422579813, -0.7625000000000000666 ) ) ;
#3149 = EDGE_CURVE ( 'NONE', #1916, #1353, #4375, .T. ) ;
#3150 = CARTESIAN_POINT ( 'NONE',  ( 0.9430415250725630028, 0.6300000000000000044, -0.1875000000000000000 ) ) ;
#3151 = EDGE_LOOP ( 'NONE', ( #2648, #2850, #2594, #2163, #3128, #2968, #1280, #3239 ) ) ;
#3152 = SURFACE_SIDE_STYLE ('',( #586 ) ) ;
#3153 = CARTESIAN_POINT ( 'NONE',  ( 0.8000000000000000444, 0.4699999999999999734, -1.449999999999999956 ) ) ;
#3154 = EDGE_CURVE ( 'NONE', #1842, #4468, #454, .T. ) ;
#3155 = FACE_OUTER_BOUND ( 'NONE', #4287, .T. ) ;
#3156 = CIRCLE ( 'NONE', #3230, 0.09820171025774271367 ) ;
#3157 = EDGE_LOOP ( 'NONE', ( #2138, #2365, #3274, #420, #2999, #1228 ) ) ;
#3158 = ORIENTED_EDGE ( 'NONE', *, *, #2658, .T. ) ;
#3159 = AXIS2_PLACEMENT_3D ( 'NONE', #3148, #2054, #3100 ) ;
#3160 = CARTESIAN_POINT ( 'NONE',  ( 0.8000000000000000444, 0.6300000000000000044, -1.137499999999999956 ) ) ;
#3161 = EDGE_CURVE ( 'NONE', #4069, #4347, #797, .T. ) ;
#3162 = PRESENTATION_STYLE_ASSIGNMENT (( #2357 ) ) ;
#3163 = PRESENTATION_STYLE_ASSIGNMENT (( #230 ) ) ;
#3164 = STYLED_ITEM ( 'NONE', ( #4077 ), #3419 ) ;
#3165 = ORIENTED_EDGE ( 'NONE', *, *, #4143, .F. ) ;
#3166 = DIRECTION ( 'NONE',  ( -3.789816180775159986E-16, 1.000000000000000000, 0.000000000000000000 ) ) ;
#3167 = DIRECTION ( 'NONE',  ( 1.000000000000000000, 0.000000000000000000, 0.000000000000000000 ) ) ;
#3168 = DIRECTION ( 'NONE',  ( 0.000000000000000000, 1.000000000000000000, 0.000000000000000000 ) ) ;
#3169 =( LENGTH_UNIT ( ) NAMED_UNIT ( * ) SI_UNIT ( .MILLI., .METRE. ) );
#3170 = AXIS2_PLACEMENT_3D ( 'NONE', #4023, #1093, #2411 ) ;
#3171 = CIRCLE ( 'NONE', #485, 0.2582017102577425782 ) ;
#3172 = ORIENTED_EDGE ( 'NONE', *, *, #215, .F. ) ;
#3173 = CARTESIAN_POINT ( 'NONE',  ( 0.6610712173784909496, 0.2000000000000000111, -1.311071217378483977 ) ) ;
#3174 = DIRECTION ( 'NONE',  ( 1.000000000000000000, 0.000000000000000000, 0.000000000000000000 ) ) ;
#3175 = AXIS2_PLACEMENT_3D ( 'NONE', #1, #3339, #825 ) ;
#3176 = CARTESIAN_POINT ( 'NONE',  ( -0.7467783819984370464, 0.09130851069537519737, -1.297751575124272083 ) ) ;
#3177 = PRODUCT_RELATED_PRODUCT_CATEGORY ( 'part', '', ( #441 ) ) ;
#3178 = EDGE_LOOP ( 'NONE', ( #434, #1804, #4592, #2495, #272, #3264 ) ) ;
#3179 = LINE ( 'NONE', #2439, #3564 ) ;
#3180 = DIRECTION ( 'NONE',  ( 1.000000000000000000, 0.000000000000000000, 0.000000000000000000 ) ) ;
#3181 = VECTOR ( 'NONE', #2860, 1000.000000000000000 ) ;
#3182 = EDGE_LOOP ( 'NONE', ( #3064, #1734, #2283, #3395 ) ) ;
#3183 = ADVANCED_FACE ( 'NONE', ( #770 ), #3704, .F. ) ;
#3184 = COLOUR_RGB ( '',0.2980392156862745057, 0.2980392156862745057, 0.2980392156862745057 ) ;
#3185 = ORIENTED_EDGE ( 'NONE', *, *, #1490, .T. ) ;
#3186 = FILL_AREA_STYLE ('',( #4285 ) ) ;
#3187 = CARTESIAN_POINT ( 'NONE',  ( -0.7586486870849823427, 0.6340084480150542934, -1.449436649370095420 ) ) ;
#3188 = MECHANICAL_DESIGN_GEOMETRIC_PRESENTATION_REPRESENTATION (  '', ( #3565 ), #813 ) ;
#3189 = EDGE_CURVE ( 'NONE', #3347, #157, #3843, .T. ) ;
#3190 = AXIS2_PLACEMENT_3D ( 'NONE', #3878, #3514, #1017 ) ;
#3191 = ORIENTED_EDGE ( 'NONE', *, *, #957, .T. ) ;
#3192 =( NAMED_UNIT ( * ) PLANE_ANGLE_UNIT ( ) SI_UNIT ( $, .RADIAN. ) );
#3193 = CARTESIAN_POINT ( 'NONE',  ( 1.438838964200940040, 1.626303258728255172E-16, 0.7625000000000000666 ) ) ;
#3194 = DIRECTION ( 'NONE',  ( 0.000000000000000000, 0.000000000000000000, 1.000000000000000000 ) ) ;
#3195 = PLANE ( 'NONE',  #2972 ) ;
#3196 = SURFACE_STYLE_FILL_AREA ( #2788 ) ;
#3197 = EDGE_CURVE ( 'NONE', #1295, #2913, #3502, .T. ) ;
#3198 = VERTEX_POINT ( 'NONE', #1223 ) ;
#3199 = SURFACE_SIDE_STYLE ('',( #290 ) ) ;
#3200 = DIRECTION ( 'NONE',  ( 0.06975647374412562163, -0.9975640502598241977, 0.000000000000000000 ) ) ;
#3201 = AXIS2_PLACEMENT_3D ( 'NONE', #2641, #439, #1871 ) ;
#3202 = ORIENTED_EDGE ( 'NONE', *, *, #2418, .F. ) ;
#3203 = CARTESIAN_POINT ( 'NONE',  ( 1.289561503046444013, 0.01043849695355493837, 1.137499999999999956 ) ) ;
#3204 = CARTESIAN_POINT ( 'NONE',  ( 1.438838964200940040, 1.626303258728255172E-16, -1.137499999999999956 ) ) ;
#3205 = DIRECTION ( 'NONE',  ( 0.000000000000000000, 0.000000000000000000, -1.000000000000000000 ) ) ;
#3206 = ORIENTED_EDGE ( 'NONE', *, *, #4446, .F. ) ;
#3207 = DIRECTION ( 'NONE',  ( 0.000000000000000000, -1.000000000000000000, 0.000000000000000000 ) ) ;
#3208 = FACE_OUTER_BOUND ( 'NONE', #1113, .T. ) ;
#3209 = ADVANCED_FACE ( 'NONE', ( #935 ), #4522, .F. ) ;
#3210 = ORIENTED_EDGE ( 'NONE', *, *, #2490, .T. ) ;
#3211 =( LENGTH_UNIT ( ) NAMED_UNIT ( * ) SI_UNIT ( .MILLI., .METRE. ) );
#3212 = CARTESIAN_POINT ( 'NONE',  ( -0.9430415250725630028, 0.3717982897422579813, -0.7625000000000000666 ) ) ;
#3213 = CYLINDRICAL_SURFACE ( 'NONE', #77, 0.1000000000000000472 ) ;
#3214 = DIRECTION ( 'NONE',  ( 1.000000000000000000, 0.000000000000000000, 0.000000000000000000 ) ) ;
#3215 = CIRCLE ( 'NONE', #2130, 0.2582017102577425782 ) ;
#3216 = ADVANCED_FACE ( 'NONE', ( #3472 ), #145, .T. ) ;
#3217 = ORIENTED_EDGE ( 'NONE', *, *, #4374, .T. ) ;
#3218 = DIRECTION ( 'NONE',  ( 0.000000000000000000, -1.000000000000000000, 0.000000000000000000 ) ) ;
#3219 = DIRECTION ( 'NONE',  ( -0.9975640502598243087, -0.06975647374412462243, 0.000000000000000000 ) ) ;
#3220 = EDGE_CURVE ( 'NONE', #1596, #39, #866, .T. ) ;
#3221 = EDGE_LOOP ( 'NONE', ( #3716, #342, #2915, #2289 ) ) ;
#3222 = DIRECTION ( 'NONE',  ( 0.000000000000000000, 0.000000000000000000, -1.000000000000000000 ) ) ;
#3223 = FACE_OUTER_BOUND ( 'NONE', #3401, .T. ) ;
#3224 = VERTEX_POINT ( 'NONE', #2384 ) ;
#3225 = DIRECTION ( 'NONE',  ( 0.000000000000000000, 0.000000000000000000, -1.000000000000000000 ) ) ;
#3226 = CARTESIAN_POINT ( 'NONE',  ( -1.438838964200940040, 1.626303258728255172E-16, -1.137499999999999956 ) ) ;
#3227 = ORIENTED_EDGE ( 'NONE', *, *, #2056, .F. ) ;
#3228 = ORIENTED_EDGE ( 'NONE', *, *, #1679, .F. ) ;
#3229 = CARTESIAN_POINT ( 'NONE',  ( 1.041004020899719995, 0.3786484947654800148, -1.137499999999999956 ) ) ;
#3230 = AXIS2_PLACEMENT_3D ( 'NONE', #159, #4161, #1575 ) ;
#3231 = DIRECTION ( 'NONE',  ( 0.000000000000000000, -1.000000000000000000, 0.000000000000000000 ) ) ;
#3232 = DIRECTION ( 'NONE',  ( 1.000000000000000000, 0.000000000000000000, 0.000000000000000000 ) ) ;
#3233 = ORIENTED_EDGE ( 'NONE', *, *, #1933, .T. ) ;
#3234 = CARTESIAN_POINT ( 'NONE',  ( -0.6610712173784929480, 0.1000000000000000056, 1.311071217378491971 ) ) ;
#3235 = FILL_AREA_STYLE_COLOUR ( '', #21 ) ;
#3236 = DIRECTION ( 'NONE',  ( 1.000000000000000000, 0.000000000000000000, 0.000000000000000000 ) ) ;
#3237 = CARTESIAN_POINT ( 'NONE',  ( -0.7006456775161027384, 0.4699888759799297766, 1.449998436620931974 ) ) ;
#3238 = VECTOR ( 'NONE', #90, 1000.000000000000000 ) ;
#3239 = ORIENTED_EDGE ( 'NONE', *, *, #3530, .F. ) ;
#3240 = VERTEX_POINT ( 'NONE', #4577 ) ;
#3241 = CARTESIAN_POINT ( 'NONE',  ( 0.9430415250725630028, 0.4699999999999999734, 1.137499999999999956 ) ) ;
#3242 = ADVANCED_FACE ( 'NONE', ( #1313 ), #2759, .F. ) ;
#3243 = LINE ( 'NONE', #2818, #4679 ) ;
#3244 = SURFACE_SIDE_STYLE ('',( #1773 ) ) ;
#3245 = ADVANCED_FACE ( 'NONE', ( #4551 ), #3141, .F. ) ;
#3246 = FACE_OUTER_BOUND ( 'NONE', #3967, .T. ) ;
#3247 = CARTESIAN_POINT ( 'NONE',  ( -0.8000000000000000444, 0.6300000000000000044, -0.7625000000000000666 ) ) ;
#3248 = ORIENTED_EDGE ( 'NONE', *, *, #2982, .F. ) ;
#3249 =( NAMED_UNIT ( * ) PLANE_ANGLE_UNIT ( ) SI_UNIT ( $, .RADIAN. ) );
#3250 = FILL_AREA_STYLE_COLOUR ( '', #1554 ) ;
#3251 = VERTEX_POINT ( 'NONE', #3430 ) ;
#3252 = ORIENTED_EDGE ( 'NONE', *, *, #4616, .F. ) ;
#3253 = ORIENTED_EDGE ( 'NONE', *, *, #3468, .F. ) ;
#3254 = VECTOR ( 'NONE', #2184, 1000.000000000000227 ) ;
#3255 = DIRECTION ( 'NONE',  ( 0.06975647374412373425, 0.9975640502598244197, 0.000000000000000000 ) ) ;
#3256 = FILL_AREA_STYLE ('',( #255 ) ) ;
#3257 = MECHANICAL_DESIGN_GEOMETRIC_PRESENTATION_REPRESENTATION (  '', ( #4705 ), #2716 ) ;
#3258 = EDGE_LOOP ( 'NONE', ( #4238, #4393, #1754, #321 ) ) ;
#3259 =( NAMED_UNIT ( * ) SI_UNIT ( $, .STERADIAN. ) SOLID_ANGLE_UNIT ( ) );
#3260 = VECTOR ( 'NONE', #1289, 1000.000000000000000 ) ;
#3261 = LINE ( 'NONE', #3650, #1656 ) ;
#3262 = ORIENTED_EDGE ( 'NONE', *, *, #871, .F. ) ;
#3263 =( BOUNDED_CURVE ( )  B_SPLINE_CURVE ( 3, ( #1319, #1247, #848, #3825 ),
 .UNSPECIFIED., .F., .F. ) 
 B_SPLINE_CURVE_WITH_KNOTS ( ( 4, 4 ),
 ( 6.273500125511119130, 6.283185307179590673 ),
 .UNSPECIFIED. ) 
 CURVE ( )  GEOMETRIC_REPRESENTATION_ITEM ( )  RATIONAL_B_SPLINE_CURVE ( ( 1.000000000000000000, 0.9999921831199470867, 0.9999921831199470867, 1.000000000000000000 ) ) 
 REPRESENTATION_ITEM ( '' )  );
#3264 = ORIENTED_EDGE ( 'NONE', *, *, #4610, .T. ) ;
#3265 = CARTESIAN_POINT ( 'NONE',  ( 0.9430415250725630028, 0.3717982897422579813, -0.1875000000000000000 ) ) ;
#3266 = DIRECTION ( 'NONE',  ( 0.9975640502598243087, -0.06975647374412462243, 0.000000000000000000 ) ) ;
#3267 = AXIS2_PLACEMENT_3D ( 'NONE', #2121, #1858, #1428 ) ;
#3268 = LINE ( 'NONE', #4278, #1930 ) ;
#3269 = EDGE_CURVE ( 'NONE', #4447, #3350, #529, .T. ) ;
#3270 = FILL_AREA_STYLE ('',( #1414 ) ) ;
#3271 = ORIENTED_EDGE ( 'NONE', *, *, #4662, .T. ) ;
#3272 = ORIENTED_EDGE ( 'NONE', *, *, #1244, .T. ) ;
#3273 = EDGE_CURVE ( 'NONE', #3198, #474, #1270, .T. ) ;
#3274 = ORIENTED_EDGE ( 'NONE', *, *, #3832, .T. ) ;
#3275 = ORIENTED_EDGE ( 'NONE', *, *, #524, .F. ) ;
#3276 = DIRECTION ( 'NONE',  ( -1.000000000000000000, 0.000000000000000000, 0.000000000000000000 ) ) ;
#3277 = DIRECTION ( 'NONE',  ( 0.000000000000000000, 0.000000000000000000, 1.000000000000000000 ) ) ;
#3278 = DIRECTION ( 'NONE',  ( 0.000000000000000000, 0.000000000000000000, 1.000000000000000000 ) ) ;
#3279 = CARTESIAN_POINT ( 'NONE',  ( -0.8000000000000000444, 0.4699999999999999734, 0.1875000000000000000 ) ) ;
#3280 = DIRECTION ( 'NONE',  ( 1.000000000000000000, 0.000000000000000000, 0.000000000000000000 ) ) ;
#3281 = ADVANCED_FACE ( 'NONE', ( #4719 ), #4625, .T. ) ;
#3282 = EDGE_LOOP ( 'NONE', ( #444, #851, #4476, #779 ) ) ;
#3283 = FACE_BOUND ( 'NONE', #3892, .T. ) ;
#3284 = CYLINDRICAL_SURFACE ( 'NONE', #2452, 0.09999999999999997780 ) ;
#3285 = FACE_OUTER_BOUND ( 'NONE', #3662, .T. ) ;
#3286 = DIRECTION ( 'NONE',  ( 0.1378445374916290322, 0.9808148484639891418, -0.1378445374916290322 ) ) ;
#3287 = ORIENTED_EDGE ( 'NONE', *, *, #253, .F. ) ;
#3288 = SURFACE_SIDE_STYLE ('',( #4384 ) ) ;
#3289 = LINE ( 'NONE', #1106, #320 ) ;
#3290 = DIRECTION ( 'NONE',  ( -0.06975647374412462243, -0.9975640502598243087, 0.000000000000000000 ) ) ;
#3291 =( BOUNDED_CURVE ( )  B_SPLINE_CURVE ( 3, ( #2065, #2754, #3187, #3519 ),
 .UNSPECIFIED., .F., .F. ) 
 B_SPLINE_CURVE_WITH_KNOTS ( ( 4, 4 ),
 ( 2.365879671860815048, 3.917305635318775181 ),
 .UNSPECIFIED. ) 
 CURVE ( )  GEOMETRIC_REPRESENTATION_ITEM ( )  RATIONAL_B_SPLINE_CURVE ( ( 1.000000000000000000, 0.8092813118237089931, 0.8092813118237089931, 1.000000000000000000 ) ) 
 REPRESENTATION_ITEM ( '' )  );
#3292 = VECTOR ( 'NONE', #3409, 1000.000000000000000 ) ;
#3293 = CARTESIAN_POINT ( 'NONE',  ( -0.9430415250725630028, 0.3717982897422579813, -0.7625000000000000666 ) ) ;
#3294 = EDGE_CURVE ( 'NONE', #1829, #923, #4727, .T. ) ;
#3295 = VERTEX_POINT ( 'NONE', #3888 ) ;
#3296 = UNCERTAINTY_MEASURE_WITH_UNIT (LENGTH_MEASURE( 1.000000000000000082E-05 ), #3325, 'distance_accuracy_value', 'NONE');
#3297 = DIRECTION ( 'NONE',  ( 0.000000000000000000, 1.000000000000000000, 0.000000000000000000 ) ) ;
#3298 = ORIENTED_EDGE ( 'NONE', *, *, #3810, .T. ) ;
#3299 = VERTEX_POINT ( 'NONE', #3523 ) ;
#3300 = PRESENTATION_STYLE_ASSIGNMENT (( #781 ) ) ;
#3301 = ADVANCED_FACE ( 'NONE', ( #982 ), #234, .T. ) ;
#3302 = FACE_OUTER_BOUND ( 'NONE', #2570, .T. ) ;
#3303 = CARTESIAN_POINT ( 'NONE',  ( -1.449999999999999956, 0.1596102480415720060, 1.137499999999999956 ) ) ;
#3304 = DIRECTION ( 'NONE',  ( 0.06975647374412562163, -0.9975640502598241977, 0.000000000000000000 ) ) ;
#3305 = ORIENTED_EDGE ( 'NONE', *, *, #162, .F. ) ;
#3306 = DIRECTION ( 'NONE',  ( -0.06975647374412562163, -0.9975640502598241977, 0.000000000000000000 ) ) ;
#3307 = EDGE_CURVE ( 'NONE', #1187, #3048, #1788, .T. ) ;
#3308 = DIRECTION ( 'NONE',  ( 0.1378445374916291988, 0.9808148484639889197, 0.1378445374916290045 ) ) ;
#3309 = FILL_AREA_STYLE_COLOUR ( '', #2548 ) ;
#3310 = CARTESIAN_POINT ( 'NONE',  ( 1.041004020899719995, 0.3786484947654800148, -0.1875000000000000000 ) ) ;
#3311 = AXIS2_PLACEMENT_3D ( 'NONE', #929, #4122, #1199 ) ;
#3312 = ORIENTED_EDGE ( 'NONE', *, *, #3603, .F. ) ;
#3313 = CARTESIAN_POINT ( 'NONE',  ( 0.7009685030253060001, 0.6300333717993450433, -1.449995309899458018 ) ) ;
#3314 = CYLINDRICAL_SURFACE ( 'NONE', #2305, 0.1000000000000000472 ) ;
#3315 = VECTOR ( 'NONE', #1343, 1000.000000000000000 ) ;
#3316 = CARTESIAN_POINT ( 'NONE',  ( 1.449999999999999956, 0.1596102480415720060, 0.1875000000000000000 ) ) ;
#3317 = VECTOR ( 'NONE', #3901, 1000.000000000000227 ) ;
#3318 = DIRECTION ( 'NONE',  ( 0.1378445374916290322, -0.9808148484639891418, -0.1378445374916292265 ) ) ;
#3319 = ORIENTED_EDGE ( 'NONE', *, *, #3636, .F. ) ;
#3320 = MECHANICAL_DESIGN_GEOMETRIC_PRESENTATION_REPRESENTATION (  '', ( #3089 ), #1396 ) ;
#3321 = DIRECTION ( 'NONE',  ( 0.06975647374412373425, 0.9975640502598244197, 0.000000000000000000 ) ) ;
#3322 = ORIENTED_EDGE ( 'NONE', *, *, #1795, .F. ) ;
#3323 = ORIENTED_EDGE ( 'NONE', *, *, #4173, .F. ) ;
#3324 = CARTESIAN_POINT ( 'NONE',  ( -1.300722538845504150, 0.1700487449951270102, -0.7625000000000000666 ) ) ;
#3325 =( LENGTH_UNIT ( ) NAMED_UNIT ( * ) SI_UNIT ( .MILLI., .METRE. ) );
#3326 = AXIS2_PLACEMENT_3D ( 'NONE', #1536, #1458, #3362 ) ;
#3327 = EDGE_CURVE ( 'NONE', #2233, #1916, #694, .T. ) ;
#3328 = EDGE_LOOP ( 'NONE', ( #251, #202, #1751, #2940 ) ) ;
#3329 = FILL_AREA_STYLE_COLOUR ( '', #1955 ) ;
#3330 = PLANE ( 'NONE',  #2532 ) ;
#3331 = CARTESIAN_POINT ( 'NONE',  ( 0.8000000000000000444, 0.6300000000000000044, 0.7625000000000000666 ) ) ;
#3332 = FILL_AREA_STYLE_COLOUR ( '', #3580 ) ;
#3333 = CIRCLE ( 'NONE', #1564, 0.2582017102577425782 ) ;
#3334 = ADVANCED_FACE ( 'NONE', ( #1429 ), #2408, .T. ) ;
#3335 = PRESENTATION_LAYER_ASSIGNMENT (  '', '', ( #3565 ) ) ;
#3336 = ORIENTED_EDGE ( 'NONE', *, *, #571, .F. ) ;
#3337 = STYLED_ITEM ( 'NONE', ( #2151 ), #2327 ) ;
#3338 = CARTESIAN_POINT ( 'NONE',  ( -1.289561503046444013, 0.01043849695355505980, 1.137499999999999956 ) ) ;
#3339 = DIRECTION ( 'NONE',  ( 0.000000000000000000, 0.000000000000000000, 1.000000000000000000 ) ) ;
#3340 = EDGE_CURVE ( 'NONE', #2131, #2234, #2071, .T. ) ;
#3341 = COLOUR_RGB ( '',0.2980392156862745057, 0.2980392156862745057, 0.2980392156862745057 ) ;
#3342 = DIRECTION ( 'NONE',  ( -1.000000000000000000, 0.000000000000000000, -3.252606517456510541E-15 ) ) ;
#3343 = DIRECTION ( 'NONE',  ( 0.000000000000000000, 0.000000000000000000, -1.000000000000000000 ) ) ;
#3344 = COLOUR_RGB ( '',0.2980392156862745057, 0.2980392156862745057, 0.2980392156862745057 ) ;
#3345 = SURFACE_SIDE_STYLE ('',( #3710 ) ) ;
#3346 = DIRECTION ( 'NONE',  ( 1.000000000000000000, 0.000000000000000000, 0.000000000000000000 ) ) ;
#3347 = VERTEX_POINT ( 'NONE', #3193 ) ;
#3348 = VECTOR ( 'NONE', #3726, 1000.000000000000000 ) ;
#3349 = UNCERTAINTY_MEASURE_WITH_UNIT (LENGTH_MEASURE( 1.000000000000000082E-05 ), #1527, 'distance_accuracy_value', 'NONE');
#3350 = VERTEX_POINT ( 'NONE', #305 ) ;
#3351 = ORIENTED_EDGE ( 'NONE', *, *, #1537, .T. ) ;
#3352 = FILL_AREA_STYLE_COLOUR ( '', #3457 ) ;
#3353 = APPLICATION_PROTOCOL_DEFINITION ( 'draft international standard', 'automotive_design', 1998, #2505 ) ;
#3354 = ORIENTED_EDGE ( 'NONE', *, *, #1419, .F. ) ;
#3355 = DIRECTION ( 'NONE',  ( -0.000000000000000000, 1.000000000000000000, 0.000000000000000000 ) ) ;
#3356 = EDGE_CURVE ( 'NONE', #1290, #2571, #4683, .T. ) ;
#3357 = CARTESIAN_POINT ( 'NONE',  ( -1.289561503046444013, 0.01043849695355505980, -0.7625000000000000666 ) ) ;
#3358 = CARTESIAN_POINT ( 'NONE',  ( -1.449999999999999956, 0.1596102480415720060, 0.7625000000000000666 ) ) ;
#3359 = VERTEX_POINT ( 'NONE', #3578 ) ;
#3360 = FILL_AREA_STYLE_COLOUR ( '', #1243 ) ;
#3361 = EDGE_CURVE ( 'NONE', #3240, #2208, #285, .T. ) ;
#3362 = DIRECTION ( 'NONE',  ( 1.000000000000000000, 0.000000000000000000, -2.990902544787607959E-16 ) ) ;
#3363 = DIRECTION ( 'NONE',  ( 0.000000000000000000, 0.1391731009600661040, -0.9902680687415702510 ) ) ;
#3364 = EDGE_CURVE ( 'NONE', #2507, #514, #2157, .T. ) ;
#3365 = LINE ( 'NONE', #4486, #479 ) ;
#3366 = AXIS2_PLACEMENT_3D ( 'NONE', #2613, #2229, #1060 ) ;
#3367 = ORIENTED_EDGE ( 'NONE', *, *, #366, .T. ) ;
#3368 = ORIENTED_EDGE ( 'NONE', *, *, #3361, .F. ) ;
#3369 = ORIENTED_EDGE ( 'NONE', *, *, #4586, .T. ) ;
#3370 = PRESENTATION_STYLE_ASSIGNMENT (( #3015 ) ) ;
#3371 = DIRECTION ( 'NONE',  ( 0.000000000000000000, -1.000000000000000000, 0.000000000000000000 ) ) ;
#3372 = ORIENTED_EDGE ( 'NONE', *, *, #335, .F. ) ;
#3373 = DIRECTION ( 'NONE',  ( -1.000000000000000000, 0.000000000000000000, 0.000000000000000000 ) ) ;
#3374 = FACE_OUTER_BOUND ( 'NONE', #709, .T. ) ;
#3375 = DIRECTION ( 'NONE',  ( 0.000000000000000000, 0.000000000000000000, -1.000000000000000000 ) ) ;
#3376 = EDGE_LOOP ( 'NONE', ( #1301, #4741, #950, #3517 ) ) ;
#3377 = DIRECTION ( 'NONE',  ( -0.9975640502598243087, -0.06975647374412551061, 0.000000000000000000 ) ) ;
#3378 = CARTESIAN_POINT ( 'NONE',  ( 1.200614268941289975, 0.3898095305645404851, 1.137499999999999956 ) ) ;
#3379 = COLOUR_RGB ( '',0.2980392156862745057, 0.2980392156862745057, 0.2980392156862745057 ) ;
#3380 = LINE ( 'NONE', #4108, #4620 ) ;
#3381 = EDGE_CURVE ( 'NONE', #1067, #514, #2874, .T. ) ;
#3382 = MECHANICAL_DESIGN_GEOMETRIC_PRESENTATION_REPRESENTATION (  '', ( #1546 ), #4607 ) ;
#3383 = PLANE ( 'NONE',  #2185 ) ;
#3384 = CARTESIAN_POINT ( 'NONE',  ( 0.9430415250725630028, 0.6300000000000000044, -0.7625000000000000666 ) ) ;
#3385 = COLOUR_RGB ( '',0.2980392156862745057, 0.2980392156862745057, 0.2980392156862745057 ) ;
#3386 = ORIENTED_EDGE ( 'NONE', *, *, #2346, .T. ) ;
#3387 = EDGE_CURVE ( 'NONE', #4066, #2665, #98, .T. ) ;
#3388 = EDGE_LOOP ( 'NONE', ( #3165, #153, #307, #3145, #2329, #2192, #3989, #1998, #226, #3678, #2213, #3972 ) ) ;
#3389 = ORIENTED_EDGE ( 'NONE', *, *, #2457, .F. ) ;
#3390 = LINE ( 'NONE', #3813, #2554 ) ;
#3391 = CIRCLE ( 'NONE', #1321, 0.09820171025774261653 ) ;
#3392 = DIRECTION ( 'NONE',  ( 0.000000000000000000, 0.000000000000000000, -1.000000000000000000 ) ) ;
#3393 = PRESENTATION_LAYER_ASSIGNMENT (  '', '', ( #1251 ) ) ;
#3394 =( GEOMETRIC_REPRESENTATION_CONTEXT ( 3 ) GLOBAL_UNCERTAINTY_ASSIGNED_CONTEXT ( ( #3907 ) ) GLOBAL_UNIT_ASSIGNED_CONTEXT ( ( #337, #3964, #268 ) ) REPRESENTATION_CONTEXT ( 'NONE', 'WORKASPACE' ) );
#3395 = ORIENTED_EDGE ( 'NONE', *, *, #4532, .F. ) ;
#3396 = FACE_OUTER_BOUND ( 'NONE', #3900, .T. ) ;
#3397 = COLOUR_RGB ( '',0.2980392156862745057, 0.2980392156862745057, 0.2980392156862745057 ) ;
#3398 = CARTESIAN_POINT ( 'NONE',  ( -1.307572743868728127, 0.2680112408222825038, -0.7625000000000000666 ) ) ;
#3399 = LINE ( 'NONE', #3793, #3795 ) ;
#3400 = DIRECTION ( 'NONE',  ( 0.000000000000000000, 0.000000000000000000, -1.000000000000000000 ) ) ;
#3401 = EDGE_LOOP ( 'NONE', ( #2257, #467, #1368, #3739 ) ) ;
#3402 = DIRECTION ( 'NONE',  ( -0.9902680687415702510, -0.1391731009600658264, 0.000000000000000000 ) ) ;
#3403 = APPLICATION_CONTEXT ( 'automotive_design' ) ;
#3404 =( GEOMETRIC_REPRESENTATION_CONTEXT ( 3 ) GLOBAL_UNCERTAINTY_ASSIGNED_CONTEXT ( ( #3616 ) ) GLOBAL_UNIT_ASSIGNED_CONTEXT ( ( #2110, #622, #1369 ) ) REPRESENTATION_CONTEXT ( 'NONE', 'WORKASPACE' ) );
#3405 = CARTESIAN_POINT ( 'NONE',  ( -0.8000000000000003775, 0.6300000000000002265, -1.350322840650747924 ) ) ;
#3406 = VECTOR ( 'NONE', #3598, 1000.000000000000114 ) ;
#3407 = LINE ( 'NONE', #898, #194 ) ;
#3408 = CARTESIAN_POINT ( 'NONE',  ( -1.449999999999999956, 0.1596102480415720060, 1.137499999999999956 ) ) ;
#3409 = DIRECTION ( 'NONE',  ( -1.000000000000000000, 0.000000000000000000, 0.000000000000000000 ) ) ;
#3410 = VECTOR ( 'NONE', #4497, 1000.000000000000000 ) ;
#3411 = ADVANCED_FACE ( 'NONE', ( #1098 ), #3330, .T. ) ;
#3412 = CARTESIAN_POINT ( 'NONE',  ( -0.9430415250725630028, 0.3717982897422579813, -0.7625000000000000666 ) ) ;
#3413 = ORIENTED_EDGE ( 'NONE', *, *, #4439, .F. ) ;
#3414 = VECTOR ( 'NONE', #1913, 1000.000000000000000 ) ;
#3415 = UNCERTAINTY_MEASURE_WITH_UNIT (LENGTH_MEASURE( 1.000000000000000082E-05 ), #2173, 'distance_accuracy_value', 'NONE');
#3416 = ORIENTED_EDGE ( 'NONE', *, *, #2178, .T. ) ;
#3417 = PLANE ( 'NONE',  #2015 ) ;
#3418 = FILL_AREA_STYLE_COLOUR ( '', #4030 ) ;
#3419 = ADVANCED_FACE ( 'NONE', ( #3021 ), #3284, .T. ) ;
#3420 = DIRECTION ( 'NONE',  ( 0.000000000000000000, 0.000000000000000000, -1.000000000000000000 ) ) ;
#3421 = PRESENTATION_LAYER_ASSIGNMENT (  '', '', ( #3882 ) ) ;
#3422 = PRESENTATION_LAYER_ASSIGNMENT (  '', '', ( #4265 ) ) ;
#3423 = VERTEX_POINT ( 'NONE', #790 ) ;
#3424 = DIRECTION ( 'NONE',  ( -0.06975647374412562163, 0.9975640502598241977, 0.000000000000000000 ) ) ;
#3425 = ADVANCED_FACE ( 'NONE', ( #3374 ), #20, .T. ) ;
#3426 = DIRECTION ( 'NONE',  ( -0.06975647374412562163, -0.9975640502598241977, 0.000000000000000000 ) ) ;
#3427 = CARTESIAN_POINT ( 'NONE',  ( 0.7999953098994639911, 0.6300333717993450433, 1.350968503025306022 ) ) ;
#3428 = VECTOR ( 'NONE', #3222, 1000.000000000000000 ) ;
#3429 = VERTEX_POINT ( 'NONE', #2922 ) ;
#3430 = CARTESIAN_POINT ( 'NONE',  ( -0.8000000000000000444, 0.6300000000000000044, -1.350000000000000089 ) ) ;
#3431 = FACE_OUTER_BOUND ( 'NONE', #3258, .T. ) ;
#3432 = CYLINDRICAL_SURFACE ( 'NONE', #635, 0.09820171025774261653 ) ;
#3433 = FACE_OUTER_BOUND ( 'NONE', #231, .T. ) ;
#3434 = DIRECTION ( 'NONE',  ( 0.000000000000000000, 0.000000000000000000, 1.000000000000000000 ) ) ;
#3435 = PLANE ( 'NONE',  #1709 ) ;
#3436 = ORIENTED_EDGE ( 'NONE', *, *, #957, .F. ) ;
#3437 = EDGE_CURVE ( 'NONE', #1095, #2131, #4027, .T. ) ;
#3438 = ORIENTED_EDGE ( 'NONE', *, *, #1041, .T. ) ;
#3439 = DIRECTION ( 'NONE',  ( 0.9975640502598243087, 0.06975647374412563551, 0.000000000000000000 ) ) ;
#3440 =( NAMED_UNIT ( * ) PLANE_ANGLE_UNIT ( ) SI_UNIT ( $, .RADIAN. ) );
#3441 = ADVANCED_FACE ( 'NONE', ( #449 ), #1909, .T. ) ;
#3442 = ORIENTED_EDGE ( 'NONE', *, *, #4466, .F. ) ;
#3443 = CARTESIAN_POINT ( 'NONE',  ( -0.7028548130214949952, 0.4973057313305589977, 1.352854813021491909 ) ) ;
#3444 = CARTESIAN_POINT ( 'NONE',  ( -1.050000000000000044, 0.2500000000000000000, 0.1875000000000000000 ) ) ;
#3445 = LINE ( 'NONE', #591, #3317 ) ;
#3446 = CARTESIAN_POINT ( 'NONE',  ( -0.9430415250725630028, 0.3717982897422579813, 0.7625000000000000666 ) ) ;
#3447 = EDGE_CURVE ( 'NONE', #2447, #4, #4228, .T. ) ;
#3448 = ORIENTED_EDGE ( 'NONE', *, *, #1721, .F. ) ;
#3449 = CARTESIAN_POINT ( 'NONE',  ( -0.8000000000000000444, 0.4699999999999999734, 0.7625000000000000666 ) ) ;
#3450 = LINE ( 'NONE', #191, #3814 ) ;
#3451 = CARTESIAN_POINT ( 'NONE',  ( -1.050000000000000044, 0.2500000000000000000, 1.137499999999999956 ) ) ;
#3452 = FILL_AREA_STYLE_COLOUR ( '', #1848 ) ;
#3453 = CARTESIAN_POINT ( 'NONE',  ( -0.6489730842859590121, 0.1860826899039934867, -1.410098024252641968 ) ) ;
#3454 = UNCERTAINTY_MEASURE_WITH_UNIT (LENGTH_MEASURE( 1.000000000000000082E-05 ), #2223, 'distance_accuracy_value', 'NONE');
#3455 = DIRECTION ( 'NONE',  ( 0.06975647374412462243, -0.9975640502598243087, 0.000000000000000000 ) ) ;
#3456 = MECHANICAL_DESIGN_GEOMETRIC_PRESENTATION_REPRESENTATION (  '', ( #782 ), #1991 ) ;
#3457 = COLOUR_RGB ( '',0.2980392156862745057, 0.2980392156862745057, 0.2980392156862745057 ) ;
#3458 = ORIENTED_EDGE ( 'NONE', *, *, #3810, .F. ) ;
#3459 = DIRECTION ( 'NONE',  ( 0.000000000000000000, 0.000000000000000000, 1.000000000000000000 ) ) ;
#3460 = SURFACE_STYLE_FILL_AREA ( #1668 ) ;
#3461 = STYLED_ITEM ( 'NONE', ( #1950 ), #3441 ) ;
#3462 = EDGE_LOOP ( 'NONE', ( #4640, #761, #1022, #4664 ) ) ;
#3463 = CARTESIAN_POINT ( 'NONE',  ( 0.8000000000000000444, 0.6300000000000000044, -0.1875000000000000000 ) ) ;
#3464 = CARTESIAN_POINT ( 'NONE',  ( -1.041004020899719995, 0.3786484947654800148, -0.7625000000000000666 ) ) ;
#3465 = CARTESIAN_POINT ( 'NONE',  ( 0.7994366493701025034, 0.6340084480150542934, 1.408648687084979700 ) ) ;
#3466 =( BOUNDED_CURVE ( )  B_SPLINE_CURVE ( 3, ( #254, #1716, #569, #4573 ),
 .UNSPECIFIED., .F., .F. ) 
 B_SPLINE_CURVE_WITH_KNOTS ( ( 4, 4 ),
 ( 5.507472325450609496, 7.058898288908570073 ),
 .UNSPECIFIED. ) 
 CURVE ( )  GEOMETRIC_REPRESENTATION_ITEM ( )  RATIONAL_B_SPLINE_CURVE ( ( 1.000000000000000000, 0.8092813118237089931, 0.8092813118237089931, 1.000000000000000000 ) ) 
 REPRESENTATION_ITEM ( '' )  );
#3467 = AXIS2_PLACEMENT_3D ( 'NONE', #3515, #205, #2372 ) ;
#3468 = EDGE_CURVE ( 'NONE', #2654, #3059, #3535, .T. ) ;
#3469 = VECTOR ( 'NONE', #4603, 1000.000000000000000 ) ;
#3470 = ORIENTED_EDGE ( 'NONE', *, *, #4410, .T. ) ;
#3471 = FILL_AREA_STYLE ('',( #3500 ) ) ;
#3472 = FACE_OUTER_BOUND ( 'NONE', #4044, .T. ) ;
#3473 = LINE ( 'NONE', #4552, #107 ) ;
#3474 = DIRECTION ( 'NONE',  ( -0.06975647374412562163, -0.9975640502598241977, 0.000000000000000000 ) ) ;
#3475 = CARTESIAN_POINT ( 'NONE',  ( -0.4500000000000000111, 1.000000000000000000, -1.000000000000000000 ) ) ;
#3476 = EDGE_CURVE ( 'NONE', #2901, #527, #860, .T. ) ;
#3477 = ORIENTED_EDGE ( 'NONE', *, *, #2518, .T. ) ;
#3478 = ORIENTED_EDGE ( 'NONE', *, *, #82, .F. ) ;
#3479 = CARTESIAN_POINT ( 'NONE',  ( 0.8000000000000000444, 0.4699999999999999734, -0.7625000000000000666 ) ) ;
#3480 = CARTESIAN_POINT ( 'NONE',  ( -0.9430415250725630028, 0.3717982897422579813, 0.1875000000000000000 ) ) ;
#3481 = LINE ( 'NONE', #2391, #2512 ) ;
#3482 = PLANE ( 'NONE',  #3711 ) ;
#3483 = ADVANCED_FACE ( 'NONE', ( #2674 ), #1994, .F. ) ;
#3484 = VECTOR ( 'NONE', #960, 1000.000000000000227 ) ;
#3485 = ORIENTED_EDGE ( 'NONE', *, *, #4694, .T. ) ;
#3486 = FACE_OUTER_BOUND ( 'NONE', #1609, .T. ) ;
#3487 = PRESENTATION_LAYER_ASSIGNMENT (  '', '', ( #3803 ) ) ;
#3488 = DIRECTION ( 'NONE',  ( 1.000000000000000000, 0.000000000000000000, 0.000000000000000000 ) ) ;
#3489 =( LENGTH_UNIT ( ) NAMED_UNIT ( * ) SI_UNIT ( .MILLI., .METRE. ) );
#3490 = ORIENTED_EDGE ( 'NONE', *, *, #4038, .F. ) ;
#3491 = AXIS2_PLACEMENT_3D ( 'NONE', #1943, #4473, #2650 ) ;
#3492 = ORIENTED_EDGE ( 'NONE', *, *, #571, .T. ) ;
#3493 = DIRECTION ( 'NONE',  ( 0.000000000000000000, 0.000000000000000000, 1.000000000000000000 ) ) ;
#3494 = VECTOR ( 'NONE', #2049, 1000.000000000000000 ) ;
#3495 = CARTESIAN_POINT ( 'NONE',  ( 0.7999999999999983791, 0.6300000000000002265, -1.350322840650747924 ) ) ;
#3496 = STYLED_ITEM ( 'NONE', ( #2578 ), #2587 ) ;
#3497 = DIRECTION ( 'NONE',  ( 0.000000000000000000, 0.000000000000000000, -1.000000000000000000 ) ) ;
#3498 = DIRECTION ( 'NONE',  ( 0.000000000000000000, 0.000000000000000000, 1.000000000000000000 ) ) ;
#3499 = ORIENTED_EDGE ( 'NONE', *, *, #4004, .T. ) ;
#3500 = FILL_AREA_STYLE_COLOUR ( '', #1718 ) ;
#3501 = EDGE_CURVE ( 'NONE', #1353, #1825, #1597, .T. ) ;
#3502 = LINE ( 'NONE', #4501, #4460 ) ;
#3503 = CARTESIAN_POINT ( 'NONE',  ( -0.4500000000000000111, 1.000000000000000000, -1.199999999999999956 ) ) ;
#3504 = PRESENTATION_STYLE_ASSIGNMENT (( #3799 ) ) ;
#3505 = CARTESIAN_POINT ( 'NONE',  ( -1.050000000000000044, 0.2500000000000000000, -0.1875000000000000000 ) ) ;
#3506 = ORIENTED_EDGE ( 'NONE', *, *, #4610, .F. ) ;
#3507 = CARTESIAN_POINT ( 'NONE',  ( 0.8000000000000000444, 0.6300000000000000044, -1.449999999999999956 ) ) ;
#3508 = EDGE_CURVE ( 'NONE', #2746, #1707, #1925, .T. ) ;
#3509 = PRESENTATION_STYLE_ASSIGNMENT (( #970 ) ) ;
#3510 = CARTESIAN_POINT ( 'NONE',  ( -1.041004020899719995, 0.3786484947654800148, 1.137499999999999956 ) ) ;
#3511 = EDGE_CURVE ( 'NONE', #2222, #3637, #3156, .T. ) ;
#3512 = ORIENTED_EDGE ( 'NONE', *, *, #1190, .F. ) ;
#3513 = CARTESIAN_POINT ( 'NONE',  ( 1.438838964200940040, 1.626303258728255172E-16, 1.137499999999999956 ) ) ;
#3514 = DIRECTION ( 'NONE',  ( 0.000000000000000000, -1.000000000000000000, 0.000000000000000000 ) ) ;
#3515 = CARTESIAN_POINT ( 'NONE',  ( 0.9430415250725630028, 0.3717982897422579813, 0.1875000000000000000 ) ) ;
#3516 = ORIENTED_EDGE ( 'NONE', *, *, #1048, .T. ) ;
#3517 = ORIENTED_EDGE ( 'NONE', *, *, #4125, .T. ) ;
#3518 = DIRECTION ( 'NONE',  ( 0.000000000000000000, 0.000000000000000000, -1.000000000000000000 ) ) ;
#3519 = CARTESIAN_POINT ( 'NONE',  ( -0.7009685030253079985, 0.6300333717993450433, -1.449995309899458018 ) ) ;
#3520 = MECHANICAL_DESIGN_GEOMETRIC_PRESENTATION_REPRESENTATION (  '', ( #3756 ), #2989 ) ;
#3521 = ORIENTED_EDGE ( 'NONE', *, *, #3501, .F. ) ;
#3522 = FACE_OUTER_BOUND ( 'NONE', #573, .T. ) ;
#3523 = CARTESIAN_POINT ( 'NONE',  ( 0.8000000000000000444, 0.4699999999999999734, -1.350000000000000089 ) ) ;
#3524 = DIRECTION ( 'NONE',  ( 0.000000000000000000, -1.000000000000000000, 0.000000000000000000 ) ) ;
#3525 =( NAMED_UNIT ( * ) PLANE_ANGLE_UNIT ( ) SI_UNIT ( $, .RADIAN. ) );
#3526 = LINE ( 'NONE', #4052, #4618 ) ;
#3527 = ORIENTED_EDGE ( 'NONE', *, *, #2866, .T. ) ;
#3528 = DIRECTION ( 'NONE',  ( 0.000000000000000000, 0.000000000000000000, 1.000000000000000000 ) ) ;
#3529 = CARTESIAN_POINT ( 'NONE',  ( -0.8000000000000000444, 0.6300000000000000044, 1.449999999999999956 ) ) ;
#3530 = EDGE_CURVE ( 'NONE', #4268, #695, #1479, .T. ) ;
#3531 = VERTEX_POINT ( 'NONE', #2656 ) ;
#3532 = DIRECTION ( 'NONE',  ( 0.06975647374412562163, 0.9975640502598241977, 0.000000000000000000 ) ) ;
#3533 =( NAMED_UNIT ( * ) PLANE_ANGLE_UNIT ( ) SI_UNIT ( $, .RADIAN. ) );
#3534 = CYLINDRICAL_SURFACE ( 'NONE', #101, 0.09999999999999997780 ) ;
#3535 = CIRCLE ( 'NONE', #1917, 0.09820171025774271367 ) ;
#3536 = ORIENTED_EDGE ( 'NONE', *, *, #814, .F. ) ;
#3537 = AXIS2_PLACEMENT_3D ( 'NONE', #835, #2669, #68 ) ;
#3538 = EDGE_CURVE ( 'NONE', #683, #4268, #208, .T. ) ;
#3539 = ORIENTED_EDGE ( 'NONE', *, *, #669, .T. ) ;
#3540 = VECTOR ( 'NONE', #4386, 1000.000000000000000 ) ;
#3541 = MANIFOLD_SOLID_BREP ( 'NONE', #4398 ) ;
#3542 = LINE ( 'NONE', #3229, #2067 ) ;
#3543 = CARTESIAN_POINT ( 'NONE',  ( 0.6610712173784919488, 0.9139173100960069629, 1.410098024252649740 ) ) ;
#3544 = CARTESIAN_POINT ( 'NONE',  ( -1.041004020899719995, 0.3786484947654800148, -0.1875000000000000000 ) ) ;
#3545 = MECHANICAL_DESIGN_GEOMETRIC_PRESENTATION_REPRESENTATION (  '', ( #2783 ), #3851 ) ;
#3546 = AXIS2_PLACEMENT_3D ( 'NONE', #118, #2634, #1153 ) ;
#3547 = VERTEX_POINT ( 'NONE', #325 ) ;
#3548 = DIRECTION ( 'NONE',  ( 0.000000000000000000, 0.000000000000000000, -1.000000000000000000 ) ) ;
#3549 = LINE ( 'NONE', #1314, #4388 ) ;
#3550 = DIRECTION ( 'NONE',  ( -1.000000000000000000, 0.000000000000000000, 0.000000000000000000 ) ) ;
#3551 = PLANE ( 'NONE',  #565 ) ;
#3552 = VECTOR ( 'NONE', #1338, 1000.000000000000114 ) ;
#3553 = STYLED_ITEM ( 'NONE', ( #4363 ), #1577 ) ;
#3554 = ORIENTED_EDGE ( 'NONE', *, *, #4067, .F. ) ;
#3555 = DIRECTION ( 'NONE',  ( 0.000000000000000000, 0.000000000000000000, 1.000000000000000000 ) ) ;
#3556 = AXIS2_PLACEMENT_3D ( 'NONE', #4461, #1180, #2204 ) ;
#3557 = VECTOR ( 'NONE', #1378, 1000.000000000000227 ) ;
#3558 = MANIFOLD_SOLID_BREP ( 'NONE', #831 ) ;
#3559 = AXIS2_PLACEMENT_3D ( 'NONE', #2916, #4370, #4018 ) ;
#3560 = ORIENTED_EDGE ( 'NONE', *, *, #2502, .F. ) ;
#3561 = EDGE_CURVE ( 'NONE', #81, #1713, #1372, .T. ) ;
#3562 = DIRECTION ( 'NONE',  ( 0.000000000000000000, 0.000000000000000000, 1.000000000000000000 ) ) ;
#3563 = DIRECTION ( 'NONE',  ( 0.06975647374412562163, -0.9975640502598241977, 0.000000000000000000 ) ) ;
#3564 = VECTOR ( 'NONE', #2082, 1000.000000000000114 ) ;
#3565 = STYLED_ITEM ( 'NONE', ( #3163 ), #4623 ) ;
#3566 = VECTOR ( 'NONE', #1434, 1000.000000000000000 ) ;
#3567 = ORIENTED_EDGE ( 'NONE', *, *, #2919, .F. ) ;
#3568 = EDGE_CURVE ( 'NONE', #298, #3983, #3921, .T. ) ;
#3569 = CARTESIAN_POINT ( 'NONE',  ( -0.7467783819984370464, 1.008691489304625932, 1.297751575124278078 ) ) ;
#3570 = LINE ( 'NONE', #3997, #2845 ) ;
#3571 = CARTESIAN_POINT ( 'NONE',  ( -1.041004020899719995, 0.3786484947654800148, -1.137499999999999956 ) ) ;
#3572 = STYLED_ITEM ( 'NONE', ( #3833 ), #3828 ) ;
#3573 = STYLED_ITEM ( 'NONE', ( #681 ), #4009 ) ;
#3574 = ORIENTED_EDGE ( 'NONE', *, *, #1273, .F. ) ;
#3576 = CARTESIAN_POINT ( 'NONE',  ( 0.9430415250725630028, 0.6300000000000000044, 0.1875000000000000000 ) ) ;
#3575 = VECTOR ( 'NONE', #2700, 1000.000000000000000 ) ;
#3577 = EDGE_CURVE ( 'NONE', #4557, #2846, #954, .T. ) ;
#3578 = CARTESIAN_POINT ( 'NONE',  ( 1.050000000000000044, 0.2500000000000000000, 0.1875000000000000000 ) ) ;
#3579 = CARTESIAN_POINT ( 'NONE',  ( 0.8000000000000000444, 0.4699999999999999734, 0.1875000000000000000 ) ) ;
#3580 = COLOUR_RGB ( '',0.2980392156862745057, 0.2980392156862745057, 0.2980392156862745057 ) ;
#3581 = ORIENTED_EDGE ( 'NONE', *, *, #1108, .T. ) ;
#3582 = CARTESIAN_POINT ( 'NONE',  ( 1.449999999999999956, 0.1596102480415720060, 0.1875000000000000000 ) ) ;
#3583 = LINE ( 'NONE', #1746, #1239 ) ;
#3584 = CLOSED_SHELL ( 'NONE', ( #2434, #3183, #2368, #2914, #2428, #3999, #3216, #3132, #663, #3842, #2404, #1684, #1007, #4009, #4317, #3038, #4148, #627, #2799, #1197, #2670, #847, #1219, #3828, #1163, #2062, #2770, #3419, #1976, #2962, #2327, #3748, #3334, #2705, #2582, #2587, #2563, #2156, #76, #4623, #1577, #4073, #480, #3685, #601 ) ) ;
#3585 = ORIENTED_EDGE ( 'NONE', *, *, #3802, .F. ) ;
#3586 = FACE_OUTER_BOUND ( 'NONE', #1030, .T. ) ;
#3587 = LINE ( 'NONE', #679, #646 ) ;
#3588 = ORIENTED_EDGE ( 'NONE', *, *, #4492, .T. ) ;
#3589 = CYLINDRICAL_SURFACE ( 'NONE', #2645, 0.09820171025774261653 ) ;
#3590 = CARTESIAN_POINT ( 'NONE',  ( -0.7999953098994649903, 0.4699666282006559892, -1.350968503025300249 ) ) ;
#3591 = ORIENTED_EDGE ( 'NONE', *, *, #1827, .F. ) ;
#3592 = EDGE_LOOP ( 'NONE', ( #2334, #4628, #891, #2134 ) ) ;
#3593 = DIRECTION ( 'NONE',  ( 1.000000000000000000, 0.000000000000000000, 0.000000000000000000 ) ) ;
#3594 = FACE_OUTER_BOUND ( 'NONE', #2751, .T. ) ;
#3595 =( NAMED_UNIT ( * ) SI_UNIT ( $, .STERADIAN. ) SOLID_ANGLE_UNIT ( ) );
#3596 = EDGE_CURVE ( 'NONE', #766, #727, #252, .T. ) ;
#3597 = ORIENTED_EDGE ( 'NONE', *, *, #156, .T. ) ;
#3598 = DIRECTION ( 'NONE',  ( -0.06975647374412562163, 0.9975640502598241977, 0.000000000000000000 ) ) ;
#3599 = DIRECTION ( 'NONE',  ( -0.000000000000000000, 1.000000000000000000, 0.000000000000000000 ) ) ;
#3600 = CARTESIAN_POINT ( 'NONE',  ( 0.8000000000000000444, 0.6300000000000000044, -1.350000000000000089 ) ) ;
#3601 = CIRCLE ( 'NONE', #2467, 0.09820171025774271367 ) ;
#3602 = ORIENTED_EDGE ( 'NONE', *, *, #3327, .F. ) ;
#3603 = EDGE_CURVE ( 'NONE', #2971, #394, #2116, .T. ) ;
#3604 = EDGE_LOOP ( 'NONE', ( #4224, #461, #3512, #2601 ) ) ;
#3605 = PLANE ( 'NONE',  #645 ) ;
#3606 = CARTESIAN_POINT ( 'NONE',  ( 0.8000000000000000444, 0.6300000000000000044, 0.1875000000000000000 ) ) ;
#3607 = DIRECTION ( 'NONE',  ( -0.06975647374412562163, -0.9975640502598241977, 0.000000000000000000 ) ) ;
#3608 = ORIENTED_EDGE ( 'NONE', *, *, #759, .T. ) ;
#3609 = DIRECTION ( 'NONE',  ( 0.000000000000000000, 0.000000000000000000, -1.000000000000000000 ) ) ;
#3610 =( NAMED_UNIT ( * ) SI_UNIT ( $, .STERADIAN. ) SOLID_ANGLE_UNIT ( ) );
#3611 = VERTEX_POINT ( 'NONE', #3949 ) ;
#3612 = ORIENTED_EDGE ( 'NONE', *, *, #1661, .T. ) ;
#3613 = PLANE ( 'NONE',  #2842 ) ;
#3614 = DIRECTION ( 'NONE',  ( 0.000000000000000000, 0.000000000000000000, -1.000000000000000000 ) ) ;
#3615 = CARTESIAN_POINT ( 'NONE',  ( 1.307572743868728127, 0.2680112408222825038, 0.1875000000000000000 ) ) ;
#3616 = UNCERTAINTY_MEASURE_WITH_UNIT (LENGTH_MEASURE( 1.000000000000000082E-05 ), #2110, 'distance_accuracy_value', 'NONE');
#3617 = VECTOR ( 'NONE', #541, 1000.000000000000227 ) ;
#3618 = EDGE_LOOP ( 'NONE', ( #974, #2801, #2644, #3624 ) ) ;
#3619 = CARTESIAN_POINT ( 'NONE',  ( -1.289561503046444013, 0.01043849695355493837, 0.1875000000000000000 ) ) ;
#3620 = EDGE_CURVE ( 'NONE', #394, #2889, #978, .T. ) ;
#3621 = SPHERICAL_SURFACE ( 'NONE', #2454, 0.1000000000000000056 ) ;
#3622 = DIRECTION ( 'NONE',  ( 0.000000000000000000, 0.000000000000000000, 1.000000000000000000 ) ) ;
#3623 = AXIS2_PLACEMENT_3D ( 'NONE', #1003, #1761, #3927 ) ;
#3624 = ORIENTED_EDGE ( 'NONE', *, *, #4550, .T. ) ;
#3625 = ORIENTED_EDGE ( 'NONE', *, *, #2991, .F. ) ;
#3626 = CARTESIAN_POINT ( 'NONE',  ( 1.307572743868728127, 0.2680112408222825038, -0.1875000000000000000 ) ) ;
#3627 = AXIS2_PLACEMENT_3D ( 'NONE', #1326, #1259, #1688 ) ;
#3628 = DIRECTION ( 'NONE',  ( 0.9902680687415702510, 0.1391731009600661040, 0.000000000000000000 ) ) ;
#3629 = EDGE_CURVE ( 'NONE', #2889, #4514, #2445, .T. ) ;
#3630 = LINE ( 'NONE', #3176, #3789 ) ;
#3631 =( BOUNDED_CURVE ( )  B_SPLINE_CURVE ( 3, ( #2961, #2609, #99, #1488 ),
 .UNSPECIFIED., .F., .F. ) 
 B_SPLINE_CURVE_WITH_KNOTS ( ( 4, 4 ),
 ( 3.131907471921324682, 3.141592653589795336 ),
 .UNSPECIFIED. ) 
 CURVE ( )  GEOMETRIC_REPRESENTATION_ITEM ( )  RATIONAL_B_SPLINE_CURVE ( ( 1.000000000000000000, 0.9999921831199470867, 0.9999921831199470867, 1.000000000000000000 ) ) 
 REPRESENTATION_ITEM ( '' )  );
#3632 = VECTOR ( 'NONE', #3829, 1000.000000000000000 ) ;
#3633 = MECHANICAL_DESIGN_GEOMETRIC_PRESENTATION_REPRESENTATION (  '', ( #3787 ), #256 ) ;
#3634 = SURFACE_STYLE_USAGE ( .BOTH. , #2158 ) ;
#3635 = CARTESIAN_POINT ( 'NONE',  ( 0.8000000000000000444, 0.4699999999999999734, 0.1875000000000000000 ) ) ;
#3636 = EDGE_CURVE ( 'NONE', #214, #3744, #610, .T. ) ;
#3637 = VERTEX_POINT ( 'NONE', #2064 ) ;
#3638 = CARTESIAN_POINT ( 'NONE',  ( 1.307572743868728127, 0.2680112408222825038, -0.7625000000000000666 ) ) ;
#3639 = UNCERTAINTY_MEASURE_WITH_UNIT (LENGTH_MEASURE( 1.000000000000000082E-05 ), #2579, 'distance_accuracy_value', 'NONE');
#3640 =( LENGTH_UNIT ( ) NAMED_UNIT ( * ) SI_UNIT ( .MILLI., .METRE. ) );
#3641 = ORIENTED_EDGE ( 'NONE', *, *, #696, .F. ) ;
#3642 = VERTEX_POINT ( 'NONE', #1735 ) ;
#3643 = DIRECTION ( 'NONE',  ( -1.000000000000000000, 0.000000000000000000, 2.990902544787605001E-16 ) ) ;
#3644 = DIRECTION ( 'NONE',  ( 1.000000000000000000, 0.000000000000000000, 0.000000000000000000 ) ) ;
#3645 = CARTESIAN_POINT ( 'NONE',  ( 0.8000000000000000444, 0.4699999999999999734, 1.137499999999999956 ) ) ;
#3646 = CIRCLE ( 'NONE', #190, 0.09999999999999997780 ) ;
#3647 = VERTEX_POINT ( 'NONE', #299 ) ;
#3648 =( LENGTH_UNIT ( ) NAMED_UNIT ( * ) SI_UNIT ( .MILLI., .METRE. ) );
#3649 = CARTESIAN_POINT ( 'NONE',  ( -0.9430415250725630028, 0.3717982897422579813, -1.137499999999999956 ) ) ;
#3650 = CARTESIAN_POINT ( 'NONE',  ( 0.8000000000000000444, 0.6300000000000000044, -0.7625000000000000666 ) ) ;
#3651 = AXIS2_PLACEMENT_3D ( 'NONE', #4659, #2014, #2771 ) ;
#3652 = CIRCLE ( 'NONE', #1576, 0.2582017102577425782 ) ;
#3653 = EDGE_CURVE ( 'NONE', #70, #2821, #3542, .T. ) ;
#3654 = VERTEX_POINT ( 'NONE', #1355 ) ;
#3655 = PRESENTATION_STYLE_ASSIGNMENT (( #4057 ) ) ;
#3656 = AXIS2_PLACEMENT_3D ( 'NONE', #3684, #392, #33 ) ;
#3657 = VECTOR ( 'NONE', #4542, 1000.000000000000000 ) ;
#3658 = FACE_OUTER_BOUND ( 'NONE', #4324, .T. ) ;
#3659 = EDGE_CURVE ( 'NONE', #115, #599, #2868, .T. ) ;
#3660 = CARTESIAN_POINT ( 'NONE',  ( 1.449999999999999956, 0.1596102480415720060, -0.1875000000000000000 ) ) ;
#3661 = DIRECTION ( 'NONE',  ( 1.000000000000000000, 0.000000000000000000, 0.000000000000000000 ) ) ;
#3662 = EDGE_LOOP ( 'NONE', ( #1601, #64, #4567 ) ) ;
#3663 = VERTEX_POINT ( 'NONE', #1047 ) ;
#3664 = AXIS2_PLACEMENT_3D ( 'NONE', #316, #724, #1824 ) ;
#3665 = ADVANCED_FACE ( 'NONE', ( #3973 ), #3613, .F. ) ;
#3666 = ORIENTED_EDGE ( 'NONE', *, *, #2148, .T. ) ;
#3667 = ORIENTED_EDGE ( 'NONE', *, *, #1970, .F. ) ;
#3668 = CARTESIAN_POINT ( 'NONE',  ( 1.050000000000000044, 0.2500000000000000000, -1.137499999999999956 ) ) ;
#3669 = SURFACE_STYLE_FILL_AREA ( #2194 ) ;
#3670 = DIRECTION ( 'NONE',  ( -0.9975640502598243087, 0.06975647374412372037, 0.000000000000000000 ) ) ;
#3671 = DIRECTION ( 'NONE',  ( 0.000000000000000000, 0.000000000000000000, -1.000000000000000000 ) ) ;
#3672 = SURFACE_SIDE_STYLE ('',( #3196 ) ) ;
#3673 = ORIENTED_EDGE ( 'NONE', *, *, #2926, .T. ) ;
#3674 = DIRECTION ( 'NONE',  ( 0.000000000000000000, 1.000000000000000000, 0.000000000000000000 ) ) ;
#3675 = CARTESIAN_POINT ( 'NONE',  ( -0.7600980242526499397, 0.1860826899039934867, 1.298973084285955926 ) ) ;
#3676 =( NAMED_UNIT ( * ) PLANE_ANGLE_UNIT ( ) SI_UNIT ( $, .RADIAN. ) );
#3677 = CARTESIAN_POINT ( 'NONE',  ( -0.8000000000000000444, 0.4699999999999999734, 0.1875000000000000000 ) ) ;
#3678 = ORIENTED_EDGE ( 'NONE', *, *, #2523, .F. ) ;
#3679 = SURFACE_STYLE_FILL_AREA ( #4105 ) ;
#3680 = LINE ( 'NONE', #97, #402 ) ;
#3681 = DIRECTION ( 'NONE',  ( 1.000000000000000000, -3.789816180775159986E-16, 0.000000000000000000 ) ) ;
#3682 = DIRECTION ( 'NONE',  ( -1.000000000000000000, -3.789816180775159986E-16, 0.000000000000000000 ) ) ;
#3683 = ORIENTED_EDGE ( 'NONE', *, *, #595, .F. ) ;
#3684 = CARTESIAN_POINT ( 'NONE',  ( 0.6610712173784919488, 0.2000000000000000111, 1.311071217378489973 ) ) ;
#3685 = ADVANCED_FACE ( 'NONE', ( #2891 ), #763, .F. ) ;
#3686 = DIRECTION ( 'NONE',  ( 0.000000000000000000, 0.000000000000000000, -1.000000000000000000 ) ) ;
#3687 = ORIENTED_EDGE ( 'NONE', *, *, #784, .T. ) ;
#3688 = VERTEX_POINT ( 'NONE', #4712 ) ;
#3689 = ORIENTED_EDGE ( 'NONE', *, *, #746, .F. ) ;
#3690 = LINE ( 'NONE', #398, #642 ) ;
#3691 = PRESENTATION_STYLE_ASSIGNMENT (( #2260 ) ) ;
#3692 = EDGE_CURVE ( 'NONE', #2222, #1614, #3717, .T. ) ;
#3693 = CARTESIAN_POINT ( 'NONE',  ( -0.4500000000000000111, 0.9499999999999999556, -1.100000000000000089 ) ) ;
#3694 = ORIENTED_EDGE ( 'NONE', *, *, #814, .T. ) ;
#3696 = DIRECTION ( 'NONE',  ( 0.000000000000000000, 0.000000000000000000, -1.000000000000000000 ) ) ;
#3695 = AXIS2_PLACEMENT_3D ( 'NONE', #3398, #886, #3765 ) ;
#3697 = EDGE_CURVE ( 'NONE', #2426, #2136, #2624, .T. ) ;
#3698 = DIRECTION ( 'NONE',  ( 0.000000000000000000, 0.000000000000000000, -1.000000000000000000 ) ) ;
#3699 = CARTESIAN_POINT ( 'NONE',  ( -0.9430415250725630028, 0.6300000000000000044, 1.137499999999999956 ) ) ;
#3700 = AXIS2_PLACEMENT_3D ( 'NONE', #3480, #4530, #532 ) ;
#3701 = CIRCLE ( 'NONE', #937, 0.1000000000000000472 ) ;
#3702 = ORIENTED_EDGE ( 'NONE', *, *, #1517, .F. ) ;
#3703 = FACE_OUTER_BOUND ( 'NONE', #2524, .T. ) ;
#3704 = CYLINDRICAL_SURFACE ( 'NONE', #3705, 0.1000000000000000472 ) ;
#3705 = AXIS2_PLACEMENT_3D ( 'NONE', #3049, #2362, #961 ) ;
#3706 = CARTESIAN_POINT ( 'NONE',  ( 0.8000000000000000444, 0.6300000000000000044, 1.137499999999999956 ) ) ;
#3707 = AXIS2_PLACEMENT_3D ( 'NONE', #1652, #4249, #123 ) ;
#3708 = CARTESIAN_POINT ( 'NONE',  ( 1.289561503046444013, 0.01043849695355505980, 0.1875000000000000000 ) ) ;
#3709 = FILL_AREA_STYLE_COLOUR ( '', #2095 ) ;
#3710 = SURFACE_STYLE_FILL_AREA ( #1114 ) ;
#3711 = AXIS2_PLACEMENT_3D ( 'NONE', #4207, #3455, #2037 ) ;
#3712 = LINE ( 'NONE', #416, #2000 ) ;
#3713 = EDGE_LOOP ( 'NONE', ( #3322, #2302, #3961, #4280 ) ) ;
#3714 = EDGE_CURVE ( 'NONE', #1796, #3547, #4403, .T. ) ;
#3715 = ORIENTED_EDGE ( 'NONE', *, *, #3149, .F. ) ;
#3716 = ORIENTED_EDGE ( 'NONE', *, *, #4616, .T. ) ;
#3717 = LINE ( 'NONE', #11, #88 ) ;
#3718 = DIRECTION ( 'NONE',  ( 1.000000000000000000, 0.000000000000000000, 0.000000000000000000 ) ) ;
#3719 = PLANE ( 'NONE',  #649 ) ;
#3720 = VECTOR ( 'NONE', #1033, 1000.000000000000227 ) ;
#3721 = SURFACE_SIDE_STYLE ('',( #2241 ) ) ;
#3722 = ADVANCED_FACE ( 'NONE', ( #3302 ), #2167, .T. ) ;
#3723 = ORIENTED_EDGE ( 'NONE', *, *, #3727, .T. ) ;
#3724 = FILL_AREA_STYLE ('',( #3329 ) ) ;
#3725 = LINE ( 'NONE', #4162, #3097 ) ;
#3726 = DIRECTION ( 'NONE',  ( 0.000000000000000000, 0.000000000000000000, -1.000000000000000000 ) ) ;
#3727 = EDGE_CURVE ( 'NONE', #1514, #2214, #4671, .T. ) ;
#3728 = AXIS2_PLACEMENT_3D ( 'NONE', #3743, #1447, #1906 ) ;
#3729 = ORIENTED_EDGE ( 'NONE', *, *, #3561, .T. ) ;
#3730 = CARTESIAN_POINT ( 'NONE',  ( 1.050000000000000044, 0.2500000000000000000, -0.7625000000000000666 ) ) ;
#3731 = CIRCLE ( 'NONE', #2557, 0.09820171025774261653 ) ;
#3732 =( NAMED_UNIT ( * ) PLANE_ANGLE_UNIT ( ) SI_UNIT ( $, .RADIAN. ) );
#3733 = LINE ( 'NONE', #2559, #799 ) ;
#3734 = COLOUR_RGB ( '',0.2980392156862745057, 0.2980392156862745057, 0.2980392156862745057 ) ;
#3735 = VECTOR ( 'NONE', #3979, 1000.000000000000000 ) ;
#3736 = DIRECTION ( 'NONE',  ( 0.000000000000000000, 0.000000000000000000, -1.000000000000000000 ) ) ;
#3737 = CARTESIAN_POINT ( 'NONE',  ( 0.7006456775161016282, 0.4699888759799287774, 1.449998436620931974 ) ) ;
#3738 = EDGE_LOOP ( 'NONE', ( #3323, #463, #4710, #3516 ) ) ;
#3739 = ORIENTED_EDGE ( 'NONE', *, *, #1911, .T. ) ;
#3740 = DIRECTION ( 'NONE',  ( 0.000000000000000000, -2.128137740978355074E-15, -1.000000000000000000 ) ) ;
#3741 = PRESENTATION_STYLE_ASSIGNMENT (( #67 ) ) ;
#3742 = CARTESIAN_POINT ( 'NONE',  ( -1.300722538845504150, 0.1700487449951270102, 0.1875000000000000000 ) ) ;
#3743 = CARTESIAN_POINT ( 'NONE',  ( 0.000000000000000000, 0.000000000000000000, 0.000000000000000000 ) ) ;
#3744 = VERTEX_POINT ( 'NONE', #351 ) ;
#3745 = DIRECTION ( 'NONE',  ( 0.000000000000000000, 0.000000000000000000, 1.000000000000000000 ) ) ;
#3746 = LINE ( 'NONE', #3357, #1103 ) ;
#3747 = CARTESIAN_POINT ( 'NONE',  ( -0.6610712173784929480, 1.000000000000000000, 1.311071217378491971 ) ) ;
#3748 = ADVANCED_FACE ( 'NONE', ( #4737 ), #2573, .T. ) ;
#3749 = VERTEX_POINT ( 'NONE', #1967 ) ;
#3750 =( NAMED_UNIT ( * ) PLANE_ANGLE_UNIT ( ) SI_UNIT ( $, .RADIAN. ) );
#3751 = DIRECTION ( 'NONE',  ( -0.06975647374412373425, 0.9975640502598244197, 0.000000000000000000 ) ) ;
#3752 = EDGE_CURVE ( 'NONE', #3133, #2234, #3039, .T. ) ;
#3753 = CARTESIAN_POINT ( 'NONE',  ( -0.6489730842859590121, 0.9139173100960069629, 1.410098024252649740 ) ) ;
#3754 = SURFACE_STYLE_USAGE ( .BOTH. , #1539 ) ;
#3755 = FACE_OUTER_BOUND ( 'NONE', #837, .T. ) ;
#3756 = STYLED_ITEM ( 'NONE', ( #3958 ), #601 ) ;
#3757 = EDGE_LOOP ( 'NONE', ( #3527, #3287, #3641, #1628 ) ) ;
#3758 = EDGE_LOOP ( 'NONE', ( #296, #4097, #4406, #492 ) ) ;
#3759 = VERTEX_POINT ( 'NONE', #518 ) ;
#3760 = CARTESIAN_POINT ( 'NONE',  ( -0.6999999999999999556, 0.6300000000000000044, 1.449999999999999956 ) ) ;
#3761 = LINE ( 'NONE', #854, #2964 ) ;
#3762 = CARTESIAN_POINT ( 'NONE',  ( -1.300722538845504150, 0.1700487449951270102, 0.1875000000000000000 ) ) ;
#3763 = EDGE_LOOP ( 'NONE', ( #1335, #1759, #163, #4275 ) ) ;
#3764 = SURFACE_STYLE_FILL_AREA ( #2308 ) ;
#3765 = DIRECTION ( 'NONE',  ( -1.000000000000000000, 0.000000000000000000, 0.000000000000000000 ) ) ;
#3766 = DIRECTION ( 'NONE',  ( 1.000000000000000000, -3.789816180775159986E-16, 0.000000000000000000 ) ) ;
#3767 = LINE ( 'NONE', #3310, #1799 ) ;
#3768 = ORIENTED_EDGE ( 'NONE', *, *, #1019, .T. ) ;
#3769 = DIRECTION ( 'NONE',  ( 0.000000000000000000, 0.000000000000000000, -1.000000000000000000 ) ) ;
#3770 = EDGE_CURVE ( 'NONE', #2619, #1476, #1413, .T. ) ;
#3771 = CARTESIAN_POINT ( 'NONE',  ( 1.449999999999999956, 0.1596102480415720060, 1.137499999999999956 ) ) ;
#3772 = VECTOR ( 'NONE', #1756, 1000.000000000000000 ) ;
#3773 = CARTESIAN_POINT ( 'NONE',  ( 0.6489730842859561255, 0.1000000000000000056, -1.311071217378483977 ) ) ;
#3774 = STYLED_ITEM ( 'NONE', ( #3911 ), #3038 ) ;
#3775 = LINE ( 'NONE', #481, #1116 ) ;
#3776 = EDGE_CURVE ( 'NONE', #2828, #2864, #4491, .T. ) ;
#3777 =( NAMED_UNIT ( * ) PLANE_ANGLE_UNIT ( ) SI_UNIT ( $, .RADIAN. ) );
#3778 =( NAMED_UNIT ( * ) SI_UNIT ( $, .STERADIAN. ) SOLID_ANGLE_UNIT ( ) );
#3779 = CARTESIAN_POINT ( 'NONE',  ( -0.8000000000000000444, 0.6300000000000000044, -1.137499999999999956 ) ) ;
#3780 = ORIENTED_EDGE ( 'NONE', *, *, #3307, .F. ) ;
#3781 = VECTOR ( 'NONE', #184, 1000.000000000000227 ) ;
#3782 = ORIENTED_EDGE ( 'NONE', *, *, #2718, .T. ) ;
#3783 = DIRECTION ( 'NONE',  ( -1.000000000000000000, 0.000000000000000000, 0.000000000000000000 ) ) ;
#3784 = MECHANICAL_DESIGN_GEOMETRIC_PRESENTATION_REPRESENTATION (  '', ( #1175 ), #2079 ) ;
#3785 = DIRECTION ( 'NONE',  ( 0.1378445374916290045, -0.9808148484639889197, 0.1378445374916290045 ) ) ;
#3786 =( NAMED_UNIT ( * ) SI_UNIT ( $, .STERADIAN. ) SOLID_ANGLE_UNIT ( ) );
#3787 = STYLED_ITEM ( 'NONE', ( #765 ), #1987 ) ;
#3788 =( BOUNDED_CURVE ( )  B_SPLINE_CURVE ( 3, ( #1394, #2162, #2135, #1847 ),
 .UNSPECIFIED., .F., .F. ) 
 B_SPLINE_CURVE_WITH_KNOTS ( ( 4, 4 ),
 ( 3.141592653589795336, 3.151277835258260218 ),
 .UNSPECIFIED. ) 
 CURVE ( )  GEOMETRIC_REPRESENTATION_ITEM ( )  RATIONAL_B_SPLINE_CURVE ( ( 1.000000000000000000, 0.9999921831199470867, 0.9999921831199470867, 1.000000000000000000 ) ) 
 REPRESENTATION_ITEM ( '' )  );
#3789 = VECTOR ( 'NONE', #2436, 1000.000000000000227 ) ;
#3790 = ORIENTED_EDGE ( 'NONE', *, *, #865, .F. ) ;
#3791 = AXIS2_PLACEMENT_3D ( 'NONE', #4438, #1157, #1678 ) ;
#3792 = PRESENTATION_STYLE_ASSIGNMENT (( #2309 ) ) ;
#3793 = CARTESIAN_POINT ( 'NONE',  ( -0.8000000000000000444, 0.4699999999999999734, -0.7625000000000000666 ) ) ;
#3794 = DIRECTION ( 'NONE',  ( 0.000000000000000000, 0.000000000000000000, -1.000000000000000000 ) ) ;
#3795 = VECTOR ( 'NONE', #3766, 1000.000000000000000 ) ;
#3796 = CLOSED_SHELL ( 'NONE', ( #3483, #17, #488, #775, #288, #2851, #908, #2835, #4558, #3971, #951, #53, #170, #133 ) ) ;
#3797 = ORIENTED_EDGE ( 'NONE', *, *, #2051, .F. ) ;
#3798 = PRESENTATION_STYLE_ASSIGNMENT (( #212 ) ) ;
#3799 = SURFACE_STYLE_USAGE ( .BOTH. , #3844 ) ;
#3800 = STYLED_ITEM ( 'NONE', ( #4259 ), #372 ) ;
#3801 = CARTESIAN_POINT ( 'NONE',  ( -0.4500000000000000111, 0.9499999999999999556, -1.000000000000000000 ) ) ;
#3802 = EDGE_CURVE ( 'NONE', #4302, #3993, #3761, .T. ) ;
#3803 = STYLED_ITEM ( 'NONE', ( #3847 ), #2156 ) ;
#3804 = CARTESIAN_POINT ( 'NONE',  ( -0.9430415250725630028, 0.4699999999999999734, -1.137499999999999956 ) ) ;
#3805 = CARTESIAN_POINT ( 'NONE',  ( 0.7999984366209326181, 0.4699888759799297766, -1.350645677516095100 ) ) ;
#3806 = FACE_OUTER_BOUND ( 'NONE', #4695, .T. ) ;
#3807 = VECTOR ( 'NONE', #956, 1000.000000000000000 ) ;
#3808 = LINE ( 'NONE', #3510, #330 ) ;
#3809 = ORIENTED_EDGE ( 'NONE', *, *, #716, .T. ) ;
#3810 = EDGE_CURVE ( 'NONE', #4499, #727, #2100, .T. ) ;
#3811 = UNCERTAINTY_MEASURE_WITH_UNIT (LENGTH_MEASURE( 1.000000000000000082E-05 ), #4576, 'distance_accuracy_value', 'NONE');
#3812 = ORIENTED_EDGE ( 'NONE', *, *, #23, .F. ) ;
#3813 = CARTESIAN_POINT ( 'NONE',  ( 1.041004020899719995, 0.3786484947654800148, -0.7625000000000000666 ) ) ;
#3814 = VECTOR ( 'NONE', #3474, 1000.000000000000114 ) ;
#3815 = EDGE_CURVE ( 'NONE', #758, #3117, #1344, .T. ) ;
#3816 = EDGE_LOOP ( 'NONE', ( #1263, #2120, #2937, #2277 ) ) ;
#3817 =( LENGTH_UNIT ( ) NAMED_UNIT ( * ) SI_UNIT ( .MILLI., .METRE. ) );
#3818 = DIRECTION ( 'NONE',  ( 0.06975647374412462243, -0.9975640502598243087, 0.000000000000000000 ) ) ;
#3819 = AXIS2_PLACEMENT_3D ( 'NONE', #4701, #3493, #927 ) ;
#3820 = EDGE_LOOP ( 'NONE', ( #4258, #741, #968 ) ) ;
#3821 = DIRECTION ( 'NONE',  ( -0.1378445374916290322, 0.9808148484639891418, -0.1378445374916290322 ) ) ;
#3822 = SURFACE_SIDE_STYLE ('',( #2025 ) ) ;
#3823 = CARTESIAN_POINT ( 'NONE',  ( -0.8000000000000000444, 0.4699999999999999734, -0.7625000000000000666 ) ) ;
#3824 = CARTESIAN_POINT ( 'NONE',  ( -0.9430415250725630028, 0.4699999999999999734, 0.1875000000000000000 ) ) ;
#3825 = CARTESIAN_POINT ( 'NONE',  ( -0.6999999999999999556, 0.6300000000000000044, 1.449999999999999956 ) ) ;
#3826 = LINE ( 'NONE', #1960, #167 ) ;
#3827 = CARTESIAN_POINT ( 'NONE',  ( 1.209610248041572023, 0.2611610357990599707, 0.7625000000000000666 ) ) ;
#3828 = ADVANCED_FACE ( 'NONE', ( #1985 ), #2304, .T. ) ;
#3829 = DIRECTION ( 'NONE',  ( -1.000000000000000000, 0.000000000000000000, 0.000000000000000000 ) ) ;
#3830 = ORIENTED_EDGE ( 'NONE', *, *, #1094, .T. ) ;
#3831 = PLANE ( 'NONE',  #2398 ) ;
#3832 = EDGE_CURVE ( 'NONE', #4318, #659, #4187, .T. ) ;
#3833 = PRESENTATION_STYLE_ASSIGNMENT (( #4211 ) ) ;
#3834 = EDGE_LOOP ( 'NONE', ( #453, #1164, #4197, #560 ) ) ;
#3835 = PLANE ( 'NONE',  #1348 ) ;
#3836 = EDGE_CURVE ( 'NONE', #315, #3981, #2022, .T. ) ;
#3837 = DIRECTION ( 'NONE',  ( -2.990902544787605001E-16, 0.000000000000000000, -1.000000000000000000 ) ) ;
#3838 =( NAMED_UNIT ( * ) PLANE_ANGLE_UNIT ( ) SI_UNIT ( $, .RADIAN. ) );
#3839 = DIRECTION ( 'NONE',  ( -0.06975647374412551061, 0.9975640502598243087, 0.000000000000000000 ) ) ;
#3840 = ORIENTED_EDGE ( 'NONE', *, *, #2633, .F. ) ;
#3841 = CARTESIAN_POINT ( 'NONE',  ( 1.300722538845504150, 0.1700487449951270102, 0.7625000000000000666 ) ) ;
#3842 = ADVANCED_FACE ( 'NONE', ( #4117 ), #3899, .T. ) ;
#3843 = LINE ( 'NONE', #3119, #408 ) ;
#3844 = SURFACE_SIDE_STYLE ('',( #4222 ) ) ;
#3845 = DIRECTION ( 'NONE',  ( 1.000000000000000000, 0.000000000000000000, 0.000000000000000000 ) ) ;
#3846 = ORIENTED_EDGE ( 'NONE', *, *, #3273, .T. ) ;
#3847 = PRESENTATION_STYLE_ASSIGNMENT (( #2366 ) ) ;
#3848 = VERTEX_POINT ( 'NONE', #834 ) ;
#3849 = FACE_OUTER_BOUND ( 'NONE', #4133, .T. ) ;
#3850 = DIRECTION ( 'NONE',  ( 0.9975640502598243087, -0.06975647374412462243, 0.000000000000000000 ) ) ;
#3851 =( GEOMETRIC_REPRESENTATION_CONTEXT ( 3 ) GLOBAL_UNCERTAINTY_ASSIGNED_CONTEXT ( ( #2911 ) ) GLOBAL_UNIT_ASSIGNED_CONTEXT ( ( #2607, #3000, #4107 ) ) REPRESENTATION_CONTEXT ( 'NONE', 'WORKASPACE' ) );
#3852 = FACE_OUTER_BOUND ( 'NONE', #334, .T. ) ;
#3853 = EDGE_CURVE ( 'NONE', #2314, #4302, #1303, .T. ) ;
#3854 = VECTOR ( 'NONE', #2936, 1000.000000000000000 ) ;
#3855 = ORIENTED_EDGE ( 'NONE', *, *, #1933, .F. ) ;
#3856 = CARTESIAN_POINT ( 'NONE',  ( -0.9430415250725630028, 0.3717982897422579813, 0.7625000000000000666 ) ) ;
#3857 = DIRECTION ( 'NONE',  ( 0.000000000000000000, 0.000000000000000000, -1.000000000000000000 ) ) ;
#3858 = DIRECTION ( 'NONE',  ( 0.000000000000000000, 0.000000000000000000, 1.000000000000000000 ) ) ;
#3859 = MECHANICAL_DESIGN_GEOMETRIC_PRESENTATION_REPRESENTATION (  '', ( #3018 ), #4465 ) ;
#3860 = EDGE_CURVE ( 'NONE', #2131, #2233, #623, .T. ) ;
#3861 = ORIENTED_EDGE ( 'NONE', *, *, #4216, .T. ) ;
#3862 = SURFACE_SIDE_STYLE ('',( #4127 ) ) ;
#3863 = DIRECTION ( 'NONE',  ( 0.000000000000000000, 0.000000000000000000, 1.000000000000000000 ) ) ;
#3864 = CARTESIAN_POINT ( 'NONE',  ( 1.307572743868728127, 0.2680112408222825038, 1.137499999999999956 ) ) ;
#3865 = LINE ( 'NONE', #549, #2339 ) ;
#3866 = PLANE ( 'NONE',  #1097 ) ;
#3867 = EDGE_CURVE ( 'NONE', #143, #2507, #996, .T. ) ;
#3868 = ORIENTED_EDGE ( 'NONE', *, *, #3568, .F. ) ;
#3869 = VERTEX_POINT ( 'NONE', #2112 ) ;
#3870 = DIRECTION ( 'NONE',  ( 0.9975640502598243087, -0.06975647374412551061, 0.000000000000000000 ) ) ;
#3871 = VECTOR ( 'NONE', #1708, 1000.000000000000000 ) ;
#3872 = CARTESIAN_POINT ( 'NONE',  ( -1.200614268941289975, 0.3898095305645404851, 1.137499999999999956 ) ) ;
#3873 = DIRECTION ( 'NONE',  ( 0.000000000000000000, 1.000000000000000000, 0.000000000000000000 ) ) ;
#3874 = VECTOR ( 'NONE', #2143, 1000.000000000000000 ) ;
#3875 = VECTOR ( 'NONE', #632, 1000.000000000000114 ) ;
#3876 = VERTEX_POINT ( 'NONE', #608 ) ;
#3877 = DIRECTION ( 'NONE',  ( 0.000000000000000000, 0.000000000000000000, 1.000000000000000000 ) ) ;
#3878 = CARTESIAN_POINT ( 'NONE',  ( 0.6610712173784909496, 0.9000000000000000222, -1.311071217378486198 ) ) ;
#3879 = SURFACE_SIDE_STYLE ('',( #3460 ) ) ;
#3880 = STYLED_ITEM ( 'NONE', ( #881 ), #3842 ) ;
#3881 = ORIENTED_EDGE ( 'NONE', *, *, #4649, .F. ) ;
#3882 = STYLED_ITEM ( 'NONE', ( #3504 ), #4073 ) ;
#3883 =( GEOMETRIC_REPRESENTATION_CONTEXT ( 3 ) GLOBAL_UNCERTAINTY_ASSIGNED_CONTEXT ( ( #1254 ) ) GLOBAL_UNIT_ASSIGNED_CONTEXT ( ( #3211, #3192, #304 ) ) REPRESENTATION_CONTEXT ( 'NONE', 'WORKASPACE' ) );
#3884 = CYLINDRICAL_SURFACE ( 'NONE', #1712, 0.09820171025774282469 ) ;
#3885 = CARTESIAN_POINT ( 'NONE',  ( 0.7009685030253069993, 0.6300333717993460425, 1.449995309899462015 ) ) ;
#3886 = ORIENTED_EDGE ( 'NONE', *, *, #2457, .T. ) ;
#3887 = CARTESIAN_POINT ( 'NONE',  ( -1.200614268941289975, 0.3898095305645404851, 0.7625000000000000666 ) ) ;
#3888 = CARTESIAN_POINT ( 'NONE',  ( -0.9430415250725630028, 0.4699999999999999734, -0.7625000000000000666 ) ) ;
#3889 = EDGE_CURVE ( 'NONE', #1852, #356, #2480, .T. ) ;
#3890 = CARTESIAN_POINT ( 'NONE',  ( 1.200614268941289975, 0.3898095305645404851, -0.1875000000000000000 ) ) ;
#3891 = FILL_AREA_STYLE_COLOUR ( '', #2631 ) ;
#3892 = EDGE_LOOP ( 'NONE', ( #130, #1739 ) ) ;
#3893 = FACE_OUTER_BOUND ( 'NONE', #652, .T. ) ;
#3894 = CARTESIAN_POINT ( 'NONE',  ( -0.9430415250725630028, 0.6300000000000000044, 0.7625000000000000666 ) ) ;
#3895 = EDGE_CURVE ( 'NONE', #1842, #2150, #971, .T. ) ;
#3896 = CARTESIAN_POINT ( 'NONE',  ( 0.7999953098994639911, 0.6300333717993450433, 1.350968503025306022 ) ) ;
#3897 = ORIENTED_EDGE ( 'NONE', *, *, #4216, .F. ) ;
#3898 = CARTESIAN_POINT ( 'NONE',  ( -0.6999999999999999556, 0.6300000000000000044, 1.449999999999999956 ) ) ;
#3899 = SPHERICAL_SURFACE ( 'NONE', #3190, 0.1000000000000000056 ) ;
#3900 = EDGE_LOOP ( 'NONE', ( #3228, #1208, #4667, #181 ) ) ;
#3901 = DIRECTION ( 'NONE',  ( 0.1378445374916290045, -0.9808148484639889197, -0.1378445374916290045 ) ) ;
#3902 = DIRECTION ( 'NONE',  ( -0.000000000000000000, 0.1391731009600656321, 0.9902680687415703620 ) ) ;
#3903 = AXIS2_PLACEMENT_3D ( 'NONE', #3070, #4205, #2685 ) ;
#3904 = ORIENTED_EDGE ( 'NONE', *, *, #3653, .F. ) ;
#3905 = FACE_OUTER_BOUND ( 'NONE', #3178, .T. ) ;
#3906 = CARTESIAN_POINT ( 'NONE',  ( -0.7994366493701039467, 0.4659915519849457399, 1.408648687084979700 ) ) ;
#3907 = UNCERTAINTY_MEASURE_WITH_UNIT (LENGTH_MEASURE( 1.000000000000000082E-05 ), #337, 'distance_accuracy_value', 'NONE');
#3908 = EDGE_CURVE ( 'NONE', #4340, #593, #2877, .T. ) ;
#3909 = EDGE_LOOP ( 'NONE', ( #3965, #1830, #3591, #2458 ) ) ;
#3910 = PLANE ( 'NONE',  #2098 ) ;
#3911 = PRESENTATION_STYLE_ASSIGNMENT (( #1365 ) ) ;
#3912 = LINE ( 'NONE', #2078, #874 ) ;
#3913 = EDGE_CURVE ( 'NONE', #3429, #1095, #429, .T. ) ;
#3914 = ORIENTED_EDGE ( 'NONE', *, *, #2926, .F. ) ;
#3915 = CARTESIAN_POINT ( 'NONE',  ( -0.8000000000000000444, 0.4699999999999999734, -1.449999999999999956 ) ) ;
#3916 = CYLINDRICAL_SURFACE ( 'NONE', #4087, 0.1000000000000000472 ) ;
#3917 = VECTOR ( 'NONE', #2019, 1000.000000000000114 ) ;
#3918 = VECTOR ( 'NONE', #3420, 1000.000000000000000 ) ;
#3919 = EDGE_CURVE ( 'NONE', #1405, #3224, #4282, .T. ) ;
#3920 = ORIENTED_EDGE ( 'NONE', *, *, #1938, .F. ) ;
#3921 = LINE ( 'NONE', #4305, #2608 ) ;
#3922 = CARTESIAN_POINT ( 'NONE',  ( 0.8000000000000000444, 0.6300000000000000044, -0.7625000000000000666 ) ) ;
#3923 = LINE ( 'NONE', #3571, #3875 ) ;
#3924 =( GEOMETRIC_REPRESENTATION_CONTEXT ( 3 ) GLOBAL_UNCERTAINTY_ASSIGNED_CONTEXT ( ( #4068 ) ) GLOBAL_UNIT_ASSIGNED_CONTEXT ( ( #1127, #3676, #1481 ) ) REPRESENTATION_CONTEXT ( 'NONE', 'WORKASPACE' ) );
#3925 = ORIENTED_EDGE ( 'NONE', *, *, #3086, .F. ) ;
#3926 = DIRECTION ( 'NONE',  ( 1.000000000000000000, 0.000000000000000000, 0.000000000000000000 ) ) ;
#3927 = DIRECTION ( 'NONE',  ( 1.000000000000000000, 0.000000000000000000, 0.000000000000000000 ) ) ;
#3928 = CARTESIAN_POINT ( 'NONE',  ( -0.7009685030253079985, 0.4699666282006559892, 1.449995309899464013 ) ) ;
#3929 = VERTEX_POINT ( 'NONE', #3204 ) ;
#3930 = DIRECTION ( 'NONE',  ( -0.1378445374916290322, 0.9808148484639891418, 0.1378445374916290322 ) ) ;
#3931 = CARTESIAN_POINT ( 'NONE',  ( 0.000000000000000000, 0.2000000000000000111, 1.311071217378491971 ) ) ;
#3932 = AXIS2_PLACEMENT_3D ( 'NONE', #387, #1843, #2270 ) ;
#3933 = VECTOR ( 'NONE', #2675, 1000.000000000000227 ) ;
#3934 = COLOUR_RGB ( '',0.2980392156862745057, 0.2980392156862745057, 0.2980392156862745057 ) ;
#3935 = EDGE_LOOP ( 'NONE', ( #1726, #3897, #3886, #3271 ) ) ;
#3936 = DIRECTION ( 'NONE',  ( 0.000000000000000000, 0.1391731009600661040, -0.9902680687415702510 ) ) ;
#3937 = CARTESIAN_POINT ( 'NONE',  ( -0.8000000000000000444, 0.4699999999999999734, 0.1875000000000000000 ) ) ;
#3938 = ORIENTED_EDGE ( 'NONE', *, *, #577, .F. ) ;
#3939 = CARTESIAN_POINT ( 'NONE',  ( 0.6489730842859561255, 0.9139173100960069629, -1.410098024252641968 ) ) ;
#3940 = EDGE_CURVE ( 'NONE', #4608, #4041, #1035, .T. ) ;
#3941 = CARTESIAN_POINT ( 'NONE',  ( -0.6999999999999999556, 0.6300000000000000044, 1.350000000000000089 ) ) ;
#3942 = MECHANICAL_DESIGN_GEOMETRIC_PRESENTATION_REPRESENTATION (  '', ( #1261 ), #4168 ) ;
#3943 = VECTOR ( 'NONE', #3532, 1000.000000000000114 ) ;
#3944 = ORIENTED_EDGE ( 'NONE', *, *, #1299, .F. ) ;
#3945 = ORIENTED_EDGE ( 'NONE', *, *, #865, .T. ) ;
#3946 = VECTOR ( 'NONE', #4331, 1000.000000000000000 ) ;
#3947 = MECHANICAL_DESIGN_GEOMETRIC_PRESENTATION_REPRESENTATION (  '', ( #3337 ), #2255 ) ;
#3948 = ORIENTED_EDGE ( 'NONE', *, *, #3009, .F. ) ;
#3949 = CARTESIAN_POINT ( 'NONE',  ( -1.209610248041572023, 0.2611610357990599707, -0.1875000000000000000 ) ) ;
#3950 = EDGE_CURVE ( 'NONE', #3117, #1455, #4300, .T. ) ;
#3951 = DIRECTION ( 'NONE',  ( 0.9975640502598243087, -0.06975647374412551061, 0.000000000000000000 ) ) ;
#3952 =( LENGTH_UNIT ( ) NAMED_UNIT ( * ) SI_UNIT ( .MILLI., .METRE. ) );
#3953 =( GEOMETRIC_REPRESENTATION_CONTEXT ( 3 ) GLOBAL_UNCERTAINTY_ASSIGNED_CONTEXT ( ( #2566 ) ) GLOBAL_UNIT_ASSIGNED_CONTEXT ( ( #178, #3533, #2059 ) ) REPRESENTATION_CONTEXT ( 'NONE', 'WORKASPACE' ) );
#3954 = VECTOR ( 'NONE', #3214, 1000.000000000000000 ) ;
#3955 = ORIENTED_EDGE ( 'NONE', *, *, #1299, .T. ) ;
#3956 = CARTESIAN_POINT ( 'NONE',  ( 1.307572743868728127, 0.2680112408222825038, 0.1875000000000000000 ) ) ;
#3957 =( NAMED_UNIT ( * ) PLANE_ANGLE_UNIT ( ) SI_UNIT ( $, .RADIAN. ) );
#3958 = PRESENTATION_STYLE_ASSIGNMENT (( #2553 ) ) ;
#3959 = CARTESIAN_POINT ( 'NONE',  ( 0.6999999999999999556, 0.4699999999999999734, 1.449999999999999956 ) ) ;
#3960 = ORIENTED_EDGE ( 'NONE', *, *, #2437, .F. ) ;
#3961 = ORIENTED_EDGE ( 'NONE', *, *, #3468, .T. ) ;
#3962 = PLANE ( 'NONE',  #270 ) ;
#3963 = CARTESIAN_POINT ( 'NONE',  ( -0.4500000000000000111, 1.000000000000000000, -1.100000000000000089 ) ) ;
#3964 =( NAMED_UNIT ( * ) PLANE_ANGLE_UNIT ( ) SI_UNIT ( $, .RADIAN. ) );
#3965 = ORIENTED_EDGE ( 'NONE', *, *, #4699, .T. ) ;
#3966 = LINE ( 'NONE', #3247, #2638 ) ;
#3967 = EDGE_LOOP ( 'NONE', ( #4024, #2947, #1014, #2757 ) ) ;
#3968 =( LENGTH_UNIT ( ) NAMED_UNIT ( * ) SI_UNIT ( .MILLI., .METRE. ) );
#3969 = DIRECTION ( 'NONE',  ( 0.000000000000000000, 0.000000000000000000, -1.000000000000000000 ) ) ;
#3970 = ORIENTED_EDGE ( 'NONE', *, *, #219, .F. ) ;
#3971 = ADVANCED_FACE ( 'NONE', ( #657 ), #3589, .F. ) ;
#3972 = ORIENTED_EDGE ( 'NONE', *, *, #934, .F. ) ;
#3973 = FACE_OUTER_BOUND ( 'NONE', #2278, .T. ) ;
#3974 = DIRECTION ( 'NONE',  ( 0.000000000000000000, 0.000000000000000000, -1.000000000000000000 ) ) ;
#3975 =( NAMED_UNIT ( * ) PLANE_ANGLE_UNIT ( ) SI_UNIT ( $, .RADIAN. ) );
#3976 = ADVANCED_FACE ( 'NONE', ( #1392 ), #2862, .F. ) ;
#3977 = ORIENTED_EDGE ( 'NONE', *, *, #2625, .T. ) ;
#3978 = DIRECTION ( 'NONE',  ( 0.000000000000000000, 0.000000000000000000, -1.000000000000000000 ) ) ;
#3979 = DIRECTION ( 'NONE',  ( -1.000000000000000000, 0.000000000000000000, 0.000000000000000000 ) ) ;
#3980 =( GEOMETRIC_REPRESENTATION_CONTEXT ( 3 ) GLOBAL_UNCERTAINTY_ASSIGNED_CONTEXT ( ( #4716 ) ) GLOBAL_UNIT_ASSIGNED_CONTEXT ( ( #4504, #1914, #3778 ) ) REPRESENTATION_CONTEXT ( 'NONE', 'WORKASPACE' ) );
#3981 = VERTEX_POINT ( 'NONE', #4234 ) ;
#3982 = EDGE_CURVE ( 'NONE', #1187, #3299, #2040, .T. ) ;
#3983 = VERTEX_POINT ( 'NONE', #1325 ) ;
#3984 = SURFACE_STYLE_FILL_AREA ( #989 ) ;
#3985 =( LENGTH_UNIT ( ) NAMED_UNIT ( * ) SI_UNIT ( .MILLI., .METRE. ) );
#3986 = DIRECTION ( 'NONE',  ( 0.000000000000000000, -1.000000000000000000, 0.000000000000000000 ) ) ;
#3987 = LINE ( 'NONE', #653, #3428 ) ;
#3988 = LINE ( 'NONE', #3635, #1907 ) ;
#3989 = ORIENTED_EDGE ( 'NONE', *, *, #1627, .F. ) ;
#3990 =( NAMED_UNIT ( * ) SI_UNIT ( $, .STERADIAN. ) SOLID_ANGLE_UNIT ( ) );
#3991 = CARTESIAN_POINT ( 'NONE',  ( -0.8000000000000000444, 0.6300000000000000044, 1.137499999999999956 ) ) ;
#3992 = ORIENTED_EDGE ( 'NONE', *, *, #3659, .T. ) ;
#3993 = VERTEX_POINT ( 'NONE', #2796 ) ;
#3994 = VERTEX_POINT ( 'NONE', #4260 ) ;
#3995 =( NAMED_UNIT ( * ) PLANE_ANGLE_UNIT ( ) SI_UNIT ( $, .RADIAN. ) );
#3996 = VECTOR ( 'NONE', #1120, 1000.000000000000227 ) ;
#3997 = CARTESIAN_POINT ( 'NONE',  ( -1.041004020899719995, 0.3786484947654800148, 0.1875000000000000000 ) ) ;
#3998 = DIRECTION ( 'NONE',  ( 0.000000000000000000, 0.000000000000000000, -1.000000000000000000 ) ) ;
#3999 = ADVANCED_FACE ( 'NONE', ( #2515 ), #2987, .T. ) ;
#4000 = ORIENTED_EDGE ( 'NONE', *, *, #2268, .T. ) ;
#4001 = PLANE ( 'NONE',  #1202 ) ;
#4002 = LINE ( 'NONE', #359, #3557 ) ;
#4003 = DIRECTION ( 'NONE',  ( 1.000000000000000000, 0.000000000000000000, 0.000000000000000000 ) ) ;
#4004 = EDGE_CURVE ( 'NONE', #1285, #2577, #1883, .T. ) ;
#4005 = ORIENTED_EDGE ( 'NONE', *, *, #3511, .F. ) ;
#4006 = DIRECTION ( 'NONE',  ( -0.06975647374412551061, 0.9975640502598243087, 0.000000000000000000 ) ) ;
#4007 = AXIS2_PLACEMENT_3D ( 'NONE', #2537, #4015, #728 ) ;
#4008 = DIRECTION ( 'NONE',  ( 1.000000000000000000, 0.000000000000000000, 0.000000000000000000 ) ) ;
#4009 = ADVANCED_FACE ( 'NONE', ( #1416 ), #2886, .T. ) ;
#4010 = VECTOR ( 'NONE', #3607, 1000.000000000000114 ) ;
#4011 = AXIS2_PLACEMENT_3D ( 'NONE', #3002, #3751, #4060 ) ;
#4012 = CARTESIAN_POINT ( 'NONE',  ( -1.289561503046444013, 0.01043849695355493837, 0.7625000000000000666 ) ) ;
#4013 = ORIENTED_EDGE ( 'NONE', *, *, #2374, .F. ) ;
#4014 = UNCERTAINTY_MEASURE_WITH_UNIT (LENGTH_MEASURE( 1.000000000000000082E-05 ), #140, 'distance_accuracy_value', 'NONE');
#4015 = DIRECTION ( 'NONE',  ( 2.168404344971010446E-15, 0.000000000000000000, -1.000000000000000000 ) ) ;
#4016 = ORIENTED_EDGE ( 'NONE', *, *, #2625, .F. ) ;
#4017 = EDGE_LOOP ( 'NONE', ( #2678, #1675, #3945, #3077, #1937, #47 ) ) ;
#4018 = DIRECTION ( 'NONE',  ( 0.000000000000000000, 0.000000000000000000, 1.000000000000000000 ) ) ;
#4019 = VECTOR ( 'NONE', #1610, 1000.000000000000000 ) ;
#4020 = CARTESIAN_POINT ( 'NONE',  ( 0.8000000000000000444, 0.6300000000000000044, -0.7625000000000000666 ) ) ;
#4021 = CARTESIAN_POINT ( 'NONE',  ( -1.200614268941289975, 0.3898095305645404851, 1.137499999999999956 ) ) ;
#4022 = LINE ( 'NONE', #447, #2252 ) ;
#4023 = CARTESIAN_POINT ( 'NONE',  ( 0.6999999999999999556, 0.6300000000000000044, 1.350000000000000089 ) ) ;
#4024 = ORIENTED_EDGE ( 'NONE', *, *, #806, .F. ) ;
#4025 =( NAMED_UNIT ( * ) PLANE_ANGLE_UNIT ( ) SI_UNIT ( $, .RADIAN. ) );
#4026 = CIRCLE ( 'NONE', #2956, 0.09820171025774261653 ) ;
#4027 = LINE ( 'NONE', #72, #1393 ) ;
#4028 = SURFACE_STYLE_FILL_AREA ( #2220 ) ;
#4029 = CARTESIAN_POINT ( 'NONE',  ( 0.7600980242526490516, 0.9139173100960069629, 1.311071217378491971 ) ) ;
#4030 = COLOUR_RGB ( '',0.2980392156862745057, 0.2980392156862745057, 0.2980392156862745057 ) ;
#4031 = ORIENTED_EDGE ( 'NONE', *, *, #282, .T. ) ;
#4032 = DIRECTION ( 'NONE',  ( 1.000000000000000000, 0.000000000000000000, 0.000000000000000000 ) ) ;
#4033 = EDGE_CURVE ( 'NONE', #3642, #1691, #4109, .T. ) ;
#4034 = CARTESIAN_POINT ( 'NONE',  ( -1.307572743868728127, 0.2680112408222825038, 0.1875000000000000000 ) ) ;
#4035 = AXIS2_PLACEMENT_3D ( 'NONE', #407, #1861, #74 ) ;
#4036 = MECHANICAL_DESIGN_GEOMETRIC_PRESENTATION_REPRESENTATION (  '', ( #4265 ), #4262 ) ;
#4037 = CYLINDRICAL_SURFACE ( 'NONE', #3556, 0.09820171025774282469 ) ;
#4038 = EDGE_CURVE ( 'NONE', #2136, #4548, #1496, .T. ) ;
#4039 = DIRECTION ( 'NONE',  ( 0.000000000000000000, 0.000000000000000000, -1.000000000000000000 ) ) ;
#4040 = FILL_AREA_STYLE_COLOUR ( '', #1150 ) ;
#4041 = VERTEX_POINT ( 'NONE', #1440 ) ;
#4042 = FILL_AREA_STYLE_COLOUR ( '', #1949 ) ;
#4043 = CYLINDRICAL_SURFACE ( 'NONE', #1779, 0.2582017102577425782 ) ;
#4044 = EDGE_LOOP ( 'NONE', ( #443, #4185, #2186 ) ) ;
#4045 = PRESENTATION_LAYER_ASSIGNMENT (  '', '', ( #1354 ) ) ;
#4046 = ADVANCED_FACE ( 'NONE', ( #2910 ), #2969, .F. ) ;
#4047 = ORIENTED_EDGE ( 'NONE', *, *, #2296, .T. ) ;
#4048 = FACE_OUTER_BOUND ( 'NONE', #2992, .T. ) ;
#4049 = SURFACE_SIDE_STYLE ('',( #3669 ) ) ;
#4050 = LINE ( 'NONE', #3742, #1235 ) ;
#4051 = DIRECTION ( 'NONE',  ( -1.000000000000000000, 0.000000000000000000, 0.000000000000000000 ) ) ;
#4052 = CARTESIAN_POINT ( 'NONE',  ( 0.6999999999999999556, 0.6300000000000000044, 1.449999999999999956 ) ) ;
#4053 = VERTEX_POINT ( 'NONE', #774 ) ;
#4054 =( LENGTH_UNIT ( ) NAMED_UNIT ( * ) SI_UNIT ( .MILLI., .METRE. ) );
#4055 =( NAMED_UNIT ( * ) PLANE_ANGLE_UNIT ( ) SI_UNIT ( $, .RADIAN. ) );
#4056 = ORIENTED_EDGE ( 'NONE', *, *, #3919, .F. ) ;
#4057 = SURFACE_STYLE_USAGE ( .BOTH. , #3288 ) ;
#4058 = AXIS2_PLACEMENT_3D ( 'NONE', #4560, #3434, #901 ) ;
#4059 = LINE ( 'NONE', #3378, #2450 ) ;
#4060 = DIRECTION ( 'NONE',  ( 0.000000000000000000, 0.000000000000000000, 1.000000000000000000 ) ) ;
#4061 = ADVANCED_FACE ( 'NONE', ( #505 ), #4554, .T. ) ;
#4062 = PLANE ( 'NONE',  #1884 ) ;
#4063 = FACE_OUTER_BOUND ( 'NONE', #3935, .T. ) ;
#4064 = DIRECTION ( 'NONE',  ( -0.9975640502598243087, 0.06975647374412462243, 0.000000000000000000 ) ) ;
#4065 = CARTESIAN_POINT ( 'NONE',  ( -0.8000000000000000444, 0.4699999999999999734, -0.7625000000000000666 ) ) ;
#4066 = VERTEX_POINT ( 'NONE', #3066 ) ;
#4067 = EDGE_CURVE ( 'NONE', #1879, #3663, #916, .T. ) ;
#4068 = UNCERTAINTY_MEASURE_WITH_UNIT (LENGTH_MEASURE( 1.000000000000000082E-05 ), #1127, 'distance_accuracy_value', 'NONE');
#4069 = VERTEX_POINT ( 'NONE', #2002 ) ;
#4070 = VERTEX_POINT ( 'NONE', #166 ) ;
#4071 = CARTESIAN_POINT ( 'NONE',  ( 0.9430415250725630028, 0.4699999999999999734, -0.1875000000000000000 ) ) ;
#4072 = CARTESIAN_POINT ( 'NONE',  ( 1.307572743868728127, 0.2680112408222825038, 1.137499999999999956 ) ) ;
#4073 = ADVANCED_FACE ( 'NONE', ( #3431 ), #1977, .F. ) ;
#4074 = ORIENTED_EDGE ( 'NONE', *, *, #1279, .F. ) ;
#4076 = CARTESIAN_POINT ( 'NONE',  ( -0.7600980242526499397, 0.9139173100960069629, -1.298973084285950153 ) ) ;
#4075 = VECTOR ( 'NONE', #810, 1000.000000000000000 ) ;
#4077 = PRESENTATION_STYLE_ASSIGNMENT (( #2602 ) ) ;
#4078 = CARTESIAN_POINT ( 'NONE',  ( 0.7009685030253060001, 0.4699666282006559892, -1.449995309899458018 ) ) ;
#4079 = AXIS2_PLACEMENT_3D ( 'NONE', #1446, #1373, #3278 ) ;
#4080 = EDGE_LOOP ( 'NONE', ( #1689, #4104, #2147, #1501 ) ) ;
#4081 = DIRECTION ( 'NONE',  ( -1.000000000000000000, 0.000000000000000000, 2.990902544787603029E-16 ) ) ;
#4082 = MECHANICAL_DESIGN_GEOMETRIC_PRESENTATION_REPRESENTATION (  '', ( #1701 ), #4381 ) ;
#4083 =( LENGTH_UNIT ( ) NAMED_UNIT ( * ) SI_UNIT ( .MILLI., .METRE. ) );
#4084 = PRESENTATION_LAYER_ASSIGNMENT (  '', '', ( #1623 ) ) ;
#4085 =( NAMED_UNIT ( * ) SI_UNIT ( $, .STERADIAN. ) SOLID_ANGLE_UNIT ( ) );
#4086 = DIRECTION ( 'NONE',  ( 0.9975640502598243087, 0.06975647374412372037, 0.000000000000000000 ) ) ;
#4087 = AXIS2_PLACEMENT_3D ( 'NONE', #4301, #4704, #3969 ) ;
#4088 = CARTESIAN_POINT ( 'NONE',  ( 1.200614268941289975, 0.3898095305645404851, -1.137499999999999956 ) ) ;
#4089 = ORIENTED_EDGE ( 'NONE', *, *, #1795, .T. ) ;
#4090 = VECTOR ( 'NONE', #2762, 1000.000000000000000 ) ;
#4091 =( BOUNDED_CURVE ( )  B_SPLINE_CURVE ( 3, ( #3590, #2863, #4283, #4639 ),
 .UNSPECIFIED., .F., .F. ) 
 B_SPLINE_CURVE_WITH_KNOTS ( ( 4, 4 ),
 ( 5.507472325450609496, 7.058898288908570073 ),
 .UNSPECIFIED. ) 
 CURVE ( )  GEOMETRIC_REPRESENTATION_ITEM ( )  RATIONAL_B_SPLINE_CURVE ( ( 1.000000000000000000, 0.8092813118237099923, 0.8092813118237099923, 1.000000000000000000 ) ) 
 REPRESENTATION_ITEM ( '' )  );
#4092 = ORIENTED_EDGE ( 'NONE', *, *, #3068, .F. ) ;
#4093 = PLANE ( 'NONE',  #1489 ) ;
#4094 = ADVANCED_FACE ( 'NONE', ( #2253 ), #4200, .F. ) ;
#4095 = CARTESIAN_POINT ( 'NONE',  ( -1.438838964200940040, 1.626303258728255172E-16, 0.1875000000000000000 ) ) ;
#4096 = VECTOR ( 'NONE', #994, 1000.000000000000227 ) ;
#4097 = ORIENTED_EDGE ( 'NONE', *, *, #4289, .F. ) ;
#4098 = SURFACE_STYLE_FILL_AREA ( #4431 ) ;
#4099 = EDGE_CURVE ( 'NONE', #2571, #4247, #4523, .T. ) ;
#4100 =( NAMED_UNIT ( * ) PLANE_ANGLE_UNIT ( ) SI_UNIT ( $, .RADIAN. ) );
#4101 = CARTESIAN_POINT ( 'NONE',  ( 0.7999953098994629919, 0.6300333717993450433, -1.350968503025300249 ) ) ;
#4102 = CARTESIAN_POINT ( 'NONE',  ( 1.300722538845504150, 0.1700487449951270102, -0.7625000000000000666 ) ) ;
#4103 = VECTOR ( 'NONE', #2407, 1000.000000000000114 ) ;
#4104 = ORIENTED_EDGE ( 'NONE', *, *, #1762, .F. ) ;
#4105 = FILL_AREA_STYLE ('',( #410 ) ) ;
#4106 = MECHANICAL_DESIGN_GEOMETRIC_PRESENTATION_REPRESENTATION (  '', ( #3803 ), #3108 ) ;
#4107 =( NAMED_UNIT ( * ) SI_UNIT ( $, .STERADIAN. ) SOLID_ANGLE_UNIT ( ) );
#4108 = CARTESIAN_POINT ( 'NONE',  ( -0.4500000000000000111, 0.6671572875253809487, -1.000000000000000000 ) ) ;
#4109 = CIRCLE ( 'NONE', #2569, 0.2582017102577425782 ) ;
#4110 = FACE_OUTER_BOUND ( 'NONE', #1983, .T. ) ;
#4111 =( GEOMETRIC_REPRESENTATION_CONTEXT ( 3 ) GLOBAL_UNCERTAINTY_ASSIGNED_CONTEXT ( ( #3415 ) ) GLOBAL_UNIT_ASSIGNED_CONTEXT ( ( #2173, #4025, #789 ) ) REPRESENTATION_CONTEXT ( 'NONE', 'WORKASPACE' ) );
#4112 = DIRECTION ( 'NONE',  ( 1.000000000000000000, 0.000000000000000000, 0.000000000000000000 ) ) ;
#4113 = ORIENTED_EDGE ( 'NONE', *, *, #1250, .F. ) ;
#4114 = ORIENTED_EDGE ( 'NONE', *, *, #620, .F. ) ;
#4115 = ORIENTED_EDGE ( 'NONE', *, *, #595, .T. ) ;
#4116 = DIRECTION ( 'NONE',  ( 1.000000000000000000, 0.000000000000000000, 0.000000000000000000 ) ) ;
#4117 = FACE_OUTER_BOUND ( 'NONE', #1195, .T. ) ;
#4118 =( BOUNDED_CURVE ( )  B_SPLINE_CURVE ( 3, ( #262, #1819, #1793, #1431 ),
 .UNSPECIFIED., .F., .F. ) 
 B_SPLINE_CURVE_WITH_KNOTS ( ( 4, 4 ),
 ( 3.131907471921324682, 3.141592653589805106 ),
 .UNSPECIFIED. ) 
 CURVE ( )  GEOMETRIC_REPRESENTATION_ITEM ( )  RATIONAL_B_SPLINE_CURVE ( ( 1.000000000000000000, 0.9999921831199470867, 0.9999921831199470867, 1.000000000000000000 ) ) 
 REPRESENTATION_ITEM ( '' )  );
#4119 = EDGE_CURVE ( 'NONE', #3654, #2719, #3450, .T. ) ;
#4120 = ORIENTED_EDGE ( 'NONE', *, *, #1143, .F. ) ;
#4121 = DIRECTION ( 'NONE',  ( -0.9975640502598243087, 0.06975647374412563551, 0.000000000000000000 ) ) ;
#4122 = DIRECTION ( 'NONE',  ( 0.000000000000000000, 1.000000000000000000, 0.000000000000000000 ) ) ;
#4123 = CARTESIAN_POINT ( 'NONE',  ( -1.307572743868728127, 0.2680112408222825038, 0.1875000000000000000 ) ) ;
#4124 = CARTESIAN_POINT ( 'NONE',  ( -0.8000000000000000444, 0.4699999999999999734, 1.350000000000000089 ) ) ;
#4125 = EDGE_CURVE ( 'NONE', #4369, #1256, #2386, .T. ) ;
#4126 = ORIENTED_EDGE ( 'NONE', *, *, #399, .F. ) ;
#4127 = SURFACE_STYLE_FILL_AREA ( #3471 ) ;
#4128 = CARTESIAN_POINT ( 'NONE',  ( -0.7999953098994649903, 0.4699666282006559892, 1.350968503025306022 ) ) ;
#4129 = EDGE_CURVE ( 'NONE', #4318, #788, #1506, .T. ) ;
#4130 = CARTESIAN_POINT ( 'NONE',  ( 0.7999953098994629919, 0.4699666282006559892, -1.350968503025300249 ) ) ;
#4131 = DIRECTION ( 'NONE',  ( 0.000000000000000000, 0.000000000000000000, -1.000000000000000000 ) ) ;
#4132 = CARTESIAN_POINT ( 'NONE',  ( 1.209610248041572023, 0.2611610357990599707, -1.137499999999999956 ) ) ;
#4133 = EDGE_LOOP ( 'NONE', ( #4399, #4365, #3702, #629 ) ) ;
#4134 = VERTEX_POINT ( 'NONE', #3094 ) ;
#4135 = CARTESIAN_POINT ( 'NONE',  ( -0.8000000000000000444, 0.6300000000000000044, -0.7625000000000000666 ) ) ;
#4136 =( LENGTH_UNIT ( ) NAMED_UNIT ( * ) SI_UNIT ( .MILLI., .METRE. ) );
#4137 = ORIENTED_EDGE ( 'NONE', *, *, #2991, .T. ) ;
#4138 = SURFACE_STYLE_FILL_AREA ( #2728 ) ;
#4139 = EDGE_CURVE ( 'NONE', #993, #2981, #802, .T. ) ;
#4140 =( NAMED_UNIT ( * ) SI_UNIT ( $, .STERADIAN. ) SOLID_ANGLE_UNIT ( ) );
#4141 = CARTESIAN_POINT ( 'NONE',  ( 1.307572743868728127, 0.2680112408222825038, 0.7625000000000000666 ) ) ;
#4142 = ORIENTED_EDGE ( 'NONE', *, *, #3889, .F. ) ;
#4143 = EDGE_CURVE ( 'NONE', #3350, #946, #3865, .T. ) ;
#4144 = STYLED_ITEM ( 'NONE', ( #3792 ), #3541 ) ;
#4145 = VECTOR ( 'NONE', #1424, 1000.000000000000000 ) ;
#4146 = DIRECTION ( 'NONE',  ( 1.000000000000000000, 0.000000000000000000, 0.000000000000000000 ) ) ;
#4147 = PRESENTATION_STYLE_ASSIGNMENT (( #900 ) ) ;
#4148 = ADVANCED_FACE ( 'NONE', ( #1292 ), #575, .T. ) ;
#4149 = AXIS2_PLACEMENT_3D ( 'NONE', #3212, #1053, #2476 ) ;
#4150 = ORIENTED_EDGE ( 'NONE', *, *, #4237, .F. ) ;
#4151 = CIRCLE ( 'NONE', #4164, 0.1000000000000000472 ) ;
#4152 = ORIENTED_EDGE ( 'NONE', *, *, #2779, .F. ) ;
#4153 = DIRECTION ( 'NONE',  ( 0.000000000000000000, 0.000000000000000000, 1.000000000000000000 ) ) ;
#4154 =( GEOMETRIC_REPRESENTATION_CONTEXT ( 3 ) GLOBAL_UNCERTAINTY_ASSIGNED_CONTEXT ( ( #3349 ) ) GLOBAL_UNIT_ASSIGNED_CONTEXT ( ( #1527, #2421, #2352 ) ) REPRESENTATION_CONTEXT ( 'NONE', 'WORKASPACE' ) );
#4155 = CARTESIAN_POINT ( 'NONE',  ( -0.6610712173784929480, 0.9000000000000000222, -1.311071217378486198 ) ) ;
#4156 = CARTESIAN_POINT ( 'NONE',  ( 0.9430415250725630028, 0.3717982897422579813, 0.1875000000000000000 ) ) ;
#4157 = COLOUR_RGB ( '',0.2980392156862745057, 0.2980392156862745057, 0.2980392156862745057 ) ;
#4158 = ORIENTED_EDGE ( 'NONE', *, *, #3154, .F. ) ;
#4159 = DIRECTION ( 'NONE',  ( 0.000000000000000000, 0.000000000000000000, -1.000000000000000000 ) ) ;
#4160 = CIRCLE ( 'NONE', #3791, 0.09820171025774261653 ) ;
#4161 = DIRECTION ( 'NONE',  ( 0.000000000000000000, 0.000000000000000000, 1.000000000000000000 ) ) ;
#4162 = CARTESIAN_POINT ( 'NONE',  ( -1.200614268941289975, 0.3898095305645404851, 0.1875000000000000000 ) ) ;
#4163 = DIRECTION ( 'NONE',  ( 0.000000000000000000, 0.000000000000000000, -1.000000000000000000 ) ) ;
#4164 = AXIS2_PLACEMENT_3D ( 'NONE', #430, #1200, #1889 ) ;
#4165 = CLOSED_SHELL ( 'NONE', ( #1543, #3425, #3441, #1135 ) ) ;
#4166 = ORIENTED_EDGE ( 'NONE', *, *, #1225, .T. ) ;
#4167 = CARTESIAN_POINT ( 'NONE',  ( 1.307572743868728127, 0.2680112408222825038, -0.7625000000000000666 ) ) ;
#4168 =( GEOMETRIC_REPRESENTATION_CONTEXT ( 3 ) GLOBAL_UNCERTAINTY_ASSIGNED_CONTEXT ( ( #1634 ) ) GLOBAL_UNIT_ASSIGNED_CONTEXT ( ( #1534, #4413, #4459 ) ) REPRESENTATION_CONTEXT ( 'NONE', 'WORKASPACE' ) );
#4169 = DIRECTION ( 'NONE',  ( 1.000000000000000000, 0.000000000000000000, 0.000000000000000000 ) ) ;
#4170 = AXIS2_PLACEMENT_3D ( 'NONE', #2838, #606, #3877 ) ;
#4171 = PLANE ( 'NONE',  #2087 ) ;
#4172 = CIRCLE ( 'NONE', #2097, 0.09820171025774261653 ) ;
#4173 = EDGE_CURVE ( 'NONE', #527, #1510, #2849, .T. ) ;
#4174 = AXIS2_PLACEMENT_3D ( 'NONE', #3265, #2416, #1745 ) ;
#4175 = FILL_AREA_STYLE ('',( #3099 ) ) ;
#4176 = CARTESIAN_POINT ( 'NONE',  ( 0.7028548130214939960, 0.6026942686694419793, 1.352854813021491909 ) ) ;
#4177 = FILL_AREA_STYLE ('',( #2712 ) ) ;
#4178 = PRESENTATION_LAYER_ASSIGNMENT (  '', '', ( #3880 ) ) ;
#4179 = UNCERTAINTY_MEASURE_WITH_UNIT (LENGTH_MEASURE( 1.000000000000000082E-05 ), #4429, 'distance_accuracy_value', 'NONE');
#4180 = DIRECTION ( 'NONE',  ( 0.000000000000000000, 0.000000000000000000, -1.000000000000000000 ) ) ;
#4181 = EDGE_CURVE ( 'NONE', #1829, #4302, #4118, .T. ) ;
#4182 = AXIS2_PLACEMENT_3D ( 'NONE', #236, #1699, #2363 ) ;
#4183 = PRESENTATION_LAYER_ASSIGNMENT (  '', '', ( #750 ) ) ;
#4184 = UNCERTAINTY_MEASURE_WITH_UNIT (LENGTH_MEASURE( 1.000000000000000082E-05 ), #89, 'distance_accuracy_value', 'NONE');
#4185 = ORIENTED_EDGE ( 'NONE', *, *, #3815, .F. ) ;
#4186 = LINE ( 'NONE', #2013, #1939 ) ;
#4187 = LINE ( 'NONE', #2694, #1198 ) ;
#4188 = CARTESIAN_POINT ( 'NONE',  ( 0.6724530265954430375, 0.2670684705922469759, -1.421479833469593945 ) ) ;
#4189 = VECTOR ( 'NONE', #3375, 1000.000000000000000 ) ;
#4190 = VERTEX_POINT ( 'NONE', #4627 ) ;
#4191 = EDGE_CURVE ( 'NONE', #108, #923, #4246, .T. ) ;
#4192 = EDGE_LOOP ( 'NONE', ( #777, #805 ) ) ;
#4193 = CYLINDRICAL_SURFACE ( 'NONE', #2484, 0.09999999999999997780 ) ;
#4194 = CARTESIAN_POINT ( 'NONE',  ( 1.449999999999999956, 0.1596102480415720060, -0.1875000000000000000 ) ) ;
#4195 = CARTESIAN_POINT ( 'NONE',  ( -0.9430415250725630028, 0.3717982897422579813, 1.137499999999999956 ) ) ;
#4196 = CARTESIAN_POINT ( 'NONE',  ( 0.6999999999999999556, 0.6300000000000000044, 1.449999999999999956 ) ) ;
#4197 = ORIENTED_EDGE ( 'NONE', *, *, #2381, .T. ) ;
#4198 = DIRECTION ( 'NONE',  ( 0.000000000000000000, 0.000000000000000000, -1.000000000000000000 ) ) ;
#4199 = PRESENTATION_STYLE_ASSIGNMENT (( #4578 ) ) ;
#4200 = PLANE ( 'NONE',  #4564 ) ;
#4201 = CARTESIAN_POINT ( 'NONE',  ( 0.7467783819984349369, 1.008691489304625932, -1.297751575124272083 ) ) ;
#4202 = VERTEX_POINT ( 'NONE', #1723 ) ;
#4203 = LINE ( 'NONE', #941, #1412 ) ;
#4204 = SURFACE_SIDE_STYLE ('',( #2035 ) ) ;
#4205 = DIRECTION ( 'NONE',  ( 0.000000000000000000, 0.000000000000000000, 1.000000000000000000 ) ) ;
#4206 = ADVANCED_FACE ( 'NONE', ( #4310 ), #3195, .F. ) ;
#4207 = CARTESIAN_POINT ( 'NONE',  ( -1.300722538845504150, 0.1700487449951270102, -0.7625000000000000666 ) ) ;
#4208 = ORIENTED_EDGE ( 'NONE', *, *, #4435, .F. ) ;
#4209 = DIRECTION ( 'NONE',  ( -1.000000000000000000, 0.000000000000000000, 0.000000000000000000 ) ) ;
#4210 = CIRCLE ( 'NONE', #3366, 0.1000000000000000472 ) ;
#4211 = SURFACE_STYLE_USAGE ( .BOTH. , #1282 ) ;
#4212 = ADVANCED_FACE ( 'NONE', ( #1361 ), #2526, .F. ) ;
#4213 = FACE_OUTER_BOUND ( 'NONE', #1467, .T. ) ;
#4214 = VERTEX_POINT ( 'NONE', #3959 ) ;
#4215 = FACE_OUTER_BOUND ( 'NONE', #3909, .T. ) ;
#4216 = EDGE_CURVE ( 'NONE', #2017, #2738, #2831, .T. ) ;
#4217 = DIRECTION ( 'NONE',  ( 0.000000000000000000, -1.000000000000000000, 0.000000000000000000 ) ) ;
#4218 = CARTESIAN_POINT ( 'NONE',  ( 0.7009685030253069993, 0.6300333717993460425, 1.449995309899462015 ) ) ;
#4219 = ORIENTED_EDGE ( 'NONE', *, *, #1041, .F. ) ;
#4220 = CARTESIAN_POINT ( 'NONE',  ( 0.9430415250725630028, 0.3717982897422579813, 1.137499999999999956 ) ) ;
#4221 = FILL_AREA_STYLE_COLOUR ( '', #3397 ) ;
#4222 = SURFACE_STYLE_FILL_AREA ( #530 ) ;
#4223 = DIRECTION ( 'NONE',  ( 1.000000000000000000, 0.000000000000000000, 0.000000000000000000 ) ) ;
#4224 = ORIENTED_EDGE ( 'NONE', *, *, #1589, .F. ) ;
#4225 = CARTESIAN_POINT ( 'NONE',  ( 0.8000000000000000444, 0.6300000000000000044, -0.7625000000000000666 ) ) ;
#4226 =( NAMED_UNIT ( * ) PLANE_ANGLE_UNIT ( ) SI_UNIT ( $, .RADIAN. ) );
#4227 = DIRECTION ( 'NONE',  ( -1.000000000000000000, 0.000000000000000000, 0.000000000000000000 ) ) ;
#4228 = CIRCLE ( 'NONE', #3695, 0.09820171025774261653 ) ;
#4229 = DIRECTION ( 'NONE',  ( 0.000000000000000000, 0.000000000000000000, -1.000000000000000000 ) ) ;
#4230 = VECTOR ( 'NONE', #3266, 1000.000000000000000 ) ;
#4231 = VECTOR ( 'NONE', #2239, 1000.000000000000000 ) ;
#4232 = ORIENTED_EDGE ( 'NONE', *, *, #3714, .T. ) ;
#4233 = DIRECTION ( 'NONE',  ( -0.9975640502598243087, 0.06975647374412571877, 0.000000000000000000 ) ) ;
#4234 = CARTESIAN_POINT ( 'NONE',  ( -0.4500000000000000111, 1.000000000000000000, -1.000000000000000000 ) ) ;
#4235 = PRESENTATION_LAYER_ASSIGNMENT (  '', '', ( #2783 ) ) ;
#4236 = ORIENTED_EDGE ( 'NONE', *, *, #1048, .F. ) ;
#4237 = EDGE_CURVE ( 'NONE', #131, #3350, #2146, .T. ) ;
#4238 = ORIENTED_EDGE ( 'NONE', *, *, #2036, .F. ) ;
#4239 = CYLINDRICAL_SURFACE ( 'NONE', #1508, 0.09999999999999997780 ) ;
#4240 =( LENGTH_UNIT ( ) NAMED_UNIT ( * ) SI_UNIT ( .MILLI., .METRE. ) );
#4241 = PLANE ( 'NONE',  #4394 ) ;
#4242 = CARTESIAN_POINT ( 'NONE',  ( -0.9430415250725630028, 0.4699999999999999734, 0.7625000000000000666 ) ) ;
#4243 = VECTOR ( 'NONE', #4180, 1000.000000000000000 ) ;
#4244 = EDGE_CURVE ( 'NONE', #3637, #4070, #1005, .T. ) ;
#4245 = PRESENTATION_LAYER_ASSIGNMENT (  '', '', ( #2010 ) ) ;
#4246 =( BOUNDED_CURVE ( )  B_SPLINE_CURVE ( 3, ( #2430, #672, #3237, #3928 ),
 .UNSPECIFIED., .F., .F. ) 
 B_SPLINE_CURVE_WITH_KNOTS ( ( 4, 4 ),
 ( 3.141592653589795336, 3.151277835258260218 ),
 .UNSPECIFIED. ) 
 CURVE ( )  GEOMETRIC_REPRESENTATION_ITEM ( )  RATIONAL_B_SPLINE_CURVE ( ( 1.000000000000000000, 0.9999921831199470867, 0.9999921831199470867, 1.000000000000000000 ) ) 
 REPRESENTATION_ITEM ( '' )  );
#4247 = VERTEX_POINT ( 'NONE', #4338 ) ;
#4248 = DIRECTION ( 'NONE',  ( 0.000000000000000000, 0.000000000000000000, -1.000000000000000000 ) ) ;
#4249 = DIRECTION ( 'NONE',  ( 0.000000000000000000, -1.000000000000000000, 0.000000000000000000 ) ) ;
#4250 =( NAMED_UNIT ( * ) PLANE_ANGLE_UNIT ( ) SI_UNIT ( $, .RADIAN. ) );
#4251 = EDGE_LOOP ( 'NONE', ( #2400, #3683, #1990, #734 ) ) ;
#4252 = DIRECTION ( 'NONE',  ( -2.168404344971007685E-15, 0.000000000000000000, -1.000000000000000000 ) ) ;
#4253 = AXIS2_PLACEMENT_3D ( 'NONE', #389, #3661, #1844 ) ;
#4254 =( LENGTH_UNIT ( ) NAMED_UNIT ( * ) SI_UNIT ( .MILLI., .METRE. ) );
#4255 = SURFACE_SIDE_STYLE ('',( #1635 ) ) ;
#4256 = COLOUR_RGB ( '',0.2980392156862745057, 0.2980392156862745057, 0.2980392156862745057 ) ;
#4257 = AXIS2_PLACEMENT_3D ( 'NONE', #931, #3400, #2731 ) ;
#4258 = ORIENTED_EDGE ( 'NONE', *, *, #1071, .F. ) ;
#4259 = PRESENTATION_STYLE_ASSIGNMENT (( #4609 ) ) ;
#4260 = CARTESIAN_POINT ( 'NONE',  ( 0.9430415250725630028, 0.4699999999999999734, 0.7625000000000000666 ) ) ;
#4261 = VECTOR ( 'NONE', #4611, 1000.000000000000000 ) ;
#4262 =( GEOMETRIC_REPRESENTATION_CONTEXT ( 3 ) GLOBAL_UNCERTAINTY_ASSIGNED_CONTEXT ( ( #4184 ) ) GLOBAL_UNIT_ASSIGNED_CONTEXT ( ( #89, #3020, #138 ) ) REPRESENTATION_CONTEXT ( 'NONE', 'WORKASPACE' ) );
#4263 = ORIENTED_EDGE ( 'NONE', *, *, #2682, .T. ) ;
#4264 = CARTESIAN_POINT ( 'NONE',  ( -0.8000000000000000444, 0.6300000000000000044, 1.449999999999999956 ) ) ;
#4265 = STYLED_ITEM ( 'NONE', ( #1196 ), #2670 ) ;
#4266 = CARTESIAN_POINT ( 'NONE',  ( -0.8000000000000003775, 0.6300000000000002265, 1.350322840650753919 ) ) ;
#4267 = EDGE_CURVE ( 'NONE', #832, #4735, #1379, .T. ) ;
#4268 = VERTEX_POINT ( 'NONE', #3600 ) ;
#4269 = LINE ( 'NONE', #4598, #4103 ) ;
#4270 = FILL_AREA_STYLE ('',( #962 ) ) ;
#4271 =( NAMED_UNIT ( * ) PLANE_ANGLE_UNIT ( ) SI_UNIT ( $, .RADIAN. ) );
#4272 =( NAMED_UNIT ( * ) PLANE_ANGLE_UNIT ( ) SI_UNIT ( $, .RADIAN. ) );
#4273 = EDGE_CURVE ( 'NONE', #1596, #3654, #332, .T. ) ;
#4274 =( GEOMETRIC_REPRESENTATION_CONTEXT ( 3 ) GLOBAL_UNCERTAINTY_ASSIGNED_CONTEXT ( ( #4508 ) ) GLOBAL_UNIT_ASSIGNED_CONTEXT ( ( #3134, #4673, #2777 ) ) REPRESENTATION_CONTEXT ( 'NONE', 'WORKASPACE' ) );
#4275 = ORIENTED_EDGE ( 'NONE', *, *, #3063, .T. ) ;
#4276 = FILL_AREA_STYLE_COLOUR ( '', #650 ) ;
#4277 = CARTESIAN_POINT ( 'NONE',  ( 1.307572743868728127, 0.2680112408222825038, -1.137499999999999956 ) ) ;
#4278 = CARTESIAN_POINT ( 'NONE',  ( -0.8000000000000000444, 0.6300000000000000044, -0.7625000000000000666 ) ) ;
#4279 = EDGE_CURVE ( 'NONE', #2136, #81, #3261, .T. ) ;
#4280 = ORIENTED_EDGE ( 'NONE', *, *, #2286, .T. ) ;
#4281 = DIRECTION ( 'NONE',  ( 0.000000000000000000, 0.000000000000000000, -1.000000000000000000 ) ) ;
#4282 = LINE ( 'NONE', #1732, #3111 ) ;
#4283 = CARTESIAN_POINT ( 'NONE',  ( -0.7586486870849826758, 0.4659915519849457954, -1.449436649370096086 ) ) ;
#4284 = ORIENTED_EDGE ( 'NONE', *, *, #3836, .T. ) ;
#4285 = FILL_AREA_STYLE_COLOUR ( '', #1542 ) ;
#4286 = CARTESIAN_POINT ( 'NONE',  ( -1.307572743868728127, 0.2680112408222825038, -0.1875000000000000000 ) ) ;
#4287 = EDGE_LOOP ( 'NONE', ( #4423, #1812, #912, #1533 ) ) ;
#4288 = DIRECTION ( 'NONE',  ( 0.06975647374412373425, 0.9975640502598244197, 0.000000000000000000 ) ) ;
#4289 = EDGE_CURVE ( 'NONE', #4747, #4069, #360, .T. ) ;
#4290 = CARTESIAN_POINT ( 'NONE',  ( -1.449999999999999956, 0.1596102480415720060, 0.1875000000000000000 ) ) ;
#4291 = DIRECTION ( 'NONE',  ( -0.06975647374412462243, -0.9975640502598243087, 0.000000000000000000 ) ) ;
#4292 = ORIENTED_EDGE ( 'NONE', *, *, #3127, .F. ) ;
#4293 = FACE_OUTER_BOUND ( 'NONE', #2861, .T. ) ;
#4294 = EDGE_CURVE ( 'NONE', #4053, #4447, #740, .T. ) ;
#4295 = CARTESIAN_POINT ( 'NONE',  ( -0.7006456775161027384, 0.6300111240200704232, -1.449998436620926201 ) ) ;
#4296 = CARTESIAN_POINT ( 'NONE',  ( 1.300722538845504150, 0.1700487449951270102, 0.1875000000000000000 ) ) ;
#4297 = EDGE_CURVE ( 'NONE', #2519, #852, #1454, .T. ) ;
#4298 = ORIENTED_EDGE ( 'NONE', *, *, #3356, .F. ) ;
#4299 = CARTESIAN_POINT ( 'NONE',  ( -1.041004020899719995, 0.3786484947654800148, 1.137499999999999956 ) ) ;
#4300 = LINE ( 'NONE', #3939, #817 ) ;
#4301 = CARTESIAN_POINT ( 'NONE',  ( -0.6999999999999999556, 0.6300000000000000044, -1.350000000000000089 ) ) ;
#4302 = VERTEX_POINT ( 'NONE', #4124 ) ;
#4303 = ORIENTED_EDGE ( 'NONE', *, *, #1911, .F. ) ;
#4304 = VECTOR ( 'NONE', #1622, 1000.000000000000000 ) ;
#4305 = CARTESIAN_POINT ( 'NONE',  ( -1.449999999999999956, 0.1596102480415720060, -0.7625000000000000666 ) ) ;
#4306 = LINE ( 'NONE', #736, #3005 ) ;
#4307 = CARTESIAN_POINT ( 'NONE',  ( -1.438838964200940040, 1.626303258728255172E-16, 1.137499999999999956 ) ) ;
#4308 = ORIENTED_EDGE ( 'NONE', *, *, #4289, .T. ) ;
#4309 = DIRECTION ( 'NONE',  ( 0.000000000000000000, 0.000000000000000000, -1.000000000000000000 ) ) ;
#4310 = FACE_OUTER_BOUND ( 'NONE', #3462, .T. ) ;
#4311 = ORIENTED_EDGE ( 'NONE', *, *, #2418, .T. ) ;
#4312 = MECHANICAL_DESIGN_GEOMETRIC_PRESENTATION_REPRESENTATION (  '', ( #1251 ), #1632 ) ;
#4313 = ORIENTED_EDGE ( 'NONE', *, *, #1827, .T. ) ;
#4314 = FACE_OUTER_BOUND ( 'NONE', #3328, .T. ) ;
#4315 = MECHANICAL_DESIGN_GEOMETRIC_PRESENTATION_REPRESENTATION (  '', ( #2318 ), #2865 ) ;
#4316 = CARTESIAN_POINT ( 'NONE',  ( 0.8000000000000000444, 0.4699999999999999734, 1.137499999999999956 ) ) ;
#4317 = ADVANCED_FACE ( 'NONE', ( #1553 ), #4380, .T. ) ;
#4318 = VERTEX_POINT ( 'NONE', #4029 ) ;
#4319 = FACE_OUTER_BOUND ( 'NONE', #760, .T. ) ;
#4320 = DIRECTION ( 'NONE',  ( 0.000000000000000000, 0.000000000000000000, -1.000000000000000000 ) ) ;
#4321 = ORIENTED_EDGE ( 'NONE', *, *, #604, .T. ) ;
#4322 = CARTESIAN_POINT ( 'NONE',  ( -1.289561503046444013, 0.01043849695355493837, 0.1875000000000000000 ) ) ;
#4323 = AXIS2_PLACEMENT_3D ( 'NONE', #3956, #594, #3926 ) ;
#4324 = EDGE_LOOP ( 'NONE', ( #3960, #2703, #2006, #1886 ) ) ;
#4325 = EDGE_CURVE ( 'NONE', #3688, #2654, #2952, .T. ) ;
#4326 = AXIS2_PLACEMENT_3D ( 'NONE', #3279, #2196, #1092 ) ;
#4327 = PRESENTATION_LAYER_ASSIGNMENT (  '', '', ( #3337 ) ) ;
#4328 = VERTEX_POINT ( 'NONE', #768 ) ;
#4329 = DIRECTION ( 'NONE',  ( 1.000000000000000000, 0.000000000000000000, 0.000000000000000000 ) ) ;
#4330 = SURFACE_SIDE_STYLE ('',( #2869 ) ) ;
#4331 = DIRECTION ( 'NONE',  ( 0.000000000000000000, 0.000000000000000000, -1.000000000000000000 ) ) ;
#4332 = PRESENTATION_LAYER_ASSIGNMENT (  '', '', ( #895 ) ) ;
#4333 = ORIENTED_EDGE ( 'NONE', *, *, #512, .T. ) ;
#4335 = PLANE ( 'NONE',  #2179 ) ;
#4334 =( GEOMETRIC_REPRESENTATION_CONTEXT ( 3 ) GLOBAL_UNCERTAINTY_ASSIGNED_CONTEXT ( ( #490 ) ) GLOBAL_UNIT_ASSIGNED_CONTEXT ( ( #3648, #2948, #3259 ) ) REPRESENTATION_CONTEXT ( 'NONE', 'WORKASPACE' ) );
#4336 = CARTESIAN_POINT ( 'NONE',  ( -0.7009685030253079985, 0.4699666282006559892, 1.449995309899464013 ) ) ;
#4337 = CARTESIAN_POINT ( 'NONE',  ( 0.6610712173784919488, 0.1860826899039934867, 1.410098024252649740 ) ) ;
#4338 = CARTESIAN_POINT ( 'NONE',  ( 1.449999999999999956, 0.1596102480415720060, -1.137499999999999956 ) ) ;
#4339 = ORIENTED_EDGE ( 'NONE', *, *, #2658, .F. ) ;
#4340 = VERTEX_POINT ( 'NONE', #3699 ) ;
#4341 = DIRECTION ( 'NONE',  ( 0.000000000000000000, -1.000000000000000000, 0.000000000000000000 ) ) ;
#4342 = LINE ( 'NONE', #336, #4230 ) ;
#4343 = DIRECTION ( 'NONE',  ( 0.000000000000000000, 0.000000000000000000, 1.000000000000000000 ) ) ;
#4344 = DIRECTION ( 'NONE',  ( 0.000000000000000000, 0.000000000000000000, -1.000000000000000000 ) ) ;
#4345 = EDGE_CURVE ( 'NONE', #852, #394, #4571, .T. ) ;
#4346 = DIRECTION ( 'NONE',  ( 1.000000000000000000, 0.000000000000000000, 0.000000000000000000 ) ) ;
#4347 = VERTEX_POINT ( 'NONE', #3358 ) ;
#4348 = VERTEX_POINT ( 'NONE', #1482 ) ;
#4349 = VERTEX_POINT ( 'NONE', #3677 ) ;
#4350 = EDGE_CURVE ( 'NONE', #2507, #4190, #2980, .T. ) ;
#4351 = FILL_AREA_STYLE_COLOUR ( '', #3379 ) ;
#4352 =( LENGTH_UNIT ( ) NAMED_UNIT ( * ) SI_UNIT ( .MILLI., .METRE. ) );
#4353 = SURFACE_STYLE_FILL_AREA ( #3256 ) ;
#4354 =( NAMED_UNIT ( * ) SI_UNIT ( $, .STERADIAN. ) SOLID_ANGLE_UNIT ( ) );
#4355 = EDGE_LOOP ( 'NONE', ( #674, #4158, #1466, #2189 ) ) ;
#4356 = EDGE_CURVE ( 'NONE', #1405, #2571, #383, .T. ) ;
#4357 = SURFACE_SIDE_STYLE ('',( #2122 ) ) ;
#4358 = SURFACE_STYLE_FILL_AREA ( #1792 ) ;
#4359 = PRESENTATION_LAYER_ASSIGNMENT (  '', '', ( #3756 ) ) ;
#4360 = VERTEX_POINT ( 'NONE', #3747 ) ;
#4361 = DIRECTION ( 'NONE',  ( -0.1378445374916290045, -0.9808148484639889197, -0.1378445374916290045 ) ) ;
#4362 = FILL_AREA_STYLE ('',( #990 ) ) ;
#4363 = PRESENTATION_STYLE_ASSIGNMENT (( #700 ) ) ;
#4364 = DIRECTION ( 'NONE',  ( 0.000000000000000000, 0.000000000000000000, -1.000000000000000000 ) ) ;
#4365 = ORIENTED_EDGE ( 'NONE', *, *, #276, .F. ) ;
#4366 = SURFACE_STYLE_FILL_AREA ( #5 ) ;
#4367 = ORIENTED_EDGE ( 'NONE', *, *, #4474, .F. ) ;
#4368 = PRODUCT_DEFINITION ( 'UNKNOWN', '', #967, #35 ) ;
#4369 = VERTEX_POINT ( 'NONE', #841 ) ;
#4370 = DIRECTION ( 'NONE',  ( -1.000000000000000000, 0.000000000000000000, 0.000000000000000000 ) ) ;
#4371 =( NAMED_UNIT ( * ) SI_UNIT ( $, .STERADIAN. ) SOLID_ANGLE_UNIT ( ) );
#4372 = FILL_AREA_STYLE_COLOUR ( '', #618 ) ;
#4373 = DIRECTION ( 'NONE',  ( -0.9975640502598243087, -0.06975647374412551061, 0.000000000000000000 ) ) ;
#4374 = EDGE_CURVE ( 'NONE', #4, #4514, #431, .T. ) ;
#4375 = CIRCLE ( 'NONE', #2929, 0.2582017102577425782 ) ;
#4376 = ORIENTED_EDGE ( 'NONE', *, *, #1411, .F. ) ;
#4377 = CARTESIAN_POINT ( 'NONE',  ( 1.200614268941289975, 0.3898095305645404851, 0.7625000000000000666 ) ) ;
#4378 = CARTESIAN_POINT ( 'NONE',  ( 0.9430415250725630028, 0.3717982897422579813, 1.137499999999999956 ) ) ;
#4379 = PRESENTATION_STYLE_ASSIGNMENT (( #4720 ) ) ;
#4380 = SPHERICAL_SURFACE ( 'NONE', #1276, 0.1000000000000000056 ) ;
#4381 =( GEOMETRIC_REPRESENTATION_CONTEXT ( 3 ) GLOBAL_UNCERTAINTY_ASSIGNED_CONTEXT ( ( #4395 ) ) GLOBAL_UNIT_ASSIGNED_CONTEXT ( ( #547, #1602, #1931 ) ) REPRESENTATION_CONTEXT ( 'NONE', 'WORKASPACE' ) );
#4382 = EDGE_CURVE ( 'NONE', #1514, #1582, #664, .T. ) ;
#4383 = ORIENTED_EDGE ( 'NONE', *, *, #4038, .T. ) ;
#4384 = SURFACE_STYLE_FILL_AREA ( #1156 ) ;
#4385 = VECTOR ( 'NONE', #4396, 1000.000000000000000 ) ;
#4386 = DIRECTION ( 'NONE',  ( 0.000000000000000000, 0.000000000000000000, -1.000000000000000000 ) ) ;
#4387 = DIRECTION ( 'NONE',  ( -0.9975640502598243087, 0.06975647374412462243, 0.000000000000000000 ) ) ;
#4388 = VECTOR ( 'NONE', #3194, 1000.000000000000000 ) ;
#4389 = VECTOR ( 'NONE', #2905, 1000.000000000000114 ) ;
#4390 = VECTOR ( 'NONE', #869, 1000.000000000000114 ) ;
#4391 = DIRECTION ( 'NONE',  ( -3.252606517456511724E-15, 0.000000000000000000, 1.000000000000000000 ) ) ;
#4392 = FACE_OUTER_BOUND ( 'NONE', #2549, .T. ) ;
#4393 = ORIENTED_EDGE ( 'NONE', *, *, #2677, .T. ) ;
#4394 = AXIS2_PLACEMENT_3D ( 'NONE', #1673, #4217, #3497 ) ;
#4395 = UNCERTAINTY_MEASURE_WITH_UNIT (LENGTH_MEASURE( 1.000000000000000082E-05 ), #547, 'distance_accuracy_value', 'NONE');
#4396 = DIRECTION ( 'NONE',  ( 1.000000000000000000, 0.000000000000000000, 0.000000000000000000 ) ) ;
#4397 = ORIENTED_EDGE ( 'NONE', *, *, #4350, .T. ) ;
#4398 = CLOSED_SHELL ( 'NONE', ( #1891, #1989, #2205, #1776, #4653, #1362, #1426, #339, #4046, #2412, #4519, #2805, #822, #983 ) ) ;
#4399 = ORIENTED_EDGE ( 'NONE', *, *, #2090, .T. ) ;
#4400 = CARTESIAN_POINT ( 'NONE',  ( 0.8000000000000000444, 0.6300000000000000044, 1.449999999999999956 ) ) ;
#4401 = STYLED_ITEM ( 'NONE', ( #2315 ), #2434 ) ;
#4402 = AXIS2_PLACEMENT_3D ( 'NONE', #1941, #4209, #3459 ) ;
#4403 = LINE ( 'NONE', #735, #3996 ) ;
#4404 = CYLINDRICAL_SURFACE ( 'NONE', #2300, 0.2582017102577425782 ) ;
#4405 = VECTOR ( 'NONE', #555, 1000.000000000000114 ) ;
#4406 = ORIENTED_EDGE ( 'NONE', *, *, #1714, .F. ) ;
#4407 = SURFACE_STYLE_FILL_AREA ( #3724 ) ;
#4408 = CIRCLE ( 'NONE', #4635, 0.09820171025774271367 ) ;
#4409 = SURFACE_SIDE_STYLE ('',( #405 ) ) ;
#4410 = EDGE_CURVE ( 'NONE', #356, #1614, #3767, .T. ) ;
#4411 = DIRECTION ( 'NONE',  ( -0.06975647374412562163, 0.9975640502598241977, 0.000000000000000000 ) ) ;
#4412 = ORIENTED_EDGE ( 'NONE', *, *, #583, .F. ) ;
#4413 =( NAMED_UNIT ( * ) PLANE_ANGLE_UNIT ( ) SI_UNIT ( $, .RADIAN. ) );
#4414 = CARTESIAN_POINT ( 'NONE',  ( -0.6610712173784929480, 0.9139173100960069629, -1.410098024252641968 ) ) ;
#4415 = EDGE_CURVE ( 'NONE', #115, #2507, #1873, .T. ) ;
#4416 = VECTOR ( 'NONE', #1625, 1000.000000000000000 ) ;
#4417 = CARTESIAN_POINT ( 'NONE',  ( -1.041004020899719995, 0.3786484947654800148, -0.7625000000000000666 ) ) ;
#4418 = DIRECTION ( 'NONE',  ( -1.000000000000000000, 0.000000000000000000, 0.000000000000000000 ) ) ;
#4419 = CARTESIAN_POINT ( 'NONE',  ( 0.8000000000000000444, 0.4699999999999999734, -0.1875000000000000000 ) ) ;
#4420 = EDGE_CURVE ( 'NONE', #863, #216, #526, .T. ) ;
#4421 = SURFACE_STYLE_USAGE ( .BOTH. , #3345 ) ;
#4422 = FACE_OUTER_BOUND ( 'NONE', #417, .T. ) ;
#4423 = ORIENTED_EDGE ( 'NONE', *, *, #4410, .F. ) ;
#4424 = VECTOR ( 'NONE', #207, 1000.000000000000227 ) ;
#4425 = VERTEX_POINT ( 'NONE', #209 ) ;
#4426 = FILL_AREA_STYLE_COLOUR ( '', #3934 ) ;
#4427 = DIRECTION ( 'NONE',  ( 1.000000000000000000, 0.000000000000000000, 0.000000000000000000 ) ) ;
#4428 = CARTESIAN_POINT ( 'NONE',  ( -1.307572743868728127, 0.2680112408222825038, -1.137499999999999956 ) ) ;
#4429 =( LENGTH_UNIT ( ) NAMED_UNIT ( * ) SI_UNIT ( .MILLI., .METRE. ) );
#4430 = ORIENTED_EDGE ( 'NONE', *, *, #4173, .T. ) ;
#4431 = FILL_AREA_STYLE ('',( #1450 ) ) ;
#4432 = FILL_AREA_STYLE_COLOUR ( '', #4533 ) ;
#4433 = FACE_OUTER_BOUND ( 'NONE', #959, .T. ) ;
#4434 = DIRECTION ( 'NONE',  ( 1.000000000000000000, 4.748186427200879912E-30, -2.168404344971010446E-15 ) ) ;
#4435 = EDGE_CURVE ( 'NONE', #2234, #1879, #1218, .T. ) ;
#4436 = EDGE_LOOP ( 'NONE', ( #2832, #626, #3567, #4339, #3123, #3574, #4445, #4056, #2473, #4113, #673, #3490 ) ) ;
#4437 = PRESENTATION_LAYER_ASSIGNMENT (  '', '', ( #1831 ) ) ;
#4438 = CARTESIAN_POINT ( 'NONE',  ( -1.307572743868728127, 0.2680112408222825038, 0.7625000000000000666 ) ) ;
#4439 = EDGE_CURVE ( 'NONE', #1125, #131, #185, .T. ) ;
#4440 = CARTESIAN_POINT ( 'NONE',  ( -1.307572743868728127, 0.2680112408222825038, 1.137499999999999956 ) ) ;
#4441 = CARTESIAN_POINT ( 'NONE',  ( -0.8000000000000000444, 0.4699999999999999734, -0.7625000000000000666 ) ) ;
#4442 = DIRECTION ( 'NONE',  ( 1.000000000000000000, 0.000000000000000000, 0.000000000000000000 ) ) ;
#4443 = CARTESIAN_POINT ( 'NONE',  ( 1.041004020899719995, 0.3786484947654800148, -0.7625000000000000666 ) ) ;
#4444 = UNCERTAINTY_MEASURE_WITH_UNIT (LENGTH_MEASURE( 1.000000000000000082E-05 ), #3016, 'distance_accuracy_value', 'NONE');
#4445 = ORIENTED_EDGE ( 'NONE', *, *, #1595, .F. ) ;
#4446 = EDGE_CURVE ( 'NONE', #2807, #3359, #3105, .T. ) ;
#4447 = VERTEX_POINT ( 'NONE', #4242 ) ;
#4448 = DIRECTION ( 'NONE',  ( -1.000000000000000000, 0.000000000000000000, 0.000000000000000000 ) ) ;
#4449 =( LENGTH_UNIT ( ) NAMED_UNIT ( * ) SI_UNIT ( .MILLI., .METRE. ) );
#4450 = DIRECTION ( 'NONE',  ( 0.000000000000000000, 1.000000000000000000, 0.000000000000000000 ) ) ;
#4451 =( BOUNDED_CURVE ( )  B_SPLINE_CURVE ( 3, ( #393, #3737, #2275, #1874 ),
 .UNSPECIFIED., .F., .F. ) 
 B_SPLINE_CURVE_WITH_KNOTS ( ( 4, 4 ),
 ( 3.131907471921330011, 3.141592653589795336 ),
 .UNSPECIFIED. ) 
 CURVE ( )  GEOMETRIC_REPRESENTATION_ITEM ( )  RATIONAL_B_SPLINE_CURVE ( ( 1.000000000000000000, 0.9999921831199470867, 0.9999921831199470867, 1.000000000000000000 ) ) 
 REPRESENTATION_ITEM ( '' )  );
#4452 = ORIENTED_EDGE ( 'NONE', *, *, #3122, .F. ) ;
#4453 =( GEOMETRIC_REPRESENTATION_CONTEXT ( 3 ) GLOBAL_UNCERTAINTY_ASSIGNED_CONTEXT ( ( #369 ) ) GLOBAL_UNIT_ASSIGNED_CONTEXT ( ( #4240, #687, #630 ) ) REPRESENTATION_CONTEXT ( 'NONE', 'WORKASPACE' ) );
#4454 =( NAMED_UNIT ( * ) SI_UNIT ( $, .STERADIAN. ) SOLID_ANGLE_UNIT ( ) );
#4455 =( LENGTH_UNIT ( ) NAMED_UNIT ( * ) SI_UNIT ( .MILLI., .METRE. ) );
#4456 = DIRECTION ( 'NONE',  ( 0.000000000000000000, 0.000000000000000000, -1.000000000000000000 ) ) ;
#4457 = VECTOR ( 'NONE', #3614, 1000.000000000000000 ) ;
#4458 = ORIENTED_EDGE ( 'NONE', *, *, #4139, .F. ) ;
#4459 =( NAMED_UNIT ( * ) SI_UNIT ( $, .STERADIAN. ) SOLID_ANGLE_UNIT ( ) );
#4460 = VECTOR ( 'NONE', #3091, 1000.000000000000000 ) ;
#4461 = CARTESIAN_POINT ( 'NONE',  ( 0.9430415250725630028, 0.3717982897422579813, -0.7625000000000000666 ) ) ;
#4462 = PRESENTATION_LAYER_ASSIGNMENT (  '', '', ( #3089 ) ) ;
#4463 = FACE_OUTER_BOUND ( 'NONE', #4680, .T. ) ;
#4464 = PRESENTATION_STYLE_ASSIGNMENT (( #1607 ) ) ;
#4465 =( GEOMETRIC_REPRESENTATION_CONTEXT ( 3 ) GLOBAL_UNCERTAINTY_ASSIGNED_CONTEXT ( ( #986 ) ) GLOBAL_UNIT_ASSIGNED_CONTEXT ( ( #1608, #2324, #3073 ) ) REPRESENTATION_CONTEXT ( 'NONE', 'WORKASPACE' ) );
#4466 = EDGE_CURVE ( 'NONE', #1928, #2081, #2328, .T. ) ;
#4467 = CARTESIAN_POINT ( 'NONE',  ( -0.9430415250725630028, 0.3717982897422579813, 0.1875000000000000000 ) ) ;
#4468 = VERTEX_POINT ( 'NONE', #1674 ) ;
#4469 = AXIS2_PLACEMENT_3D ( 'NONE', #2522, #3998, #738 ) ;
#4470 = ORIENTED_EDGE ( 'NONE', *, *, #4649, .T. ) ;
#4471 = ORIENTED_EDGE ( 'NONE', *, *, #1071, .T. ) ;
#4472 = DIRECTION ( 'NONE',  ( 0.000000000000000000, 0.000000000000000000, -1.000000000000000000 ) ) ;
#4473 = DIRECTION ( 'NONE',  ( 0.000000000000000000, 1.000000000000000000, 0.000000000000000000 ) ) ;
#4474 = EDGE_CURVE ( 'NONE', #258, #1514, #1266, .T. ) ;
#4475 = AXIS2_PLACEMENT_3D ( 'NONE', #3293, #3343, #754 ) ;
#4476 = ORIENTED_EDGE ( 'NONE', *, *, #2615, .T. ) ;
#4477 = EDGE_CURVE ( 'NONE', #516, #4348, #4026, .T. ) ;
#4478 = DIRECTION ( 'NONE',  ( 1.000000000000000000, -3.789816180775159986E-16, 0.000000000000000000 ) ) ;
#4479 = COLOUR_RGB ( '',0.2980392156862745057, 0.2980392156862745057, 0.2980392156862745057 ) ;
#4480 = ORIENTED_EDGE ( 'NONE', *, *, #1800, .F. ) ;
#4481 = PRESENTATION_STYLE_ASSIGNMENT (( #1291 ) ) ;
#4482 = CARTESIAN_POINT ( 'NONE',  ( -1.300722538845504150, 0.1700487449951270102, -0.1875000000000000000 ) ) ;
#4483 = CARTESIAN_POINT ( 'NONE',  ( -0.7999953098994649903, 0.6300333717993450433, -1.350968503025300249 ) ) ;
#4484 = AXIS2_PLACEMENT_3D ( 'NONE', #2440, #2083, #3180 ) ;
#4485 = AXIS2_PLACEMENT_3D ( 'NONE', #318, #2934, #2230 ) ;
#4486 = CARTESIAN_POINT ( 'NONE',  ( 0.8000000000000000444, 0.6300000000000000044, 0.1875000000000000000 ) ) ;
#4487 = ORIENTED_EDGE ( 'NONE', *, *, #3895, .F. ) ;
#4488 = EDGE_CURVE ( 'NONE', #2738, #769, #542, .T. ) ;
#4489 = ORIENTED_EDGE ( 'NONE', *, *, #4345, .T. ) ;
#4490 = DIRECTION ( 'NONE',  ( 0.000000000000000000, 0.000000000000000000, 1.000000000000000000 ) ) ;
#4491 = LINE ( 'NONE', #1192, #271 ) ;
#4492 = EDGE_CURVE ( 'NONE', #683, #1187, #2311, .T. ) ;
#4493 = ORIENTED_EDGE ( 'NONE', *, *, #1483, .T. ) ;
#4494 = SURFACE_STYLE_USAGE ( .BOTH. , #1948 ) ;
#4495 = CARTESIAN_POINT ( 'NONE',  ( 0.8000000000000000444, 0.6300000000000000044, -1.449999999999999956 ) ) ;
#4496 = CARTESIAN_POINT ( 'NONE',  ( 0.7006456775161007400, 0.4699888759799297766, -1.449998436620926201 ) ) ;
#4497 = DIRECTION ( 'NONE',  ( 0.000000000000000000, 1.000000000000000000, 0.000000000000000000 ) ) ;
#4498 = EDGE_CURVE ( 'NONE', #3744, #714, #1633, .T. ) ;
#4499 = VERTEX_POINT ( 'NONE', #570 ) ;
#4500 = CARTESIAN_POINT ( 'NONE',  ( -0.6610712173784929480, 0.9000000000000000222, 0.000000000000000000 ) ) ;
#4501 = CARTESIAN_POINT ( 'NONE',  ( 1.449999999999999956, 0.1596102480415720060, 1.137499999999999956 ) ) ;
#4502 = DIRECTION ( 'NONE',  ( 0.000000000000000000, 0.000000000000000000, -1.000000000000000000 ) ) ;
#4503 = CARTESIAN_POINT ( 'NONE',  ( 1.200614268941289975, 0.3898095305645404851, 1.137499999999999956 ) ) ;
#4504 =( LENGTH_UNIT ( ) NAMED_UNIT ( * ) SI_UNIT ( .MILLI., .METRE. ) );
#4505 = CARTESIAN_POINT ( 'NONE',  ( -1.041004020899719995, 0.3786484947654800148, -0.7625000000000000666 ) ) ;
#4506 = CIRCLE ( 'NONE', #4058, 0.1000000000000000472 ) ;
#4507 = ORIENTED_EDGE ( 'NONE', *, *, #1383, .F. ) ;
#4508 = UNCERTAINTY_MEASURE_WITH_UNIT (LENGTH_MEASURE( 1.000000000000000082E-05 ), #3134, 'distance_accuracy_value', 'NONE');
#4509 = ORIENTED_EDGE ( 'NONE', *, *, #842, .F. ) ;
#4510 = DIRECTION ( 'NONE',  ( -1.000000000000000000, 0.000000000000000000, -2.168404344971007685E-15 ) ) ;
#4511 = SURFACE_STYLE_FILL_AREA ( #1593 ) ;
#4512 = CARTESIAN_POINT ( 'NONE',  ( 1.041004020899719995, 0.3786484947654800148, 0.1875000000000000000 ) ) ;
#4513 = EDGE_CURVE ( 'NONE', #2909, #686, #502, .T. ) ;
#4514 = VERTEX_POINT ( 'NONE', #2402 ) ;
#4515 = CARTESIAN_POINT ( 'NONE',  ( -1.041004020899719995, 0.3786484947654800148, 0.1875000000000000000 ) ) ;
#4516 = CARTESIAN_POINT ( 'NONE',  ( 0.7999984366209326181, 0.6300111240200704232, -1.350645677516095100 ) ) ;
#4517 = FILL_AREA_STYLE_COLOUR ( '', #868 ) ;
#4518 = FACE_OUTER_BOUND ( 'NONE', #1371, .T. ) ;
#4519 = ADVANCED_FACE ( 'NONE', ( #4518 ), #2021, .F. ) ;
#4520 = VERTEX_POINT ( 'NONE', #1926 ) ;
#4521 = CARTESIAN_POINT ( 'NONE',  ( 0.8000000000000000444, 0.4699999999999999734, -0.7625000000000000666 ) ) ;
#4522 = CYLINDRICAL_SURFACE ( 'NONE', #1386, 0.09820171025774261653 ) ;
#4523 = LINE ( 'NONE', #597, #3494 ) ;
#4524 = VECTOR ( 'NONE', #3593, 1000.000000000000000 ) ;
#4525 = CIRCLE ( 'NONE', #859, 0.2582017102577424672 ) ;
#4526 = CARTESIAN_POINT ( 'NONE',  ( 1.307572743868728127, 0.2680112408222825038, 1.137499999999999956 ) ) ;
#4527 = EDGE_CURVE ( 'NONE', #2665, #1188, #3047, .T. ) ;
#4528 = AXIS2_PLACEMENT_3D ( 'NONE', #3931, #1409, #2128 ) ;
#4529 = LINE ( 'NONE', #2740, #4405 ) ;
#4530 = DIRECTION ( 'NONE',  ( 0.000000000000000000, 0.000000000000000000, -1.000000000000000000 ) ) ;
#4531 = CARTESIAN_POINT ( 'NONE',  ( -0.7600980242526499397, 0.1860826899039934867, 1.311071217378489973 ) ) ;
#4532 = EDGE_CURVE ( 'NONE', #659, #714, #4600, .T. ) ;
#4533 = COLOUR_RGB ( '',0.2980392156862745057, 0.2980392156862745057, 0.2980392156862745057 ) ;
#4534 = PRESENTATION_LAYER_ASSIGNMENT (  '', '', ( #1864 ) ) ;
#4535 = EDGE_LOOP ( 'NONE', ( #4489, #3312, #4219, #1658 ) ) ;
#4536 = DIRECTION ( 'NONE',  ( 0.06975647374412562163, -0.9975640502598241977, 0.000000000000000000 ) ) ;
#4537 = VECTOR ( 'NONE', #3686, 1000.000000000000000 ) ;
#4538 = CARTESIAN_POINT ( 'NONE',  ( -0.8000000000000000444, 0.4699999999999999734, 1.449999999999999956 ) ) ;
#4539 = CYLINDRICAL_SURFACE ( 'NONE', #3467, 0.09820171025774282469 ) ;
#4540 = COLOUR_RGB ( '',0.2980392156862745057, 0.2980392156862745057, 0.2980392156862745057 ) ;
#4541 = ORIENTED_EDGE ( 'NONE', *, *, #3381, .F. ) ;
#4542 = DIRECTION ( 'NONE',  ( 0.000000000000000000, 0.000000000000000000, -1.000000000000000000 ) ) ;
#4543 = AXIS2_PLACEMENT_3D ( 'NONE', #1246, #2342, #4223 ) ;
#4544 = DIRECTION ( 'NONE',  ( 0.000000000000000000, 0.000000000000000000, 1.000000000000000000 ) ) ;
#4545 = FACE_OUTER_BOUND ( 'NONE', #2479, .T. ) ;
#4546 = CARTESIAN_POINT ( 'NONE',  ( -1.300722538845504150, 0.1700487449951270102, 1.137499999999999956 ) ) ;
#4547 = MECHANICAL_DESIGN_GEOMETRIC_PRESENTATION_REPRESENTATION (  '', ( #2092 ), #2551 ) ;
#4548 = VERTEX_POINT ( 'NONE', #1953 ) ;
#4549 = DIRECTION ( 'NONE',  ( 1.000000000000000000, 0.000000000000000000, 0.000000000000000000 ) ) ;
#4550 = EDGE_CURVE ( 'NONE', #2619, #3090, #142, .T. ) ;
#4551 = FACE_OUTER_BOUND ( 'NONE', #3282, .T. ) ;
#4552 = CARTESIAN_POINT ( 'NONE',  ( -0.8000000000000000444, 0.6300000000000000044, -1.449999999999999956 ) ) ;
#4553 = STYLED_ITEM ( 'NONE', ( #3655 ), #2368 ) ;
#4554 = CYLINDRICAL_SURFACE ( 'NONE', #433, 0.2582017102577423562 ) ;
#4555 = CARTESIAN_POINT ( 'NONE',  ( -1.289561503046444013, 0.01043849695355505980, 0.1875000000000000000 ) ) ;
#4556 =( GEOMETRIC_REPRESENTATION_CONTEXT ( 3 ) GLOBAL_UNCERTAINTY_ASSIGNED_CONTEXT ( ( #4444 ) ) GLOBAL_UNIT_ASSIGNED_CONTEXT ( ( #3016, #1882, #1472 ) ) REPRESENTATION_CONTEXT ( 'NONE', 'WORKASPACE' ) );
#4557 = VERTEX_POINT ( 'NONE', #888 ) ;
#4558 = ADVANCED_FACE ( 'NONE', ( #2338 ), #2379, .F. ) ;
#4559 = CYLINDRICAL_SURFACE ( 'NONE', #3700, 0.09820171025774282469 ) ;
#4560 = CARTESIAN_POINT ( 'NONE',  ( -0.6610712173784929480, 0.9000000000000000222, 1.311071217378491971 ) ) ;
#4561 = VECTOR ( 'NONE', #563, 1000.000000000000000 ) ;
#4562 = UNCERTAINTY_MEASURE_WITH_UNIT (LENGTH_MEASURE( 1.000000000000000082E-05 ), #4083, 'distance_accuracy_value', 'NONE');
#4563 = LINE ( 'NONE', #1278, #1480 ) ;
#4564 = AXIS2_PLACEMENT_3D ( 'NONE', #3823, #1654, #1160 ) ;
#4565 = CIRCLE ( 'NONE', #364, 0.1000000000000000472 ) ;
#4566 = ADVANCED_FACE ( 'NONE', ( #2066 ), #1693, .F. ) ;
#4567 = ORIENTED_EDGE ( 'NONE', *, *, #3364, .F. ) ;
#4568 = CARTESIAN_POINT ( 'NONE',  ( -1.307572743868728127, 0.2680112408222825038, 0.7625000000000000666 ) ) ;
#4569 = DIRECTION ( 'NONE',  ( 0.000000000000000000, 1.000000000000000000, 0.000000000000000000 ) ) ;
#4570 = CARTESIAN_POINT ( 'NONE',  ( 0.6999999999999999556, 0.6300000000000000044, -1.449999999999999956 ) ) ;
#4571 = CIRCLE ( 'NONE', #2732, 0.2582017102577424672 ) ;
#4572 = ORIENTED_EDGE ( 'NONE', *, *, #302, .F. ) ;
#4573 = CARTESIAN_POINT ( 'NONE',  ( 0.7009685030253069993, 0.4699666282006539908, 1.449995309899462015 ) ) ;
#4574 = CARTESIAN_POINT ( 'NONE',  ( 0.7586486870849811215, 0.6340084480150542934, 1.449436649370100083 ) ) ;
#4575 = ORIENTED_EDGE ( 'NONE', *, *, #3044, .T. ) ;
#4576 =( LENGTH_UNIT ( ) NAMED_UNIT ( * ) SI_UNIT ( .MILLI., .METRE. ) );
#4577 = CARTESIAN_POINT ( 'NONE',  ( -0.8000000000000000444, 0.4699999999999999734, -0.1875000000000000000 ) ) ;
#4578 = SURFACE_STYLE_USAGE ( .BOTH. , #1004 ) ;
#4579 = DIRECTION ( 'NONE',  ( 0.000000000000000000, 1.000000000000000000, 0.000000000000000000 ) ) ;
#4580 = DIRECTION ( 'NONE',  ( 0.06975647374412562163, -0.9975640502598241977, 0.000000000000000000 ) ) ;
#4581 = ORIENTED_EDGE ( 'NONE', *, *, #3620, .F. ) ;
#4582 = CARTESIAN_POINT ( 'NONE',  ( -1.200614268941289975, 0.3898095305645404851, 0.1875000000000000000 ) ) ;
#4583 = CYLINDRICAL_SURFACE ( 'NONE', #1315, 0.1000000000000000472 ) ;
#4584 = DIRECTION ( 'NONE',  ( 0.000000000000000000, 0.000000000000000000, -1.000000000000000000 ) ) ;
#4585 = PLANE ( 'NONE',  #257 ) ;
#4586 = EDGE_CURVE ( 'NONE', #39, #2746, #1000, .T. ) ;
#4587 = VERTEX_POINT ( 'NONE', #4307 ) ;
#4588 = DIRECTION ( 'NONE',  ( 0.000000000000000000, -1.000000000000000000, 0.000000000000000000 ) ) ;
#4589 = VECTOR ( 'NONE', #3736, 1000.000000000000000 ) ;
#4590 = FILL_AREA_STYLE_COLOUR ( '', #796 ) ;
#4591 = EDGE_CURVE ( 'NONE', #2636, #695, #1323, .T. ) ;
#4592 = ORIENTED_EDGE ( 'NONE', *, *, #2356, .T. ) ;
#4593 = DIRECTION ( 'NONE',  ( -1.000000000000000000, 0.000000000000000000, 0.000000000000000000 ) ) ;
#4594 = SURFACE_STYLE_FILL_AREA ( #3186 ) ;
#4595 = FACE_OUTER_BOUND ( 'NONE', #2888, .T. ) ;
#4596 = CARTESIAN_POINT ( 'NONE',  ( -1.449999999999999956, 0.1596102480415720060, -0.1875000000000000000 ) ) ;
#4597 = ORIENTED_EDGE ( 'NONE', *, *, #2141, .T. ) ;
#4598 = CARTESIAN_POINT ( 'NONE',  ( 1.200614268941289975, 0.3898095305645404851, 0.1875000000000000000 ) ) ;
#4599 = FILL_AREA_STYLE_COLOUR ( '', #3341 ) ;
#4600 =( BOUNDED_CURVE ( )  B_SPLINE_CURVE ( 3, ( #3427, #3465, #4574, #4218 ),
 .UNSPECIFIED., .F., .F. ) 
 B_SPLINE_CURVE_WITH_KNOTS ( ( 4, 4 ),
 ( 2.365879671860815048, 3.917305635318780066 ),
 .UNSPECIFIED. ) 
 CURVE ( )  GEOMETRIC_REPRESENTATION_ITEM ( )  RATIONAL_B_SPLINE_CURVE ( ( 1.000000000000000000, 0.8092813118237089931, 0.8092813118237089931, 1.000000000000000000 ) ) 
 REPRESENTATION_ITEM ( '' )  );
#4601 = ORIENTED_EDGE ( 'NONE', *, *, #746, .T. ) ;
#4602 = ORIENTED_EDGE ( 'NONE', *, *, #3577, .F. ) ;
#4603 = DIRECTION ( 'NONE',  ( 0.000000000000000000, 1.000000000000000000, 0.000000000000000000 ) ) ;
#4604 =( LENGTH_UNIT ( ) NAMED_UNIT ( * ) SI_UNIT ( .MILLI., .METRE. ) );
#4605 = PRESENTATION_LAYER_ASSIGNMENT (  '', '', ( #1310 ) ) ;
#4606 = FACE_OUTER_BOUND ( 'NONE', #4192, .T. ) ;
#4607 =( GEOMETRIC_REPRESENTATION_CONTEXT ( 3 ) GLOBAL_UNCERTAINTY_ASSIGNED_CONTEXT ( ( #1963 ) ) GLOBAL_UNIT_ASSIGNED_CONTEXT ( ( #749, #3732, #1204 ) ) REPRESENTATION_CONTEXT ( 'NONE', 'WORKASPACE' ) );
#4608 = VERTEX_POINT ( 'NONE', #3544 ) ;
#4609 = SURFACE_STYLE_USAGE ( .BOTH. , #3152 ) ;
#4610 = EDGE_CURVE ( 'NONE', #3993, #766, #348, .T. ) ;
#4611 = DIRECTION ( 'NONE',  ( -2.990902544787605001E-16, 0.000000000000000000, -1.000000000000000000 ) ) ;
#4612 = VECTOR ( 'NONE', #1337, 1000.000000000000227 ) ;
#4613 = DIRECTION ( 'NONE',  ( -1.000000000000000000, 0.000000000000000000, 0.000000000000000000 ) ) ;
#4614 = AXIS2_PLACEMENT_3D ( 'NONE', #1464, #460, #1915 ) ;
#4615 = EDGE_LOOP ( 'NONE', ( #4682, #4150, #3413, #4658 ) ) ;
#4616 = EDGE_CURVE ( 'NONE', #1188, #4202, #3923, .T. ) ;
#4617 = PLANE ( 'NONE',  #1495 ) ;
#4618 = VECTOR ( 'NONE', #2918, 1000.000000000000000 ) ;
#4619 = MECHANICAL_DESIGN_GEOMETRIC_PRESENTATION_REPRESENTATION (  '', ( #3553 ), #3394 ) ;
#4620 = VECTOR ( 'NONE', #1868, 1000.000000000000000 ) ;
#4621 = ORIENTED_EDGE ( 'NONE', *, *, #3714, .F. ) ;
#4622 = CARTESIAN_POINT ( 'NONE',  ( -0.6610712173784929480, 0.9000000000000000222, -1.311071217378486198 ) ) ;
#4623 = ADVANCED_FACE ( 'NONE', ( #2894 ), #1400, .T. ) ;
#4624 = AXIS2_PLACEMENT_3D ( 'NONE', #4123, #3698, #840 ) ;
#4625 = CYLINDRICAL_SURFACE ( 'NONE', #711, 0.2582017102577425782 ) ;
#4626 =( NAMED_UNIT ( * ) PLANE_ANGLE_UNIT ( ) SI_UNIT ( $, .RADIAN. ) );
#4627 = CARTESIAN_POINT ( 'NONE',  ( -0.6610712173784929480, 0.1000000000000000056, -1.311071217378483977 ) ) ;
#4628 = ORIENTED_EDGE ( 'NONE', *, *, #4356, .F. ) ;
#4629 = CARTESIAN_POINT ( 'NONE',  ( 1.041004020899719995, 0.3786484947654800148, 0.1875000000000000000 ) ) ;
#4630 = PRESENTATION_LAYER_ASSIGNMENT (  '', '', ( #4553 ) ) ;
#4631 = VECTOR ( 'NONE', #3056, 1000.000000000000000 ) ;
#4632 = CARTESIAN_POINT ( 'NONE',  ( -1.050000000000000044, 0.2500000000000000000, 0.7625000000000000666 ) ) ;
#4633 = SURFACE_SIDE_STYLE ('',( #2106 ) ) ;
#4634 = AXIS2_PLACEMENT_3D ( 'NONE', #795, #3377, #4006 ) ;
#4635 = AXIS2_PLACEMENT_3D ( 'NONE', #423, #1815, #4051 ) ;
#4636 = ORIENTED_EDGE ( 'NONE', *, *, #1019, .F. ) ;
#4637 = FILL_AREA_STYLE_COLOUR ( '', #1110 ) ;
#4638 = DIRECTION ( 'NONE',  ( 0.000000000000000000, 0.000000000000000000, 1.000000000000000000 ) ) ;
#4639 = CARTESIAN_POINT ( 'NONE',  ( -0.7009685030253079985, 0.4699666282006559892, -1.449995309899458018 ) ) ;
#4640 = ORIENTED_EDGE ( 'NONE', *, *, #4586, .F. ) ;
#4641 = AXIS2_PLACEMENT_3D ( 'NONE', #1040, #4638, #2823 ) ;
#4642 = STYLED_ITEM ( 'NONE', ( #4147 ), #2914 ) ;
#4643 = ADVANCED_FACE ( 'NONE', ( #1069 ), #4617, .F. ) ;
#4644 = ORIENTED_EDGE ( 'NONE', *, *, #876, .T. ) ;
#4645 = VECTOR ( 'NONE', #4086, 1000.000000000000227 ) ;
#4646 = AXIS2_PLACEMENT_3D ( 'NONE', #4742, #3674, #381 ) ;
#4647 = DIRECTION ( 'NONE',  ( -1.000000000000000000, -3.789816180775159986E-16, 0.000000000000000000 ) ) ;
#4648 = CARTESIAN_POINT ( 'NONE',  ( 0.7994366493701016152, 0.6340084480150536272, -1.408648687084973039 ) ) ;
#4649 = EDGE_CURVE ( 'NONE', #3611, #3133, #4172, .T. ) ;
#4650 = ORIENTED_EDGE ( 'NONE', *, *, #4297, .F. ) ;
#4651 = CARTESIAN_POINT ( 'NONE',  ( 1.300722538845504150, 0.1700487449951270102, 0.1875000000000000000 ) ) ;
#4652 = MECHANICAL_DESIGN_GEOMETRIC_PRESENTATION_REPRESENTATION (  '', ( #750 ), #126 ) ;
#4653 = ADVANCED_FACE ( 'NONE', ( #3208 ), #1025, .F. ) ;
#4654 = ORIENTED_EDGE ( 'NONE', *, *, #4513, .T. ) ;
#4655 = ORIENTED_EDGE ( 'NONE', *, *, #3161, .T. ) ;
#4656 = CYLINDRICAL_SURFACE ( 'NONE', #4528, 0.1000000000000000472 ) ;
#4657 = CARTESIAN_POINT ( 'NONE',  ( 1.041004020899719995, 0.3786484947654800148, 0.7625000000000000666 ) ) ;
#4658 = ORIENTED_EDGE ( 'NONE', *, *, #438, .T. ) ;
#4659 = CARTESIAN_POINT ( 'NONE',  ( -0.9430415250725630028, 0.3717982897422579813, -0.1875000000000000000 ) ) ;
#4660 = STYLED_ITEM ( 'NONE', ( #3052 ), #515 ) ;
#4661 = ORIENTED_EDGE ( 'NONE', *, *, #4129, .F. ) ;
#4662 = EDGE_CURVE ( 'NONE', #1700, #769, #1758, .T. ) ;
#4663 = LINE ( 'NONE', #1024, #13 ) ;
#4664 = ORIENTED_EDGE ( 'NONE', *, *, #1762, .T. ) ;
#4665 = CARTESIAN_POINT ( 'NONE',  ( 0.7999984366209336173, 0.4699888759799308313, 1.350645677516099097 ) ) ;
#4666 = EDGE_CURVE ( 'NONE', #4369, #4066, #1050, .T. ) ;
#4667 = ORIENTED_EDGE ( 'NONE', *, *, #2718, .F. ) ;
#4668 = LINE ( 'NONE', #3606, #93 ) ;
#4669 = ADVANCED_FACE ( 'NONE', ( #2240 ), #2545, .F. ) ;
#4670 = LINE ( 'NONE', #2836, #3720 ) ;
#4671 = CIRCLE ( 'NONE', #701, 0.1000000000000000472 ) ;
#4672 = ORIENTED_EDGE ( 'NONE', *, *, #2558, .T. ) ;
#4673 =( NAMED_UNIT ( * ) PLANE_ANGLE_UNIT ( ) SI_UNIT ( $, .RADIAN. ) );
#4674 = LINE ( 'NONE', #3898, #3181 ) ;
#4675 = ADVANCED_FACE ( 'NONE', ( #1168 ), #3719, .F. ) ;
#4676 = ORIENTED_EDGE ( 'NONE', *, *, #4267, .T. ) ;
#4677 = DIRECTION ( 'NONE',  ( -1.000000000000000000, 0.000000000000000000, 0.000000000000000000 ) ) ;
#4678 = CARTESIAN_POINT ( 'NONE',  ( -0.4500000000000000111, 0.9499999999999999556, -1.199999999999999956 ) ) ;
#4679 = VECTOR ( 'NONE', #2103, 1000.000000000000000 ) ;
#4680 = EDGE_LOOP ( 'NONE', ( #3597, #4303, #4487, #1306 ) ) ;
#4681 =( GEOMETRIC_REPRESENTATION_CONTEXT ( 3 ) GLOBAL_UNCERTAINTY_ASSIGNED_CONTEXT ( ( #419 ) ) GLOBAL_UNIT_ASSIGNED_CONTEXT ( ( #4352, #1121, #3786 ) ) REPRESENTATION_CONTEXT ( 'NONE', 'WORKASPACE' ) );
#4682 = ORIENTED_EDGE ( 'NONE', *, *, #3269, .T. ) ;
#4683 = CIRCLE ( 'NONE', #3623, 0.09820171025774261653 ) ;
#4684 = DIRECTION ( 'NONE',  ( -0.06975647374412562163, 0.9975640502598241977, 0.000000000000000000 ) ) ;
#4685 = CARTESIAN_POINT ( 'NONE',  ( 0.8000000000000000444, 0.6300000000000000044, 0.1875000000000000000 ) ) ;
#4686 = ORIENTED_EDGE ( 'NONE', *, *, #3620, .T. ) ;
#4687 = CARTESIAN_POINT ( 'NONE',  ( -1.209610248041572023, 0.2611610357990599707, -0.7625000000000000666 ) ) ;
#4688 = DIRECTION ( 'NONE',  ( 0.000000000000000000, 0.000000000000000000, -1.000000000000000000 ) ) ;
#4689 = CIRCLE ( 'NONE', #4614, 0.1000000000000000472 ) ;
#4690 = DIRECTION ( 'NONE',  ( -0.06975647374412562163, -0.9975640502598241977, 0.000000000000000000 ) ) ;
#4691 = CARTESIAN_POINT ( 'NONE',  ( 0.8000000000000000444, 0.4699999999999999734, 1.137499999999999956 ) ) ;
#4692 = EDGE_LOOP ( 'NONE', ( #4480, #2432, #2592, #3861 ) ) ;
#4693 =( GEOMETRIC_REPRESENTATION_CONTEXT ( 3 ) GLOBAL_UNCERTAINTY_ASSIGNED_CONTEXT ( ( #3072 ) ) GLOBAL_UNIT_ASSIGNED_CONTEXT ( ( #3169, #4250, #3144 ) ) REPRESENTATION_CONTEXT ( 'NONE', 'WORKASPACE' ) );
#4694 = EDGE_CURVE ( 'NONE', #1162, #832, #4022, .T. ) ;
#4695 = EDGE_LOOP ( 'NONE', ( #3581, #1865, #1908, #829 ) ) ;
#4696 = CARTESIAN_POINT ( 'NONE',  ( -0.8000000000000000444, 0.6300000000000000044, -0.7625000000000000666 ) ) ;
#4697 = DIRECTION ( 'NONE',  ( -1.000000000000000000, 0.000000000000000000, 0.000000000000000000 ) ) ;
#4698 = SURFACE_STYLE_USAGE ( .BOTH. , #3244 ) ;
#4699 = EDGE_CURVE ( 'NONE', #1825, #4608, #812, .T. ) ;
#4700 = AXIS2_PLACEMENT_3D ( 'NONE', #2420, #2822, #1750 ) ;
#4701 = CARTESIAN_POINT ( 'NONE',  ( 0.9430415250725630028, 0.3717982897422579813, 0.7625000000000000666 ) ) ;
#4702 = LINE ( 'NONE', #440, #4589 ) ;
#4703 = ORIENTED_EDGE ( 'NONE', *, *, #1237, .T. ) ;
#4704 = DIRECTION ( 'NONE',  ( 0.000000000000000000, -1.000000000000000000, 0.000000000000000000 ) ) ;
#4705 = STYLED_ITEM ( 'NONE', ( #4481 ), #2428 ) ;
#4706 = ORIENTED_EDGE ( 'NONE', *, *, #3776, .T. ) ;
#4707 = ORIENTED_EDGE ( 'NONE', *, *, #3982, .T. ) ;
#4708 = EDGE_CURVE ( 'NONE', #593, #3869, #69, .T. ) ;
#4709 = VECTOR ( 'NONE', #1973, 1000.000000000000000 ) ;
#4710 = ORIENTED_EDGE ( 'NONE', *, *, #1912, .T. ) ;
#4711 = ORIENTED_EDGE ( 'NONE', *, *, #3058, .T. ) ;
#4712 = CARTESIAN_POINT ( 'NONE',  ( 1.050000000000000044, 0.2500000000000000000, 1.137499999999999956 ) ) ;
#4713 = CARTESIAN_POINT ( 'NONE',  ( 1.300722538845504150, 0.1700487449951270102, -0.1875000000000000000 ) ) ;
#4714 = AXIS2_PLACEMENT_3D ( 'NONE', #4322, #1667, #3130 ) ;
#4715 = CARTESIAN_POINT ( 'NONE',  ( -1.041004020899719995, 0.3786484947654800148, 0.7625000000000000666 ) ) ;
#4716 = UNCERTAINTY_MEASURE_WITH_UNIT (LENGTH_MEASURE( 1.000000000000000082E-05 ), #4504, 'distance_accuracy_value', 'NONE');
#4717 = EDGE_LOOP ( 'NONE', ( #4661, #3809, #1104 ) ) ;
#4718 = PRESENTATION_LAYER_ASSIGNMENT (  '', '', ( #3496 ) ) ;
#4719 = FACE_OUTER_BOUND ( 'NONE', #1695, .T. ) ;
#4720 = SURFACE_STYLE_USAGE ( .BOTH. , #1029 ) ;
#4721 = CARTESIAN_POINT ( 'NONE',  ( -0.6610712173784929480, 0.2000000000000000111, 0.000000000000000000 ) ) ;
#4722 = ORIENTED_EDGE ( 'NONE', *, *, #241, .T. ) ;
#4723 = ORIENTED_EDGE ( 'NONE', *, *, #3189, .F. ) ;
#4724 = CARTESIAN_POINT ( 'NONE',  ( 0.8000000000000000444, 0.4699999999999999734, 1.137499999999999956 ) ) ;
#4725 = DIRECTION ( 'NONE',  ( -1.000000000000000000, 0.000000000000000000, 0.000000000000000000 ) ) ;
#4726 = DIRECTION ( 'NONE',  ( 0.000000000000000000, 0.000000000000000000, -1.000000000000000000 ) ) ;
#4727 =( BOUNDED_CURVE ( )  B_SPLINE_CURVE ( 3, ( #2144, #3906, #2048, #4336 ),
 .UNSPECIFIED., .F., .F. ) 
 B_SPLINE_CURVE_WITH_KNOTS ( ( 4, 4 ),
 ( 5.507472325450609496, 7.058898288908570073 ),
 .UNSPECIFIED. ) 
 CURVE ( )  GEOMETRIC_REPRESENTATION_ITEM ( )  RATIONAL_B_SPLINE_CURVE ( ( 1.000000000000000000, 0.8092813118237089931, 0.8092813118237089931, 1.000000000000000000 ) ) 
 REPRESENTATION_ITEM ( '' )  );
#4728 = ORIENTED_EDGE ( 'NONE', *, *, #3356, .T. ) ;
#4729 = DIRECTION ( 'NONE',  ( 1.000000000000000000, 0.000000000000000000, 0.000000000000000000 ) ) ;
#4730 = UNCERTAINTY_MEASURE_WITH_UNIT (LENGTH_MEASURE( 1.000000000000000082E-05 ), #1645, 'distance_accuracy_value', 'NONE');
#4731 = EDGE_CURVE ( 'NONE', #2821, #2864, #4408, .T. ) ;
#4732 =( NAMED_UNIT ( * ) SI_UNIT ( $, .STERADIAN. ) SOLID_ANGLE_UNIT ( ) );
#4733 = ORIENTED_EDGE ( 'NONE', *, *, #2490, .F. ) ;
#4734 = ORIENTED_EDGE ( 'NONE', *, *, #2839, .F. ) ;
#4735 = VERTEX_POINT ( 'NONE', #378 ) ;
#4736 = CARTESIAN_POINT ( 'NONE',  ( 0.8000000000000000444, 0.6300000000000000044, -1.137499999999999956 ) ) ;
#4737 = FACE_OUTER_BOUND ( 'NONE', #227, .T. ) ;
#4738 = EDGE_CURVE ( 'NONE', #298, #4369, #2599, .T. ) ;
#4739 = PLANE ( 'NONE',  #708 ) ;
#4740 = CARTESIAN_POINT ( 'NONE',  ( 0.9430415250725630028, 0.3717982897422579813, 0.1875000000000000000 ) ) ;
#4741 = ORIENTED_EDGE ( 'NONE', *, *, #722, .F. ) ;
#4742 = CARTESIAN_POINT ( 'NONE',  ( -0.4500000000000000111, 0.9499999999999999556, -1.100000000000000089 ) ) ;
#4743 = CARTESIAN_POINT ( 'NONE',  ( -0.4500000000000000111, 1.000000000000000000, -1.100000000000000089 ) ) ;
#4744 = LINE ( 'NONE', #2951, #415 ) ;
#4745 = SURFACE_SIDE_STYLE ('',( #2924 ) ) ;
#4746 =( GEOMETRIC_REPRESENTATION_CONTEXT ( 3 ) GLOBAL_UNCERTAINTY_ASSIGNED_CONTEXT ( ( #1789 ) ) GLOBAL_UNIT_ASSIGNED_CONTEXT ( ( #827, #921, #1183 ) ) REPRESENTATION_CONTEXT ( 'NONE', 'WORKASPACE' ) );
#4747 = VERTEX_POINT ( 'NONE', #2627 ) ;
ENDSEC;
END-ISO-10303-21;
