ISO-10303-21;
HEADER;
/* Generated by software containing ST-Developer
 * from STEP Tools, Inc. (www.steptools.com) 
 */
/* OPTION: using custom renumber hook */

FILE_DESCRIPTION(
/* description */ ('STEP AP242',
'CAx-IF Rec.Pracs.---Representation and Presentation of Product Manufa
cturing Information (PMI)---4.0---2014-10-13',
'CAx-IF Rec.Pracs.---3D Tessellated Geometry---0.4---2014-09-14','2;1'),

/* implementation_level */ '2;1');

FILE_NAME(
/* name */ '64acf32575a2854b5df371bc',
/* time_stamp */ '2023-07-11T06:13:58Z',
/* author */ (''),
/* organization */ (''),
/* preprocessor_version */ 'ST-DEVELOPER v19.4',
/* originating_system */ '  ',
/* authorisation */ '  ');

FILE_SCHEMA (('AP242_MANAGED_MODEL_BASED_3D_ENGINEERING_MIM_LF { 1 0 10303 442 1 1 4 }'));
ENDSEC;

DATA;
#10=B_SPLINE_CURVE_WITH_KNOTS('',3,(#2469,#2470,#2471,#2472,#2473,#2474,
#2475,#2476,#2477,#2478,#2479,#2480,#2481,#2482,#2483,#2484,#2485,#2486,
#2487,#2488,#2489,#2490,#2491,#2492,#2493,#2494,#2495),.UNSPECIFIED.,.T.,
 .F.,(1,3,1,1,1,1,1,1,1,1,1,1,1,1,1,1,1,1,1,1,1,1,1,1,1,3,1),(-0.0105310142069123,
0.,0.0456217392047255,0.0939397164599239,0.151806318067322,0.204039429620496,
0.257606870094436,0.306825685289095,0.363092657532551,0.414438063094116,
0.446743386458192,0.461850875792132,0.488193717434972,0.524907222235692,
0.563357216209187,0.609342015694002,0.65484714993926,0.705153273399951,
0.75552586258275,0.811191374797817,0.875071046739077,0.927264853129781,
0.969946189581744,0.980438411081098,0.989468985793088,1.,1.04562173920473),
 .UNSPECIFIED.);
#11=B_SPLINE_CURVE_WITH_KNOTS('',3,(#2500,#2501,#2502,#2503,#2504,#2505,
#2506,#2507,#2508,#2509,#2510,#2511,#2512,#2513,#2514,#2515,#2516,#2517,
#2518,#2519,#2520,#2521,#2522,#2523,#2524,#2525,#2526),.UNSPECIFIED.,.T.,
 .F.,(1,3,1,1,1,1,1,1,1,1,1,1,1,1,1,1,1,1,1,1,1,1,1,1,1,3,1),(-0.0105310142069123,
0.,0.0456217392047255,0.0939397164599239,0.151806318067322,0.204039429620496,
0.257606870094436,0.306825685289095,0.363092657532551,0.414438063094116,
0.446743386458192,0.461850875792132,0.488193717434972,0.524907222235692,
0.563357216209187,0.609342015694002,0.65484714993926,0.705153273399951,
0.75552586258275,0.811191374797817,0.875071046739077,0.927264853129781,
0.969946189581744,0.980438411081098,0.989468985793088,1.,1.04562173920473),
 .UNSPECIFIED.);
#12=B_SPLINE_CURVE_WITH_KNOTS('',3,(#2530,#2531,#2532,#2533,#2534,#2535,
#2536,#2537,#2538,#2539,#2540,#2541,#2542,#2543,#2544,#2545,#2546,#2547,
#2548,#2549,#2550,#2551,#2552,#2553,#2554,#2555,#2556),.UNSPECIFIED.,.T.,
 .F.,(1,3,1,1,1,1,1,1,1,1,1,1,1,1,1,1,1,1,1,1,1,1,1,1,1,3,1),(-0.0105310142069123,
0.,0.0456217392047255,0.0939397164599239,0.151806318067322,0.204039429620496,
0.257606870094436,0.306825685289095,0.363092657532551,0.414438063094116,
0.446743386458192,0.461850875792132,0.488193717434972,0.524907222235692,
0.563357216209187,0.609342015694002,0.65484714993926,0.705153273399951,
0.75552586258275,0.811191374797817,0.875071046739077,0.927264853129781,
0.969946189581744,0.980438411081098,0.989468985793088,1.,1.04562173920473),
 .UNSPECIFIED.);
#13=B_SPLINE_CURVE_WITH_KNOTS('',3,(#2560,#2561,#2562,#2563,#2564,#2565,
#2566,#2567,#2568,#2569,#2570,#2571,#2572,#2573,#2574,#2575,#2576,#2577,
#2578,#2579,#2580,#2581,#2582,#2583,#2584,#2585,#2586),.UNSPECIFIED.,.T.,
 .F.,(1,3,1,1,1,1,1,1,1,1,1,1,1,1,1,1,1,1,1,1,1,1,1,1,1,3,1),(-0.0105310142069123,
0.,0.0456217392047255,0.0939397164599239,0.151806318067322,0.204039429620496,
0.257606870094436,0.306825685289095,0.363092657532551,0.414438063094116,
0.446743386458192,0.461850875792132,0.488193717434972,0.524907222235692,
0.563357216209187,0.609342015694002,0.65484714993926,0.705153273399951,
0.75552586258275,0.811191374797817,0.875071046739077,0.927264853129781,
0.969946189581744,0.980438411081098,0.989468985793088,1.,1.04562173920473),
 .UNSPECIFIED.);
#14=B_SPLINE_CURVE_WITH_KNOTS('',3,(#2590,#2591,#2592,#2593,#2594,#2595,
#2596,#2597,#2598,#2599,#2600,#2601,#2602,#2603,#2604,#2605,#2606,#2607,
#2608,#2609,#2610,#2611,#2612,#2613,#2614,#2615,#2616),.UNSPECIFIED.,.T.,
 .F.,(1,3,1,1,1,1,1,1,1,1,1,1,1,1,1,1,1,1,1,1,1,1,1,1,1,3,1),(-0.0105310142069123,
0.,0.0456217392047255,0.0939397164599239,0.151806318067322,0.204039429620496,
0.257606870094436,0.306825685289095,0.363092657532551,0.414438063094116,
0.446743386458192,0.461850875792132,0.488193717434972,0.524907222235692,
0.563357216209187,0.609342015694002,0.65484714993926,0.705153273399951,
0.75552586258275,0.811191374797817,0.875071046739077,0.927264853129781,
0.969946189581744,0.980438411081098,0.989468985793088,1.,1.04562173920473),
 .UNSPECIFIED.);
#15=B_SPLINE_CURVE_WITH_KNOTS('',3,(#2617,#2618,#2619,#2620,#2621,#2622,
#2623,#2624,#2625,#2626,#2627,#2628,#2629,#2630,#2631,#2632,#2633,#2634,
#2635,#2636,#2637,#2638,#2639,#2640,#2641,#2642,#2643),.UNSPECIFIED.,.T.,
 .F.,(1,3,1,1,1,1,1,1,1,1,1,1,1,1,1,1,1,1,1,1,1,1,1,1,1,3,1),(-0.0105310142069123,
0.,0.0456217392047255,0.0939397164599239,0.151806318067322,0.204039429620496,
0.257606870094436,0.306825685289095,0.363092657532551,0.414438063094116,
0.446743386458192,0.461850875792132,0.488193717434972,0.524907222235692,
0.563357216209187,0.609342015694002,0.65484714993926,0.705153273399951,
0.75552586258275,0.811191374797817,0.875071046739077,0.927264853129781,
0.969946189581744,0.980438411081098,0.989468985793088,1.,1.04562173920473),
 .UNSPECIFIED.);
#16=B_SPLINE_CURVE_WITH_KNOTS('',3,(#2648,#2649,#2650,#2651,#2652,#2653,
#2654,#2655,#2656,#2657,#2658,#2659,#2660,#2661,#2662,#2663,#2664,#2665,
#2666,#2667,#2668,#2669,#2670,#2671,#2672,#2673,#2674),.UNSPECIFIED.,.T.,
 .F.,(1,3,1,1,1,1,1,1,1,1,1,1,1,1,1,1,1,1,1,1,1,1,1,1,1,3,1),(-0.0105310142069123,
0.,0.0456217392047255,0.0939397164599239,0.151806318067322,0.204039429620496,
0.257606870094436,0.306825685289095,0.363092657532551,0.414438063094116,
0.446743386458192,0.461850875792132,0.488193717434972,0.524907222235692,
0.563357216209187,0.609342015694002,0.65484714993926,0.705153273399951,
0.75552586258275,0.811191374797817,0.875071046739077,0.927264853129781,
0.969946189581744,0.980438411081098,0.989468985793088,1.,1.04562173920473),
 .UNSPECIFIED.);
#17=B_SPLINE_CURVE_WITH_KNOTS('',3,(#2678,#2679,#2680,#2681,#2682,#2683,
#2684,#2685,#2686,#2687,#2688,#2689,#2690,#2691,#2692,#2693,#2694,#2695,
#2696,#2697,#2698,#2699,#2700,#2701,#2702,#2703,#2704),.UNSPECIFIED.,.T.,
 .F.,(1,3,1,1,1,1,1,1,1,1,1,1,1,1,1,1,1,1,1,1,1,1,1,1,1,3,1),(-0.0105310142069123,
0.,0.0456217392047255,0.0939397164599239,0.151806318067322,0.204039429620496,
0.257606870094436,0.306825685289095,0.363092657532551,0.414438063094116,
0.446743386458192,0.461850875792132,0.488193717434972,0.524907222235692,
0.563357216209187,0.609342015694002,0.65484714993926,0.705153273399951,
0.75552586258275,0.811191374797817,0.875071046739077,0.927264853129781,
0.969946189581744,0.980438411081098,0.989468985793088,1.,1.04562173920473),
 .UNSPECIFIED.);
#18=B_SPLINE_CURVE_WITH_KNOTS('',3,(#2708,#2709,#2710,#2711,#2712,#2713,
#2714,#2715,#2716,#2717,#2718,#2719,#2720,#2721,#2722,#2723,#2724,#2725,
#2726,#2727,#2728,#2729,#2730,#2731,#2732,#2733,#2734),.UNSPECIFIED.,.T.,
 .F.,(1,3,1,1,1,1,1,1,1,1,1,1,1,1,1,1,1,1,1,1,1,1,1,1,1,3,1),(-0.0105310142069123,
0.,0.0456217392047255,0.0939397164599239,0.151806318067322,0.204039429620496,
0.257606870094436,0.306825685289095,0.363092657532551,0.414438063094116,
0.446743386458192,0.461850875792132,0.488193717434972,0.524907222235692,
0.563357216209187,0.609342015694002,0.65484714993926,0.705153273399951,
0.75552586258275,0.811191374797817,0.875071046739077,0.927264853129781,
0.969946189581744,0.980438411081098,0.989468985793088,1.,1.04562173920473),
 .UNSPECIFIED.);
#19=B_SPLINE_CURVE_WITH_KNOTS('',3,(#2738,#2739,#2740,#2741,#2742,#2743,
#2744,#2745,#2746,#2747,#2748,#2749,#2750,#2751,#2752,#2753,#2754,#2755,
#2756,#2757,#2758,#2759,#2760,#2761,#2762,#2763,#2764),.UNSPECIFIED.,.T.,
 .F.,(1,3,1,1,1,1,1,1,1,1,1,1,1,1,1,1,1,1,1,1,1,1,1,1,1,3,1),(-0.0105310142069123,
0.,0.0456217392047255,0.0939397164599239,0.151806318067322,0.204039429620496,
0.257606870094436,0.306825685289095,0.363092657532551,0.414438063094116,
0.446743386458192,0.461850875792132,0.488193717434972,0.524907222235692,
0.563357216209187,0.609342015694002,0.65484714993926,0.705153273399951,
0.75552586258275,0.811191374797817,0.875071046739077,0.927264853129781,
0.969946189581744,0.980438411081098,0.989468985793088,1.,1.04562173920473),
 .UNSPECIFIED.);
#20=B_SPLINE_CURVE_WITH_KNOTS('',3,(#3077,#3078,#3079,#3080,#3081,#3082,
#3083,#3084,#3085,#3086,#3087,#3088,#3089,#3090,#3091,#3092,#3093,#3094,
#3095,#3096,#3097,#3098,#3099,#3100,#3101,#3102,#3103,#3104,#3105,#3106,
#3107,#3108,#3109,#3110,#3111,#3112,#3113),.UNSPECIFIED.,.F.,.F.,(4,1,1,
1,1,1,1,1,1,1,1,1,1,1,1,1,1,1,1,1,1,1,1,1,1,1,1,1,1,1,1,1,1,1,4),(0.,0.0335561361955369,
0.0741876125868548,0.115293062625134,0.153265637933106,0.195791850004962,
0.234939286205459,0.273372125049264,0.309493528367811,0.344053416529725,
0.387275580512582,0.431735715449209,0.468015909788303,0.488097460979773,
0.502678401175355,0.51502648305568,0.528436176324455,0.542212116864228,
0.555245192828115,0.567614254144369,0.580860800601664,0.594452903386212,
0.606229386896142,0.626668236723967,0.654143215288605,0.68599300551341,
0.71991182340767,0.759623313474136,0.793321010611517,0.826381546188266,
0.862672459153984,0.897178167957202,0.934426873700317,0.972634781710533,
1.),.UNSPECIFIED.);
#21=B_SPLINE_CURVE_WITH_KNOTS('',3,(#3115,#3116,#3117,#3118,#3119,#3120,
#3121,#3122,#3123,#3124,#3125,#3126,#3127,#3128,#3129,#3130,#3131,#3132,
#3133,#3134,#3135,#3136,#3137,#3138,#3139,#3140,#3141,#3142,#3143,#3144,
#3145,#3146,#3147,#3148,#3149,#3150,#3151),.UNSPECIFIED.,.F.,.F.,(4,1,1,
1,1,1,1,1,1,1,1,1,1,1,1,1,1,1,1,1,1,1,1,1,1,1,1,1,1,1,1,1,1,1,4),(0.,0.0335561361955369,
0.0741876125868548,0.115293062625134,0.153265637933106,0.195791850004962,
0.234939286205459,0.273372125049264,0.309493528367811,0.344053416529725,
0.387275580512582,0.431735715449209,0.468015909788303,0.488097460979773,
0.502678401175355,0.51502648305568,0.528436176324455,0.542212116864228,
0.555245192828115,0.567614254144369,0.580860800601664,0.594452903386212,
0.606229386896142,0.626668236723967,0.654143215288605,0.68599300551341,
0.71991182340767,0.759623313474136,0.793321010611517,0.826381546188266,
0.862672459153984,0.897178167957202,0.934426873700317,0.972634781710533,
1.),.UNSPECIFIED.);
#22=B_SPLINE_CURVE_WITH_KNOTS('',3,(#3186,#3187,#3188,#3189,#3190,#3191,
#3192,#3193,#3194,#3195,#3196,#3197,#3198,#3199,#3200,#3201),
 .UNSPECIFIED.,.T.,.F.,(1,3,1,1,1,1,1,1,1,1,1,1,1,1,3,1),(-0.0478355617827078,
0.,0.128203475731156,0.2665091783317,0.296923503632795,0.332192665627298,
0.502968354556773,0.528642528484448,0.574367889547101,0.613794330488776,
0.644326148613979,0.878287061546841,0.907708252540374,0.952164438217292,
1.,1.12820347573116),.UNSPECIFIED.);
#23=B_SPLINE_CURVE_WITH_KNOTS('',3,(#3203,#3204,#3205,#3206,#3207,#3208,
#3209,#3210,#3211,#3212,#3213,#3214,#3215,#3216,#3217,#3218),
 .UNSPECIFIED.,.T.,.F.,(1,3,1,1,1,1,1,1,1,1,1,1,1,1,3,1),(-0.0478355617827078,
0.,0.128203475731156,0.2665091783317,0.296923503632795,0.332192665627298,
0.502968354556773,0.528642528484448,0.574367889547101,0.613794330488776,
0.644326148613979,0.878287061546841,0.907708252540374,0.952164438217292,
1.,1.12820347573116),.UNSPECIFIED.);
#24=B_SPLINE_CURVE_WITH_KNOTS('',3,(#3254,#3255,#3256,#3257,#3258,#3259,
#3260,#3261,#3262,#3263,#3264,#3265,#3266,#3267,#3268,#3269,#3270),
 .UNSPECIFIED.,.T.,.F.,(1,3,1,1,1,1,1,1,1,1,1,1,1,1,1,3,1),(-0.0325510547879439,
0.,0.161559686939992,0.186574385339129,0.234423338275086,0.265485197371385,
0.408269788509936,0.538461353988938,0.572600948451499,0.610063756317137,
0.648353686928122,0.771119334702948,0.888757213151034,0.924245597131837,
0.967448945212056,1.,1.16155968693999),.UNSPECIFIED.);
#25=B_SPLINE_CURVE_WITH_KNOTS('',3,(#3272,#3273,#3274,#3275,#3276,#3277,
#3278,#3279,#3280,#3281,#3282,#3283,#3284,#3285,#3286,#3287,#3288),
 .UNSPECIFIED.,.T.,.F.,(1,3,1,1,1,1,1,1,1,1,1,1,1,1,1,3,1),(-0.0325510547879439,
0.,0.161559686939992,0.186574385339129,0.234423338275086,0.265485197371385,
0.408269788509936,0.538461353988938,0.572600948451499,0.610063756317137,
0.648353686928122,0.771119334702948,0.888757213151034,0.924245597131837,
0.967448945212056,1.,1.16155968693999),.UNSPECIFIED.);
#26=B_SPLINE_CURVE_WITH_KNOTS('',3,(#3328,#3329,#3330,#3331,#3332,#3333,
#3334,#3335,#3336,#3337,#3338,#3339,#3340,#3341,#3342,#3343,#3344,#3345,
#3346),.UNSPECIFIED.,.T.,.F.,(1,3,1,1,1,1,1,1,1,1,1,1,1,1,1,1,1,3,1),(-0.0392433166408314,
0.,0.103938636764663,0.195112538182296,0.231184263456986,0.268475451755426,
0.304624612930588,0.410207100755966,0.502263591422378,0.537899868600641,
0.572872855487877,0.601261350841246,0.716901386791269,0.831402773233077,
0.89580256538553,0.928040007375702,0.960756683359169,1.,1.10393863676466),
 .UNSPECIFIED.);
#27=B_SPLINE_CURVE_WITH_KNOTS('',3,(#3348,#3349,#3350,#3351,#3352,#3353,
#3354,#3355,#3356,#3357,#3358,#3359,#3360,#3361,#3362,#3363,#3364,#3365,
#3366),.UNSPECIFIED.,.T.,.F.,(1,3,1,1,1,1,1,1,1,1,1,1,1,1,1,1,1,3,1),(-0.0392433166408314,
0.,0.103938636764663,0.195112538182296,0.231184263456986,0.268475451755426,
0.304624612930588,0.410207100755966,0.502263591422378,0.537899868600641,
0.572872855487877,0.601261350841246,0.716901386791269,0.831402773233077,
0.89580256538553,0.928040007375702,0.960756683359169,1.,1.10393863676466),
 .UNSPECIFIED.);
#28=B_SPLINE_CURVE_WITH_KNOTS('',3,(#3402,#3403,#3404,#3405,#3406,#3407,
#3408,#3409,#3410,#3411,#3412,#3413,#3414,#3415,#3416,#3417,#3418),
 .UNSPECIFIED.,.T.,.F.,(1,3,1,1,1,1,1,1,1,1,1,1,1,1,1,3,1),(-0.041064602550932,
0.,0.120805985428861,0.238830072792718,0.349264337805517,0.38222216852581,
0.425554513854269,0.455306081827733,0.595149116096875,0.630938964893036,
0.680193383010003,0.713654355493817,0.875710924892341,0.915448042494731,
0.958935397449068,1.,1.12080598542886),.UNSPECIFIED.);
#29=B_SPLINE_CURVE_WITH_KNOTS('',3,(#3420,#3421,#3422,#3423,#3424,#3425,
#3426,#3427,#3428,#3429,#3430,#3431,#3432,#3433,#3434,#3435,#3436),
 .UNSPECIFIED.,.T.,.F.,(1,3,1,1,1,1,1,1,1,1,1,1,1,1,1,3,1),(-0.041064602550932,
0.,0.120805985428861,0.238830072792718,0.349264337805517,0.38222216852581,
0.425554513854269,0.455306081827733,0.595149116096875,0.630938964893036,
0.680193383010003,0.713654355493817,0.875710924892341,0.915448042494731,
0.958935397449068,1.,1.12080598542886),.UNSPECIFIED.);
#30=B_SPLINE_CURVE_WITH_KNOTS('',3,(#3472,#3473,#3474,#3475,#3476,#3477,
#3478,#3479,#3480,#3481,#3482,#3483,#3484,#3485,#3486,#3487,#3488),
 .UNSPECIFIED.,.T.,.F.,(1,3,1,1,1,1,1,1,1,1,1,1,1,1,1,3,1),(-0.0383933921642836,
0.,0.14965610256137,0.184928233160738,0.228739250102359,0.341231560328084,
0.437581516991165,0.477842781198172,0.527413545542279,0.565384191373883,
0.672736249270144,0.805592325012721,0.877644451137909,0.920853637029079,
0.961606607835716,1.,1.14965610256137),.UNSPECIFIED.);
#31=B_SPLINE_CURVE_WITH_KNOTS('',3,(#3490,#3491,#3492,#3493,#3494,#3495,
#3496,#3497,#3498,#3499,#3500,#3501,#3502,#3503,#3504,#3505,#3506),
 .UNSPECIFIED.,.T.,.F.,(1,3,1,1,1,1,1,1,1,1,1,1,1,1,1,3,1),(-0.0383933921642836,
0.,0.14965610256137,0.184928233160738,0.228739250102359,0.341231560328084,
0.437581516991165,0.477842781198172,0.527413545542279,0.565384191373883,
0.672736249270144,0.805592325012721,0.877644451137909,0.920853637029079,
0.961606607835716,1.,1.14965610256137),.UNSPECIFIED.);
#32=B_SPLINE_CURVE_WITH_KNOTS('',3,(#3548,#3549,#3550,#3551,#3552,#3553,
#3554,#3555,#3556,#3557,#3558,#3559,#3560,#3561,#3562,#3563,#3564,#3565,
#3566,#3567),.UNSPECIFIED.,.T.,.F.,(1,3,1,1,1,1,1,1,1,1,1,1,1,1,1,1,1,1,
3,1),(-0.0410915416957205,0.,0.0865596088169183,0.169630457222504,0.205768940310864,
0.241527099174259,0.280389079933991,0.369404027307212,0.480527736730635,
0.580334101576286,0.607249392529262,0.643441116580043,0.679445196482146,
0.721382972683548,0.811270304448618,0.897152894773947,0.923040288305142,
0.95890845830428,1.,1.08655960881692),.UNSPECIFIED.);
#33=B_SPLINE_CURVE_WITH_KNOTS('',3,(#3569,#3570,#3571,#3572,#3573,#3574,
#3575,#3576,#3577,#3578,#3579,#3580,#3581,#3582,#3583,#3584,#3585,#3586,
#3587,#3588),.UNSPECIFIED.,.T.,.F.,(1,3,1,1,1,1,1,1,1,1,1,1,1,1,1,1,1,1,
3,1),(-0.0410915416957205,0.,0.0865596088169183,0.169630457222504,0.205768940310864,
0.241527099174259,0.280389079933991,0.369404027307212,0.480527736730635,
0.580334101576286,0.607249392529262,0.643441116580043,0.679445196482146,
0.721382972683548,0.811270304448618,0.897152894773947,0.923040288305142,
0.95890845830428,1.,1.08655960881692),.UNSPECIFIED.);
#34=B_SPLINE_CURVE_WITH_KNOTS('',3,(#3628,#3629,#3630,#3631,#3632,#3633,
#3634,#3635,#3636,#3637,#3638,#3639,#3640,#3641,#3642,#3643,#3644,#3645,
#3646),.UNSPECIFIED.,.T.,.F.,(1,3,1,1,1,1,1,1,1,1,1,1,1,1,1,1,1,3,1),(-0.038195343543155,
0.,0.0920814932123784,0.184964693795103,0.220376489841695,0.257855442455836,
0.345200655219238,0.436852754706847,0.47767413005913,0.51965967658229,0.565081805298331,
0.605802048350889,0.739622301245914,0.840677891581827,0.883129295011943,
0.921701137718061,0.961804656456845,1.,1.09208149321238),.UNSPECIFIED.);
#35=B_SPLINE_CURVE_WITH_KNOTS('',3,(#3648,#3649,#3650,#3651,#3652,#3653,
#3654,#3655,#3656,#3657,#3658,#3659,#3660,#3661,#3662,#3663,#3664,#3665,
#3666),.UNSPECIFIED.,.T.,.F.,(1,3,1,1,1,1,1,1,1,1,1,1,1,1,1,1,1,3,1),(-0.038195343543155,
0.,0.0920814932123784,0.184964693795103,0.220376489841695,0.257855442455836,
0.345200655219238,0.436852754706847,0.47767413005913,0.51965967658229,0.565081805298331,
0.605802048350889,0.739622301245914,0.840677891581827,0.883129295011943,
0.921701137718061,0.961804656456845,1.,1.09208149321238),.UNSPECIFIED.);
#36=B_SPLINE_CURVE_WITH_KNOTS('',3,(#3702,#3703,#3704,#3705,#3706,#3707,
#3708,#3709,#3710,#3711,#3712,#3713,#3714,#3715,#3716,#3717,#3718),
 .UNSPECIFIED.,.T.,.F.,(1,3,1,1,1,1,1,1,1,1,1,1,1,1,1,3,1),(-0.0518908655082715,
0.,0.131582886240969,0.183756755286143,0.234784042974317,0.280361358137942,
0.334761151642406,0.468982329482052,0.590410261423184,0.639782918504224,
0.686120262695131,0.733372143861203,0.814785762350145,0.901771919253557,
0.948109134491729,1.,1.13158288624097),.UNSPECIFIED.);
#37=B_SPLINE_CURVE_WITH_KNOTS('',3,(#3720,#3721,#3722,#3723,#3724,#3725,
#3726,#3727,#3728,#3729,#3730,#3731,#3732,#3733,#3734,#3735,#3736),
 .UNSPECIFIED.,.T.,.F.,(1,3,1,1,1,1,1,1,1,1,1,1,1,1,1,3,1),(-0.0518908655082715,
0.,0.131582886240969,0.183756755286143,0.234784042974317,0.280361358137942,
0.334761151642406,0.468982329482052,0.590410261423184,0.639782918504224,
0.686120262695131,0.733372143861203,0.814785762350145,0.901771919253557,
0.948109134491729,1.,1.13158288624097),.UNSPECIFIED.);
#38=B_SPLINE_CURVE_WITH_KNOTS('',3,(#3985,#3986,#3987,#3988,#3989,#3990,
#3991,#3992,#3993,#3994,#3995,#3996,#3997,#3998,#3999,#4000,#4001,#4002,
#4003,#4004,#4005,#4006,#4007,#4008,#4009,#4010,#4011,#4012,#4013,#4014,
#4015,#4016,#4017,#4018,#4019,#4020,#4021),.UNSPECIFIED.,.F.,.F.,(4,1,1,
1,1,1,1,1,1,1,1,1,1,1,1,1,1,1,1,1,1,1,1,1,1,1,1,1,1,1,1,1,1,1,4),(0.,0.0335561361955369,
0.0741876125868548,0.115293062625134,0.153265637933106,0.195791850004962,
0.234939286205459,0.273372125049264,0.309493528367811,0.344053416529725,
0.387275580512582,0.431735715449209,0.468015909788303,0.488097460979773,
0.502678401175355,0.51502648305568,0.528436176324455,0.542212116864228,
0.555245192828115,0.567614254144369,0.580860800601664,0.594452903386212,
0.606229386896142,0.626668236723967,0.654143215288605,0.68599300551341,
0.71991182340767,0.759623313474136,0.793321010611517,0.826381546188266,
0.862672459153984,0.897178167957202,0.934426873700317,0.972634781710533,
1.),.UNSPECIFIED.);
#39=B_SPLINE_CURVE_WITH_KNOTS('',3,(#4025,#4026,#4027,#4028,#4029,#4030,
#4031,#4032,#4033,#4034,#4035,#4036,#4037,#4038,#4039,#4040,#4041,#4042,
#4043,#4044,#4045,#4046,#4047,#4048,#4049,#4050,#4051,#4052,#4053,#4054,
#4055,#4056,#4057,#4058,#4059,#4060,#4061),.UNSPECIFIED.,.F.,.F.,(4,1,1,
1,1,1,1,1,1,1,1,1,1,1,1,1,1,1,1,1,1,1,1,1,1,1,1,1,1,1,1,1,1,1,4),(0.,0.0335561361955369,
0.0741876125868548,0.115293062625134,0.153265637933106,0.195791850004962,
0.234939286205459,0.273372125049264,0.309493528367811,0.344053416529725,
0.387275580512582,0.431735715449209,0.468015909788303,0.488097460979773,
0.502678401175355,0.51502648305568,0.528436176324455,0.542212116864228,
0.555245192828115,0.567614254144369,0.580860800601664,0.594452903386212,
0.606229386896142,0.626668236723967,0.654143215288605,0.68599300551341,
0.71991182340767,0.759623313474136,0.793321010611517,0.826381546188266,
0.862672459153984,0.897178167957202,0.934426873700317,0.972634781710533,
1.),.UNSPECIFIED.);
#40=B_SPLINE_CURVE_WITH_KNOTS('',3,(#4094,#4095,#4096,#4097,#4098,#4099,
#4100,#4101,#4102,#4103,#4104,#4105,#4106,#4107,#4108,#4109),
 .UNSPECIFIED.,.T.,.F.,(1,3,1,1,1,1,1,1,1,1,1,1,1,1,3,1),(-0.0478355617827078,
0.,0.128203475731156,0.2665091783317,0.296923503632795,0.332192665627298,
0.502968354556773,0.528642528484448,0.574367889547101,0.613794330488776,
0.644326148613979,0.878287061546841,0.907708252540374,0.952164438217292,
1.,1.12820347573116),.UNSPECIFIED.);
#41=B_SPLINE_CURVE_WITH_KNOTS('',3,(#4111,#4112,#4113,#4114,#4115,#4116,
#4117,#4118,#4119,#4120,#4121,#4122,#4123,#4124,#4125,#4126),
 .UNSPECIFIED.,.T.,.F.,(1,3,1,1,1,1,1,1,1,1,1,1,1,1,3,1),(-0.0478355617827078,
0.,0.128203475731156,0.2665091783317,0.296923503632795,0.332192665627298,
0.502968354556773,0.528642528484448,0.574367889547101,0.613794330488776,
0.644326148613979,0.878287061546841,0.907708252540374,0.952164438217292,
1.,1.12820347573116),.UNSPECIFIED.);
#42=B_SPLINE_CURVE_WITH_KNOTS('',3,(#4162,#4163,#4164,#4165,#4166,#4167,
#4168,#4169,#4170,#4171,#4172,#4173,#4174,#4175,#4176,#4177,#4178),
 .UNSPECIFIED.,.T.,.F.,(1,3,1,1,1,1,1,1,1,1,1,1,1,1,1,3,1),(-0.0325510547879439,
0.,0.161559686939992,0.186574385339129,0.234423338275086,0.265485197371385,
0.408269788509936,0.538461353988938,0.572600948451499,0.610063756317137,
0.648353686928122,0.771119334702948,0.888757213151034,0.924245597131837,
0.967448945212056,1.,1.16155968693999),.UNSPECIFIED.);
#43=B_SPLINE_CURVE_WITH_KNOTS('',3,(#4180,#4181,#4182,#4183,#4184,#4185,
#4186,#4187,#4188,#4189,#4190,#4191,#4192,#4193,#4194,#4195,#4196),
 .UNSPECIFIED.,.T.,.F.,(1,3,1,1,1,1,1,1,1,1,1,1,1,1,1,3,1),(-0.0325510547879439,
0.,0.161559686939992,0.186574385339129,0.234423338275086,0.265485197371385,
0.408269788509936,0.538461353988938,0.572600948451499,0.610063756317137,
0.648353686928122,0.771119334702948,0.888757213151034,0.924245597131837,
0.967448945212056,1.,1.16155968693999),.UNSPECIFIED.);
#44=B_SPLINE_CURVE_WITH_KNOTS('',3,(#4236,#4237,#4238,#4239,#4240,#4241,
#4242,#4243,#4244,#4245,#4246,#4247,#4248,#4249,#4250,#4251,#4252,#4253,
#4254),.UNSPECIFIED.,.T.,.F.,(1,3,1,1,1,1,1,1,1,1,1,1,1,1,1,1,1,3,1),(-0.0392433166408314,
0.,0.103938636764663,0.195112538182296,0.231184263456986,0.268475451755426,
0.304624612930588,0.410207100755966,0.502263591422378,0.537899868600641,
0.572872855487877,0.601261350841246,0.716901386791269,0.831402773233077,
0.89580256538553,0.928040007375702,0.960756683359169,1.,1.10393863676466),
 .UNSPECIFIED.);
#45=B_SPLINE_CURVE_WITH_KNOTS('',3,(#4256,#4257,#4258,#4259,#4260,#4261,
#4262,#4263,#4264,#4265,#4266,#4267,#4268,#4269,#4270,#4271,#4272,#4273,
#4274),.UNSPECIFIED.,.T.,.F.,(1,3,1,1,1,1,1,1,1,1,1,1,1,1,1,1,1,3,1),(-0.0392433166408314,
0.,0.103938636764663,0.195112538182296,0.231184263456986,0.268475451755426,
0.304624612930588,0.410207100755966,0.502263591422378,0.537899868600641,
0.572872855487877,0.601261350841246,0.716901386791269,0.831402773233077,
0.89580256538553,0.928040007375702,0.960756683359169,1.,1.10393863676466),
 .UNSPECIFIED.);
#46=B_SPLINE_CURVE_WITH_KNOTS('',3,(#4310,#4311,#4312,#4313,#4314,#4315,
#4316,#4317,#4318,#4319,#4320,#4321,#4322,#4323,#4324,#4325,#4326),
 .UNSPECIFIED.,.T.,.F.,(1,3,1,1,1,1,1,1,1,1,1,1,1,1,1,3,1),(-0.041064602550932,
0.,0.120805985428861,0.238830072792718,0.349264337805517,0.38222216852581,
0.425554513854269,0.455306081827733,0.595149116096875,0.630938964893036,
0.680193383010003,0.713654355493817,0.875710924892341,0.915448042494731,
0.958935397449068,1.,1.12080598542886),.UNSPECIFIED.);
#47=B_SPLINE_CURVE_WITH_KNOTS('',3,(#4328,#4329,#4330,#4331,#4332,#4333,
#4334,#4335,#4336,#4337,#4338,#4339,#4340,#4341,#4342,#4343,#4344),
 .UNSPECIFIED.,.T.,.F.,(1,3,1,1,1,1,1,1,1,1,1,1,1,1,1,3,1),(-0.041064602550932,
0.,0.120805985428861,0.238830072792718,0.349264337805517,0.38222216852581,
0.425554513854269,0.455306081827733,0.595149116096875,0.630938964893036,
0.680193383010003,0.713654355493817,0.875710924892341,0.915448042494731,
0.958935397449068,1.,1.12080598542886),.UNSPECIFIED.);
#48=B_SPLINE_CURVE_WITH_KNOTS('',3,(#4380,#4381,#4382,#4383,#4384,#4385,
#4386,#4387,#4388,#4389,#4390,#4391,#4392,#4393,#4394,#4395,#4396),
 .UNSPECIFIED.,.T.,.F.,(1,3,1,1,1,1,1,1,1,1,1,1,1,1,1,3,1),(-0.0383933921642836,
0.,0.14965610256137,0.184928233160738,0.228739250102359,0.341231560328084,
0.437581516991165,0.477842781198172,0.527413545542279,0.565384191373883,
0.672736249270144,0.805592325012721,0.877644451137909,0.920853637029079,
0.961606607835716,1.,1.14965610256137),.UNSPECIFIED.);
#49=B_SPLINE_CURVE_WITH_KNOTS('',3,(#4398,#4399,#4400,#4401,#4402,#4403,
#4404,#4405,#4406,#4407,#4408,#4409,#4410,#4411,#4412,#4413,#4414),
 .UNSPECIFIED.,.T.,.F.,(1,3,1,1,1,1,1,1,1,1,1,1,1,1,1,3,1),(-0.0383933921642836,
0.,0.14965610256137,0.184928233160738,0.228739250102359,0.341231560328084,
0.437581516991165,0.477842781198172,0.527413545542279,0.565384191373883,
0.672736249270144,0.805592325012721,0.877644451137909,0.920853637029079,
0.961606607835716,1.,1.14965610256137),.UNSPECIFIED.);
#50=B_SPLINE_CURVE_WITH_KNOTS('',3,(#4456,#4457,#4458,#4459,#4460,#4461,
#4462,#4463,#4464,#4465,#4466,#4467,#4468,#4469,#4470,#4471,#4472,#4473,
#4474,#4475),.UNSPECIFIED.,.T.,.F.,(1,3,1,1,1,1,1,1,1,1,1,1,1,1,1,1,1,1,
3,1),(-0.0410915416957205,0.,0.0865596088169183,0.169630457222504,0.205768940310864,
0.241527099174259,0.280389079933991,0.369404027307212,0.480527736730635,
0.580334101576286,0.607249392529262,0.643441116580043,0.679445196482146,
0.721382972683548,0.811270304448618,0.897152894773947,0.923040288305142,
0.95890845830428,1.,1.08655960881692),.UNSPECIFIED.);
#51=B_SPLINE_CURVE_WITH_KNOTS('',3,(#4477,#4478,#4479,#4480,#4481,#4482,
#4483,#4484,#4485,#4486,#4487,#4488,#4489,#4490,#4491,#4492,#4493,#4494,
#4495,#4496),.UNSPECIFIED.,.T.,.F.,(1,3,1,1,1,1,1,1,1,1,1,1,1,1,1,1,1,1,
3,1),(-0.0410915416957205,0.,0.0865596088169183,0.169630457222504,0.205768940310864,
0.241527099174259,0.280389079933991,0.369404027307212,0.480527736730635,
0.580334101576286,0.607249392529262,0.643441116580043,0.679445196482146,
0.721382972683548,0.811270304448618,0.897152894773947,0.923040288305142,
0.95890845830428,1.,1.08655960881692),.UNSPECIFIED.);
#52=B_SPLINE_CURVE_WITH_KNOTS('',3,(#4536,#4537,#4538,#4539,#4540,#4541,
#4542,#4543,#4544,#4545,#4546,#4547,#4548,#4549,#4550,#4551,#4552,#4553,
#4554),.UNSPECIFIED.,.T.,.F.,(1,3,1,1,1,1,1,1,1,1,1,1,1,1,1,1,1,3,1),(-0.038195343543155,
0.,0.0920814932123784,0.184964693795103,0.220376489841695,0.257855442455836,
0.345200655219238,0.436852754706847,0.47767413005913,0.51965967658229,0.565081805298331,
0.605802048350889,0.739622301245914,0.840677891581827,0.883129295011943,
0.921701137718061,0.961804656456845,1.,1.09208149321238),.UNSPECIFIED.);
#53=B_SPLINE_CURVE_WITH_KNOTS('',3,(#4556,#4557,#4558,#4559,#4560,#4561,
#4562,#4563,#4564,#4565,#4566,#4567,#4568,#4569,#4570,#4571,#4572,#4573,
#4574),.UNSPECIFIED.,.T.,.F.,(1,3,1,1,1,1,1,1,1,1,1,1,1,1,1,1,1,3,1),(-0.038195343543155,
0.,0.0920814932123784,0.184964693795103,0.220376489841695,0.257855442455836,
0.345200655219238,0.436852754706847,0.47767413005913,0.51965967658229,0.565081805298331,
0.605802048350889,0.739622301245914,0.840677891581827,0.883129295011943,
0.921701137718061,0.961804656456845,1.,1.09208149321238),.UNSPECIFIED.);
#54=B_SPLINE_CURVE_WITH_KNOTS('',3,(#4610,#4611,#4612,#4613,#4614,#4615,
#4616,#4617,#4618,#4619,#4620,#4621,#4622,#4623,#4624,#4625,#4626),
 .UNSPECIFIED.,.T.,.F.,(1,3,1,1,1,1,1,1,1,1,1,1,1,1,1,3,1),(-0.0518908655082715,
0.,0.131582886240969,0.183756755286143,0.234784042974317,0.280361358137942,
0.334761151642406,0.468982329482052,0.590410261423184,0.639782918504224,
0.686120262695131,0.733372143861203,0.814785762350145,0.901771919253557,
0.948109134491729,1.,1.13158288624097),.UNSPECIFIED.);
#55=B_SPLINE_CURVE_WITH_KNOTS('',3,(#4628,#4629,#4630,#4631,#4632,#4633,
#4634,#4635,#4636,#4637,#4638,#4639,#4640,#4641,#4642,#4643,#4644),
 .UNSPECIFIED.,.T.,.F.,(1,3,1,1,1,1,1,1,1,1,1,1,1,1,1,3,1),(-0.0518908655082715,
0.,0.131582886240969,0.183756755286143,0.234784042974317,0.280361358137942,
0.334761151642406,0.468982329482052,0.590410261423184,0.639782918504224,
0.686120262695131,0.733372143861203,0.814785762350145,0.901771919253557,
0.948109134491729,1.,1.13158288624097),.UNSPECIFIED.);
#56=B_SPLINE_SURFACE_WITH_KNOTS('',3,1,((#2415,#2416),(#2417,#2418),(#2419,
#2420),(#2421,#2422),(#2423,#2424),(#2425,#2426),(#2427,#2428),(#2429,#2430),
(#2431,#2432),(#2433,#2434),(#2435,#2436),(#2437,#2438),(#2439,#2440),(#2441,
#2442),(#2443,#2444),(#2445,#2446),(#2447,#2448),(#2449,#2450),(#2451,#2452),
(#2453,#2454),(#2455,#2456),(#2457,#2458),(#2459,#2460),(#2461,#2462),(#2463,
#2464),(#2465,#2466),(#2467,#2468)),.SURF_OF_LINEAR_EXTRUSION.,.T.,.F.,
 .F.,(1,3,1,1,1,1,1,1,1,1,1,1,1,1,1,1,1,1,1,1,1,1,1,1,1,3,1),(2,2),(-0.0105310142069123,
0.,0.0456217392047255,0.0939397164599239,0.151806318067322,0.204039429620496,
0.257606870094436,0.306825685289095,0.363092657532551,0.414438063094116,
0.446743386458192,0.461850875792132,0.488193717434972,0.524907222235692,
0.563357216209187,0.609342015694002,0.65484714993926,0.705153273399951,
0.75552586258275,0.811191374797817,0.875071046739077,0.927264853129781,
0.969946189581744,0.980438411081098,0.989468985793088,1.,1.04562173920473),
(0.,1.),.UNSPECIFIED.);
#57=B_SPLINE_SURFACE_WITH_KNOTS('',3,1,((#2865,#2866),(#2867,#2868),(#2869,
#2870),(#2871,#2872),(#2873,#2874),(#2875,#2876),(#2877,#2878),(#2879,#2880),
(#2881,#2882),(#2883,#2884),(#2885,#2886),(#2887,#2888),(#2889,#2890),(#2891,
#2892),(#2893,#2894),(#2895,#2896),(#2897,#2898),(#2899,#2900),(#2901,#2902),
(#2903,#2904),(#2905,#2906),(#2907,#2908),(#2909,#2910),(#2911,#2912),(#2913,
#2914),(#2915,#2916),(#2917,#2918),(#2919,#2920),(#2921,#2922),(#2923,#2924),
(#2925,#2926),(#2927,#2928),(#2929,#2930),(#2931,#2932),(#2933,#2934),(#2935,
#2936),(#2937,#2938),(#2939,#2940),(#2941,#2942),(#2943,#2944),(#2945,#2946),
(#2947,#2948),(#2949,#2950),(#2951,#2952),(#2953,#2954),(#2955,#2956),(#2957,
#2958),(#2959,#2960),(#2961,#2962),(#2963,#2964),(#2965,#2966),(#2967,#2968),
(#2969,#2970),(#2971,#2972),(#2973,#2974),(#2975,#2976),(#2977,#2978),(#2979,
#2980),(#2981,#2982),(#2983,#2984),(#2985,#2986),(#2987,#2988),(#2989,#2990),
(#2991,#2992),(#2993,#2994),(#2995,#2996),(#2997,#2998),(#2999,#3000),(#3001,
#3002),(#3003,#3004),(#3005,#3006),(#3007,#3008),(#3009,#3010),(#3011,#3012),
(#3013,#3014),(#3015,#3016),(#3017,#3018),(#3019,#3020),(#3021,#3022),(#3023,
#3024),(#3025,#3026),(#3027,#3028),(#3029,#3030),(#3031,#3032),(#3033,#3034),
(#3035,#3036),(#3037,#3038),(#3039,#3040),(#3041,#3042),(#3043,#3044),(#3045,
#3046),(#3047,#3048),(#3049,#3050),(#3051,#3052),(#3053,#3054),(#3055,#3056),
(#3057,#3058),(#3059,#3060),(#3061,#3062),(#3063,#3064),(#3065,#3066),(#3067,
#3068),(#3069,#3070),(#3071,#3072),(#3073,#3074),(#3075,#3076)),
 .SURF_OF_LINEAR_EXTRUSION.,.F.,.F.,.F.,(4,1,1,1,1,1,1,1,1,1,1,1,1,1,1,
1,1,1,1,1,1,1,1,1,1,1,1,1,1,1,1,1,1,1,1,1,1,1,1,1,1,1,1,1,1,1,1,1,1,1,1,
1,1,1,1,1,1,1,1,1,1,1,1,1,1,1,1,1,1,1,1,1,1,1,1,1,1,1,1,1,1,1,1,1,1,1,1,
1,1,1,1,1,1,1,1,1,1,1,1,1,1,1,1,4),(2,2),(0.,0.015625,0.03125,0.0390625,
0.046875,0.0625,0.078125,0.09375,0.109375,0.1171875,0.125,0.140625,0.1484375,
0.15625,0.1640625,0.171875,0.1796875,0.1875,0.1953125,0.203125,0.2109375,
0.21875,0.234375,0.25,0.265625,0.28125,0.296875,0.3046875,0.3125,0.328125,
0.34375,0.359375,0.375,0.390625,0.40625,0.421875,0.4296875,0.4375,0.4453125,
0.453125,0.46875,0.4765625,0.484375,0.48828125,0.4921875,0.5,0.50390625,
0.5078125,0.515625,0.5234375,0.52734375,0.53125,0.5390625,0.546875,0.5546875,
0.5625,0.56640625,0.5703125,0.578125,0.58203125,0.5859375,0.59375,0.59765625,
0.6015625,0.60546875,0.609375,0.61328125,0.6171875,0.625,0.6328125,0.640625,
0.65625,0.671875,0.6875,0.703125,0.71875,0.734375,0.7421875,0.75,0.7578125,
0.765625,0.7734375,0.78125,0.796875,0.8125,0.828125,0.84375,0.859375,0.8671875,
0.875,0.890625,0.90625,0.921875,0.9296875,0.9375,0.9453125,0.953125,0.9609375,
0.96875,0.97265625,0.9765625,0.984375,0.9921875,1.),(0.,1.),
 .UNSPECIFIED.);
#58=B_SPLINE_SURFACE_WITH_KNOTS('',3,1,((#3154,#3155),(#3156,#3157),(#3158,
#3159),(#3160,#3161),(#3162,#3163),(#3164,#3165),(#3166,#3167),(#3168,#3169),
(#3170,#3171),(#3172,#3173),(#3174,#3175),(#3176,#3177),(#3178,#3179),(#3180,
#3181),(#3182,#3183),(#3184,#3185)),.SURF_OF_LINEAR_EXTRUSION.,.T.,.F.,
 .F.,(1,3,1,1,1,1,1,1,1,1,1,1,1,1,3,1),(2,2),(-0.0478355617827078,0.,0.128203475731156,
0.2665091783317,0.296923503632795,0.332192665627298,0.502968354556773,0.528642528484448,
0.574367889547101,0.613794330488776,0.644326148613979,0.878287061546841,
0.907708252540374,0.952164438217292,1.,1.12820347573116),(0.,1.),
 .UNSPECIFIED.);
#59=B_SPLINE_SURFACE_WITH_KNOTS('',3,1,((#3220,#3221),(#3222,#3223),(#3224,
#3225),(#3226,#3227),(#3228,#3229),(#3230,#3231),(#3232,#3233),(#3234,#3235),
(#3236,#3237),(#3238,#3239),(#3240,#3241),(#3242,#3243),(#3244,#3245),(#3246,
#3247),(#3248,#3249),(#3250,#3251),(#3252,#3253)),
 .SURF_OF_LINEAR_EXTRUSION.,.T.,.F.,.F.,(1,3,1,1,1,1,1,1,1,1,1,1,1,1,1,
3,1),(2,2),(-0.0325510547879439,0.,0.161559686939992,0.186574385339129,
0.234423338275086,0.265485197371385,0.408269788509936,0.538461353988938,
0.572600948451499,0.610063756317137,0.648353686928122,0.771119334702948,
0.888757213151034,0.924245597131837,0.967448945212056,1.,1.16155968693999),
(0.,1.),.UNSPECIFIED.);
#60=B_SPLINE_SURFACE_WITH_KNOTS('',3,1,((#3290,#3291),(#3292,#3293),(#3294,
#3295),(#3296,#3297),(#3298,#3299),(#3300,#3301),(#3302,#3303),(#3304,#3305),
(#3306,#3307),(#3308,#3309),(#3310,#3311),(#3312,#3313),(#3314,#3315),(#3316,
#3317),(#3318,#3319),(#3320,#3321),(#3322,#3323),(#3324,#3325),(#3326,#3327)),
 .SURF_OF_LINEAR_EXTRUSION.,.T.,.F.,.F.,(1,3,1,1,1,1,1,1,1,1,1,1,1,1,1,
1,1,3,1),(2,2),(-0.0392433166408314,0.,0.103938636764663,0.195112538182296,
0.231184263456986,0.268475451755426,0.304624612930588,0.410207100755966,
0.502263591422378,0.537899868600641,0.572872855487877,0.601261350841246,
0.716901386791269,0.831402773233077,0.89580256538553,0.928040007375702,
0.960756683359169,1.,1.10393863676466),(0.,1.),.UNSPECIFIED.);
#61=B_SPLINE_SURFACE_WITH_KNOTS('',3,1,((#3368,#3369),(#3370,#3371),(#3372,
#3373),(#3374,#3375),(#3376,#3377),(#3378,#3379),(#3380,#3381),(#3382,#3383),
(#3384,#3385),(#3386,#3387),(#3388,#3389),(#3390,#3391),(#3392,#3393),(#3394,
#3395),(#3396,#3397),(#3398,#3399),(#3400,#3401)),
 .SURF_OF_LINEAR_EXTRUSION.,.T.,.F.,.F.,(1,3,1,1,1,1,1,1,1,1,1,1,1,1,1,
3,1),(2,2),(-0.041064602550932,0.,0.120805985428861,0.238830072792718,0.349264337805517,
0.38222216852581,0.425554513854269,0.455306081827733,0.595149116096875,
0.630938964893036,0.680193383010003,0.713654355493817,0.875710924892341,
0.915448042494731,0.958935397449068,1.,1.12080598542886),(0.,1.),
 .UNSPECIFIED.);
#62=B_SPLINE_SURFACE_WITH_KNOTS('',3,1,((#3438,#3439),(#3440,#3441),(#3442,
#3443),(#3444,#3445),(#3446,#3447),(#3448,#3449),(#3450,#3451),(#3452,#3453),
(#3454,#3455),(#3456,#3457),(#3458,#3459),(#3460,#3461),(#3462,#3463),(#3464,
#3465),(#3466,#3467),(#3468,#3469),(#3470,#3471)),
 .SURF_OF_LINEAR_EXTRUSION.,.T.,.F.,.F.,(1,3,1,1,1,1,1,1,1,1,1,1,1,1,1,
3,1),(2,2),(-0.0383933921642836,0.,0.14965610256137,0.184928233160738,0.228739250102359,
0.341231560328084,0.437581516991165,0.477842781198172,0.527413545542279,
0.565384191373883,0.672736249270144,0.805592325012721,0.877644451137909,
0.920853637029079,0.961606607835716,1.,1.14965610256137),(0.,1.),
 .UNSPECIFIED.);
#63=B_SPLINE_SURFACE_WITH_KNOTS('',3,1,((#3508,#3509),(#3510,#3511),(#3512,
#3513),(#3514,#3515),(#3516,#3517),(#3518,#3519),(#3520,#3521),(#3522,#3523),
(#3524,#3525),(#3526,#3527),(#3528,#3529),(#3530,#3531),(#3532,#3533),(#3534,
#3535),(#3536,#3537),(#3538,#3539),(#3540,#3541),(#3542,#3543),(#3544,#3545),
(#3546,#3547)),.SURF_OF_LINEAR_EXTRUSION.,.T.,.F.,.F.,(1,3,1,1,1,1,1,1,
1,1,1,1,1,1,1,1,1,1,3,1),(2,2),(-0.0410915416957205,0.,0.0865596088169183,
0.169630457222504,0.205768940310864,0.241527099174259,0.280389079933991,
0.369404027307212,0.480527736730635,0.580334101576286,0.607249392529262,
0.643441116580043,0.679445196482146,0.721382972683548,0.811270304448618,
0.897152894773947,0.923040288305142,0.95890845830428,1.,1.08655960881692),
(0.,1.),.UNSPECIFIED.);
#64=B_SPLINE_SURFACE_WITH_KNOTS('',3,1,((#3590,#3591),(#3592,#3593),(#3594,
#3595),(#3596,#3597),(#3598,#3599),(#3600,#3601),(#3602,#3603),(#3604,#3605),
(#3606,#3607),(#3608,#3609),(#3610,#3611),(#3612,#3613),(#3614,#3615),(#3616,
#3617),(#3618,#3619),(#3620,#3621),(#3622,#3623),(#3624,#3625),(#3626,#3627)),
 .SURF_OF_LINEAR_EXTRUSION.,.T.,.F.,.F.,(1,3,1,1,1,1,1,1,1,1,1,1,1,1,1,
1,1,3,1),(2,2),(-0.038195343543155,0.,0.0920814932123784,0.184964693795103,
0.220376489841695,0.257855442455836,0.345200655219238,0.436852754706847,
0.47767413005913,0.51965967658229,0.565081805298331,0.605802048350889,0.739622301245914,
0.840677891581827,0.883129295011943,0.921701137718061,0.961804656456845,
1.,1.09208149321238),(0.,1.),.UNSPECIFIED.);
#65=B_SPLINE_SURFACE_WITH_KNOTS('',3,1,((#3668,#3669),(#3670,#3671),(#3672,
#3673),(#3674,#3675),(#3676,#3677),(#3678,#3679),(#3680,#3681),(#3682,#3683),
(#3684,#3685),(#3686,#3687),(#3688,#3689),(#3690,#3691),(#3692,#3693),(#3694,
#3695),(#3696,#3697),(#3698,#3699),(#3700,#3701)),
 .SURF_OF_LINEAR_EXTRUSION.,.T.,.F.,.F.,(1,3,1,1,1,1,1,1,1,1,1,1,1,1,1,
3,1),(2,2),(-0.0518908655082715,0.,0.131582886240969,0.183756755286143,
0.234784042974317,0.280361358137942,0.334761151642406,0.468982329482052,
0.590410261423184,0.639782918504224,0.686120262695131,0.733372143861203,
0.814785762350145,0.901771919253557,0.948109134491729,1.,1.13158288624097),
(0.,1.),.UNSPECIFIED.);
#66=B_SPLINE_SURFACE_WITH_KNOTS('',3,1,((#3773,#3774),(#3775,#3776),(#3777,
#3778),(#3779,#3780),(#3781,#3782),(#3783,#3784),(#3785,#3786),(#3787,#3788),
(#3789,#3790),(#3791,#3792),(#3793,#3794),(#3795,#3796),(#3797,#3798),(#3799,
#3800),(#3801,#3802),(#3803,#3804),(#3805,#3806),(#3807,#3808),(#3809,#3810),
(#3811,#3812),(#3813,#3814),(#3815,#3816),(#3817,#3818),(#3819,#3820),(#3821,
#3822),(#3823,#3824),(#3825,#3826),(#3827,#3828),(#3829,#3830),(#3831,#3832),
(#3833,#3834),(#3835,#3836),(#3837,#3838),(#3839,#3840),(#3841,#3842),(#3843,
#3844),(#3845,#3846),(#3847,#3848),(#3849,#3850),(#3851,#3852),(#3853,#3854),
(#3855,#3856),(#3857,#3858),(#3859,#3860),(#3861,#3862),(#3863,#3864),(#3865,
#3866),(#3867,#3868),(#3869,#3870),(#3871,#3872),(#3873,#3874),(#3875,#3876),
(#3877,#3878),(#3879,#3880),(#3881,#3882),(#3883,#3884),(#3885,#3886),(#3887,
#3888),(#3889,#3890),(#3891,#3892),(#3893,#3894),(#3895,#3896),(#3897,#3898),
(#3899,#3900),(#3901,#3902),(#3903,#3904),(#3905,#3906),(#3907,#3908),(#3909,
#3910),(#3911,#3912),(#3913,#3914),(#3915,#3916),(#3917,#3918),(#3919,#3920),
(#3921,#3922),(#3923,#3924),(#3925,#3926),(#3927,#3928),(#3929,#3930),(#3931,
#3932),(#3933,#3934),(#3935,#3936),(#3937,#3938),(#3939,#3940),(#3941,#3942),
(#3943,#3944),(#3945,#3946),(#3947,#3948),(#3949,#3950),(#3951,#3952),(#3953,
#3954),(#3955,#3956),(#3957,#3958),(#3959,#3960),(#3961,#3962),(#3963,#3964),
(#3965,#3966),(#3967,#3968),(#3969,#3970),(#3971,#3972),(#3973,#3974),(#3975,
#3976),(#3977,#3978),(#3979,#3980),(#3981,#3982),(#3983,#3984)),
 .SURF_OF_LINEAR_EXTRUSION.,.F.,.F.,.F.,(4,1,1,1,1,1,1,1,1,1,1,1,1,1,1,
1,1,1,1,1,1,1,1,1,1,1,1,1,1,1,1,1,1,1,1,1,1,1,1,1,1,1,1,1,1,1,1,1,1,1,1,
1,1,1,1,1,1,1,1,1,1,1,1,1,1,1,1,1,1,1,1,1,1,1,1,1,1,1,1,1,1,1,1,1,1,1,1,
1,1,1,1,1,1,1,1,1,1,1,1,1,1,1,1,4),(2,2),(0.,0.015625,0.03125,0.0390625,
0.046875,0.0625,0.078125,0.09375,0.109375,0.1171875,0.125,0.140625,0.1484375,
0.15625,0.1640625,0.171875,0.1796875,0.1875,0.1953125,0.203125,0.2109375,
0.21875,0.234375,0.25,0.265625,0.28125,0.296875,0.3046875,0.3125,0.328125,
0.34375,0.359375,0.375,0.390625,0.40625,0.421875,0.4296875,0.4375,0.4453125,
0.453125,0.46875,0.4765625,0.484375,0.48828125,0.4921875,0.5,0.50390625,
0.5078125,0.515625,0.5234375,0.52734375,0.53125,0.5390625,0.546875,0.5546875,
0.5625,0.56640625,0.5703125,0.578125,0.58203125,0.5859375,0.59375,0.59765625,
0.6015625,0.60546875,0.609375,0.61328125,0.6171875,0.625,0.6328125,0.640625,
0.65625,0.671875,0.6875,0.703125,0.71875,0.734375,0.7421875,0.75,0.7578125,
0.765625,0.7734375,0.78125,0.796875,0.8125,0.828125,0.84375,0.859375,0.8671875,
0.875,0.890625,0.90625,0.921875,0.9296875,0.9375,0.9453125,0.953125,0.9609375,
0.96875,0.97265625,0.9765625,0.984375,0.9921875,1.),(0.,1.),
 .UNSPECIFIED.);
#67=B_SPLINE_SURFACE_WITH_KNOTS('',3,1,((#4062,#4063),(#4064,#4065),(#4066,
#4067),(#4068,#4069),(#4070,#4071),(#4072,#4073),(#4074,#4075),(#4076,#4077),
(#4078,#4079),(#4080,#4081),(#4082,#4083),(#4084,#4085),(#4086,#4087),(#4088,
#4089),(#4090,#4091),(#4092,#4093)),.SURF_OF_LINEAR_EXTRUSION.,.T.,.F.,
 .F.,(1,3,1,1,1,1,1,1,1,1,1,1,1,1,3,1),(2,2),(-0.0478355617827078,0.,0.128203475731156,
0.2665091783317,0.296923503632795,0.332192665627298,0.502968354556773,0.528642528484448,
0.574367889547101,0.613794330488776,0.644326148613979,0.878287061546841,
0.907708252540374,0.952164438217292,1.,1.12820347573116),(0.,1.),
 .UNSPECIFIED.);
#68=B_SPLINE_SURFACE_WITH_KNOTS('',3,1,((#4128,#4129),(#4130,#4131),(#4132,
#4133),(#4134,#4135),(#4136,#4137),(#4138,#4139),(#4140,#4141),(#4142,#4143),
(#4144,#4145),(#4146,#4147),(#4148,#4149),(#4150,#4151),(#4152,#4153),(#4154,
#4155),(#4156,#4157),(#4158,#4159),(#4160,#4161)),
 .SURF_OF_LINEAR_EXTRUSION.,.T.,.F.,.F.,(1,3,1,1,1,1,1,1,1,1,1,1,1,1,1,
3,1),(2,2),(-0.0325510547879439,0.,0.161559686939992,0.186574385339129,
0.234423338275086,0.265485197371385,0.408269788509936,0.538461353988938,
0.572600948451499,0.610063756317137,0.648353686928122,0.771119334702948,
0.888757213151034,0.924245597131837,0.967448945212056,1.,1.16155968693999),
(0.,1.),.UNSPECIFIED.);
#69=B_SPLINE_SURFACE_WITH_KNOTS('',3,1,((#4198,#4199),(#4200,#4201),(#4202,
#4203),(#4204,#4205),(#4206,#4207),(#4208,#4209),(#4210,#4211),(#4212,#4213),
(#4214,#4215),(#4216,#4217),(#4218,#4219),(#4220,#4221),(#4222,#4223),(#4224,
#4225),(#4226,#4227),(#4228,#4229),(#4230,#4231),(#4232,#4233),(#4234,#4235)),
 .SURF_OF_LINEAR_EXTRUSION.,.T.,.F.,.F.,(1,3,1,1,1,1,1,1,1,1,1,1,1,1,1,
1,1,3,1),(2,2),(-0.0392433166408314,0.,0.103938636764663,0.195112538182296,
0.231184263456986,0.268475451755426,0.304624612930588,0.410207100755966,
0.502263591422378,0.537899868600641,0.572872855487877,0.601261350841246,
0.716901386791269,0.831402773233077,0.89580256538553,0.928040007375702,
0.960756683359169,1.,1.10393863676466),(0.,1.),.UNSPECIFIED.);
#70=B_SPLINE_SURFACE_WITH_KNOTS('',3,1,((#4276,#4277),(#4278,#4279),(#4280,
#4281),(#4282,#4283),(#4284,#4285),(#4286,#4287),(#4288,#4289),(#4290,#4291),
(#4292,#4293),(#4294,#4295),(#4296,#4297),(#4298,#4299),(#4300,#4301),(#4302,
#4303),(#4304,#4305),(#4306,#4307),(#4308,#4309)),
 .SURF_OF_LINEAR_EXTRUSION.,.T.,.F.,.F.,(1,3,1,1,1,1,1,1,1,1,1,1,1,1,1,
3,1),(2,2),(-0.041064602550932,0.,0.120805985428861,0.238830072792718,0.349264337805517,
0.38222216852581,0.425554513854269,0.455306081827733,0.595149116096875,
0.630938964893036,0.680193383010003,0.713654355493817,0.875710924892341,
0.915448042494731,0.958935397449068,1.,1.12080598542886),(0.,1.),
 .UNSPECIFIED.);
#71=B_SPLINE_SURFACE_WITH_KNOTS('',3,1,((#4346,#4347),(#4348,#4349),(#4350,
#4351),(#4352,#4353),(#4354,#4355),(#4356,#4357),(#4358,#4359),(#4360,#4361),
(#4362,#4363),(#4364,#4365),(#4366,#4367),(#4368,#4369),(#4370,#4371),(#4372,
#4373),(#4374,#4375),(#4376,#4377),(#4378,#4379)),
 .SURF_OF_LINEAR_EXTRUSION.,.T.,.F.,.F.,(1,3,1,1,1,1,1,1,1,1,1,1,1,1,1,
3,1),(2,2),(-0.0383933921642836,0.,0.14965610256137,0.184928233160738,0.228739250102359,
0.341231560328084,0.437581516991165,0.477842781198172,0.527413545542279,
0.565384191373883,0.672736249270144,0.805592325012721,0.877644451137909,
0.920853637029079,0.961606607835716,1.,1.14965610256137),(0.,1.),
 .UNSPECIFIED.);
#72=B_SPLINE_SURFACE_WITH_KNOTS('',3,1,((#4416,#4417),(#4418,#4419),(#4420,
#4421),(#4422,#4423),(#4424,#4425),(#4426,#4427),(#4428,#4429),(#4430,#4431),
(#4432,#4433),(#4434,#4435),(#4436,#4437),(#4438,#4439),(#4440,#4441),(#4442,
#4443),(#4444,#4445),(#4446,#4447),(#4448,#4449),(#4450,#4451),(#4452,#4453),
(#4454,#4455)),.SURF_OF_LINEAR_EXTRUSION.,.T.,.F.,.F.,(1,3,1,1,1,1,1,1,
1,1,1,1,1,1,1,1,1,1,3,1),(2,2),(-0.0410915416957205,0.,0.0865596088169183,
0.169630457222504,0.205768940310864,0.241527099174259,0.280389079933991,
0.369404027307212,0.480527736730635,0.580334101576286,0.607249392529262,
0.643441116580043,0.679445196482146,0.721382972683548,0.811270304448618,
0.897152894773947,0.923040288305142,0.95890845830428,1.,1.08655960881692),
(0.,1.),.UNSPECIFIED.);
#73=B_SPLINE_SURFACE_WITH_KNOTS('',3,1,((#4498,#4499),(#4500,#4501),(#4502,
#4503),(#4504,#4505),(#4506,#4507),(#4508,#4509),(#4510,#4511),(#4512,#4513),
(#4514,#4515),(#4516,#4517),(#4518,#4519),(#4520,#4521),(#4522,#4523),(#4524,
#4525),(#4526,#4527),(#4528,#4529),(#4530,#4531),(#4532,#4533),(#4534,#4535)),
 .SURF_OF_LINEAR_EXTRUSION.,.T.,.F.,.F.,(1,3,1,1,1,1,1,1,1,1,1,1,1,1,1,
1,1,3,1),(2,2),(-0.038195343543155,0.,0.0920814932123784,0.184964693795103,
0.220376489841695,0.257855442455836,0.345200655219238,0.436852754706847,
0.47767413005913,0.51965967658229,0.565081805298331,0.605802048350889,0.739622301245914,
0.840677891581827,0.883129295011943,0.921701137718061,0.961804656456845,
1.,1.09208149321238),(0.,1.),.UNSPECIFIED.);
#74=B_SPLINE_SURFACE_WITH_KNOTS('',3,1,((#4576,#4577),(#4578,#4579),(#4580,
#4581),(#4582,#4583),(#4584,#4585),(#4586,#4587),(#4588,#4589),(#4590,#4591),
(#4592,#4593),(#4594,#4595),(#4596,#4597),(#4598,#4599),(#4600,#4601),(#4602,
#4603),(#4604,#4605),(#4606,#4607),(#4608,#4609)),
 .SURF_OF_LINEAR_EXTRUSION.,.T.,.F.,.F.,(1,3,1,1,1,1,1,1,1,1,1,1,1,1,1,
3,1),(2,2),(-0.0518908655082715,0.,0.131582886240969,0.183756755286143,
0.234784042974317,0.280361358137942,0.334761151642406,0.468982329482052,
0.590410261423184,0.639782918504224,0.686120262695131,0.733372143861203,
0.814785762350145,0.901771919253557,0.948109134491729,1.,1.13158288624097),
(0.,1.),.UNSPECIFIED.);
#75=CONTEXT_DEPENDENT_SHAPE_REPRESENTATION(#85,#4774);
#76=CONTEXT_DEPENDENT_SHAPE_REPRESENTATION(#86,#4776);
#77=CONTEXT_DEPENDENT_SHAPE_REPRESENTATION(#87,#4778);
#78=CONTEXT_DEPENDENT_SHAPE_REPRESENTATION(#88,#4780);
#79=CONTEXT_DEPENDENT_SHAPE_REPRESENTATION(#89,#4782);
#80=NEXT_ASSEMBLY_USAGE_OCCURRENCE('NAUO1','RIGHT END PLATE',
'RIGHT END PLATE',#4783,#4784,'');
#81=NEXT_ASSEMBLY_USAGE_OCCURRENCE('NAUO2','MAIN WING ELEMENT',
'MAIN WING ELEMENT',#4783,#4785,'');
#82=NEXT_ASSEMBLY_USAGE_OCCURRENCE('NAUO3','RIGHT BRACKET',
'RIGHT BRACKET',#4783,#4786,'');
#83=NEXT_ASSEMBLY_USAGE_OCCURRENCE('NAUO4','LEFT BRACKET',
'LEFT BRACKET',#4783,#4787,'');
#84=NEXT_ASSEMBLY_USAGE_OCCURRENCE('NAUO5','LEFT END PLATE',
'LEFT END PLATE',#4783,#4788,'');
#85=(
REPRESENTATION_RELATIONSHIP(' ',' ',#1785,#1784)
REPRESENTATION_RELATIONSHIP_WITH_TRANSFORMATION(#90)
SHAPE_REPRESENTATION_RELATIONSHIP()
);
#86=(
REPRESENTATION_RELATIONSHIP(' ',' ',#1786,#1784)
REPRESENTATION_RELATIONSHIP_WITH_TRANSFORMATION(#91)
SHAPE_REPRESENTATION_RELATIONSHIP()
);
#87=(
REPRESENTATION_RELATIONSHIP(' ',' ',#1787,#1784)
REPRESENTATION_RELATIONSHIP_WITH_TRANSFORMATION(#92)
SHAPE_REPRESENTATION_RELATIONSHIP()
);
#88=(
REPRESENTATION_RELATIONSHIP(' ',' ',#1788,#1784)
REPRESENTATION_RELATIONSHIP_WITH_TRANSFORMATION(#93)
SHAPE_REPRESENTATION_RELATIONSHIP()
);
#89=(
REPRESENTATION_RELATIONSHIP(' ',' ',#1789,#1784)
REPRESENTATION_RELATIONSHIP_WITH_TRANSFORMATION(#94)
SHAPE_REPRESENTATION_RELATIONSHIP()
);
#90=ITEM_DEFINED_TRANSFORMATION(' ',' ',#1790,#1826);
#91=ITEM_DEFINED_TRANSFORMATION(' ',' ',#1790,#1869);
#92=ITEM_DEFINED_TRANSFORMATION(' ',' ',#1790,#1888);
#93=ITEM_DEFINED_TRANSFORMATION(' ',' ',#1790,#1907);
#94=ITEM_DEFINED_TRANSFORMATION(' ',' ',#1790,#1943);
#95=SHAPE_REPRESENTATION_RELATIONSHIP('','',#1785,#100);
#96=SHAPE_REPRESENTATION_RELATIONSHIP('','',#1786,#101);
#97=SHAPE_REPRESENTATION_RELATIONSHIP('','',#1787,#102);
#98=SHAPE_REPRESENTATION_RELATIONSHIP('','',#1788,#103);
#99=SHAPE_REPRESENTATION_RELATIONSHIP('','',#1789,#104);
#100=ADVANCED_BREP_SHAPE_REPRESENTATION('',(#1773),#4758);
#101=ADVANCED_BREP_SHAPE_REPRESENTATION('',(#1774),#4759);
#102=ADVANCED_BREP_SHAPE_REPRESENTATION('',(#1775),#4760);
#103=ADVANCED_BREP_SHAPE_REPRESENTATION('',(#1776),#4761);
#104=ADVANCED_BREP_SHAPE_REPRESENTATION('',(#1777),#4762);
#105=CIRCLE('',#1797,0.004);
#106=CIRCLE('',#1798,0.004);
#107=CIRCLE('',#1800,0.004);
#108=CIRCLE('',#1801,0.004);
#109=CIRCLE('',#1803,0.004);
#110=CIRCLE('',#1804,0.004);
#111=CIRCLE('',#1806,0.004);
#112=CIRCLE('',#1807,0.004);
#113=CIRCLE('',#1809,0.011);
#114=CIRCLE('',#1810,0.011);
#115=CIRCLE('',#1812,0.00325);
#116=CIRCLE('',#1813,0.00325);
#117=CIRCLE('',#1815,0.00325);
#118=CIRCLE('',#1816,0.00325);
#119=CIRCLE('',#1818,0.00325);
#120=CIRCLE('',#1819,0.00325);
#121=CIRCLE('',#1821,0.00325);
#122=CIRCLE('',#1822,0.00325);
#123=CIRCLE('',#1829,0.01);
#124=CIRCLE('',#1830,0.01);
#125=CIRCLE('',#1834,0.00371074721551568);
#126=CIRCLE('',#1835,0.00371074721551568);
#127=CIRCLE('',#1839,0.01);
#128=CIRCLE('',#1840,0.01);
#129=CIRCLE('',#1844,0.00352867021611415);
#130=CIRCLE('',#1845,0.00352867021611415);
#131=CIRCLE('',#1850,0.01);
#132=CIRCLE('',#1851,0.01);
#133=CIRCLE('',#1855,0.00371074721551568);
#134=CIRCLE('',#1856,0.00371074721551568);
#135=CIRCLE('',#1860,0.01);
#136=CIRCLE('',#1861,0.01);
#137=CIRCLE('',#1865,0.00352867021611415);
#138=CIRCLE('',#1866,0.00352867021611415);
#139=CIRCLE('',#1871,0.01);
#140=CIRCLE('',#1872,0.01);
#141=CIRCLE('',#1874,0.00525);
#142=CIRCLE('',#1875,0.00525);
#143=CIRCLE('',#1877,0.004);
#144=CIRCLE('',#1878,0.004);
#145=CIRCLE('',#1880,0.004);
#146=CIRCLE('',#1881,0.004);
#147=CIRCLE('',#1884,0.004);
#148=CIRCLE('',#1885,0.004);
#149=CIRCLE('',#1890,0.01);
#150=CIRCLE('',#1891,0.01);
#151=CIRCLE('',#1893,0.00525);
#152=CIRCLE('',#1894,0.00525);
#153=CIRCLE('',#1896,0.004);
#154=CIRCLE('',#1897,0.004);
#155=CIRCLE('',#1899,0.004);
#156=CIRCLE('',#1900,0.004);
#157=CIRCLE('',#1903,0.004);
#158=CIRCLE('',#1904,0.004);
#159=CIRCLE('',#1914,0.004);
#160=CIRCLE('',#1915,0.004);
#161=CIRCLE('',#1917,0.004);
#162=CIRCLE('',#1918,0.004);
#163=CIRCLE('',#1920,0.004);
#164=CIRCLE('',#1921,0.004);
#165=CIRCLE('',#1923,0.004);
#166=CIRCLE('',#1924,0.004);
#167=CIRCLE('',#1926,0.011);
#168=CIRCLE('',#1927,0.011);
#169=CIRCLE('',#1929,0.00325);
#170=CIRCLE('',#1930,0.00325);
#171=CIRCLE('',#1932,0.00325);
#172=CIRCLE('',#1933,0.00325);
#173=CIRCLE('',#1935,0.00325);
#174=CIRCLE('',#1936,0.00325);
#175=CIRCLE('',#1938,0.00325);
#176=CIRCLE('',#1939,0.00325);
#177=CYLINDRICAL_SURFACE('',#1796,0.004);
#178=CYLINDRICAL_SURFACE('',#1799,0.004);
#179=CYLINDRICAL_SURFACE('',#1802,0.004);
#180=CYLINDRICAL_SURFACE('',#1805,0.004);
#181=CYLINDRICAL_SURFACE('',#1808,0.011);
#182=CYLINDRICAL_SURFACE('',#1811,0.00325);
#183=CYLINDRICAL_SURFACE('',#1814,0.00325);
#184=CYLINDRICAL_SURFACE('',#1817,0.00325);
#185=CYLINDRICAL_SURFACE('',#1820,0.00325);
#186=CYLINDRICAL_SURFACE('',#1828,0.01);
#187=CYLINDRICAL_SURFACE('',#1833,0.00371074721551568);
#188=CYLINDRICAL_SURFACE('',#1838,0.01);
#189=CYLINDRICAL_SURFACE('',#1843,0.00352867021611415);
#190=CYLINDRICAL_SURFACE('',#1849,0.01);
#191=CYLINDRICAL_SURFACE('',#1854,0.00371074721551568);
#192=CYLINDRICAL_SURFACE('',#1859,0.01);
#193=CYLINDRICAL_SURFACE('',#1864,0.00352867021611415);
#194=CYLINDRICAL_SURFACE('',#1870,0.01);
#195=CYLINDRICAL_SURFACE('',#1873,0.00525);
#196=CYLINDRICAL_SURFACE('',#1876,0.004);
#197=CYLINDRICAL_SURFACE('',#1879,0.004);
#198=CYLINDRICAL_SURFACE('',#1883,0.004);
#199=CYLINDRICAL_SURFACE('',#1889,0.01);
#200=CYLINDRICAL_SURFACE('',#1892,0.00525);
#201=CYLINDRICAL_SURFACE('',#1895,0.004);
#202=CYLINDRICAL_SURFACE('',#1898,0.004);
#203=CYLINDRICAL_SURFACE('',#1902,0.004);
#204=CYLINDRICAL_SURFACE('',#1913,0.004);
#205=CYLINDRICAL_SURFACE('',#1916,0.004);
#206=CYLINDRICAL_SURFACE('',#1919,0.004);
#207=CYLINDRICAL_SURFACE('',#1922,0.004);
#208=CYLINDRICAL_SURFACE('',#1925,0.011);
#209=CYLINDRICAL_SURFACE('',#1928,0.00325);
#210=CYLINDRICAL_SURFACE('',#1931,0.00325);
#211=CYLINDRICAL_SURFACE('',#1934,0.00325);
#212=CYLINDRICAL_SURFACE('',#1937,0.00325);
#213=ORIENTED_EDGE('',*,*,#605,.T.);
#214=ORIENTED_EDGE('',*,*,#606,.F.);
#215=ORIENTED_EDGE('',*,*,#607,.F.);
#216=ORIENTED_EDGE('',*,*,#608,.T.);
#217=ORIENTED_EDGE('',*,*,#609,.T.);
#218=ORIENTED_EDGE('',*,*,#610,.F.);
#219=ORIENTED_EDGE('',*,*,#611,.F.);
#220=ORIENTED_EDGE('',*,*,#606,.T.);
#221=ORIENTED_EDGE('',*,*,#612,.T.);
#222=ORIENTED_EDGE('',*,*,#613,.F.);
#223=ORIENTED_EDGE('',*,*,#614,.F.);
#224=ORIENTED_EDGE('',*,*,#610,.T.);
#225=ORIENTED_EDGE('',*,*,#615,.T.);
#226=ORIENTED_EDGE('',*,*,#616,.F.);
#227=ORIENTED_EDGE('',*,*,#617,.F.);
#228=ORIENTED_EDGE('',*,*,#613,.T.);
#229=ORIENTED_EDGE('',*,*,#618,.T.);
#230=ORIENTED_EDGE('',*,*,#619,.F.);
#231=ORIENTED_EDGE('',*,*,#620,.F.);
#232=ORIENTED_EDGE('',*,*,#616,.T.);
#233=ORIENTED_EDGE('',*,*,#621,.T.);
#234=ORIENTED_EDGE('',*,*,#622,.F.);
#235=ORIENTED_EDGE('',*,*,#623,.T.);
#236=ORIENTED_EDGE('',*,*,#624,.F.);
#237=ORIENTED_EDGE('',*,*,#625,.T.);
#238=ORIENTED_EDGE('',*,*,#626,.F.);
#239=ORIENTED_EDGE('',*,*,#627,.T.);
#240=ORIENTED_EDGE('',*,*,#628,.F.);
#241=ORIENTED_EDGE('',*,*,#629,.T.);
#242=ORIENTED_EDGE('',*,*,#630,.F.);
#243=ORIENTED_EDGE('',*,*,#631,.T.);
#244=ORIENTED_EDGE('',*,*,#632,.F.);
#245=ORIENTED_EDGE('',*,*,#633,.T.);
#246=ORIENTED_EDGE('',*,*,#634,.F.);
#247=ORIENTED_EDGE('',*,*,#635,.T.);
#248=ORIENTED_EDGE('',*,*,#636,.F.);
#249=ORIENTED_EDGE('',*,*,#637,.T.);
#250=ORIENTED_EDGE('',*,*,#638,.F.);
#251=ORIENTED_EDGE('',*,*,#639,.T.);
#252=ORIENTED_EDGE('',*,*,#608,.F.);
#253=ORIENTED_EDGE('',*,*,#640,.F.);
#254=ORIENTED_EDGE('',*,*,#619,.T.);
#255=ORIENTED_EDGE('',*,*,#637,.F.);
#256=ORIENTED_EDGE('',*,*,#635,.F.);
#257=ORIENTED_EDGE('',*,*,#633,.F.);
#258=ORIENTED_EDGE('',*,*,#631,.F.);
#259=ORIENTED_EDGE('',*,*,#629,.F.);
#260=ORIENTED_EDGE('',*,*,#627,.F.);
#261=ORIENTED_EDGE('',*,*,#625,.F.);
#262=ORIENTED_EDGE('',*,*,#623,.F.);
#263=ORIENTED_EDGE('',*,*,#621,.F.);
#264=ORIENTED_EDGE('',*,*,#607,.T.);
#265=ORIENTED_EDGE('',*,*,#611,.T.);
#266=ORIENTED_EDGE('',*,*,#614,.T.);
#267=ORIENTED_EDGE('',*,*,#617,.T.);
#268=ORIENTED_EDGE('',*,*,#620,.T.);
#269=ORIENTED_EDGE('',*,*,#640,.T.);
#270=ORIENTED_EDGE('',*,*,#638,.T.);
#271=ORIENTED_EDGE('',*,*,#636,.T.);
#272=ORIENTED_EDGE('',*,*,#634,.T.);
#273=ORIENTED_EDGE('',*,*,#632,.T.);
#274=ORIENTED_EDGE('',*,*,#630,.T.);
#275=ORIENTED_EDGE('',*,*,#628,.T.);
#276=ORIENTED_EDGE('',*,*,#626,.T.);
#277=ORIENTED_EDGE('',*,*,#624,.T.);
#278=ORIENTED_EDGE('',*,*,#622,.T.);
#279=ORIENTED_EDGE('',*,*,#605,.F.);
#280=ORIENTED_EDGE('',*,*,#639,.F.);
#281=ORIENTED_EDGE('',*,*,#618,.F.);
#282=ORIENTED_EDGE('',*,*,#615,.F.);
#283=ORIENTED_EDGE('',*,*,#612,.F.);
#284=ORIENTED_EDGE('',*,*,#609,.F.);
#285=ORIENTED_EDGE('',*,*,#641,.F.);
#286=ORIENTED_EDGE('',*,*,#642,.F.);
#287=ORIENTED_EDGE('',*,*,#643,.T.);
#288=ORIENTED_EDGE('',*,*,#644,.T.);
#289=ORIENTED_EDGE('',*,*,#645,.F.);
#290=ORIENTED_EDGE('',*,*,#646,.F.);
#291=ORIENTED_EDGE('',*,*,#647,.T.);
#292=ORIENTED_EDGE('',*,*,#648,.T.);
#293=ORIENTED_EDGE('',*,*,#649,.F.);
#294=ORIENTED_EDGE('',*,*,#650,.T.);
#295=ORIENTED_EDGE('',*,*,#651,.T.);
#296=ORIENTED_EDGE('',*,*,#652,.T.);
#297=ORIENTED_EDGE('',*,*,#653,.F.);
#298=ORIENTED_EDGE('',*,*,#654,.F.);
#299=ORIENTED_EDGE('',*,*,#655,.T.);
#300=ORIENTED_EDGE('',*,*,#656,.T.);
#301=ORIENTED_EDGE('',*,*,#657,.F.);
#302=ORIENTED_EDGE('',*,*,#658,.F.);
#303=ORIENTED_EDGE('',*,*,#641,.T.);
#304=ORIENTED_EDGE('',*,*,#659,.T.);
#305=ORIENTED_EDGE('',*,*,#660,.F.);
#306=ORIENTED_EDGE('',*,*,#661,.F.);
#307=ORIENTED_EDGE('',*,*,#662,.T.);
#308=ORIENTED_EDGE('',*,*,#663,.T.);
#309=ORIENTED_EDGE('',*,*,#642,.T.);
#310=ORIENTED_EDGE('',*,*,#664,.F.);
#311=ORIENTED_EDGE('',*,*,#662,.F.);
#312=ORIENTED_EDGE('',*,*,#644,.F.);
#313=ORIENTED_EDGE('',*,*,#665,.F.);
#314=ORIENTED_EDGE('',*,*,#660,.T.);
#315=ORIENTED_EDGE('',*,*,#666,.T.);
#316=ORIENTED_EDGE('',*,*,#667,.F.);
#317=ORIENTED_EDGE('',*,*,#668,.T.);
#318=ORIENTED_EDGE('',*,*,#643,.F.);
#319=ORIENTED_EDGE('',*,*,#663,.F.);
#320=ORIENTED_EDGE('',*,*,#661,.T.);
#321=ORIENTED_EDGE('',*,*,#665,.T.);
#322=ORIENTED_EDGE('',*,*,#667,.T.);
#323=ORIENTED_EDGE('',*,*,#664,.T.);
#324=ORIENTED_EDGE('',*,*,#645,.T.);
#325=ORIENTED_EDGE('',*,*,#666,.F.);
#326=ORIENTED_EDGE('',*,*,#659,.F.);
#327=ORIENTED_EDGE('',*,*,#668,.F.);
#328=ORIENTED_EDGE('',*,*,#669,.T.);
#329=ORIENTED_EDGE('',*,*,#670,.F.);
#330=ORIENTED_EDGE('',*,*,#671,.F.);
#331=ORIENTED_EDGE('',*,*,#672,.T.);
#332=ORIENTED_EDGE('',*,*,#673,.T.);
#333=ORIENTED_EDGE('',*,*,#646,.T.);
#334=ORIENTED_EDGE('',*,*,#674,.F.);
#335=ORIENTED_EDGE('',*,*,#672,.F.);
#336=ORIENTED_EDGE('',*,*,#648,.F.);
#337=ORIENTED_EDGE('',*,*,#675,.F.);
#338=ORIENTED_EDGE('',*,*,#670,.T.);
#339=ORIENTED_EDGE('',*,*,#676,.T.);
#340=ORIENTED_EDGE('',*,*,#677,.F.);
#341=ORIENTED_EDGE('',*,*,#678,.T.);
#342=ORIENTED_EDGE('',*,*,#647,.F.);
#343=ORIENTED_EDGE('',*,*,#673,.F.);
#344=ORIENTED_EDGE('',*,*,#671,.T.);
#345=ORIENTED_EDGE('',*,*,#675,.T.);
#346=ORIENTED_EDGE('',*,*,#677,.T.);
#347=ORIENTED_EDGE('',*,*,#674,.T.);
#348=ORIENTED_EDGE('',*,*,#649,.T.);
#349=ORIENTED_EDGE('',*,*,#676,.F.);
#350=ORIENTED_EDGE('',*,*,#669,.F.);
#351=ORIENTED_EDGE('',*,*,#678,.F.);
#352=ORIENTED_EDGE('',*,*,#650,.F.);
#353=ORIENTED_EDGE('',*,*,#679,.F.);
#354=ORIENTED_EDGE('',*,*,#680,.F.);
#355=ORIENTED_EDGE('',*,*,#681,.T.);
#356=ORIENTED_EDGE('',*,*,#682,.T.);
#357=ORIENTED_EDGE('',*,*,#683,.F.);
#358=ORIENTED_EDGE('',*,*,#680,.T.);
#359=ORIENTED_EDGE('',*,*,#684,.T.);
#360=ORIENTED_EDGE('',*,*,#651,.F.);
#361=ORIENTED_EDGE('',*,*,#653,.T.);
#362=ORIENTED_EDGE('',*,*,#685,.F.);
#363=ORIENTED_EDGE('',*,*,#682,.F.);
#364=ORIENTED_EDGE('',*,*,#686,.T.);
#365=ORIENTED_EDGE('',*,*,#687,.T.);
#366=ORIENTED_EDGE('',*,*,#688,.F.);
#367=ORIENTED_EDGE('',*,*,#654,.T.);
#368=ORIENTED_EDGE('',*,*,#686,.F.);
#369=ORIENTED_EDGE('',*,*,#681,.F.);
#370=ORIENTED_EDGE('',*,*,#683,.T.);
#371=ORIENTED_EDGE('',*,*,#687,.F.);
#372=ORIENTED_EDGE('',*,*,#684,.F.);
#373=ORIENTED_EDGE('',*,*,#679,.T.);
#374=ORIENTED_EDGE('',*,*,#685,.T.);
#375=ORIENTED_EDGE('',*,*,#652,.F.);
#376=ORIENTED_EDGE('',*,*,#688,.T.);
#377=ORIENTED_EDGE('',*,*,#689,.F.);
#378=ORIENTED_EDGE('',*,*,#690,.F.);
#379=ORIENTED_EDGE('',*,*,#691,.T.);
#380=ORIENTED_EDGE('',*,*,#692,.T.);
#381=ORIENTED_EDGE('',*,*,#693,.F.);
#382=ORIENTED_EDGE('',*,*,#690,.T.);
#383=ORIENTED_EDGE('',*,*,#694,.T.);
#384=ORIENTED_EDGE('',*,*,#655,.F.);
#385=ORIENTED_EDGE('',*,*,#657,.T.);
#386=ORIENTED_EDGE('',*,*,#695,.F.);
#387=ORIENTED_EDGE('',*,*,#692,.F.);
#388=ORIENTED_EDGE('',*,*,#696,.T.);
#389=ORIENTED_EDGE('',*,*,#697,.T.);
#390=ORIENTED_EDGE('',*,*,#698,.F.);
#391=ORIENTED_EDGE('',*,*,#658,.T.);
#392=ORIENTED_EDGE('',*,*,#696,.F.);
#393=ORIENTED_EDGE('',*,*,#691,.F.);
#394=ORIENTED_EDGE('',*,*,#693,.T.);
#395=ORIENTED_EDGE('',*,*,#697,.F.);
#396=ORIENTED_EDGE('',*,*,#694,.F.);
#397=ORIENTED_EDGE('',*,*,#689,.T.);
#398=ORIENTED_EDGE('',*,*,#695,.T.);
#399=ORIENTED_EDGE('',*,*,#656,.F.);
#400=ORIENTED_EDGE('',*,*,#698,.T.);
#401=ORIENTED_EDGE('',*,*,#699,.T.);
#402=ORIENTED_EDGE('',*,*,#700,.F.);
#403=ORIENTED_EDGE('',*,*,#701,.F.);
#404=ORIENTED_EDGE('',*,*,#702,.T.);
#405=ORIENTED_EDGE('',*,*,#703,.F.);
#406=ORIENTED_EDGE('',*,*,#702,.F.);
#407=ORIENTED_EDGE('',*,*,#704,.T.);
#408=ORIENTED_EDGE('',*,*,#705,.T.);
#409=ORIENTED_EDGE('',*,*,#706,.F.);
#410=ORIENTED_EDGE('',*,*,#707,.T.);
#411=ORIENTED_EDGE('',*,*,#708,.F.);
#412=ORIENTED_EDGE('',*,*,#709,.T.);
#413=ORIENTED_EDGE('',*,*,#710,.F.);
#414=ORIENTED_EDGE('',*,*,#711,.T.);
#415=ORIENTED_EDGE('',*,*,#712,.F.);
#416=ORIENTED_EDGE('',*,*,#713,.T.);
#417=ORIENTED_EDGE('',*,*,#714,.F.);
#418=ORIENTED_EDGE('',*,*,#715,.T.);
#419=ORIENTED_EDGE('',*,*,#716,.F.);
#420=ORIENTED_EDGE('',*,*,#717,.T.);
#421=ORIENTED_EDGE('',*,*,#718,.F.);
#422=ORIENTED_EDGE('',*,*,#719,.T.);
#423=ORIENTED_EDGE('',*,*,#720,.F.);
#424=ORIENTED_EDGE('',*,*,#721,.T.);
#425=ORIENTED_EDGE('',*,*,#722,.F.);
#426=ORIENTED_EDGE('',*,*,#723,.T.);
#427=ORIENTED_EDGE('',*,*,#724,.F.);
#428=ORIENTED_EDGE('',*,*,#725,.T.);
#429=ORIENTED_EDGE('',*,*,#726,.F.);
#430=ORIENTED_EDGE('',*,*,#727,.T.);
#431=ORIENTED_EDGE('',*,*,#728,.F.);
#432=ORIENTED_EDGE('',*,*,#705,.F.);
#433=ORIENTED_EDGE('',*,*,#729,.T.);
#434=ORIENTED_EDGE('',*,*,#700,.T.);
#435=ORIENTED_EDGE('',*,*,#730,.F.);
#436=ORIENTED_EDGE('',*,*,#731,.T.);
#437=ORIENTED_EDGE('',*,*,#701,.T.);
#438=ORIENTED_EDGE('',*,*,#729,.F.);
#439=ORIENTED_EDGE('',*,*,#704,.F.);
#440=ORIENTED_EDGE('',*,*,#726,.T.);
#441=ORIENTED_EDGE('',*,*,#724,.T.);
#442=ORIENTED_EDGE('',*,*,#722,.T.);
#443=ORIENTED_EDGE('',*,*,#720,.T.);
#444=ORIENTED_EDGE('',*,*,#718,.T.);
#445=ORIENTED_EDGE('',*,*,#716,.T.);
#446=ORIENTED_EDGE('',*,*,#714,.T.);
#447=ORIENTED_EDGE('',*,*,#712,.T.);
#448=ORIENTED_EDGE('',*,*,#710,.T.);
#449=ORIENTED_EDGE('',*,*,#708,.T.);
#450=ORIENTED_EDGE('',*,*,#706,.T.);
#451=ORIENTED_EDGE('',*,*,#730,.T.);
#452=ORIENTED_EDGE('',*,*,#699,.F.);
#453=ORIENTED_EDGE('',*,*,#703,.T.);
#454=ORIENTED_EDGE('',*,*,#728,.T.);
#455=ORIENTED_EDGE('',*,*,#727,.F.);
#456=ORIENTED_EDGE('',*,*,#725,.F.);
#457=ORIENTED_EDGE('',*,*,#723,.F.);
#458=ORIENTED_EDGE('',*,*,#721,.F.);
#459=ORIENTED_EDGE('',*,*,#719,.F.);
#460=ORIENTED_EDGE('',*,*,#717,.F.);
#461=ORIENTED_EDGE('',*,*,#715,.F.);
#462=ORIENTED_EDGE('',*,*,#713,.F.);
#463=ORIENTED_EDGE('',*,*,#711,.F.);
#464=ORIENTED_EDGE('',*,*,#709,.F.);
#465=ORIENTED_EDGE('',*,*,#707,.F.);
#466=ORIENTED_EDGE('',*,*,#731,.F.);
#467=ORIENTED_EDGE('',*,*,#732,.F.);
#468=ORIENTED_EDGE('',*,*,#733,.F.);
#469=ORIENTED_EDGE('',*,*,#734,.T.);
#470=ORIENTED_EDGE('',*,*,#735,.T.);
#471=ORIENTED_EDGE('',*,*,#736,.T.);
#472=ORIENTED_EDGE('',*,*,#737,.F.);
#473=ORIENTED_EDGE('',*,*,#738,.F.);
#474=ORIENTED_EDGE('',*,*,#733,.T.);
#475=ORIENTED_EDGE('',*,*,#739,.T.);
#476=ORIENTED_EDGE('',*,*,#740,.F.);
#477=ORIENTED_EDGE('',*,*,#741,.T.);
#478=ORIENTED_EDGE('',*,*,#742,.F.);
#479=ORIENTED_EDGE('',*,*,#743,.T.);
#480=ORIENTED_EDGE('',*,*,#744,.F.);
#481=ORIENTED_EDGE('',*,*,#745,.T.);
#482=ORIENTED_EDGE('',*,*,#746,.F.);
#483=ORIENTED_EDGE('',*,*,#747,.T.);
#484=ORIENTED_EDGE('',*,*,#748,.F.);
#485=ORIENTED_EDGE('',*,*,#749,.T.);
#486=ORIENTED_EDGE('',*,*,#750,.F.);
#487=ORIENTED_EDGE('',*,*,#751,.T.);
#488=ORIENTED_EDGE('',*,*,#752,.F.);
#489=ORIENTED_EDGE('',*,*,#753,.T.);
#490=ORIENTED_EDGE('',*,*,#754,.F.);
#491=ORIENTED_EDGE('',*,*,#755,.T.);
#492=ORIENTED_EDGE('',*,*,#756,.F.);
#493=ORIENTED_EDGE('',*,*,#757,.T.);
#494=ORIENTED_EDGE('',*,*,#758,.F.);
#495=ORIENTED_EDGE('',*,*,#759,.T.);
#496=ORIENTED_EDGE('',*,*,#760,.F.);
#497=ORIENTED_EDGE('',*,*,#761,.T.);
#498=ORIENTED_EDGE('',*,*,#735,.F.);
#499=ORIENTED_EDGE('',*,*,#762,.F.);
#500=ORIENTED_EDGE('',*,*,#737,.T.);
#501=ORIENTED_EDGE('',*,*,#763,.T.);
#502=ORIENTED_EDGE('',*,*,#764,.F.);
#503=ORIENTED_EDGE('',*,*,#734,.F.);
#504=ORIENTED_EDGE('',*,*,#738,.T.);
#505=ORIENTED_EDGE('',*,*,#762,.T.);
#506=ORIENTED_EDGE('',*,*,#759,.F.);
#507=ORIENTED_EDGE('',*,*,#757,.F.);
#508=ORIENTED_EDGE('',*,*,#755,.F.);
#509=ORIENTED_EDGE('',*,*,#753,.F.);
#510=ORIENTED_EDGE('',*,*,#751,.F.);
#511=ORIENTED_EDGE('',*,*,#749,.F.);
#512=ORIENTED_EDGE('',*,*,#747,.F.);
#513=ORIENTED_EDGE('',*,*,#745,.F.);
#514=ORIENTED_EDGE('',*,*,#743,.F.);
#515=ORIENTED_EDGE('',*,*,#741,.F.);
#516=ORIENTED_EDGE('',*,*,#739,.F.);
#517=ORIENTED_EDGE('',*,*,#763,.F.);
#518=ORIENTED_EDGE('',*,*,#732,.T.);
#519=ORIENTED_EDGE('',*,*,#761,.F.);
#520=ORIENTED_EDGE('',*,*,#736,.F.);
#521=ORIENTED_EDGE('',*,*,#760,.T.);
#522=ORIENTED_EDGE('',*,*,#758,.T.);
#523=ORIENTED_EDGE('',*,*,#756,.T.);
#524=ORIENTED_EDGE('',*,*,#754,.T.);
#525=ORIENTED_EDGE('',*,*,#752,.T.);
#526=ORIENTED_EDGE('',*,*,#750,.T.);
#527=ORIENTED_EDGE('',*,*,#748,.T.);
#528=ORIENTED_EDGE('',*,*,#746,.T.);
#529=ORIENTED_EDGE('',*,*,#744,.T.);
#530=ORIENTED_EDGE('',*,*,#742,.T.);
#531=ORIENTED_EDGE('',*,*,#740,.T.);
#532=ORIENTED_EDGE('',*,*,#764,.T.);
#533=ORIENTED_EDGE('',*,*,#765,.F.);
#534=ORIENTED_EDGE('',*,*,#766,.F.);
#535=ORIENTED_EDGE('',*,*,#767,.T.);
#536=ORIENTED_EDGE('',*,*,#768,.T.);
#537=ORIENTED_EDGE('',*,*,#769,.F.);
#538=ORIENTED_EDGE('',*,*,#768,.F.);
#539=ORIENTED_EDGE('',*,*,#770,.T.);
#540=ORIENTED_EDGE('',*,*,#771,.T.);
#541=ORIENTED_EDGE('',*,*,#772,.F.);
#542=ORIENTED_EDGE('',*,*,#771,.F.);
#543=ORIENTED_EDGE('',*,*,#773,.T.);
#544=ORIENTED_EDGE('',*,*,#774,.T.);
#545=ORIENTED_EDGE('',*,*,#775,.F.);
#546=ORIENTED_EDGE('',*,*,#774,.F.);
#547=ORIENTED_EDGE('',*,*,#776,.T.);
#548=ORIENTED_EDGE('',*,*,#777,.T.);
#549=ORIENTED_EDGE('',*,*,#778,.F.);
#550=ORIENTED_EDGE('',*,*,#777,.F.);
#551=ORIENTED_EDGE('',*,*,#779,.T.);
#552=ORIENTED_EDGE('',*,*,#780,.T.);
#553=ORIENTED_EDGE('',*,*,#781,.F.);
#554=ORIENTED_EDGE('',*,*,#782,.T.);
#555=ORIENTED_EDGE('',*,*,#783,.F.);
#556=ORIENTED_EDGE('',*,*,#784,.T.);
#557=ORIENTED_EDGE('',*,*,#785,.F.);
#558=ORIENTED_EDGE('',*,*,#786,.T.);
#559=ORIENTED_EDGE('',*,*,#787,.F.);
#560=ORIENTED_EDGE('',*,*,#788,.T.);
#561=ORIENTED_EDGE('',*,*,#789,.F.);
#562=ORIENTED_EDGE('',*,*,#790,.T.);
#563=ORIENTED_EDGE('',*,*,#791,.F.);
#564=ORIENTED_EDGE('',*,*,#792,.T.);
#565=ORIENTED_EDGE('',*,*,#793,.F.);
#566=ORIENTED_EDGE('',*,*,#794,.T.);
#567=ORIENTED_EDGE('',*,*,#795,.F.);
#568=ORIENTED_EDGE('',*,*,#796,.T.);
#569=ORIENTED_EDGE('',*,*,#797,.F.);
#570=ORIENTED_EDGE('',*,*,#798,.T.);
#571=ORIENTED_EDGE('',*,*,#799,.F.);
#572=ORIENTED_EDGE('',*,*,#780,.F.);
#573=ORIENTED_EDGE('',*,*,#800,.T.);
#574=ORIENTED_EDGE('',*,*,#766,.T.);
#575=ORIENTED_EDGE('',*,*,#797,.T.);
#576=ORIENTED_EDGE('',*,*,#795,.T.);
#577=ORIENTED_EDGE('',*,*,#793,.T.);
#578=ORIENTED_EDGE('',*,*,#791,.T.);
#579=ORIENTED_EDGE('',*,*,#789,.T.);
#580=ORIENTED_EDGE('',*,*,#787,.T.);
#581=ORIENTED_EDGE('',*,*,#785,.T.);
#582=ORIENTED_EDGE('',*,*,#783,.T.);
#583=ORIENTED_EDGE('',*,*,#781,.T.);
#584=ORIENTED_EDGE('',*,*,#767,.F.);
#585=ORIENTED_EDGE('',*,*,#800,.F.);
#586=ORIENTED_EDGE('',*,*,#779,.F.);
#587=ORIENTED_EDGE('',*,*,#776,.F.);
#588=ORIENTED_EDGE('',*,*,#773,.F.);
#589=ORIENTED_EDGE('',*,*,#770,.F.);
#590=ORIENTED_EDGE('',*,*,#798,.F.);
#591=ORIENTED_EDGE('',*,*,#796,.F.);
#592=ORIENTED_EDGE('',*,*,#794,.F.);
#593=ORIENTED_EDGE('',*,*,#792,.F.);
#594=ORIENTED_EDGE('',*,*,#790,.F.);
#595=ORIENTED_EDGE('',*,*,#788,.F.);
#596=ORIENTED_EDGE('',*,*,#786,.F.);
#597=ORIENTED_EDGE('',*,*,#784,.F.);
#598=ORIENTED_EDGE('',*,*,#782,.F.);
#599=ORIENTED_EDGE('',*,*,#765,.T.);
#600=ORIENTED_EDGE('',*,*,#769,.T.);
#601=ORIENTED_EDGE('',*,*,#772,.T.);
#602=ORIENTED_EDGE('',*,*,#775,.T.);
#603=ORIENTED_EDGE('',*,*,#778,.T.);
#604=ORIENTED_EDGE('',*,*,#799,.T.);
#605=EDGE_CURVE('',#801,#802,#963,.T.);
#606=EDGE_CURVE('',#803,#802,#964,.T.);
#607=EDGE_CURVE('',#804,#803,#965,.T.);
#608=EDGE_CURVE('',#804,#801,#966,.T.);
#609=EDGE_CURVE('',#802,#805,#967,.T.);
#610=EDGE_CURVE('',#806,#805,#968,.T.);
#611=EDGE_CURVE('',#803,#806,#969,.T.);
#612=EDGE_CURVE('',#805,#807,#970,.T.);
#613=EDGE_CURVE('',#808,#807,#971,.T.);
#614=EDGE_CURVE('',#806,#808,#972,.T.);
#615=EDGE_CURVE('',#807,#809,#973,.T.);
#616=EDGE_CURVE('',#810,#809,#974,.T.);
#617=EDGE_CURVE('',#808,#810,#975,.T.);
#618=EDGE_CURVE('',#809,#811,#976,.T.);
#619=EDGE_CURVE('',#812,#811,#977,.T.);
#620=EDGE_CURVE('',#810,#812,#978,.T.);
#621=EDGE_CURVE('',#813,#813,#105,.T.);
#622=EDGE_CURVE('',#814,#814,#106,.T.);
#623=EDGE_CURVE('',#815,#815,#107,.T.);
#624=EDGE_CURVE('',#816,#816,#108,.T.);
#625=EDGE_CURVE('',#817,#817,#109,.T.);
#626=EDGE_CURVE('',#818,#818,#110,.T.);
#627=EDGE_CURVE('',#819,#819,#111,.T.);
#628=EDGE_CURVE('',#820,#820,#112,.T.);
#629=EDGE_CURVE('',#821,#821,#113,.T.);
#630=EDGE_CURVE('',#822,#822,#114,.T.);
#631=EDGE_CURVE('',#823,#823,#115,.T.);
#632=EDGE_CURVE('',#824,#824,#116,.T.);
#633=EDGE_CURVE('',#825,#825,#117,.T.);
#634=EDGE_CURVE('',#826,#826,#118,.T.);
#635=EDGE_CURVE('',#827,#827,#119,.T.);
#636=EDGE_CURVE('',#828,#828,#120,.T.);
#637=EDGE_CURVE('',#829,#829,#121,.T.);
#638=EDGE_CURVE('',#830,#830,#122,.T.);
#639=EDGE_CURVE('',#811,#801,#979,.T.);
#640=EDGE_CURVE('',#812,#804,#980,.T.);
#641=EDGE_CURVE('',#831,#831,#10,.T.);
#642=EDGE_CURVE('',#832,#833,#981,.F.);
#643=EDGE_CURVE('',#832,#834,#11,.T.);
#644=EDGE_CURVE('',#834,#835,#982,.F.);
#645=EDGE_CURVE('',#833,#835,#12,.T.);
#646=EDGE_CURVE('',#836,#837,#983,.F.);
#647=EDGE_CURVE('',#836,#838,#13,.T.);
#648=EDGE_CURVE('',#838,#839,#984,.F.);
#649=EDGE_CURVE('',#837,#839,#14,.T.);
#650=EDGE_CURVE('',#840,#840,#15,.T.);
#651=EDGE_CURVE('',#841,#842,#985,.F.);
#652=EDGE_CURVE('',#842,#843,#16,.T.);
#653=EDGE_CURVE('',#844,#843,#986,.F.);
#654=EDGE_CURVE('',#841,#844,#17,.T.);
#655=EDGE_CURVE('',#845,#846,#987,.F.);
#656=EDGE_CURVE('',#846,#847,#18,.T.);
#657=EDGE_CURVE('',#848,#847,#988,.F.);
#658=EDGE_CURVE('',#845,#848,#19,.T.);
#659=EDGE_CURVE('',#849,#850,#123,.T.);
#660=EDGE_CURVE('',#851,#850,#989,.T.);
#661=EDGE_CURVE('',#852,#851,#124,.T.);
#662=EDGE_CURVE('',#852,#849,#990,.T.);
#663=EDGE_CURVE('',#852,#832,#991,.T.);
#664=EDGE_CURVE('',#849,#833,#992,.T.);
#665=EDGE_CURVE('',#851,#834,#993,.T.);
#666=EDGE_CURVE('',#850,#835,#994,.T.);
#667=EDGE_CURVE('',#853,#853,#125,.T.);
#668=EDGE_CURVE('',#854,#854,#126,.T.);
#669=EDGE_CURVE('',#855,#856,#127,.T.);
#670=EDGE_CURVE('',#857,#856,#995,.T.);
#671=EDGE_CURVE('',#858,#857,#128,.T.);
#672=EDGE_CURVE('',#858,#855,#996,.T.);
#673=EDGE_CURVE('',#858,#836,#997,.T.);
#674=EDGE_CURVE('',#855,#837,#998,.T.);
#675=EDGE_CURVE('',#857,#838,#999,.T.);
#676=EDGE_CURVE('',#856,#839,#1000,.T.);
#677=EDGE_CURVE('',#859,#859,#129,.T.);
#678=EDGE_CURVE('',#860,#860,#130,.T.);
#679=EDGE_CURVE('',#861,#862,#131,.T.);
#680=EDGE_CURVE('',#863,#861,#1001,.T.);
#681=EDGE_CURVE('',#863,#864,#132,.T.);
#682=EDGE_CURVE('',#864,#862,#1002,.T.);
#683=EDGE_CURVE('',#863,#841,#1003,.T.);
#684=EDGE_CURVE('',#861,#842,#1004,.T.);
#685=EDGE_CURVE('',#862,#843,#1005,.T.);
#686=EDGE_CURVE('',#864,#844,#1006,.T.);
#687=EDGE_CURVE('',#865,#865,#133,.T.);
#688=EDGE_CURVE('',#866,#866,#134,.T.);
#689=EDGE_CURVE('',#867,#868,#135,.T.);
#690=EDGE_CURVE('',#869,#867,#1007,.T.);
#691=EDGE_CURVE('',#869,#870,#136,.T.);
#692=EDGE_CURVE('',#870,#868,#1008,.T.);
#693=EDGE_CURVE('',#869,#845,#1009,.T.);
#694=EDGE_CURVE('',#867,#846,#1010,.T.);
#695=EDGE_CURVE('',#868,#847,#1011,.T.);
#696=EDGE_CURVE('',#870,#848,#1012,.T.);
#697=EDGE_CURVE('',#871,#871,#137,.T.);
#698=EDGE_CURVE('',#872,#872,#138,.T.);
#699=EDGE_CURVE('',#873,#874,#139,.T.);
#700=EDGE_CURVE('',#875,#874,#1013,.T.);
#701=EDGE_CURVE('',#876,#875,#140,.T.);
#702=EDGE_CURVE('',#876,#873,#1014,.T.);
#703=EDGE_CURVE('',#873,#877,#20,.T.);
#704=EDGE_CURVE('',#876,#878,#21,.T.);
#705=EDGE_CURVE('',#878,#877,#1015,.T.);
#706=EDGE_CURVE('',#879,#879,#22,.T.);
#707=EDGE_CURVE('',#880,#880,#23,.T.);
#708=EDGE_CURVE('',#881,#881,#24,.T.);
#709=EDGE_CURVE('',#882,#882,#25,.T.);
#710=EDGE_CURVE('',#883,#883,#26,.T.);
#711=EDGE_CURVE('',#884,#884,#27,.T.);
#712=EDGE_CURVE('',#885,#885,#28,.T.);
#713=EDGE_CURVE('',#886,#886,#29,.T.);
#714=EDGE_CURVE('',#887,#887,#30,.T.);
#715=EDGE_CURVE('',#888,#888,#31,.T.);
#716=EDGE_CURVE('',#889,#889,#32,.T.);
#717=EDGE_CURVE('',#890,#890,#33,.T.);
#718=EDGE_CURVE('',#891,#891,#34,.T.);
#719=EDGE_CURVE('',#892,#892,#35,.T.);
#720=EDGE_CURVE('',#893,#893,#36,.T.);
#721=EDGE_CURVE('',#894,#894,#37,.T.);
#722=EDGE_CURVE('',#895,#895,#141,.T.);
#723=EDGE_CURVE('',#896,#896,#142,.T.);
#724=EDGE_CURVE('',#897,#897,#143,.T.);
#725=EDGE_CURVE('',#898,#898,#144,.T.);
#726=EDGE_CURVE('',#899,#899,#145,.T.);
#727=EDGE_CURVE('',#900,#900,#146,.T.);
#728=EDGE_CURVE('',#877,#874,#1016,.T.);
#729=EDGE_CURVE('',#878,#875,#1017,.T.);
#730=EDGE_CURVE('',#901,#901,#147,.T.);
#731=EDGE_CURVE('',#902,#902,#148,.T.);
#732=EDGE_CURVE('',#903,#904,#149,.T.);
#733=EDGE_CURVE('',#905,#903,#1018,.T.);
#734=EDGE_CURVE('',#905,#906,#150,.T.);
#735=EDGE_CURVE('',#906,#904,#1019,.T.);
#736=EDGE_CURVE('',#903,#907,#38,.T.);
#737=EDGE_CURVE('',#908,#907,#1020,.T.);
#738=EDGE_CURVE('',#905,#908,#39,.T.);
#739=EDGE_CURVE('',#909,#909,#40,.T.);
#740=EDGE_CURVE('',#910,#910,#41,.T.);
#741=EDGE_CURVE('',#911,#911,#42,.T.);
#742=EDGE_CURVE('',#912,#912,#43,.T.);
#743=EDGE_CURVE('',#913,#913,#44,.T.);
#744=EDGE_CURVE('',#914,#914,#45,.T.);
#745=EDGE_CURVE('',#915,#915,#46,.T.);
#746=EDGE_CURVE('',#916,#916,#47,.T.);
#747=EDGE_CURVE('',#917,#917,#48,.T.);
#748=EDGE_CURVE('',#918,#918,#49,.T.);
#749=EDGE_CURVE('',#919,#919,#50,.T.);
#750=EDGE_CURVE('',#920,#920,#51,.T.);
#751=EDGE_CURVE('',#921,#921,#52,.T.);
#752=EDGE_CURVE('',#922,#922,#53,.T.);
#753=EDGE_CURVE('',#923,#923,#54,.T.);
#754=EDGE_CURVE('',#924,#924,#55,.T.);
#755=EDGE_CURVE('',#925,#925,#151,.T.);
#756=EDGE_CURVE('',#926,#926,#152,.T.);
#757=EDGE_CURVE('',#927,#927,#153,.T.);
#758=EDGE_CURVE('',#928,#928,#154,.T.);
#759=EDGE_CURVE('',#929,#929,#155,.T.);
#760=EDGE_CURVE('',#930,#930,#156,.T.);
#761=EDGE_CURVE('',#907,#904,#1021,.T.);
#762=EDGE_CURVE('',#908,#906,#1022,.T.);
#763=EDGE_CURVE('',#931,#931,#157,.T.);
#764=EDGE_CURVE('',#932,#932,#158,.T.);
#765=EDGE_CURVE('',#933,#934,#1023,.T.);
#766=EDGE_CURVE('',#935,#933,#1024,.T.);
#767=EDGE_CURVE('',#935,#936,#1025,.T.);
#768=EDGE_CURVE('',#936,#934,#1026,.T.);
#769=EDGE_CURVE('',#934,#937,#1027,.T.);
#770=EDGE_CURVE('',#936,#938,#1028,.T.);
#771=EDGE_CURVE('',#938,#937,#1029,.T.);
#772=EDGE_CURVE('',#937,#939,#1030,.T.);
#773=EDGE_CURVE('',#938,#940,#1031,.T.);
#774=EDGE_CURVE('',#940,#939,#1032,.T.);
#775=EDGE_CURVE('',#939,#941,#1033,.T.);
#776=EDGE_CURVE('',#940,#942,#1034,.T.);
#777=EDGE_CURVE('',#942,#941,#1035,.T.);
#778=EDGE_CURVE('',#941,#943,#1036,.T.);
#779=EDGE_CURVE('',#942,#944,#1037,.T.);
#780=EDGE_CURVE('',#944,#943,#1038,.T.);
#781=EDGE_CURVE('',#945,#945,#159,.T.);
#782=EDGE_CURVE('',#946,#946,#160,.T.);
#783=EDGE_CURVE('',#947,#947,#161,.T.);
#784=EDGE_CURVE('',#948,#948,#162,.T.);
#785=EDGE_CURVE('',#949,#949,#163,.T.);
#786=EDGE_CURVE('',#950,#950,#164,.T.);
#787=EDGE_CURVE('',#951,#951,#165,.T.);
#788=EDGE_CURVE('',#952,#952,#166,.T.);
#789=EDGE_CURVE('',#953,#953,#167,.T.);
#790=EDGE_CURVE('',#954,#954,#168,.T.);
#791=EDGE_CURVE('',#955,#955,#169,.T.);
#792=EDGE_CURVE('',#956,#956,#170,.T.);
#793=EDGE_CURVE('',#957,#957,#171,.T.);
#794=EDGE_CURVE('',#958,#958,#172,.T.);
#795=EDGE_CURVE('',#959,#959,#173,.T.);
#796=EDGE_CURVE('',#960,#960,#174,.T.);
#797=EDGE_CURVE('',#961,#961,#175,.T.);
#798=EDGE_CURVE('',#962,#962,#176,.T.);
#799=EDGE_CURVE('',#943,#933,#1039,.T.);
#800=EDGE_CURVE('',#944,#935,#1040,.T.);
#801=VERTEX_POINT('',#2333);
#802=VERTEX_POINT('',#2334);
#803=VERTEX_POINT('',#2336);
#804=VERTEX_POINT('',#2338);
#805=VERTEX_POINT('',#2342);
#806=VERTEX_POINT('',#2344);
#807=VERTEX_POINT('',#2348);
#808=VERTEX_POINT('',#2350);
#809=VERTEX_POINT('',#2354);
#810=VERTEX_POINT('',#2356);
#811=VERTEX_POINT('',#2360);
#812=VERTEX_POINT('',#2362);
#813=VERTEX_POINT('',#2366);
#814=VERTEX_POINT('',#2368);
#815=VERTEX_POINT('',#2371);
#816=VERTEX_POINT('',#2373);
#817=VERTEX_POINT('',#2376);
#818=VERTEX_POINT('',#2378);
#819=VERTEX_POINT('',#2381);
#820=VERTEX_POINT('',#2383);
#821=VERTEX_POINT('',#2386);
#822=VERTEX_POINT('',#2388);
#823=VERTEX_POINT('',#2391);
#824=VERTEX_POINT('',#2393);
#825=VERTEX_POINT('',#2396);
#826=VERTEX_POINT('',#2398);
#827=VERTEX_POINT('',#2401);
#828=VERTEX_POINT('',#2403);
#829=VERTEX_POINT('',#2406);
#830=VERTEX_POINT('',#2408);
#831=VERTEX_POINT('',#2496);
#832=VERTEX_POINT('',#2498);
#833=VERTEX_POINT('',#2499);
#834=VERTEX_POINT('',#2527);
#835=VERTEX_POINT('',#2529);
#836=VERTEX_POINT('',#2558);
#837=VERTEX_POINT('',#2559);
#838=VERTEX_POINT('',#2587);
#839=VERTEX_POINT('',#2589);
#840=VERTEX_POINT('',#2644);
#841=VERTEX_POINT('',#2646);
#842=VERTEX_POINT('',#2647);
#843=VERTEX_POINT('',#2675);
#844=VERTEX_POINT('',#2677);
#845=VERTEX_POINT('',#2706);
#846=VERTEX_POINT('',#2707);
#847=VERTEX_POINT('',#2735);
#848=VERTEX_POINT('',#2737);
#849=VERTEX_POINT('',#2768);
#850=VERTEX_POINT('',#2769);
#851=VERTEX_POINT('',#2771);
#852=VERTEX_POINT('',#2773);
#853=VERTEX_POINT('',#2783);
#854=VERTEX_POINT('',#2785);
#855=VERTEX_POINT('',#2790);
#856=VERTEX_POINT('',#2791);
#857=VERTEX_POINT('',#2793);
#858=VERTEX_POINT('',#2795);
#859=VERTEX_POINT('',#2805);
#860=VERTEX_POINT('',#2807);
#861=VERTEX_POINT('',#2813);
#862=VERTEX_POINT('',#2814);
#863=VERTEX_POINT('',#2816);
#864=VERTEX_POINT('',#2818);
#865=VERTEX_POINT('',#2828);
#866=VERTEX_POINT('',#2830);
#867=VERTEX_POINT('',#2835);
#868=VERTEX_POINT('',#2836);
#869=VERTEX_POINT('',#2838);
#870=VERTEX_POINT('',#2840);
#871=VERTEX_POINT('',#2850);
#872=VERTEX_POINT('',#2852);
#873=VERTEX_POINT('',#2858);
#874=VERTEX_POINT('',#2859);
#875=VERTEX_POINT('',#2861);
#876=VERTEX_POINT('',#2863);
#877=VERTEX_POINT('',#3114);
#878=VERTEX_POINT('',#3152);
#879=VERTEX_POINT('',#3202);
#880=VERTEX_POINT('',#3219);
#881=VERTEX_POINT('',#3271);
#882=VERTEX_POINT('',#3289);
#883=VERTEX_POINT('',#3347);
#884=VERTEX_POINT('',#3367);
#885=VERTEX_POINT('',#3419);
#886=VERTEX_POINT('',#3437);
#887=VERTEX_POINT('',#3489);
#888=VERTEX_POINT('',#3507);
#889=VERTEX_POINT('',#3568);
#890=VERTEX_POINT('',#3589);
#891=VERTEX_POINT('',#3647);
#892=VERTEX_POINT('',#3667);
#893=VERTEX_POINT('',#3719);
#894=VERTEX_POINT('',#3737);
#895=VERTEX_POINT('',#3740);
#896=VERTEX_POINT('',#3742);
#897=VERTEX_POINT('',#3745);
#898=VERTEX_POINT('',#3747);
#899=VERTEX_POINT('',#3750);
#900=VERTEX_POINT('',#3752);
#901=VERTEX_POINT('',#3758);
#902=VERTEX_POINT('',#3760);
#903=VERTEX_POINT('',#3766);
#904=VERTEX_POINT('',#3767);
#905=VERTEX_POINT('',#3769);
#906=VERTEX_POINT('',#3771);
#907=VERTEX_POINT('',#4022);
#908=VERTEX_POINT('',#4024);
#909=VERTEX_POINT('',#4110);
#910=VERTEX_POINT('',#4127);
#911=VERTEX_POINT('',#4179);
#912=VERTEX_POINT('',#4197);
#913=VERTEX_POINT('',#4255);
#914=VERTEX_POINT('',#4275);
#915=VERTEX_POINT('',#4327);
#916=VERTEX_POINT('',#4345);
#917=VERTEX_POINT('',#4397);
#918=VERTEX_POINT('',#4415);
#919=VERTEX_POINT('',#4476);
#920=VERTEX_POINT('',#4497);
#921=VERTEX_POINT('',#4555);
#922=VERTEX_POINT('',#4575);
#923=VERTEX_POINT('',#4627);
#924=VERTEX_POINT('',#4645);
#925=VERTEX_POINT('',#4648);
#926=VERTEX_POINT('',#4650);
#927=VERTEX_POINT('',#4653);
#928=VERTEX_POINT('',#4655);
#929=VERTEX_POINT('',#4658);
#930=VERTEX_POINT('',#4660);
#931=VERTEX_POINT('',#4666);
#932=VERTEX_POINT('',#4668);
#933=VERTEX_POINT('',#4674);
#934=VERTEX_POINT('',#4675);
#935=VERTEX_POINT('',#4677);
#936=VERTEX_POINT('',#4679);
#937=VERTEX_POINT('',#4683);
#938=VERTEX_POINT('',#4685);
#939=VERTEX_POINT('',#4689);
#940=VERTEX_POINT('',#4691);
#941=VERTEX_POINT('',#4695);
#942=VERTEX_POINT('',#4697);
#943=VERTEX_POINT('',#4701);
#944=VERTEX_POINT('',#4703);
#945=VERTEX_POINT('',#4707);
#946=VERTEX_POINT('',#4709);
#947=VERTEX_POINT('',#4712);
#948=VERTEX_POINT('',#4714);
#949=VERTEX_POINT('',#4717);
#950=VERTEX_POINT('',#4719);
#951=VERTEX_POINT('',#4722);
#952=VERTEX_POINT('',#4724);
#953=VERTEX_POINT('',#4727);
#954=VERTEX_POINT('',#4729);
#955=VERTEX_POINT('',#4732);
#956=VERTEX_POINT('',#4734);
#957=VERTEX_POINT('',#4737);
#958=VERTEX_POINT('',#4739);
#959=VERTEX_POINT('',#4742);
#960=VERTEX_POINT('',#4744);
#961=VERTEX_POINT('',#4747);
#962=VERTEX_POINT('',#4749);
#963=LINE('',#2332,#1041);
#964=LINE('',#2335,#1042);
#965=LINE('',#2337,#1043);
#966=LINE('',#2339,#1044);
#967=LINE('',#2341,#1045);
#968=LINE('',#2343,#1046);
#969=LINE('',#2345,#1047);
#970=LINE('',#2347,#1048);
#971=LINE('',#2349,#1049);
#972=LINE('',#2351,#1050);
#973=LINE('',#2353,#1051);
#974=LINE('',#2355,#1052);
#975=LINE('',#2357,#1053);
#976=LINE('',#2359,#1054);
#977=LINE('',#2361,#1055);
#978=LINE('',#2363,#1056);
#979=LINE('',#2410,#1057);
#980=LINE('',#2411,#1058);
#981=LINE('',#2497,#1059);
#982=LINE('',#2528,#1060);
#983=LINE('',#2557,#1061);
#984=LINE('',#2588,#1062);
#985=LINE('',#2645,#1063);
#986=LINE('',#2676,#1064);
#987=LINE('',#2705,#1065);
#988=LINE('',#2736,#1066);
#989=LINE('',#2770,#1067);
#990=LINE('',#2774,#1068);
#991=LINE('',#2776,#1069);
#992=LINE('',#2777,#1070);
#993=LINE('',#2779,#1071);
#994=LINE('',#2780,#1072);
#995=LINE('',#2792,#1073);
#996=LINE('',#2796,#1074);
#997=LINE('',#2798,#1075);
#998=LINE('',#2799,#1076);
#999=LINE('',#2801,#1077);
#1000=LINE('',#2802,#1078);
#1001=LINE('',#2815,#1079);
#1002=LINE('',#2819,#1080);
#1003=LINE('',#2821,#1081);
#1004=LINE('',#2822,#1082);
#1005=LINE('',#2824,#1083);
#1006=LINE('',#2825,#1084);
#1007=LINE('',#2837,#1085);
#1008=LINE('',#2841,#1086);
#1009=LINE('',#2843,#1087);
#1010=LINE('',#2844,#1088);
#1011=LINE('',#2846,#1089);
#1012=LINE('',#2847,#1090);
#1013=LINE('',#2860,#1091);
#1014=LINE('',#2864,#1092);
#1015=LINE('',#3153,#1093);
#1016=LINE('',#3754,#1094);
#1017=LINE('',#3755,#1095);
#1018=LINE('',#3768,#1096);
#1019=LINE('',#3772,#1097);
#1020=LINE('',#4023,#1098);
#1021=LINE('',#4662,#1099);
#1022=LINE('',#4663,#1100);
#1023=LINE('',#4673,#1101);
#1024=LINE('',#4676,#1102);
#1025=LINE('',#4678,#1103);
#1026=LINE('',#4680,#1104);
#1027=LINE('',#4682,#1105);
#1028=LINE('',#4684,#1106);
#1029=LINE('',#4686,#1107);
#1030=LINE('',#4688,#1108);
#1031=LINE('',#4690,#1109);
#1032=LINE('',#4692,#1110);
#1033=LINE('',#4694,#1111);
#1034=LINE('',#4696,#1112);
#1035=LINE('',#4698,#1113);
#1036=LINE('',#4700,#1114);
#1037=LINE('',#4702,#1115);
#1038=LINE('',#4704,#1116);
#1039=LINE('',#4751,#1117);
#1040=LINE('',#4752,#1118);
#1041=VECTOR('',#1948,1.);
#1042=VECTOR('',#1949,1.);
#1043=VECTOR('',#1950,1.);
#1044=VECTOR('',#1951,1.);
#1045=VECTOR('',#1954,1.);
#1046=VECTOR('',#1955,1.);
#1047=VECTOR('',#1956,1.);
#1048=VECTOR('',#1959,1.);
#1049=VECTOR('',#1960,1.);
#1050=VECTOR('',#1961,1.);
#1051=VECTOR('',#1964,1.);
#1052=VECTOR('',#1965,1.);
#1053=VECTOR('',#1966,1.);
#1054=VECTOR('',#1969,1.);
#1055=VECTOR('',#1970,1.);
#1056=VECTOR('',#1971,1.);
#1057=VECTOR('',#2028,1.);
#1058=VECTOR('',#2029,1.);
#1059=VECTOR('',#2036,1.);
#1060=VECTOR('',#2037,1.);
#1061=VECTOR('',#2038,1.);
#1062=VECTOR('',#2039,1.);
#1063=VECTOR('',#2040,1.);
#1064=VECTOR('',#2041,1.);
#1065=VECTOR('',#2042,1.);
#1066=VECTOR('',#2043,1.);
#1067=VECTOR('',#2050,1.);
#1068=VECTOR('',#2053,1.);
#1069=VECTOR('',#2056,1.);
#1070=VECTOR('',#2057,1.);
#1071=VECTOR('',#2060,1.);
#1072=VECTOR('',#2061,1.);
#1073=VECTOR('',#2076,1.);
#1074=VECTOR('',#2079,1.);
#1075=VECTOR('',#2082,1.);
#1076=VECTOR('',#2083,1.);
#1077=VECTOR('',#2086,1.);
#1078=VECTOR('',#2087,1.);
#1079=VECTOR('',#2104,1.);
#1080=VECTOR('',#2107,1.);
#1081=VECTOR('',#2110,1.);
#1082=VECTOR('',#2111,1.);
#1083=VECTOR('',#2114,1.);
#1084=VECTOR('',#2115,1.);
#1085=VECTOR('',#2130,1.);
#1086=VECTOR('',#2133,1.);
#1087=VECTOR('',#2136,1.);
#1088=VECTOR('',#2137,1.);
#1089=VECTOR('',#2140,1.);
#1090=VECTOR('',#2141,1.);
#1091=VECTOR('',#2158,1.);
#1092=VECTOR('',#2161,1.);
#1093=VECTOR('',#2162,1.);
#1094=VECTOR('',#2183,1.);
#1095=VECTOR('',#2184,1.);
#1096=VECTOR('',#2201,1.);
#1097=VECTOR('',#2204,1.);
#1098=VECTOR('',#2205,1.);
#1099=VECTOR('',#2226,1.);
#1100=VECTOR('',#2227,1.);
#1101=VECTOR('',#2242,1.);
#1102=VECTOR('',#2243,1.);
#1103=VECTOR('',#2244,1.);
#1104=VECTOR('',#2245,1.);
#1105=VECTOR('',#2248,1.);
#1106=VECTOR('',#2249,1.);
#1107=VECTOR('',#2250,1.);
#1108=VECTOR('',#2253,1.);
#1109=VECTOR('',#2254,1.);
#1110=VECTOR('',#2255,1.);
#1111=VECTOR('',#2258,1.);
#1112=VECTOR('',#2259,1.);
#1113=VECTOR('',#2260,1.);
#1114=VECTOR('',#2263,1.);
#1115=VECTOR('',#2264,1.);
#1116=VECTOR('',#2265,1.);
#1117=VECTOR('',#2322,1.);
#1118=VECTOR('',#2323,1.);
#1119=EDGE_LOOP('',(#213,#214,#215,#216));
#1120=EDGE_LOOP('',(#217,#218,#219,#220));
#1121=EDGE_LOOP('',(#221,#222,#223,#224));
#1122=EDGE_LOOP('',(#225,#226,#227,#228));
#1123=EDGE_LOOP('',(#229,#230,#231,#232));
#1124=EDGE_LOOP('',(#233));
#1125=EDGE_LOOP('',(#234));
#1126=EDGE_LOOP('',(#235));
#1127=EDGE_LOOP('',(#236));
#1128=EDGE_LOOP('',(#237));
#1129=EDGE_LOOP('',(#238));
#1130=EDGE_LOOP('',(#239));
#1131=EDGE_LOOP('',(#240));
#1132=EDGE_LOOP('',(#241));
#1133=EDGE_LOOP('',(#242));
#1134=EDGE_LOOP('',(#243));
#1135=EDGE_LOOP('',(#244));
#1136=EDGE_LOOP('',(#245));
#1137=EDGE_LOOP('',(#246));
#1138=EDGE_LOOP('',(#247));
#1139=EDGE_LOOP('',(#248));
#1140=EDGE_LOOP('',(#249));
#1141=EDGE_LOOP('',(#250));
#1142=EDGE_LOOP('',(#251,#252,#253,#254));
#1143=EDGE_LOOP('',(#255));
#1144=EDGE_LOOP('',(#256));
#1145=EDGE_LOOP('',(#257));
#1146=EDGE_LOOP('',(#258));
#1147=EDGE_LOOP('',(#259));
#1148=EDGE_LOOP('',(#260));
#1149=EDGE_LOOP('',(#261));
#1150=EDGE_LOOP('',(#262));
#1151=EDGE_LOOP('',(#263));
#1152=EDGE_LOOP('',(#264,#265,#266,#267,#268,#269));
#1153=EDGE_LOOP('',(#270));
#1154=EDGE_LOOP('',(#271));
#1155=EDGE_LOOP('',(#272));
#1156=EDGE_LOOP('',(#273));
#1157=EDGE_LOOP('',(#274));
#1158=EDGE_LOOP('',(#275));
#1159=EDGE_LOOP('',(#276));
#1160=EDGE_LOOP('',(#277));
#1161=EDGE_LOOP('',(#278));
#1162=EDGE_LOOP('',(#279,#280,#281,#282,#283,#284));
#1163=EDGE_LOOP('',(#285));
#1164=EDGE_LOOP('',(#286,#287,#288,#289));
#1165=EDGE_LOOP('',(#290,#291,#292,#293));
#1166=EDGE_LOOP('',(#294));
#1167=EDGE_LOOP('',(#295,#296,#297,#298));
#1168=EDGE_LOOP('',(#299,#300,#301,#302));
#1169=EDGE_LOOP('',(#303));
#1170=EDGE_LOOP('',(#304,#305,#306,#307));
#1171=EDGE_LOOP('',(#308,#309,#310,#311));
#1172=EDGE_LOOP('',(#312,#313,#314,#315));
#1173=EDGE_LOOP('',(#316));
#1174=EDGE_LOOP('',(#317));
#1175=EDGE_LOOP('',(#318,#319,#320,#321));
#1176=EDGE_LOOP('',(#322));
#1177=EDGE_LOOP('',(#323,#324,#325,#326));
#1178=EDGE_LOOP('',(#327));
#1179=EDGE_LOOP('',(#328,#329,#330,#331));
#1180=EDGE_LOOP('',(#332,#333,#334,#335));
#1181=EDGE_LOOP('',(#336,#337,#338,#339));
#1182=EDGE_LOOP('',(#340));
#1183=EDGE_LOOP('',(#341));
#1184=EDGE_LOOP('',(#342,#343,#344,#345));
#1185=EDGE_LOOP('',(#346));
#1186=EDGE_LOOP('',(#347,#348,#349,#350));
#1187=EDGE_LOOP('',(#351));
#1188=EDGE_LOOP('',(#352));
#1189=EDGE_LOOP('',(#353,#354,#355,#356));
#1190=EDGE_LOOP('',(#357,#358,#359,#360));
#1191=EDGE_LOOP('',(#361,#362,#363,#364));
#1192=EDGE_LOOP('',(#365));
#1193=EDGE_LOOP('',(#366));
#1194=EDGE_LOOP('',(#367,#368,#369,#370));
#1195=EDGE_LOOP('',(#371));
#1196=EDGE_LOOP('',(#372,#373,#374,#375));
#1197=EDGE_LOOP('',(#376));
#1198=EDGE_LOOP('',(#377,#378,#379,#380));
#1199=EDGE_LOOP('',(#381,#382,#383,#384));
#1200=EDGE_LOOP('',(#385,#386,#387,#388));
#1201=EDGE_LOOP('',(#389));
#1202=EDGE_LOOP('',(#390));
#1203=EDGE_LOOP('',(#391,#392,#393,#394));
#1204=EDGE_LOOP('',(#395));
#1205=EDGE_LOOP('',(#396,#397,#398,#399));
#1206=EDGE_LOOP('',(#400));
#1207=EDGE_LOOP('',(#401,#402,#403,#404));
#1208=EDGE_LOOP('',(#405,#406,#407,#408));
#1209=EDGE_LOOP('',(#409));
#1210=EDGE_LOOP('',(#410));
#1211=EDGE_LOOP('',(#411));
#1212=EDGE_LOOP('',(#412));
#1213=EDGE_LOOP('',(#413));
#1214=EDGE_LOOP('',(#414));
#1215=EDGE_LOOP('',(#415));
#1216=EDGE_LOOP('',(#416));
#1217=EDGE_LOOP('',(#417));
#1218=EDGE_LOOP('',(#418));
#1219=EDGE_LOOP('',(#419));
#1220=EDGE_LOOP('',(#420));
#1221=EDGE_LOOP('',(#421));
#1222=EDGE_LOOP('',(#422));
#1223=EDGE_LOOP('',(#423));
#1224=EDGE_LOOP('',(#424));
#1225=EDGE_LOOP('',(#425));
#1226=EDGE_LOOP('',(#426));
#1227=EDGE_LOOP('',(#427));
#1228=EDGE_LOOP('',(#428));
#1229=EDGE_LOOP('',(#429));
#1230=EDGE_LOOP('',(#430));
#1231=EDGE_LOOP('',(#431,#432,#433,#434));
#1232=EDGE_LOOP('',(#435));
#1233=EDGE_LOOP('',(#436));
#1234=EDGE_LOOP('',(#437,#438,#439));
#1235=EDGE_LOOP('',(#440));
#1236=EDGE_LOOP('',(#441));
#1237=EDGE_LOOP('',(#442));
#1238=EDGE_LOOP('',(#443));
#1239=EDGE_LOOP('',(#444));
#1240=EDGE_LOOP('',(#445));
#1241=EDGE_LOOP('',(#446));
#1242=EDGE_LOOP('',(#447));
#1243=EDGE_LOOP('',(#448));
#1244=EDGE_LOOP('',(#449));
#1245=EDGE_LOOP('',(#450));
#1246=EDGE_LOOP('',(#451));
#1247=EDGE_LOOP('',(#452,#453,#454));
#1248=EDGE_LOOP('',(#455));
#1249=EDGE_LOOP('',(#456));
#1250=EDGE_LOOP('',(#457));
#1251=EDGE_LOOP('',(#458));
#1252=EDGE_LOOP('',(#459));
#1253=EDGE_LOOP('',(#460));
#1254=EDGE_LOOP('',(#461));
#1255=EDGE_LOOP('',(#462));
#1256=EDGE_LOOP('',(#463));
#1257=EDGE_LOOP('',(#464));
#1258=EDGE_LOOP('',(#465));
#1259=EDGE_LOOP('',(#466));
#1260=EDGE_LOOP('',(#467,#468,#469,#470));
#1261=EDGE_LOOP('',(#471,#472,#473,#474));
#1262=EDGE_LOOP('',(#475));
#1263=EDGE_LOOP('',(#476));
#1264=EDGE_LOOP('',(#477));
#1265=EDGE_LOOP('',(#478));
#1266=EDGE_LOOP('',(#479));
#1267=EDGE_LOOP('',(#480));
#1268=EDGE_LOOP('',(#481));
#1269=EDGE_LOOP('',(#482));
#1270=EDGE_LOOP('',(#483));
#1271=EDGE_LOOP('',(#484));
#1272=EDGE_LOOP('',(#485));
#1273=EDGE_LOOP('',(#486));
#1274=EDGE_LOOP('',(#487));
#1275=EDGE_LOOP('',(#488));
#1276=EDGE_LOOP('',(#489));
#1277=EDGE_LOOP('',(#490));
#1278=EDGE_LOOP('',(#491));
#1279=EDGE_LOOP('',(#492));
#1280=EDGE_LOOP('',(#493));
#1281=EDGE_LOOP('',(#494));
#1282=EDGE_LOOP('',(#495));
#1283=EDGE_LOOP('',(#496));
#1284=EDGE_LOOP('',(#497,#498,#499,#500));
#1285=EDGE_LOOP('',(#501));
#1286=EDGE_LOOP('',(#502));
#1287=EDGE_LOOP('',(#503,#504,#505));
#1288=EDGE_LOOP('',(#506));
#1289=EDGE_LOOP('',(#507));
#1290=EDGE_LOOP('',(#508));
#1291=EDGE_LOOP('',(#509));
#1292=EDGE_LOOP('',(#510));
#1293=EDGE_LOOP('',(#511));
#1294=EDGE_LOOP('',(#512));
#1295=EDGE_LOOP('',(#513));
#1296=EDGE_LOOP('',(#514));
#1297=EDGE_LOOP('',(#515));
#1298=EDGE_LOOP('',(#516));
#1299=EDGE_LOOP('',(#517));
#1300=EDGE_LOOP('',(#518,#519,#520));
#1301=EDGE_LOOP('',(#521));
#1302=EDGE_LOOP('',(#522));
#1303=EDGE_LOOP('',(#523));
#1304=EDGE_LOOP('',(#524));
#1305=EDGE_LOOP('',(#525));
#1306=EDGE_LOOP('',(#526));
#1307=EDGE_LOOP('',(#527));
#1308=EDGE_LOOP('',(#528));
#1309=EDGE_LOOP('',(#529));
#1310=EDGE_LOOP('',(#530));
#1311=EDGE_LOOP('',(#531));
#1312=EDGE_LOOP('',(#532));
#1313=EDGE_LOOP('',(#533,#534,#535,#536));
#1314=EDGE_LOOP('',(#537,#538,#539,#540));
#1315=EDGE_LOOP('',(#541,#542,#543,#544));
#1316=EDGE_LOOP('',(#545,#546,#547,#548));
#1317=EDGE_LOOP('',(#549,#550,#551,#552));
#1318=EDGE_LOOP('',(#553));
#1319=EDGE_LOOP('',(#554));
#1320=EDGE_LOOP('',(#555));
#1321=EDGE_LOOP('',(#556));
#1322=EDGE_LOOP('',(#557));
#1323=EDGE_LOOP('',(#558));
#1324=EDGE_LOOP('',(#559));
#1325=EDGE_LOOP('',(#560));
#1326=EDGE_LOOP('',(#561));
#1327=EDGE_LOOP('',(#562));
#1328=EDGE_LOOP('',(#563));
#1329=EDGE_LOOP('',(#564));
#1330=EDGE_LOOP('',(#565));
#1331=EDGE_LOOP('',(#566));
#1332=EDGE_LOOP('',(#567));
#1333=EDGE_LOOP('',(#568));
#1334=EDGE_LOOP('',(#569));
#1335=EDGE_LOOP('',(#570));
#1336=EDGE_LOOP('',(#571,#572,#573,#574));
#1337=EDGE_LOOP('',(#575));
#1338=EDGE_LOOP('',(#576));
#1339=EDGE_LOOP('',(#577));
#1340=EDGE_LOOP('',(#578));
#1341=EDGE_LOOP('',(#579));
#1342=EDGE_LOOP('',(#580));
#1343=EDGE_LOOP('',(#581));
#1344=EDGE_LOOP('',(#582));
#1345=EDGE_LOOP('',(#583));
#1346=EDGE_LOOP('',(#584,#585,#586,#587,#588,#589));
#1347=EDGE_LOOP('',(#590));
#1348=EDGE_LOOP('',(#591));
#1349=EDGE_LOOP('',(#592));
#1350=EDGE_LOOP('',(#593));
#1351=EDGE_LOOP('',(#594));
#1352=EDGE_LOOP('',(#595));
#1353=EDGE_LOOP('',(#596));
#1354=EDGE_LOOP('',(#597));
#1355=EDGE_LOOP('',(#598));
#1356=EDGE_LOOP('',(#599,#600,#601,#602,#603,#604));
#1357=FACE_BOUND('',#1119,.T.);
#1358=FACE_BOUND('',#1120,.T.);
#1359=FACE_BOUND('',#1121,.T.);
#1360=FACE_BOUND('',#1122,.T.);
#1361=FACE_BOUND('',#1123,.T.);
#1362=FACE_BOUND('',#1124,.T.);
#1363=FACE_BOUND('',#1125,.T.);
#1364=FACE_BOUND('',#1126,.T.);
#1365=FACE_BOUND('',#1127,.T.);
#1366=FACE_BOUND('',#1128,.T.);
#1367=FACE_BOUND('',#1129,.T.);
#1368=FACE_BOUND('',#1130,.T.);
#1369=FACE_BOUND('',#1131,.T.);
#1370=FACE_BOUND('',#1132,.T.);
#1371=FACE_BOUND('',#1133,.T.);
#1372=FACE_BOUND('',#1134,.T.);
#1373=FACE_BOUND('',#1135,.T.);
#1374=FACE_BOUND('',#1136,.T.);
#1375=FACE_BOUND('',#1137,.T.);
#1376=FACE_BOUND('',#1138,.T.);
#1377=FACE_BOUND('',#1139,.T.);
#1378=FACE_BOUND('',#1140,.T.);
#1379=FACE_BOUND('',#1141,.T.);
#1380=FACE_BOUND('',#1142,.T.);
#1381=FACE_BOUND('',#1143,.T.);
#1382=FACE_BOUND('',#1144,.T.);
#1383=FACE_BOUND('',#1145,.T.);
#1384=FACE_BOUND('',#1146,.T.);
#1385=FACE_BOUND('',#1147,.T.);
#1386=FACE_BOUND('',#1148,.T.);
#1387=FACE_BOUND('',#1149,.T.);
#1388=FACE_BOUND('',#1150,.T.);
#1389=FACE_BOUND('',#1151,.T.);
#1390=FACE_BOUND('',#1152,.T.);
#1391=FACE_BOUND('',#1153,.T.);
#1392=FACE_BOUND('',#1154,.T.);
#1393=FACE_BOUND('',#1155,.T.);
#1394=FACE_BOUND('',#1156,.T.);
#1395=FACE_BOUND('',#1157,.T.);
#1396=FACE_BOUND('',#1158,.T.);
#1397=FACE_BOUND('',#1159,.T.);
#1398=FACE_BOUND('',#1160,.T.);
#1399=FACE_BOUND('',#1161,.T.);
#1400=FACE_BOUND('',#1162,.T.);
#1401=FACE_BOUND('',#1163,.T.);
#1402=FACE_BOUND('',#1164,.T.);
#1403=FACE_BOUND('',#1165,.T.);
#1404=FACE_BOUND('',#1166,.T.);
#1405=FACE_BOUND('',#1167,.T.);
#1406=FACE_BOUND('',#1168,.T.);
#1407=FACE_BOUND('',#1169,.T.);
#1408=FACE_BOUND('',#1170,.T.);
#1409=FACE_BOUND('',#1171,.T.);
#1410=FACE_BOUND('',#1172,.T.);
#1411=FACE_BOUND('',#1173,.T.);
#1412=FACE_BOUND('',#1174,.T.);
#1413=FACE_BOUND('',#1175,.T.);
#1414=FACE_BOUND('',#1176,.T.);
#1415=FACE_BOUND('',#1177,.T.);
#1416=FACE_BOUND('',#1178,.T.);
#1417=FACE_BOUND('',#1179,.T.);
#1418=FACE_BOUND('',#1180,.T.);
#1419=FACE_BOUND('',#1181,.T.);
#1420=FACE_BOUND('',#1182,.T.);
#1421=FACE_BOUND('',#1183,.T.);
#1422=FACE_BOUND('',#1184,.T.);
#1423=FACE_BOUND('',#1185,.T.);
#1424=FACE_BOUND('',#1186,.T.);
#1425=FACE_BOUND('',#1187,.T.);
#1426=FACE_BOUND('',#1188,.T.);
#1427=FACE_BOUND('',#1189,.T.);
#1428=FACE_BOUND('',#1190,.T.);
#1429=FACE_BOUND('',#1191,.T.);
#1430=FACE_BOUND('',#1192,.T.);
#1431=FACE_BOUND('',#1193,.T.);
#1432=FACE_BOUND('',#1194,.T.);
#1433=FACE_BOUND('',#1195,.T.);
#1434=FACE_BOUND('',#1196,.T.);
#1435=FACE_BOUND('',#1197,.T.);
#1436=FACE_BOUND('',#1198,.T.);
#1437=FACE_BOUND('',#1199,.T.);
#1438=FACE_BOUND('',#1200,.T.);
#1439=FACE_BOUND('',#1201,.T.);
#1440=FACE_BOUND('',#1202,.T.);
#1441=FACE_BOUND('',#1203,.T.);
#1442=FACE_BOUND('',#1204,.T.);
#1443=FACE_BOUND('',#1205,.T.);
#1444=FACE_BOUND('',#1206,.T.);
#1445=FACE_BOUND('',#1207,.T.);
#1446=FACE_BOUND('',#1208,.T.);
#1447=FACE_BOUND('',#1209,.T.);
#1448=FACE_BOUND('',#1210,.T.);
#1449=FACE_BOUND('',#1211,.T.);
#1450=FACE_BOUND('',#1212,.T.);
#1451=FACE_BOUND('',#1213,.T.);
#1452=FACE_BOUND('',#1214,.T.);
#1453=FACE_BOUND('',#1215,.T.);
#1454=FACE_BOUND('',#1216,.T.);
#1455=FACE_BOUND('',#1217,.T.);
#1456=FACE_BOUND('',#1218,.T.);
#1457=FACE_BOUND('',#1219,.T.);
#1458=FACE_BOUND('',#1220,.T.);
#1459=FACE_BOUND('',#1221,.T.);
#1460=FACE_BOUND('',#1222,.T.);
#1461=FACE_BOUND('',#1223,.T.);
#1462=FACE_BOUND('',#1224,.T.);
#1463=FACE_BOUND('',#1225,.T.);
#1464=FACE_BOUND('',#1226,.T.);
#1465=FACE_BOUND('',#1227,.T.);
#1466=FACE_BOUND('',#1228,.T.);
#1467=FACE_BOUND('',#1229,.T.);
#1468=FACE_BOUND('',#1230,.T.);
#1469=FACE_BOUND('',#1231,.T.);
#1470=FACE_BOUND('',#1232,.T.);
#1471=FACE_BOUND('',#1233,.T.);
#1472=FACE_BOUND('',#1234,.T.);
#1473=FACE_BOUND('',#1235,.T.);
#1474=FACE_BOUND('',#1236,.T.);
#1475=FACE_BOUND('',#1237,.T.);
#1476=FACE_BOUND('',#1238,.T.);
#1477=FACE_BOUND('',#1239,.T.);
#1478=FACE_BOUND('',#1240,.T.);
#1479=FACE_BOUND('',#1241,.T.);
#1480=FACE_BOUND('',#1242,.T.);
#1481=FACE_BOUND('',#1243,.T.);
#1482=FACE_BOUND('',#1244,.T.);
#1483=FACE_BOUND('',#1245,.T.);
#1484=FACE_BOUND('',#1246,.T.);
#1485=FACE_BOUND('',#1247,.T.);
#1486=FACE_BOUND('',#1248,.T.);
#1487=FACE_BOUND('',#1249,.T.);
#1488=FACE_BOUND('',#1250,.T.);
#1489=FACE_BOUND('',#1251,.T.);
#1490=FACE_BOUND('',#1252,.T.);
#1491=FACE_BOUND('',#1253,.T.);
#1492=FACE_BOUND('',#1254,.T.);
#1493=FACE_BOUND('',#1255,.T.);
#1494=FACE_BOUND('',#1256,.T.);
#1495=FACE_BOUND('',#1257,.T.);
#1496=FACE_BOUND('',#1258,.T.);
#1497=FACE_BOUND('',#1259,.T.);
#1498=FACE_BOUND('',#1260,.T.);
#1499=FACE_BOUND('',#1261,.T.);
#1500=FACE_BOUND('',#1262,.T.);
#1501=FACE_BOUND('',#1263,.T.);
#1502=FACE_BOUND('',#1264,.T.);
#1503=FACE_BOUND('',#1265,.T.);
#1504=FACE_BOUND('',#1266,.T.);
#1505=FACE_BOUND('',#1267,.T.);
#1506=FACE_BOUND('',#1268,.T.);
#1507=FACE_BOUND('',#1269,.T.);
#1508=FACE_BOUND('',#1270,.T.);
#1509=FACE_BOUND('',#1271,.T.);
#1510=FACE_BOUND('',#1272,.T.);
#1511=FACE_BOUND('',#1273,.T.);
#1512=FACE_BOUND('',#1274,.T.);
#1513=FACE_BOUND('',#1275,.T.);
#1514=FACE_BOUND('',#1276,.T.);
#1515=FACE_BOUND('',#1277,.T.);
#1516=FACE_BOUND('',#1278,.T.);
#1517=FACE_BOUND('',#1279,.T.);
#1518=FACE_BOUND('',#1280,.T.);
#1519=FACE_BOUND('',#1281,.T.);
#1520=FACE_BOUND('',#1282,.T.);
#1521=FACE_BOUND('',#1283,.T.);
#1522=FACE_BOUND('',#1284,.T.);
#1523=FACE_BOUND('',#1285,.T.);
#1524=FACE_BOUND('',#1286,.T.);
#1525=FACE_BOUND('',#1287,.T.);
#1526=FACE_BOUND('',#1288,.T.);
#1527=FACE_BOUND('',#1289,.T.);
#1528=FACE_BOUND('',#1290,.T.);
#1529=FACE_BOUND('',#1291,.T.);
#1530=FACE_BOUND('',#1292,.T.);
#1531=FACE_BOUND('',#1293,.T.);
#1532=FACE_BOUND('',#1294,.T.);
#1533=FACE_BOUND('',#1295,.T.);
#1534=FACE_BOUND('',#1296,.T.);
#1535=FACE_BOUND('',#1297,.T.);
#1536=FACE_BOUND('',#1298,.T.);
#1537=FACE_BOUND('',#1299,.T.);
#1538=FACE_BOUND('',#1300,.T.);
#1539=FACE_BOUND('',#1301,.T.);
#1540=FACE_BOUND('',#1302,.T.);
#1541=FACE_BOUND('',#1303,.T.);
#1542=FACE_BOUND('',#1304,.T.);
#1543=FACE_BOUND('',#1305,.T.);
#1544=FACE_BOUND('',#1306,.T.);
#1545=FACE_BOUND('',#1307,.T.);
#1546=FACE_BOUND('',#1308,.T.);
#1547=FACE_BOUND('',#1309,.T.);
#1548=FACE_BOUND('',#1310,.T.);
#1549=FACE_BOUND('',#1311,.T.);
#1550=FACE_BOUND('',#1312,.T.);
#1551=FACE_BOUND('',#1313,.T.);
#1552=FACE_BOUND('',#1314,.T.);
#1553=FACE_BOUND('',#1315,.T.);
#1554=FACE_BOUND('',#1316,.T.);
#1555=FACE_BOUND('',#1317,.T.);
#1556=FACE_BOUND('',#1318,.T.);
#1557=FACE_BOUND('',#1319,.T.);
#1558=FACE_BOUND('',#1320,.T.);
#1559=FACE_BOUND('',#1321,.T.);
#1560=FACE_BOUND('',#1322,.T.);
#1561=FACE_BOUND('',#1323,.T.);
#1562=FACE_BOUND('',#1324,.T.);
#1563=FACE_BOUND('',#1325,.T.);
#1564=FACE_BOUND('',#1326,.T.);
#1565=FACE_BOUND('',#1327,.T.);
#1566=FACE_BOUND('',#1328,.T.);
#1567=FACE_BOUND('',#1329,.T.);
#1568=FACE_BOUND('',#1330,.T.);
#1569=FACE_BOUND('',#1331,.T.);
#1570=FACE_BOUND('',#1332,.T.);
#1571=FACE_BOUND('',#1333,.T.);
#1572=FACE_BOUND('',#1334,.T.);
#1573=FACE_BOUND('',#1335,.T.);
#1574=FACE_BOUND('',#1336,.T.);
#1575=FACE_BOUND('',#1337,.T.);
#1576=FACE_BOUND('',#1338,.T.);
#1577=FACE_BOUND('',#1339,.T.);
#1578=FACE_BOUND('',#1340,.T.);
#1579=FACE_BOUND('',#1341,.T.);
#1580=FACE_BOUND('',#1342,.T.);
#1581=FACE_BOUND('',#1343,.T.);
#1582=FACE_BOUND('',#1344,.T.);
#1583=FACE_BOUND('',#1345,.T.);
#1584=FACE_BOUND('',#1346,.T.);
#1585=FACE_BOUND('',#1347,.T.);
#1586=FACE_BOUND('',#1348,.T.);
#1587=FACE_BOUND('',#1349,.T.);
#1588=FACE_BOUND('',#1350,.T.);
#1589=FACE_BOUND('',#1351,.T.);
#1590=FACE_BOUND('',#1352,.T.);
#1591=FACE_BOUND('',#1353,.T.);
#1592=FACE_BOUND('',#1354,.T.);
#1593=FACE_BOUND('',#1355,.T.);
#1594=FACE_BOUND('',#1356,.T.);
#1595=PLANE('',#1791);
#1596=PLANE('',#1792);
#1597=PLANE('',#1793);
#1598=PLANE('',#1794);
#1599=PLANE('',#1795);
#1600=PLANE('',#1823);
#1601=PLANE('',#1824);
#1602=PLANE('',#1825);
#1603=PLANE('',#1827);
#1604=PLANE('',#1831);
#1605=PLANE('',#1832);
#1606=PLANE('',#1836);
#1607=PLANE('',#1837);
#1608=PLANE('',#1841);
#1609=PLANE('',#1842);
#1610=PLANE('',#1846);
#1611=PLANE('',#1847);
#1612=PLANE('',#1848);
#1613=PLANE('',#1852);
#1614=PLANE('',#1853);
#1615=PLANE('',#1857);
#1616=PLANE('',#1858);
#1617=PLANE('',#1862);
#1618=PLANE('',#1863);
#1619=PLANE('',#1867);
#1620=PLANE('',#1868);
#1621=PLANE('',#1882);
#1622=PLANE('',#1886);
#1623=PLANE('',#1887);
#1624=PLANE('',#1901);
#1625=PLANE('',#1905);
#1626=PLANE('',#1906);
#1627=PLANE('',#1908);
#1628=PLANE('',#1909);
#1629=PLANE('',#1910);
#1630=PLANE('',#1911);
#1631=PLANE('',#1912);
#1632=PLANE('',#1940);
#1633=PLANE('',#1941);
#1634=PLANE('',#1942);
#1635=ADVANCED_FACE('',(#1357),#1595,.T.);
#1636=ADVANCED_FACE('',(#1358),#1596,.T.);
#1637=ADVANCED_FACE('',(#1359),#1597,.T.);
#1638=ADVANCED_FACE('',(#1360),#1598,.T.);
#1639=ADVANCED_FACE('',(#1361),#1599,.T.);
#1640=ADVANCED_FACE('',(#1362,#1363),#177,.F.);
#1641=ADVANCED_FACE('',(#1364,#1365),#178,.F.);
#1642=ADVANCED_FACE('',(#1366,#1367),#179,.F.);
#1643=ADVANCED_FACE('',(#1368,#1369),#180,.F.);
#1644=ADVANCED_FACE('',(#1370,#1371),#181,.F.);
#1645=ADVANCED_FACE('',(#1372,#1373),#182,.F.);
#1646=ADVANCED_FACE('',(#1374,#1375),#183,.F.);
#1647=ADVANCED_FACE('',(#1376,#1377),#184,.F.);
#1648=ADVANCED_FACE('',(#1378,#1379),#185,.F.);
#1649=ADVANCED_FACE('',(#1380),#1600,.T.);
#1650=ADVANCED_FACE('',(#1381,#1382,#1383,#1384,#1385,#1386,#1387,#1388,
#1389,#1390),#1601,.F.);
#1651=ADVANCED_FACE('',(#1391,#1392,#1393,#1394,#1395,#1396,#1397,#1398,
#1399,#1400),#1602,.T.);
#1652=ADVANCED_FACE('',(#1401,#1402,#1403,#1404,#1405,#1406),#56,.T.);
#1653=ADVANCED_FACE('',(#1407),#1603,.F.);
#1654=ADVANCED_FACE('',(#1408),#186,.T.);
#1655=ADVANCED_FACE('',(#1409),#1604,.T.);
#1656=ADVANCED_FACE('',(#1410),#1605,.F.);
#1657=ADVANCED_FACE('',(#1411,#1412),#187,.F.);
#1658=ADVANCED_FACE('',(#1413,#1414),#1606,.F.);
#1659=ADVANCED_FACE('',(#1415,#1416),#1607,.T.);
#1660=ADVANCED_FACE('',(#1417),#188,.T.);
#1661=ADVANCED_FACE('',(#1418),#1608,.T.);
#1662=ADVANCED_FACE('',(#1419),#1609,.F.);
#1663=ADVANCED_FACE('',(#1420,#1421),#189,.F.);
#1664=ADVANCED_FACE('',(#1422,#1423),#1610,.F.);
#1665=ADVANCED_FACE('',(#1424,#1425),#1611,.T.);
#1666=ADVANCED_FACE('',(#1426),#1612,.F.);
#1667=ADVANCED_FACE('',(#1427),#190,.T.);
#1668=ADVANCED_FACE('',(#1428),#1613,.T.);
#1669=ADVANCED_FACE('',(#1429),#1614,.F.);
#1670=ADVANCED_FACE('',(#1430,#1431),#191,.F.);
#1671=ADVANCED_FACE('',(#1432,#1433),#1615,.F.);
#1672=ADVANCED_FACE('',(#1434,#1435),#1616,.T.);
#1673=ADVANCED_FACE('',(#1436),#192,.T.);
#1674=ADVANCED_FACE('',(#1437),#1617,.T.);
#1675=ADVANCED_FACE('',(#1438),#1618,.F.);
#1676=ADVANCED_FACE('',(#1439,#1440),#193,.F.);
#1677=ADVANCED_FACE('',(#1441,#1442),#1619,.F.);
#1678=ADVANCED_FACE('',(#1443,#1444),#1620,.T.);
#1679=ADVANCED_FACE('',(#1445),#194,.T.);
#1680=ADVANCED_FACE('',(#1446),#57,.T.);
#1681=ADVANCED_FACE('',(#1447,#1448),#58,.F.);
#1682=ADVANCED_FACE('',(#1449,#1450),#59,.F.);
#1683=ADVANCED_FACE('',(#1451,#1452),#60,.F.);
#1684=ADVANCED_FACE('',(#1453,#1454),#61,.F.);
#1685=ADVANCED_FACE('',(#1455,#1456),#62,.F.);
#1686=ADVANCED_FACE('',(#1457,#1458),#63,.F.);
#1687=ADVANCED_FACE('',(#1459,#1460),#64,.F.);
#1688=ADVANCED_FACE('',(#1461,#1462),#65,.F.);
#1689=ADVANCED_FACE('',(#1463,#1464),#195,.F.);
#1690=ADVANCED_FACE('',(#1465,#1466),#196,.F.);
#1691=ADVANCED_FACE('',(#1467,#1468),#197,.F.);
#1692=ADVANCED_FACE('',(#1469),#1621,.F.);
#1693=ADVANCED_FACE('',(#1470,#1471),#198,.F.);
#1694=ADVANCED_FACE('',(#1472,#1473,#1474,#1475,#1476,#1477,#1478,#1479,
#1480,#1481,#1482,#1483,#1484),#1622,.T.);
#1695=ADVANCED_FACE('',(#1485,#1486,#1487,#1488,#1489,#1490,#1491,#1492,
#1493,#1494,#1495,#1496,#1497),#1623,.F.);
#1696=ADVANCED_FACE('',(#1498),#199,.T.);
#1697=ADVANCED_FACE('',(#1499),#66,.F.);
#1698=ADVANCED_FACE('',(#1500,#1501),#67,.T.);
#1699=ADVANCED_FACE('',(#1502,#1503),#68,.T.);
#1700=ADVANCED_FACE('',(#1504,#1505),#69,.T.);
#1701=ADVANCED_FACE('',(#1506,#1507),#70,.T.);
#1702=ADVANCED_FACE('',(#1508,#1509),#71,.T.);
#1703=ADVANCED_FACE('',(#1510,#1511),#72,.T.);
#1704=ADVANCED_FACE('',(#1512,#1513),#73,.T.);
#1705=ADVANCED_FACE('',(#1514,#1515),#74,.T.);
#1706=ADVANCED_FACE('',(#1516,#1517),#200,.F.);
#1707=ADVANCED_FACE('',(#1518,#1519),#201,.F.);
#1708=ADVANCED_FACE('',(#1520,#1521),#202,.F.);
#1709=ADVANCED_FACE('',(#1522),#1624,.F.);
#1710=ADVANCED_FACE('',(#1523,#1524),#203,.F.);
#1711=ADVANCED_FACE('',(#1525,#1526,#1527,#1528,#1529,#1530,#1531,#1532,
#1533,#1534,#1535,#1536,#1537),#1625,.T.);
#1712=ADVANCED_FACE('',(#1538,#1539,#1540,#1541,#1542,#1543,#1544,#1545,
#1546,#1547,#1548,#1549,#1550),#1626,.F.);
#1713=ADVANCED_FACE('',(#1551),#1627,.T.);
#1714=ADVANCED_FACE('',(#1552),#1628,.T.);
#1715=ADVANCED_FACE('',(#1553),#1629,.T.);
#1716=ADVANCED_FACE('',(#1554),#1630,.T.);
#1717=ADVANCED_FACE('',(#1555),#1631,.T.);
#1718=ADVANCED_FACE('',(#1556,#1557),#204,.F.);
#1719=ADVANCED_FACE('',(#1558,#1559),#205,.F.);
#1720=ADVANCED_FACE('',(#1560,#1561),#206,.F.);
#1721=ADVANCED_FACE('',(#1562,#1563),#207,.F.);
#1722=ADVANCED_FACE('',(#1564,#1565),#208,.F.);
#1723=ADVANCED_FACE('',(#1566,#1567),#209,.F.);
#1724=ADVANCED_FACE('',(#1568,#1569),#210,.F.);
#1725=ADVANCED_FACE('',(#1570,#1571),#211,.F.);
#1726=ADVANCED_FACE('',(#1572,#1573),#212,.F.);
#1727=ADVANCED_FACE('',(#1574),#1632,.T.);
#1728=ADVANCED_FACE('',(#1575,#1576,#1577,#1578,#1579,#1580,#1581,#1582,
#1583,#1584),#1633,.F.);
#1729=ADVANCED_FACE('',(#1585,#1586,#1587,#1588,#1589,#1590,#1591,#1592,
#1593,#1594),#1634,.T.);
#1730=CLOSED_SHELL('',(#1635,#1636,#1637,#1638,#1639,#1640,#1641,#1642,
#1643,#1644,#1645,#1646,#1647,#1648,#1649,#1650,#1651));
#1731=CLOSED_SHELL('',(#1652,#1653,#1654,#1655,#1656,#1657,#1658,#1659,
#1660,#1661,#1662,#1663,#1664,#1665,#1666,#1667,#1668,#1669,#1670,#1671,
#1672,#1673,#1674,#1675,#1676,#1677,#1678));
#1732=CLOSED_SHELL('',(#1679,#1680,#1681,#1682,#1683,#1684,#1685,#1686,
#1687,#1688,#1689,#1690,#1691,#1692,#1693,#1694,#1695));
#1733=CLOSED_SHELL('',(#1696,#1697,#1698,#1699,#1700,#1701,#1702,#1703,
#1704,#1705,#1706,#1707,#1708,#1709,#1710,#1711,#1712));
#1734=CLOSED_SHELL('',(#1713,#1714,#1715,#1716,#1717,#1718,#1719,#1720,
#1721,#1722,#1723,#1724,#1725,#1726,#1727,#1728,#1729));
#1735=STYLED_ITEM('',(#1740),#1773);
#1736=STYLED_ITEM('',(#1741),#1774);
#1737=STYLED_ITEM('',(#1742),#1775);
#1738=STYLED_ITEM('',(#1743),#1776);
#1739=STYLED_ITEM('',(#1744),#1777);
#1740=PRESENTATION_STYLE_ASSIGNMENT((#1745));
#1741=PRESENTATION_STYLE_ASSIGNMENT((#1746));
#1742=PRESENTATION_STYLE_ASSIGNMENT((#1747));
#1743=PRESENTATION_STYLE_ASSIGNMENT((#1748));
#1744=PRESENTATION_STYLE_ASSIGNMENT((#1749));
#1745=SURFACE_STYLE_USAGE(.BOTH.,#1750);
#1746=SURFACE_STYLE_USAGE(.BOTH.,#1751);
#1747=SURFACE_STYLE_USAGE(.BOTH.,#1752);
#1748=SURFACE_STYLE_USAGE(.BOTH.,#1753);
#1749=SURFACE_STYLE_USAGE(.BOTH.,#1754);
#1750=SURFACE_SIDE_STYLE('',(#1755));
#1751=SURFACE_SIDE_STYLE('',(#1756));
#1752=SURFACE_SIDE_STYLE('',(#1757));
#1753=SURFACE_SIDE_STYLE('',(#1758));
#1754=SURFACE_SIDE_STYLE('',(#1759));
#1755=SURFACE_STYLE_FILL_AREA(#1760);
#1756=SURFACE_STYLE_FILL_AREA(#1761);
#1757=SURFACE_STYLE_FILL_AREA(#1762);
#1758=SURFACE_STYLE_FILL_AREA(#1763);
#1759=SURFACE_STYLE_FILL_AREA(#1764);
#1760=FILL_AREA_STYLE('',(#1765));
#1761=FILL_AREA_STYLE('',(#1766));
#1762=FILL_AREA_STYLE('',(#1767));
#1763=FILL_AREA_STYLE('',(#1768));
#1764=FILL_AREA_STYLE('',(#1769));
#1765=FILL_AREA_STYLE_COLOUR('',#1770);
#1766=FILL_AREA_STYLE_COLOUR('',#1771);
#1767=FILL_AREA_STYLE_COLOUR('',#1772);
#1768=FILL_AREA_STYLE_COLOUR('',#1772);
#1769=FILL_AREA_STYLE_COLOUR('',#1770);
#1770=COLOUR_RGB('',0.615686274509804,0.811764705882353,0.929411764705882);
#1771=COLOUR_RGB('',0.647058823529412,0.647058823529412,0.647058823529412);
#1772=COLOUR_RGB('',0.231372549019608,0.380392156862745,0.705882352941177);
#1773=MANIFOLD_SOLID_BREP('RIGHT END PLATE',#1730);
#1774=MANIFOLD_SOLID_BREP('MAIN WING ELEMENT',#1731);
#1775=MANIFOLD_SOLID_BREP('RIGHT BRACKET',#1732);
#1776=MANIFOLD_SOLID_BREP('LEFT BRACKET',#1733);
#1777=MANIFOLD_SOLID_BREP('LEFT END PLATE',#1734);
#1778=SHAPE_DEFINITION_REPRESENTATION(#4772,#1784);
#1779=SHAPE_DEFINITION_REPRESENTATION(#4773,#1785);
#1780=SHAPE_DEFINITION_REPRESENTATION(#4775,#1786);
#1781=SHAPE_DEFINITION_REPRESENTATION(#4777,#1787);
#1782=SHAPE_DEFINITION_REPRESENTATION(#4779,#1788);
#1783=SHAPE_DEFINITION_REPRESENTATION(#4781,#1789);
#1784=SHAPE_REPRESENTATION('REAR WING ASSEMBLY',(#1790,#1826,#1869,#1888,
#1907,#1943),#4757);
#1785=SHAPE_REPRESENTATION('RIGHT END PLATE',(#1790),#4758);
#1786=SHAPE_REPRESENTATION('MAIN WING ELEMENT',(#1790),#4759);
#1787=SHAPE_REPRESENTATION('RIGHT BRACKET',(#1790),#4760);
#1788=SHAPE_REPRESENTATION('LEFT BRACKET',(#1790),#4761);
#1789=SHAPE_REPRESENTATION('LEFT END PLATE',(#1790),#4762);
#1790=AXIS2_PLACEMENT_3D('',#2330,#1944,#1945);
#1791=AXIS2_PLACEMENT_3D('',#2331,#1946,#1947);
#1792=AXIS2_PLACEMENT_3D('',#2340,#1952,#1953);
#1793=AXIS2_PLACEMENT_3D('',#2346,#1957,#1958);
#1794=AXIS2_PLACEMENT_3D('',#2352,#1962,#1963);
#1795=AXIS2_PLACEMENT_3D('',#2358,#1967,#1968);
#1796=AXIS2_PLACEMENT_3D('',#2364,#1972,#1973);
#1797=AXIS2_PLACEMENT_3D('',#2365,#1974,#1975);
#1798=AXIS2_PLACEMENT_3D('',#2367,#1976,#1977);
#1799=AXIS2_PLACEMENT_3D('',#2369,#1978,#1979);
#1800=AXIS2_PLACEMENT_3D('',#2370,#1980,#1981);
#1801=AXIS2_PLACEMENT_3D('',#2372,#1982,#1983);
#1802=AXIS2_PLACEMENT_3D('',#2374,#1984,#1985);
#1803=AXIS2_PLACEMENT_3D('',#2375,#1986,#1987);
#1804=AXIS2_PLACEMENT_3D('',#2377,#1988,#1989);
#1805=AXIS2_PLACEMENT_3D('',#2379,#1990,#1991);
#1806=AXIS2_PLACEMENT_3D('',#2380,#1992,#1993);
#1807=AXIS2_PLACEMENT_3D('',#2382,#1994,#1995);
#1808=AXIS2_PLACEMENT_3D('',#2384,#1996,#1997);
#1809=AXIS2_PLACEMENT_3D('',#2385,#1998,#1999);
#1810=AXIS2_PLACEMENT_3D('',#2387,#2000,#2001);
#1811=AXIS2_PLACEMENT_3D('',#2389,#2002,#2003);
#1812=AXIS2_PLACEMENT_3D('',#2390,#2004,#2005);
#1813=AXIS2_PLACEMENT_3D('',#2392,#2006,#2007);
#1814=AXIS2_PLACEMENT_3D('',#2394,#2008,#2009);
#1815=AXIS2_PLACEMENT_3D('',#2395,#2010,#2011);
#1816=AXIS2_PLACEMENT_3D('',#2397,#2012,#2013);
#1817=AXIS2_PLACEMENT_3D('',#2399,#2014,#2015);
#1818=AXIS2_PLACEMENT_3D('',#2400,#2016,#2017);
#1819=AXIS2_PLACEMENT_3D('',#2402,#2018,#2019);
#1820=AXIS2_PLACEMENT_3D('',#2404,#2020,#2021);
#1821=AXIS2_PLACEMENT_3D('',#2405,#2022,#2023);
#1822=AXIS2_PLACEMENT_3D('',#2407,#2024,#2025);
#1823=AXIS2_PLACEMENT_3D('',#2409,#2026,#2027);
#1824=AXIS2_PLACEMENT_3D('',#2412,#2030,#2031);
#1825=AXIS2_PLACEMENT_3D('',#2413,#2032,#2033);
#1826=AXIS2_PLACEMENT_3D('',#2414,#2034,#2035);
#1827=AXIS2_PLACEMENT_3D('',#2765,#2044,#2045);
#1828=AXIS2_PLACEMENT_3D('',#2766,#2046,#2047);
#1829=AXIS2_PLACEMENT_3D('',#2767,#2048,#2049);
#1830=AXIS2_PLACEMENT_3D('',#2772,#2051,#2052);
#1831=AXIS2_PLACEMENT_3D('',#2775,#2054,#2055);
#1832=AXIS2_PLACEMENT_3D('',#2778,#2058,#2059);
#1833=AXIS2_PLACEMENT_3D('',#2781,#2062,#2063);
#1834=AXIS2_PLACEMENT_3D('',#2782,#2064,#2065);
#1835=AXIS2_PLACEMENT_3D('',#2784,#2066,#2067);
#1836=AXIS2_PLACEMENT_3D('',#2786,#2068,#2069);
#1837=AXIS2_PLACEMENT_3D('',#2787,#2070,#2071);
#1838=AXIS2_PLACEMENT_3D('',#2788,#2072,#2073);
#1839=AXIS2_PLACEMENT_3D('',#2789,#2074,#2075);
#1840=AXIS2_PLACEMENT_3D('',#2794,#2077,#2078);
#1841=AXIS2_PLACEMENT_3D('',#2797,#2080,#2081);
#1842=AXIS2_PLACEMENT_3D('',#2800,#2084,#2085);
#1843=AXIS2_PLACEMENT_3D('',#2803,#2088,#2089);
#1844=AXIS2_PLACEMENT_3D('',#2804,#2090,#2091);
#1845=AXIS2_PLACEMENT_3D('',#2806,#2092,#2093);
#1846=AXIS2_PLACEMENT_3D('',#2808,#2094,#2095);
#1847=AXIS2_PLACEMENT_3D('',#2809,#2096,#2097);
#1848=AXIS2_PLACEMENT_3D('',#2810,#2098,#2099);
#1849=AXIS2_PLACEMENT_3D('',#2811,#2100,#2101);
#1850=AXIS2_PLACEMENT_3D('',#2812,#2102,#2103);
#1851=AXIS2_PLACEMENT_3D('',#2817,#2105,#2106);
#1852=AXIS2_PLACEMENT_3D('',#2820,#2108,#2109);
#1853=AXIS2_PLACEMENT_3D('',#2823,#2112,#2113);
#1854=AXIS2_PLACEMENT_3D('',#2826,#2116,#2117);
#1855=AXIS2_PLACEMENT_3D('',#2827,#2118,#2119);
#1856=AXIS2_PLACEMENT_3D('',#2829,#2120,#2121);
#1857=AXIS2_PLACEMENT_3D('',#2831,#2122,#2123);
#1858=AXIS2_PLACEMENT_3D('',#2832,#2124,#2125);
#1859=AXIS2_PLACEMENT_3D('',#2833,#2126,#2127);
#1860=AXIS2_PLACEMENT_3D('',#2834,#2128,#2129);
#1861=AXIS2_PLACEMENT_3D('',#2839,#2131,#2132);
#1862=AXIS2_PLACEMENT_3D('',#2842,#2134,#2135);
#1863=AXIS2_PLACEMENT_3D('',#2845,#2138,#2139);
#1864=AXIS2_PLACEMENT_3D('',#2848,#2142,#2143);
#1865=AXIS2_PLACEMENT_3D('',#2849,#2144,#2145);
#1866=AXIS2_PLACEMENT_3D('',#2851,#2146,#2147);
#1867=AXIS2_PLACEMENT_3D('',#2853,#2148,#2149);
#1868=AXIS2_PLACEMENT_3D('',#2854,#2150,#2151);
#1869=AXIS2_PLACEMENT_3D('',#2855,#2152,#2153);
#1870=AXIS2_PLACEMENT_3D('',#2856,#2154,#2155);
#1871=AXIS2_PLACEMENT_3D('',#2857,#2156,#2157);
#1872=AXIS2_PLACEMENT_3D('',#2862,#2159,#2160);
#1873=AXIS2_PLACEMENT_3D('',#3738,#2163,#2164);
#1874=AXIS2_PLACEMENT_3D('',#3739,#2165,#2166);
#1875=AXIS2_PLACEMENT_3D('',#3741,#2167,#2168);
#1876=AXIS2_PLACEMENT_3D('',#3743,#2169,#2170);
#1877=AXIS2_PLACEMENT_3D('',#3744,#2171,#2172);
#1878=AXIS2_PLACEMENT_3D('',#3746,#2173,#2174);
#1879=AXIS2_PLACEMENT_3D('',#3748,#2175,#2176);
#1880=AXIS2_PLACEMENT_3D('',#3749,#2177,#2178);
#1881=AXIS2_PLACEMENT_3D('',#3751,#2179,#2180);
#1882=AXIS2_PLACEMENT_3D('',#3753,#2181,#2182);
#1883=AXIS2_PLACEMENT_3D('',#3756,#2185,#2186);
#1884=AXIS2_PLACEMENT_3D('',#3757,#2187,#2188);
#1885=AXIS2_PLACEMENT_3D('',#3759,#2189,#2190);
#1886=AXIS2_PLACEMENT_3D('',#3761,#2191,#2192);
#1887=AXIS2_PLACEMENT_3D('',#3762,#2193,#2194);
#1888=AXIS2_PLACEMENT_3D('',#3763,#2195,#2196);
#1889=AXIS2_PLACEMENT_3D('',#3764,#2197,#2198);
#1890=AXIS2_PLACEMENT_3D('',#3765,#2199,#2200);
#1891=AXIS2_PLACEMENT_3D('',#3770,#2202,#2203);
#1892=AXIS2_PLACEMENT_3D('',#4646,#2206,#2207);
#1893=AXIS2_PLACEMENT_3D('',#4647,#2208,#2209);
#1894=AXIS2_PLACEMENT_3D('',#4649,#2210,#2211);
#1895=AXIS2_PLACEMENT_3D('',#4651,#2212,#2213);
#1896=AXIS2_PLACEMENT_3D('',#4652,#2214,#2215);
#1897=AXIS2_PLACEMENT_3D('',#4654,#2216,#2217);
#1898=AXIS2_PLACEMENT_3D('',#4656,#2218,#2219);
#1899=AXIS2_PLACEMENT_3D('',#4657,#2220,#2221);
#1900=AXIS2_PLACEMENT_3D('',#4659,#2222,#2223);
#1901=AXIS2_PLACEMENT_3D('',#4661,#2224,#2225);
#1902=AXIS2_PLACEMENT_3D('',#4664,#2228,#2229);
#1903=AXIS2_PLACEMENT_3D('',#4665,#2230,#2231);
#1904=AXIS2_PLACEMENT_3D('',#4667,#2232,#2233);
#1905=AXIS2_PLACEMENT_3D('',#4669,#2234,#2235);
#1906=AXIS2_PLACEMENT_3D('',#4670,#2236,#2237);
#1907=AXIS2_PLACEMENT_3D('',#4671,#2238,#2239);
#1908=AXIS2_PLACEMENT_3D('',#4672,#2240,#2241);
#1909=AXIS2_PLACEMENT_3D('',#4681,#2246,#2247);
#1910=AXIS2_PLACEMENT_3D('',#4687,#2251,#2252);
#1911=AXIS2_PLACEMENT_3D('',#4693,#2256,#2257);
#1912=AXIS2_PLACEMENT_3D('',#4699,#2261,#2262);
#1913=AXIS2_PLACEMENT_3D('',#4705,#2266,#2267);
#1914=AXIS2_PLACEMENT_3D('',#4706,#2268,#2269);
#1915=AXIS2_PLACEMENT_3D('',#4708,#2270,#2271);
#1916=AXIS2_PLACEMENT_3D('',#4710,#2272,#2273);
#1917=AXIS2_PLACEMENT_3D('',#4711,#2274,#2275);
#1918=AXIS2_PLACEMENT_3D('',#4713,#2276,#2277);
#1919=AXIS2_PLACEMENT_3D('',#4715,#2278,#2279);
#1920=AXIS2_PLACEMENT_3D('',#4716,#2280,#2281);
#1921=AXIS2_PLACEMENT_3D('',#4718,#2282,#2283);
#1922=AXIS2_PLACEMENT_3D('',#4720,#2284,#2285);
#1923=AXIS2_PLACEMENT_3D('',#4721,#2286,#2287);
#1924=AXIS2_PLACEMENT_3D('',#4723,#2288,#2289);
#1925=AXIS2_PLACEMENT_3D('',#4725,#2290,#2291);
#1926=AXIS2_PLACEMENT_3D('',#4726,#2292,#2293);
#1927=AXIS2_PLACEMENT_3D('',#4728,#2294,#2295);
#1928=AXIS2_PLACEMENT_3D('',#4730,#2296,#2297);
#1929=AXIS2_PLACEMENT_3D('',#4731,#2298,#2299);
#1930=AXIS2_PLACEMENT_3D('',#4733,#2300,#2301);
#1931=AXIS2_PLACEMENT_3D('',#4735,#2302,#2303);
#1932=AXIS2_PLACEMENT_3D('',#4736,#2304,#2305);
#1933=AXIS2_PLACEMENT_3D('',#4738,#2306,#2307);
#1934=AXIS2_PLACEMENT_3D('',#4740,#2308,#2309);
#1935=AXIS2_PLACEMENT_3D('',#4741,#2310,#2311);
#1936=AXIS2_PLACEMENT_3D('',#4743,#2312,#2313);
#1937=AXIS2_PLACEMENT_3D('',#4745,#2314,#2315);
#1938=AXIS2_PLACEMENT_3D('',#4746,#2316,#2317);
#1939=AXIS2_PLACEMENT_3D('',#4748,#2318,#2319);
#1940=AXIS2_PLACEMENT_3D('',#4750,#2320,#2321);
#1941=AXIS2_PLACEMENT_3D('',#4753,#2324,#2325);
#1942=AXIS2_PLACEMENT_3D('',#4754,#2326,#2327);
#1943=AXIS2_PLACEMENT_3D('',#4755,#2328,#2329);
#1944=DIRECTION('',(0.,0.,1.));
#1945=DIRECTION('',(1.,0.,0.));
#1946=DIRECTION('',(0.,-0.8,-0.6));
#1947=DIRECTION('',(0.,0.6,-0.8));
#1948=DIRECTION('',(0.,0.6,-0.8));
#1949=DIRECTION('',(-1.,0.,0.));
#1950=DIRECTION('',(0.,0.6,-0.8));
#1951=DIRECTION('',(-1.,0.,0.));
#1952=DIRECTION('',(0.,2.01858731750028E-16,-1.));
#1953=DIRECTION('',(0.,1.,2.01858731750028E-16));
#1954=DIRECTION('',(0.,1.,2.01858731750028E-16));
#1955=DIRECTION('',(-1.,0.,0.));
#1956=DIRECTION('',(0.,1.,2.01858731750028E-16));
#1957=DIRECTION('',(0.,1.,4.44089209850063E-16));
#1958=DIRECTION('',(0.,-4.44089209850063E-16,1.));
#1959=DIRECTION('',(0.,-4.44089209850063E-16,1.));
#1960=DIRECTION('',(-1.,0.,0.));
#1961=DIRECTION('',(0.,-4.44089209850063E-16,1.));
#1962=DIRECTION('',(0.,0.371390676354103,0.92847669088526));
#1963=DIRECTION('',(0.,-0.92847669088526,0.371390676354103));
#1964=DIRECTION('',(0.,-0.928476690885259,0.371390676354103));
#1965=DIRECTION('',(-1.,0.,0.));
#1966=DIRECTION('',(0.,-0.928476690885259,0.371390676354103));
#1967=DIRECTION('',(0.,-1.2335811384724E-16,1.));
#1968=DIRECTION('',(0.,-1.,-1.2335811384724E-16));
#1969=DIRECTION('',(0.,-1.,-1.2335811384724E-16));
#1970=DIRECTION('',(-1.,0.,0.));
#1971=DIRECTION('',(0.,-1.,-1.2335811384724E-16));
#1972=DIRECTION('',(-1.,0.,0.));
#1973=DIRECTION('',(0.,0.,-1.));
#1974=DIRECTION('',(1.,0.,0.));
#1975=DIRECTION('',(0.,0.,-1.));
#1976=DIRECTION('',(1.,0.,0.));
#1977=DIRECTION('',(0.,0.,-1.));
#1978=DIRECTION('',(-1.,0.,0.));
#1979=DIRECTION('',(0.,0.,-1.));
#1980=DIRECTION('',(1.,0.,0.));
#1981=DIRECTION('',(0.,0.,-1.));
#1982=DIRECTION('',(1.,0.,0.));
#1983=DIRECTION('',(0.,0.,-1.));
#1984=DIRECTION('',(-1.,0.,0.));
#1985=DIRECTION('',(0.,0.,-1.));
#1986=DIRECTION('',(1.,0.,0.));
#1987=DIRECTION('',(0.,0.,-1.));
#1988=DIRECTION('',(1.,0.,0.));
#1989=DIRECTION('',(0.,0.,-1.));
#1990=DIRECTION('',(-1.,0.,0.));
#1991=DIRECTION('',(0.,0.,-1.));
#1992=DIRECTION('',(1.,0.,0.));
#1993=DIRECTION('',(0.,0.,-1.));
#1994=DIRECTION('',(1.,0.,0.));
#1995=DIRECTION('',(0.,0.,-1.));
#1996=DIRECTION('',(-1.,0.,0.));
#1997=DIRECTION('',(0.,0.,-1.));
#1998=DIRECTION('',(1.,0.,0.));
#1999=DIRECTION('',(0.,0.,-1.));
#2000=DIRECTION('',(1.,0.,0.));
#2001=DIRECTION('',(0.,0.,-1.));
#2002=DIRECTION('',(-1.,0.,0.));
#2003=DIRECTION('',(0.,0.,-1.));
#2004=DIRECTION('',(1.,0.,0.));
#2005=DIRECTION('',(0.,0.,-1.));
#2006=DIRECTION('',(1.,0.,0.));
#2007=DIRECTION('',(0.,0.,-1.));
#2008=DIRECTION('',(-1.,0.,0.));
#2009=DIRECTION('',(0.,0.,-1.));
#2010=DIRECTION('',(1.,0.,0.));
#2011=DIRECTION('',(0.,0.,-1.));
#2012=DIRECTION('',(1.,0.,0.));
#2013=DIRECTION('',(0.,0.,-1.));
#2014=DIRECTION('',(-1.,0.,0.));
#2015=DIRECTION('',(0.,0.,-1.));
#2016=DIRECTION('',(1.,0.,0.));
#2017=DIRECTION('',(0.,0.,-1.));
#2018=DIRECTION('',(1.,0.,0.));
#2019=DIRECTION('',(0.,0.,-1.));
#2020=DIRECTION('',(-1.,0.,0.));
#2021=DIRECTION('',(0.,0.,-1.));
#2022=DIRECTION('',(1.,0.,0.));
#2023=DIRECTION('',(0.,0.,-1.));
#2024=DIRECTION('',(1.,0.,0.));
#2025=DIRECTION('',(0.,0.,-1.));
#2026=DIRECTION('',(0.,-1.,0.));
#2027=DIRECTION('',(0.,0.,-1.));
#2028=DIRECTION('',(0.,0.,-1.));
#2029=DIRECTION('',(0.,0.,-1.));
#2030=DIRECTION('',(-1.,0.,0.));
#2031=DIRECTION('',(0.,1.,0.));
#2032=DIRECTION('',(-1.,0.,0.));
#2033=DIRECTION('',(0.,1.,0.));
#2034=DIRECTION('',(0.,0.,1.));
#2035=DIRECTION('',(-1.,0.,0.));
#2036=DIRECTION('',(-1.,0.,0.));
#2037=DIRECTION('',(-1.,0.,0.));
#2038=DIRECTION('',(-1.,0.,0.));
#2039=DIRECTION('',(-1.,0.,0.));
#2040=DIRECTION('',(1.,0.,0.));
#2041=DIRECTION('',(1.,0.,0.));
#2042=DIRECTION('',(1.,0.,0.));
#2043=DIRECTION('',(1.,0.,0.));
#2044=DIRECTION('',(1.,0.,0.));
#2045=DIRECTION('',(0.,1.,0.));
#2046=DIRECTION('',(1.,0.,0.));
#2047=DIRECTION('',(0.,0.,-1.));
#2048=DIRECTION('',(-1.,0.,0.));
#2049=DIRECTION('',(0.,0.,-1.));
#2050=DIRECTION('',(1.,0.,0.));
#2051=DIRECTION('',(-1.,0.,0.));
#2052=DIRECTION('',(0.,0.,-1.));
#2053=DIRECTION('',(1.,0.,0.));
#2054=DIRECTION('',(0.,-0.976134847895694,0.217165279737924));
#2055=DIRECTION('',(0.,-0.217165279737924,-0.976134847895694));
#2056=DIRECTION('',(0.,-0.217165279737924,-0.976134847895694));
#2057=DIRECTION('',(0.,-0.217165279737924,-0.976134847895694));
#2058=DIRECTION('',(0.,-0.843790612240504,-0.536672528358584));
#2059=DIRECTION('',(0.,0.536672528358584,-0.843790612240504));
#2060=DIRECTION('',(0.,0.536672528358584,-0.843790612240504));
#2061=DIRECTION('',(0.,0.536672528358584,-0.843790612240504));
#2062=DIRECTION('',(1.,0.,0.));
#2063=DIRECTION('',(0.,0.,-1.));
#2064=DIRECTION('',(1.,0.,0.));
#2065=DIRECTION('',(0.,0.,-1.));
#2066=DIRECTION('',(1.,0.,0.));
#2067=DIRECTION('',(0.,0.,-1.));
#2068=DIRECTION('',(1.,0.,0.));
#2069=DIRECTION('',(0.,1.,0.));
#2070=DIRECTION('',(1.,0.,0.));
#2071=DIRECTION('',(0.,1.,0.));
#2072=DIRECTION('',(1.,0.,0.));
#2073=DIRECTION('',(0.,0.,-1.));
#2074=DIRECTION('',(-1.,0.,0.));
#2075=DIRECTION('',(0.,0.,-1.));
#2076=DIRECTION('',(1.,0.,0.));
#2077=DIRECTION('',(-1.,0.,0.));
#2078=DIRECTION('',(0.,0.,-1.));
#2079=DIRECTION('',(1.,0.,0.));
#2080=DIRECTION('',(0.,-0.897767218771097,0.44047022703017));
#2081=DIRECTION('',(0.,-0.44047022703017,-0.897767218771097));
#2082=DIRECTION('',(0.,-0.44047022703017,-0.897767218771097));
#2083=DIRECTION('',(0.,-0.44047022703017,-0.897767218771097));
#2084=DIRECTION('',(0.,-0.94627677276384,-0.323357803876219));
#2085=DIRECTION('',(0.,0.323357803876219,-0.94627677276384));
#2086=DIRECTION('',(0.,0.323357803876219,-0.94627677276384));
#2087=DIRECTION('',(0.,0.323357803876219,-0.94627677276384));
#2088=DIRECTION('',(1.,0.,0.));
#2089=DIRECTION('',(0.,0.,-1.));
#2090=DIRECTION('',(1.,0.,0.));
#2091=DIRECTION('',(0.,0.,-1.));
#2092=DIRECTION('',(1.,0.,0.));
#2093=DIRECTION('',(0.,0.,-1.));
#2094=DIRECTION('',(1.,0.,0.));
#2095=DIRECTION('',(0.,1.,0.));
#2096=DIRECTION('',(1.,0.,0.));
#2097=DIRECTION('',(0.,1.,0.));
#2098=DIRECTION('',(-1.,0.,0.));
#2099=DIRECTION('',(0.,1.,0.));
#2100=DIRECTION('',(-1.,0.,0.));
#2101=DIRECTION('',(0.,0.,-1.));
#2102=DIRECTION('',(-1.,0.,0.));
#2103=DIRECTION('',(0.,0.,-1.));
#2104=DIRECTION('',(-1.,0.,0.));
#2105=DIRECTION('',(-1.,0.,0.));
#2106=DIRECTION('',(0.,0.,-1.));
#2107=DIRECTION('',(-1.,0.,0.));
#2108=DIRECTION('',(0.,-0.976134847895694,0.217165279737924));
#2109=DIRECTION('',(0.,-0.217165279737924,-0.976134847895694));
#2110=DIRECTION('',(0.,-0.217165279737924,-0.976134847895694));
#2111=DIRECTION('',(0.,-0.217165279737924,-0.976134847895694));
#2112=DIRECTION('',(0.,-0.843790612240504,-0.536672528358584));
#2113=DIRECTION('',(0.,0.536672528358584,-0.843790612240504));
#2114=DIRECTION('',(0.,0.536672528358584,-0.843790612240504));
#2115=DIRECTION('',(0.,0.536672528358584,-0.843790612240504));
#2116=DIRECTION('',(-1.,0.,0.));
#2117=DIRECTION('',(0.,0.,-1.));
#2118=DIRECTION('',(1.,0.,0.));
#2119=DIRECTION('',(0.,0.,-1.));
#2120=DIRECTION('',(1.,0.,0.));
#2121=DIRECTION('',(0.,0.,-1.));
#2122=DIRECTION('',(-1.,0.,0.));
#2123=DIRECTION('',(0.,1.,0.));
#2124=DIRECTION('',(-1.,0.,0.));
#2125=DIRECTION('',(0.,1.,0.));
#2126=DIRECTION('',(-1.,0.,0.));
#2127=DIRECTION('',(0.,0.,-1.));
#2128=DIRECTION('',(-1.,0.,0.));
#2129=DIRECTION('',(0.,0.,-1.));
#2130=DIRECTION('',(-1.,0.,0.));
#2131=DIRECTION('',(-1.,0.,0.));
#2132=DIRECTION('',(0.,0.,-1.));
#2133=DIRECTION('',(-1.,0.,0.));
#2134=DIRECTION('',(0.,-0.897767218771097,0.44047022703017));
#2135=DIRECTION('',(0.,-0.44047022703017,-0.897767218771097));
#2136=DIRECTION('',(0.,-0.44047022703017,-0.897767218771097));
#2137=DIRECTION('',(0.,-0.44047022703017,-0.897767218771097));
#2138=DIRECTION('',(0.,-0.94627677276384,-0.323357803876219));
#2139=DIRECTION('',(0.,0.323357803876219,-0.94627677276384));
#2140=DIRECTION('',(0.,0.323357803876219,-0.94627677276384));
#2141=DIRECTION('',(0.,0.323357803876219,-0.94627677276384));
#2142=DIRECTION('',(-1.,0.,0.));
#2143=DIRECTION('',(0.,0.,-1.));
#2144=DIRECTION('',(1.,0.,0.));
#2145=DIRECTION('',(0.,0.,-1.));
#2146=DIRECTION('',(1.,0.,0.));
#2147=DIRECTION('',(0.,0.,-1.));
#2148=DIRECTION('',(-1.,0.,0.));
#2149=DIRECTION('',(0.,1.,0.));
#2150=DIRECTION('',(-1.,0.,0.));
#2151=DIRECTION('',(0.,1.,0.));
#2152=DIRECTION('',(0.,0.,1.));
#2153=DIRECTION('',(-1.,0.,0.));
#2154=DIRECTION('',(-1.,0.,0.));
#2155=DIRECTION('',(0.,0.,-1.));
#2156=DIRECTION('',(1.,0.,0.));
#2157=DIRECTION('',(0.,0.,1.));
#2158=DIRECTION('',(-1.,0.,0.));
#2159=DIRECTION('',(1.,0.,0.));
#2160=DIRECTION('',(0.,0.,1.));
#2161=DIRECTION('',(-1.,0.,0.));
#2162=DIRECTION('',(-1.,0.,0.));
#2163=DIRECTION('',(-1.,0.,0.));
#2164=DIRECTION('',(0.,0.,-1.));
#2165=DIRECTION('',(-1.,0.,0.));
#2166=DIRECTION('',(0.,0.,1.));
#2167=DIRECTION('',(-1.,0.,0.));
#2168=DIRECTION('',(0.,0.,1.));
#2169=DIRECTION('',(-1.,0.,0.));
#2170=DIRECTION('',(0.,0.,-1.));
#2171=DIRECTION('',(-1.,0.,0.));
#2172=DIRECTION('',(0.,0.,1.));
#2173=DIRECTION('',(-1.,0.,0.));
#2174=DIRECTION('',(0.,0.,1.));
#2175=DIRECTION('',(-1.,0.,0.));
#2176=DIRECTION('',(0.,0.,-1.));
#2177=DIRECTION('',(-1.,0.,0.));
#2178=DIRECTION('',(0.,0.,1.));
#2179=DIRECTION('',(-1.,0.,0.));
#2180=DIRECTION('',(0.,0.,1.));
#2181=DIRECTION('',(0.,-0.0909658489304717,0.995854012558246));
#2182=DIRECTION('',(0.,-0.995854012558246,-0.0909658489304717));
#2183=DIRECTION('',(0.,-0.995854012558246,-0.0909658489304716));
#2184=DIRECTION('',(0.,-0.995854012558246,-0.0909658489304716));
#2185=DIRECTION('',(-1.,0.,0.));
#2186=DIRECTION('',(0.,0.,-1.));
#2187=DIRECTION('',(-1.,0.,0.));
#2188=DIRECTION('',(0.,0.,1.));
#2189=DIRECTION('',(-1.,0.,0.));
#2190=DIRECTION('',(0.,0.,1.));
#2191=DIRECTION('',(1.,0.,0.));
#2192=DIRECTION('',(0.,-1.,0.));
#2193=DIRECTION('',(1.,0.,0.));
#2194=DIRECTION('',(0.,-1.,0.));
#2195=DIRECTION('',(0.,0.,1.));
#2196=DIRECTION('',(-1.,0.,0.));
#2197=DIRECTION('',(1.,0.,0.));
#2198=DIRECTION('',(0.,0.,-1.));
#2199=DIRECTION('',(1.,0.,0.));
#2200=DIRECTION('',(0.,0.,1.));
#2201=DIRECTION('',(1.,0.,0.));
#2202=DIRECTION('',(1.,0.,0.));
#2203=DIRECTION('',(0.,0.,1.));
#2204=DIRECTION('',(1.,0.,0.));
#2205=DIRECTION('',(1.,0.,0.));
#2206=DIRECTION('',(1.,0.,0.));
#2207=DIRECTION('',(0.,0.,-1.));
#2208=DIRECTION('',(-1.,0.,0.));
#2209=DIRECTION('',(0.,0.,1.));
#2210=DIRECTION('',(-1.,0.,0.));
#2211=DIRECTION('',(0.,0.,1.));
#2212=DIRECTION('',(1.,0.,0.));
#2213=DIRECTION('',(0.,0.,-1.));
#2214=DIRECTION('',(-1.,0.,0.));
#2215=DIRECTION('',(0.,0.,1.));
#2216=DIRECTION('',(-1.,0.,0.));
#2217=DIRECTION('',(0.,0.,1.));
#2218=DIRECTION('',(1.,0.,0.));
#2219=DIRECTION('',(0.,0.,-1.));
#2220=DIRECTION('',(-1.,0.,0.));
#2221=DIRECTION('',(0.,0.,1.));
#2222=DIRECTION('',(-1.,0.,0.));
#2223=DIRECTION('',(0.,0.,1.));
#2224=DIRECTION('',(0.,-0.0909658489304717,0.995854012558246));
#2225=DIRECTION('',(0.,-0.995854012558246,-0.0909658489304717));
#2226=DIRECTION('',(0.,-0.995854012558246,-0.0909658489304716));
#2227=DIRECTION('',(0.,-0.995854012558246,-0.0909658489304716));
#2228=DIRECTION('',(1.,0.,0.));
#2229=DIRECTION('',(0.,0.,-1.));
#2230=DIRECTION('',(-1.,0.,0.));
#2231=DIRECTION('',(0.,0.,1.));
#2232=DIRECTION('',(-1.,0.,0.));
#2233=DIRECTION('',(0.,0.,1.));
#2234=DIRECTION('',(-1.,0.,0.));
#2235=DIRECTION('',(0.,-1.,0.));
#2236=DIRECTION('',(-1.,0.,0.));
#2237=DIRECTION('',(0.,-1.,0.));
#2238=DIRECTION('',(0.,0.,1.));
#2239=DIRECTION('',(-1.,0.,0.));
#2240=DIRECTION('',(0.,-0.8,-0.6));
#2241=DIRECTION('',(0.,0.6,-0.8));
#2242=DIRECTION('',(0.,0.6,-0.8));
#2243=DIRECTION('',(1.,0.,0.));
#2244=DIRECTION('',(0.,0.6,-0.8));
#2245=DIRECTION('',(1.,0.,0.));
#2246=DIRECTION('',(0.,2.01858731750028E-16,-1.));
#2247=DIRECTION('',(0.,1.,2.01858731750028E-16));
#2248=DIRECTION('',(0.,1.,2.01858731750028E-16));
#2249=DIRECTION('',(0.,1.,2.01858731750028E-16));
#2250=DIRECTION('',(1.,0.,0.));
#2251=DIRECTION('',(0.,1.,4.44089209850063E-16));
#2252=DIRECTION('',(0.,-4.44089209850063E-16,1.));
#2253=DIRECTION('',(0.,-4.44089209850063E-16,1.));
#2254=DIRECTION('',(0.,-4.44089209850063E-16,1.));
#2255=DIRECTION('',(1.,0.,0.));
#2256=DIRECTION('',(0.,0.371390676354103,0.92847669088526));
#2257=DIRECTION('',(0.,-0.92847669088526,0.371390676354103));
#2258=DIRECTION('',(0.,-0.928476690885259,0.371390676354103));
#2259=DIRECTION('',(0.,-0.928476690885259,0.371390676354103));
#2260=DIRECTION('',(1.,0.,0.));
#2261=DIRECTION('',(0.,-1.2335811384724E-16,1.));
#2262=DIRECTION('',(0.,-1.,-1.2335811384724E-16));
#2263=DIRECTION('',(0.,-1.,-1.2335811384724E-16));
#2264=DIRECTION('',(0.,-1.,-1.2335811384724E-16));
#2265=DIRECTION('',(1.,0.,0.));
#2266=DIRECTION('',(1.,0.,0.));
#2267=DIRECTION('',(0.,0.,-1.));
#2268=DIRECTION('',(1.,0.,0.));
#2269=DIRECTION('',(0.,0.,-1.));
#2270=DIRECTION('',(1.,0.,0.));
#2271=DIRECTION('',(0.,0.,-1.));
#2272=DIRECTION('',(1.,0.,0.));
#2273=DIRECTION('',(0.,0.,-1.));
#2274=DIRECTION('',(1.,0.,0.));
#2275=DIRECTION('',(0.,0.,-1.));
#2276=DIRECTION('',(1.,0.,0.));
#2277=DIRECTION('',(0.,0.,-1.));
#2278=DIRECTION('',(1.,0.,0.));
#2279=DIRECTION('',(0.,0.,-1.));
#2280=DIRECTION('',(1.,0.,0.));
#2281=DIRECTION('',(0.,0.,-1.));
#2282=DIRECTION('',(1.,0.,0.));
#2283=DIRECTION('',(0.,0.,-1.));
#2284=DIRECTION('',(1.,0.,0.));
#2285=DIRECTION('',(0.,0.,-1.));
#2286=DIRECTION('',(1.,0.,0.));
#2287=DIRECTION('',(0.,0.,-1.));
#2288=DIRECTION('',(1.,0.,0.));
#2289=DIRECTION('',(0.,0.,-1.));
#2290=DIRECTION('',(1.,0.,0.));
#2291=DIRECTION('',(0.,0.,-1.));
#2292=DIRECTION('',(1.,0.,0.));
#2293=DIRECTION('',(0.,0.,-1.));
#2294=DIRECTION('',(1.,0.,0.));
#2295=DIRECTION('',(0.,0.,-1.));
#2296=DIRECTION('',(1.,0.,0.));
#2297=DIRECTION('',(0.,0.,-1.));
#2298=DIRECTION('',(1.,0.,0.));
#2299=DIRECTION('',(0.,0.,-1.));
#2300=DIRECTION('',(1.,0.,0.));
#2301=DIRECTION('',(0.,0.,-1.));
#2302=DIRECTION('',(1.,0.,0.));
#2303=DIRECTION('',(0.,0.,-1.));
#2304=DIRECTION('',(1.,0.,0.));
#2305=DIRECTION('',(0.,0.,-1.));
#2306=DIRECTION('',(1.,0.,0.));
#2307=DIRECTION('',(0.,0.,-1.));
#2308=DIRECTION('',(1.,0.,0.));
#2309=DIRECTION('',(0.,0.,-1.));
#2310=DIRECTION('',(1.,0.,0.));
#2311=DIRECTION('',(0.,0.,-1.));
#2312=DIRECTION('',(1.,0.,0.));
#2313=DIRECTION('',(0.,0.,-1.));
#2314=DIRECTION('',(1.,0.,0.));
#2315=DIRECTION('',(0.,0.,-1.));
#2316=DIRECTION('',(1.,0.,0.));
#2317=DIRECTION('',(0.,0.,-1.));
#2318=DIRECTION('',(1.,0.,0.));
#2319=DIRECTION('',(0.,0.,-1.));
#2320=DIRECTION('',(0.,-1.,0.));
#2321=DIRECTION('',(0.,0.,-1.));
#2322=DIRECTION('',(0.,0.,-1.));
#2323=DIRECTION('',(0.,0.,-1.));
#2324=DIRECTION('',(1.,0.,0.));
#2325=DIRECTION('',(0.,1.,0.));
#2326=DIRECTION('',(1.,0.,0.));
#2327=DIRECTION('',(0.,1.,0.));
#2328=DIRECTION('',(0.,0.,1.));
#2329=DIRECTION('',(-1.,0.,0.));
#2330=CARTESIAN_POINT('',(0.,0.,0.));
#2331=CARTESIAN_POINT('',(0.3765,-0.275,-0.2));
#2332=CARTESIAN_POINT('',(0.3695,-0.275,-0.2));
#2333=CARTESIAN_POINT('',(0.3695,-0.35,-0.1));
#2334=CARTESIAN_POINT('',(0.3695,-0.2,-0.3));
#2335=CARTESIAN_POINT('',(0.3765,-0.2,-0.3));
#2336=CARTESIAN_POINT('',(0.3765,-0.2,-0.3));
#2337=CARTESIAN_POINT('',(0.3765,-0.275,-0.2));
#2338=CARTESIAN_POINT('',(0.3765,-0.35,-0.1));
#2339=CARTESIAN_POINT('',(0.3765,-0.35,-0.1));
#2340=CARTESIAN_POINT('',(0.3765,0.075,-0.3));
#2341=CARTESIAN_POINT('',(0.3695,0.075,-0.3));
#2342=CARTESIAN_POINT('',(0.3695,0.35,-0.3));
#2343=CARTESIAN_POINT('',(0.3765,0.35,-0.3));
#2344=CARTESIAN_POINT('',(0.3765,0.35,-0.3));
#2345=CARTESIAN_POINT('',(0.3765,0.075,-0.3));
#2346=CARTESIAN_POINT('',(0.3765,0.35,-0.05));
#2347=CARTESIAN_POINT('',(0.3695,0.35,-0.05));
#2348=CARTESIAN_POINT('',(0.3695,0.35,0.2));
#2349=CARTESIAN_POINT('',(0.3765,0.35,0.2));
#2350=CARTESIAN_POINT('',(0.3765,0.35,0.2));
#2351=CARTESIAN_POINT('',(0.3765,0.35,-0.05));
#2352=CARTESIAN_POINT('',(0.3765,0.225,0.25));
#2353=CARTESIAN_POINT('',(0.3695,0.225,0.25));
#2354=CARTESIAN_POINT('',(0.3695,0.1,0.3));
#2355=CARTESIAN_POINT('',(0.3765,0.1,0.3));
#2356=CARTESIAN_POINT('',(0.3765,0.1,0.3));
#2357=CARTESIAN_POINT('',(0.3765,0.225,0.25));
#2358=CARTESIAN_POINT('',(0.3765,-0.125,0.3));
#2359=CARTESIAN_POINT('',(0.3695,-0.125,0.3));
#2360=CARTESIAN_POINT('',(0.3695,-0.35,0.3));
#2361=CARTESIAN_POINT('',(0.3765,-0.35,0.3));
#2362=CARTESIAN_POINT('',(0.3765,-0.35,0.3));
#2363=CARTESIAN_POINT('',(0.3765,-0.125,0.3));
#2364=CARTESIAN_POINT('',(0.3765,0.261,0.123));
#2365=CARTESIAN_POINT('',(0.3765,0.261,0.123));
#2366=CARTESIAN_POINT('',(0.3765,0.261,0.119));
#2367=CARTESIAN_POINT('',(0.3695,0.261,0.123));
#2368=CARTESIAN_POINT('',(0.3695,0.261,0.119));
#2369=CARTESIAN_POINT('',(0.3765,0.146,0.114));
#2370=CARTESIAN_POINT('',(0.3765,0.146,0.114));
#2371=CARTESIAN_POINT('',(0.3765,0.146,0.11));
#2372=CARTESIAN_POINT('',(0.3695,0.146,0.114));
#2373=CARTESIAN_POINT('',(0.3695,0.146,0.11));
#2374=CARTESIAN_POINT('',(0.3765,0.146,0.072));
#2375=CARTESIAN_POINT('',(0.3765,0.146,0.072));
#2376=CARTESIAN_POINT('',(0.3765,0.146,0.068));
#2377=CARTESIAN_POINT('',(0.3695,0.146,0.072));
#2378=CARTESIAN_POINT('',(0.3695,0.146,0.068));
#2379=CARTESIAN_POINT('',(0.3765,-0.049,0.096));
#2380=CARTESIAN_POINT('',(0.3765,-0.049,0.096));
#2381=CARTESIAN_POINT('',(0.3765,-0.049,0.092));
#2382=CARTESIAN_POINT('',(0.3695,-0.049,0.096));
#2383=CARTESIAN_POINT('',(0.3695,-0.049,0.092));
#2384=CARTESIAN_POINT('',(0.3765,-0.27,0.22));
#2385=CARTESIAN_POINT('',(0.3765,-0.27,0.22));
#2386=CARTESIAN_POINT('',(0.3765,-0.27,0.209));
#2387=CARTESIAN_POINT('',(0.3695,-0.27,0.22));
#2388=CARTESIAN_POINT('',(0.3695,-0.27,0.209));
#2389=CARTESIAN_POINT('',(0.3765,-0.23,0.26));
#2390=CARTESIAN_POINT('',(0.3765,-0.23,0.26));
#2391=CARTESIAN_POINT('',(0.3765,-0.23,0.25675));
#2392=CARTESIAN_POINT('',(0.3695,-0.23,0.26));
#2393=CARTESIAN_POINT('',(0.3695,-0.23,0.25675));
#2394=CARTESIAN_POINT('',(0.3765,-0.23,0.18));
#2395=CARTESIAN_POINT('',(0.3765,-0.23,0.18));
#2396=CARTESIAN_POINT('',(0.3765,-0.23,0.17675));
#2397=CARTESIAN_POINT('',(0.3695,-0.23,0.18));
#2398=CARTESIAN_POINT('',(0.3695,-0.23,0.17675));
#2399=CARTESIAN_POINT('',(0.3765,-0.31,0.18));
#2400=CARTESIAN_POINT('',(0.3765,-0.31,0.18));
#2401=CARTESIAN_POINT('',(0.3765,-0.31,0.17675));
#2402=CARTESIAN_POINT('',(0.3695,-0.31,0.18));
#2403=CARTESIAN_POINT('',(0.3695,-0.31,0.17675));
#2404=CARTESIAN_POINT('',(0.3765,-0.31,0.26));
#2405=CARTESIAN_POINT('',(0.3765,-0.31,0.26));
#2406=CARTESIAN_POINT('',(0.3765,-0.31,0.25675));
#2407=CARTESIAN_POINT('',(0.3695,-0.31,0.26));
#2408=CARTESIAN_POINT('',(0.3695,-0.31,0.25675));
#2409=CARTESIAN_POINT('',(0.3765,-0.35,0.1));
#2410=CARTESIAN_POINT('',(0.3695,-0.35,0.1));
#2411=CARTESIAN_POINT('',(0.3765,-0.35,0.1));
#2412=CARTESIAN_POINT('',(0.3765,-0.0162989626356681,-0.0594416333229842));
#2413=CARTESIAN_POINT('',(0.3695,-0.0162989626356681,-0.0594416333229842));
#2414=CARTESIAN_POINT('',(-5.55111512312578E-17,0.0032665949651299,-8.54518534960252E-5));
#2415=CARTESIAN_POINT('',(0.3695,-0.200829148292542,0.141009345650673));
#2416=CARTESIAN_POINT('',(-0.369499999999999,-0.200829148292542,0.141009345650673));
#2417=CARTESIAN_POINT('',(0.3695,-0.195170521672947,0.138443170017297));
#2418=CARTESIAN_POINT('',(-0.369499999999999,-0.195170521672947,0.138443170017297));
#2419=CARTESIAN_POINT('',(0.3695,-0.155202031705694,0.117475304553186));
#2420=CARTESIAN_POINT('',(-0.369499999999999,-0.155202031705694,0.117475304553186));
#2421=CARTESIAN_POINT('',(0.3695,-0.110352600950126,0.110281353526363));
#2422=CARTESIAN_POINT('',(-0.369499999999999,-0.110352600950126,0.110281353526363));
#2423=CARTESIAN_POINT('',(0.3695,-0.0347059872327841,0.102468735105649));
#2424=CARTESIAN_POINT('',(-0.369499999999999,-0.0347059872327841,0.102468735105649));
#2425=CARTESIAN_POINT('',(0.3695,0.0228498230456908,0.105993811588517));
#2426=CARTESIAN_POINT('',(-0.369499999999999,0.0228498230456908,0.105993811588517));
#2427=CARTESIAN_POINT('',(0.3695,0.0876238453786522,0.112314316791249));
#2428=CARTESIAN_POINT('',(-0.369499999999999,0.0876238453786522,0.112314316791249));
#2429=CARTESIAN_POINT('',(0.3695,0.139254622829484,0.120594253118317));
#2430=CARTESIAN_POINT('',(-0.369499999999999,0.139254622829484,0.120594253118317));
#2431=CARTESIAN_POINT('',(0.3695,0.207151629900962,0.133867267719563));
#2432=CARTESIAN_POINT('',(-0.369499999999999,0.207151629900962,0.133867267719563));
#2433=CARTESIAN_POINT('',(0.3695,0.261655737315619,0.139321782468319));
#2434=CARTESIAN_POINT('',(-0.369499999999999,0.261655737315619,0.139321782468319));
#2435=CARTESIAN_POINT('',(0.3695,0.289210953214163,0.141160065238874));
#2436=CARTESIAN_POINT('',(-0.369499999999999,0.289210953214163,0.141160065238874));
#2437=CARTESIAN_POINT('',(0.3695,0.291406167277173,0.13396610813669));
#2438=CARTESIAN_POINT('',(-0.369499999999999,0.291406167277173,0.13396610813669));
#2439=CARTESIAN_POINT('',(0.3695,0.289398456465967,0.117462855099175));
#2440=CARTESIAN_POINT('',(-0.369499999999999,0.289398456465967,0.117462855099175));
#2441=CARTESIAN_POINT('',(0.3695,0.269361140260633,0.094437969426723));
#2442=CARTESIAN_POINT('',(-0.369499999999999,0.269361140260633,0.094437969426723));
#2443=CARTESIAN_POINT('',(0.3695,0.242910083752032,0.0768545665939869));
#2444=CARTESIAN_POINT('',(-0.369499999999999,0.242910083752032,0.0768545665939869));
#2445=CARTESIAN_POINT('',(0.3695,0.198592649978657,0.0591179896899061));
#2446=CARTESIAN_POINT('',(-0.369499999999999,0.198592649978657,0.0591179896899061));
#2447=CARTESIAN_POINT('',(0.3695,0.153929712114761,0.0541511659990451));
#2448=CARTESIAN_POINT('',(-0.369499999999999,0.153929712114761,0.0541511659990451));
#2449=CARTESIAN_POINT('',(0.3695,0.0975391484007032,0.0564422677287151));
#2450=CARTESIAN_POINT('',(-0.369499999999999,0.0975391484007032,0.0564422677287151));
#2451=CARTESIAN_POINT('',(0.3695,0.0419465122788677,0.0649140500343176));
#2452=CARTESIAN_POINT('',(-0.369499999999999,0.0419465122788677,0.0649140500343176));
#2453=CARTESIAN_POINT('',(0.3695,-0.0239266033604285,0.0762655087427226));
#2454=CARTESIAN_POINT('',(-0.369499999999999,-0.0239266033604285,0.0762655087427226));
#2455=CARTESIAN_POINT('',(0.3695,-0.111566734205113,0.0980158209394683));
#2456=CARTESIAN_POINT('',(-0.369499999999999,-0.111566734205113,0.0980158209394683));
#2457=CARTESIAN_POINT('',(0.3695,-0.163076906839299,0.114855025312674));
#2458=CARTESIAN_POINT('',(-0.369499999999999,-0.163076906839299,0.114855025312674));
#2459=CARTESIAN_POINT('',(0.3695,-0.201810128422212,0.137050539507404));
#2460=CARTESIAN_POINT('',(-0.369499999999999,-0.201810128422212,0.137050539507404));
#2461=CARTESIAN_POINT('',(0.3695,-0.204558262847684,0.139610172158736));
#2462=CARTESIAN_POINT('',(-0.369499999999999,-0.204558262847684,0.139610172158736));
#2463=CARTESIAN_POINT('',(0.3695,-0.203200517164335,0.141948136845173));
#2464=CARTESIAN_POINT('',(-0.369499999999999,-0.203200517164335,0.141948136845173));
#2465=CARTESIAN_POINT('',(0.3695,-0.202135347450253,0.1416017043052));
#2466=CARTESIAN_POINT('',(-0.369499999999999,-0.202135347450253,0.1416017043052));
#2467=CARTESIAN_POINT('',(0.3695,-0.200829148292542,0.141009345650673));
#2468=CARTESIAN_POINT('',(-0.369499999999999,-0.200829148292542,0.141009345650673));
#2469=CARTESIAN_POINT('',(-0.3695,-0.200829148292542,0.141009345650673));
#2470=CARTESIAN_POINT('',(-0.3695,-0.195170521672947,0.138443170017297));
#2471=CARTESIAN_POINT('',(-0.3695,-0.155202031705694,0.117475304553186));
#2472=CARTESIAN_POINT('',(-0.3695,-0.110352600950126,0.110281353526363));
#2473=CARTESIAN_POINT('',(-0.3695,-0.0347059872327841,0.102468735105649));
#2474=CARTESIAN_POINT('',(-0.3695,0.0228498230456908,0.105993811588517));
#2475=CARTESIAN_POINT('',(-0.3695,0.0876238453786522,0.112314316791249));
#2476=CARTESIAN_POINT('',(-0.3695,0.139254622829484,0.120594253118317));
#2477=CARTESIAN_POINT('',(-0.3695,0.207151629900962,0.133867267719563));
#2478=CARTESIAN_POINT('',(-0.3695,0.261655737315619,0.139321782468319));
#2479=CARTESIAN_POINT('',(-0.3695,0.289210953214163,0.141160065238874));
#2480=CARTESIAN_POINT('',(-0.3695,0.291406167277173,0.13396610813669));
#2481=CARTESIAN_POINT('',(-0.3695,0.289398456465967,0.117462855099175));
#2482=CARTESIAN_POINT('',(-0.3695,0.269361140260633,0.094437969426723));
#2483=CARTESIAN_POINT('',(-0.3695,0.242910083752032,0.0768545665939869));
#2484=CARTESIAN_POINT('',(-0.3695,0.198592649978657,0.0591179896899061));
#2485=CARTESIAN_POINT('',(-0.3695,0.153929712114761,0.0541511659990451));
#2486=CARTESIAN_POINT('',(-0.3695,0.0975391484007032,0.0564422677287151));
#2487=CARTESIAN_POINT('',(-0.3695,0.0419465122788677,0.0649140500343176));
#2488=CARTESIAN_POINT('',(-0.3695,-0.0239266033604285,0.0762655087427226));
#2489=CARTESIAN_POINT('',(-0.3695,-0.111566734205113,0.0980158209394683));
#2490=CARTESIAN_POINT('',(-0.3695,-0.163076906839299,0.114855025312674));
#2491=CARTESIAN_POINT('',(-0.3695,-0.201810128422212,0.137050539507404));
#2492=CARTESIAN_POINT('',(-0.3695,-0.204558262847684,0.139610172158736));
#2493=CARTESIAN_POINT('',(-0.3695,-0.203200517164335,0.141948136845173));
#2494=CARTESIAN_POINT('',(-0.3695,-0.202135347450253,0.1416017043052));
#2495=CARTESIAN_POINT('',(-0.3695,-0.200829148292542,0.141009345650673));
#2496=CARTESIAN_POINT('',(-0.3695,-0.200829148292542,0.141009345650673));
#2497=CARTESIAN_POINT('',(0.,0.134995657194174,0.120182293183065));
#2498=CARTESIAN_POINT('',(-0.1355,0.134995657194174,0.120182293183065));
#2499=CARTESIAN_POINT('',(-0.1295,0.134995657194173,0.120182293183065));
#2500=CARTESIAN_POINT('',(-0.1355,-0.200829148292542,0.141009345650673));
#2501=CARTESIAN_POINT('',(-0.1355,-0.195170521672947,0.138443170017297));
#2502=CARTESIAN_POINT('',(-0.1355,-0.155202031705694,0.117475304553186));
#2503=CARTESIAN_POINT('',(-0.1355,-0.110352600950126,0.110281353526363));
#2504=CARTESIAN_POINT('',(-0.1355,-0.0347059872327841,0.102468735105649));
#2505=CARTESIAN_POINT('',(-0.1355,0.0228498230456908,0.105993811588517));
#2506=CARTESIAN_POINT('',(-0.1355,0.0876238453786522,0.112314316791249));
#2507=CARTESIAN_POINT('',(-0.1355,0.139254622829484,0.120594253118317));
#2508=CARTESIAN_POINT('',(-0.1355,0.207151629900962,0.133867267719563));
#2509=CARTESIAN_POINT('',(-0.1355,0.261655737315619,0.139321782468319));
#2510=CARTESIAN_POINT('',(-0.1355,0.289210953214163,0.141160065238874));
#2511=CARTESIAN_POINT('',(-0.1355,0.291406167277173,0.13396610813669));
#2512=CARTESIAN_POINT('',(-0.1355,0.289398456465967,0.117462855099175));
#2513=CARTESIAN_POINT('',(-0.1355,0.269361140260633,0.094437969426723));
#2514=CARTESIAN_POINT('',(-0.1355,0.242910083752032,0.0768545665939869));
#2515=CARTESIAN_POINT('',(-0.1355,0.198592649978657,0.0591179896899061));
#2516=CARTESIAN_POINT('',(-0.1355,0.153929712114761,0.0541511659990451));
#2517=CARTESIAN_POINT('',(-0.1355,0.0975391484007032,0.0564422677287151));
#2518=CARTESIAN_POINT('',(-0.1355,0.0419465122788677,0.0649140500343176));
#2519=CARTESIAN_POINT('',(-0.1355,-0.0239266033604285,0.0762655087427226));
#2520=CARTESIAN_POINT('',(-0.1355,-0.111566734205113,0.0980158209394683));
#2521=CARTESIAN_POINT('',(-0.1355,-0.163076906839299,0.114855025312674));
#2522=CARTESIAN_POINT('',(-0.1355,-0.201810128422212,0.137050539507404));
#2523=CARTESIAN_POINT('',(-0.1355,-0.204558262847684,0.139610172158736));
#2524=CARTESIAN_POINT('',(-0.1355,-0.203200517164335,0.141948136845173));
#2525=CARTESIAN_POINT('',(-0.1355,-0.202135347450253,0.1416017043052));
#2526=CARTESIAN_POINT('',(-0.1355,-0.200829148292542,0.141009345650673));
#2527=CARTESIAN_POINT('',(-0.1355,0.167807579354074,0.126156759155823));
#2528=CARTESIAN_POINT('',(0.,0.167807579354074,0.126156759155823));
#2529=CARTESIAN_POINT('',(-0.1295,0.167807579354074,0.126156759155823));
#2530=CARTESIAN_POINT('',(-0.1295,-0.200829148292542,0.141009345650673));
#2531=CARTESIAN_POINT('',(-0.1295,-0.195170521672947,0.138443170017297));
#2532=CARTESIAN_POINT('',(-0.1295,-0.155202031705694,0.117475304553186));
#2533=CARTESIAN_POINT('',(-0.1295,-0.110352600950126,0.110281353526363));
#2534=CARTESIAN_POINT('',(-0.1295,-0.0347059872327841,0.102468735105649));
#2535=CARTESIAN_POINT('',(-0.1295,0.0228498230456908,0.105993811588517));
#2536=CARTESIAN_POINT('',(-0.1295,0.0876238453786522,0.112314316791249));
#2537=CARTESIAN_POINT('',(-0.1295,0.139254622829484,0.120594253118317));
#2538=CARTESIAN_POINT('',(-0.1295,0.207151629900962,0.133867267719563));
#2539=CARTESIAN_POINT('',(-0.1295,0.261655737315619,0.139321782468319));
#2540=CARTESIAN_POINT('',(-0.1295,0.289210953214163,0.141160065238874));
#2541=CARTESIAN_POINT('',(-0.1295,0.291406167277173,0.13396610813669));
#2542=CARTESIAN_POINT('',(-0.1295,0.289398456465967,0.117462855099175));
#2543=CARTESIAN_POINT('',(-0.1295,0.269361140260633,0.094437969426723));
#2544=CARTESIAN_POINT('',(-0.1295,0.242910083752032,0.0768545665939869));
#2545=CARTESIAN_POINT('',(-0.1295,0.198592649978657,0.0591179896899061));
#2546=CARTESIAN_POINT('',(-0.1295,0.153929712114761,0.0541511659990451));
#2547=CARTESIAN_POINT('',(-0.1295,0.0975391484007032,0.0564422677287151));
#2548=CARTESIAN_POINT('',(-0.1295,0.0419465122788677,0.0649140500343176));
#2549=CARTESIAN_POINT('',(-0.1295,-0.0239266033604285,0.0762655087427226));
#2550=CARTESIAN_POINT('',(-0.1295,-0.111566734205113,0.0980158209394683));
#2551=CARTESIAN_POINT('',(-0.1295,-0.163076906839299,0.114855025312674));
#2552=CARTESIAN_POINT('',(-0.1295,-0.201810128422212,0.137050539507404));
#2553=CARTESIAN_POINT('',(-0.1295,-0.204558262847684,0.139610172158736));
#2554=CARTESIAN_POINT('',(-0.1295,-0.203200517164335,0.141948136845173));
#2555=CARTESIAN_POINT('',(-0.1295,-0.202135347450253,0.1416017043052));
#2556=CARTESIAN_POINT('',(-0.1295,-0.200829148292542,0.141009345650673));
#2557=CARTESIAN_POINT('',(0.,-0.0636907588232096,0.105920927591293));
#2558=CARTESIAN_POINT('',(-0.1355,-0.0636907588232096,0.105920927591293));
#2559=CARTESIAN_POINT('',(-0.1295,-0.0636907588441414,0.105920927592948));
#2560=CARTESIAN_POINT('',(-0.1355,-0.200829148292542,0.141009345650673));
#2561=CARTESIAN_POINT('',(-0.1355,-0.195170521672947,0.138443170017297));
#2562=CARTESIAN_POINT('',(-0.1355,-0.155202031705694,0.117475304553186));
#2563=CARTESIAN_POINT('',(-0.1355,-0.110352600950126,0.110281353526363));
#2564=CARTESIAN_POINT('',(-0.1355,-0.0347059872327841,0.102468735105649));
#2565=CARTESIAN_POINT('',(-0.1355,0.0228498230456908,0.105993811588517));
#2566=CARTESIAN_POINT('',(-0.1355,0.0876238453786522,0.112314316791249));
#2567=CARTESIAN_POINT('',(-0.1355,0.139254622829484,0.120594253118317));
#2568=CARTESIAN_POINT('',(-0.1355,0.207151629900962,0.133867267719563));
#2569=CARTESIAN_POINT('',(-0.1355,0.261655737315619,0.139321782468319));
#2570=CARTESIAN_POINT('',(-0.1355,0.289210953214163,0.141160065238874));
#2571=CARTESIAN_POINT('',(-0.1355,0.291406167277173,0.13396610813669));
#2572=CARTESIAN_POINT('',(-0.1355,0.289398456465967,0.117462855099175));
#2573=CARTESIAN_POINT('',(-0.1355,0.269361140260633,0.094437969426723));
#2574=CARTESIAN_POINT('',(-0.1355,0.242910083752032,0.0768545665939869));
#2575=CARTESIAN_POINT('',(-0.1355,0.198592649978657,0.0591179896899061));
#2576=CARTESIAN_POINT('',(-0.1355,0.153929712114761,0.0541511659990451));
#2577=CARTESIAN_POINT('',(-0.1355,0.0975391484007032,0.0564422677287151));
#2578=CARTESIAN_POINT('',(-0.1355,0.0419465122788677,0.0649140500343176));
#2579=CARTESIAN_POINT('',(-0.1355,-0.0239266033604285,0.0762655087427226));
#2580=CARTESIAN_POINT('',(-0.1355,-0.111566734205113,0.0980158209394683));
#2581=CARTESIAN_POINT('',(-0.1355,-0.163076906839299,0.114855025312674));
#2582=CARTESIAN_POINT('',(-0.1355,-0.201810128422212,0.137050539507404));
#2583=CARTESIAN_POINT('',(-0.1355,-0.204558262847684,0.139610172158736));
#2584=CARTESIAN_POINT('',(-0.1355,-0.203200517164335,0.141948136845173));
#2585=CARTESIAN_POINT('',(-0.1355,-0.202135347450253,0.1416017043052));
#2586=CARTESIAN_POINT('',(-0.1355,-0.200829148292542,0.141009345650673));
#2587=CARTESIAN_POINT('',(-0.1355,-0.0305558826644827,0.104224380724957));
#2588=CARTESIAN_POINT('',(0.,-0.0305558826644827,0.104224380724957));
#2589=CARTESIAN_POINT('',(-0.1295,-0.0305558826644835,0.104224380724957));
#2590=CARTESIAN_POINT('',(-0.1295,-0.200829148292542,0.141009345650673));
#2591=CARTESIAN_POINT('',(-0.1295,-0.195170521672947,0.138443170017297));
#2592=CARTESIAN_POINT('',(-0.1295,-0.155202031705694,0.117475304553186));
#2593=CARTESIAN_POINT('',(-0.1295,-0.110352600950126,0.110281353526363));
#2594=CARTESIAN_POINT('',(-0.1295,-0.0347059872327841,0.102468735105649));
#2595=CARTESIAN_POINT('',(-0.1295,0.0228498230456908,0.105993811588517));
#2596=CARTESIAN_POINT('',(-0.1295,0.0876238453786522,0.112314316791249));
#2597=CARTESIAN_POINT('',(-0.1295,0.139254622829484,0.120594253118317));
#2598=CARTESIAN_POINT('',(-0.1295,0.207151629900962,0.133867267719563));
#2599=CARTESIAN_POINT('',(-0.1295,0.261655737315619,0.139321782468319));
#2600=CARTESIAN_POINT('',(-0.1295,0.289210953214163,0.141160065238874));
#2601=CARTESIAN_POINT('',(-0.1295,0.291406167277173,0.13396610813669));
#2602=CARTESIAN_POINT('',(-0.1295,0.289398456465967,0.117462855099175));
#2603=CARTESIAN_POINT('',(-0.1295,0.269361140260633,0.094437969426723));
#2604=CARTESIAN_POINT('',(-0.1295,0.242910083752032,0.0768545665939869));
#2605=CARTESIAN_POINT('',(-0.1295,0.198592649978657,0.0591179896899061));
#2606=CARTESIAN_POINT('',(-0.1295,0.153929712114761,0.0541511659990451));
#2607=CARTESIAN_POINT('',(-0.1295,0.0975391484007032,0.0564422677287151));
#2608=CARTESIAN_POINT('',(-0.1295,0.0419465122788677,0.0649140500343176));
#2609=CARTESIAN_POINT('',(-0.1295,-0.0239266033604285,0.0762655087427226));
#2610=CARTESIAN_POINT('',(-0.1295,-0.111566734205113,0.0980158209394683));
#2611=CARTESIAN_POINT('',(-0.1295,-0.163076906839299,0.114855025312674));
#2612=CARTESIAN_POINT('',(-0.1295,-0.201810128422212,0.137050539507404));
#2613=CARTESIAN_POINT('',(-0.1295,-0.204558262847684,0.139610172158736));
#2614=CARTESIAN_POINT('',(-0.1295,-0.203200517164335,0.141948136845173));
#2615=CARTESIAN_POINT('',(-0.1295,-0.202135347450253,0.1416017043052));
#2616=CARTESIAN_POINT('',(-0.1295,-0.200829148292542,0.141009345650673));
#2617=CARTESIAN_POINT('',(0.3695,-0.200829148292542,0.141009345650673));
#2618=CARTESIAN_POINT('',(0.3695,-0.195170521672947,0.138443170017297));
#2619=CARTESIAN_POINT('',(0.3695,-0.155202031705694,0.117475304553186));
#2620=CARTESIAN_POINT('',(0.3695,-0.110352600950126,0.110281353526363));
#2621=CARTESIAN_POINT('',(0.3695,-0.0347059872327841,0.102468735105649));
#2622=CARTESIAN_POINT('',(0.3695,0.0228498230456908,0.105993811588517));
#2623=CARTESIAN_POINT('',(0.3695,0.0876238453786522,0.112314316791249));
#2624=CARTESIAN_POINT('',(0.3695,0.139254622829484,0.120594253118317));
#2625=CARTESIAN_POINT('',(0.3695,0.207151629900962,0.133867267719563));
#2626=CARTESIAN_POINT('',(0.3695,0.261655737315619,0.139321782468319));
#2627=CARTESIAN_POINT('',(0.3695,0.289210953214163,0.141160065238874));
#2628=CARTESIAN_POINT('',(0.3695,0.291406167277173,0.13396610813669));
#2629=CARTESIAN_POINT('',(0.3695,0.289398456465967,0.117462855099175));
#2630=CARTESIAN_POINT('',(0.3695,0.269361140260633,0.094437969426723));
#2631=CARTESIAN_POINT('',(0.3695,0.242910083752032,0.0768545665939869));
#2632=CARTESIAN_POINT('',(0.3695,0.198592649978657,0.0591179896899061));
#2633=CARTESIAN_POINT('',(0.3695,0.153929712114761,0.0541511659990451));
#2634=CARTESIAN_POINT('',(0.3695,0.0975391484007032,0.0564422677287151));
#2635=CARTESIAN_POINT('',(0.3695,0.0419465122788677,0.0649140500343176));
#2636=CARTESIAN_POINT('',(0.3695,-0.0239266033604285,0.0762655087427226));
#2637=CARTESIAN_POINT('',(0.3695,-0.111566734205113,0.0980158209394683));
#2638=CARTESIAN_POINT('',(0.3695,-0.163076906839299,0.114855025312674));
#2639=CARTESIAN_POINT('',(0.3695,-0.201810128422212,0.137050539507404));
#2640=CARTESIAN_POINT('',(0.3695,-0.204558262847684,0.139610172158736));
#2641=CARTESIAN_POINT('',(0.3695,-0.203200517164335,0.141948136845173));
#2642=CARTESIAN_POINT('',(0.3695,-0.202135347450253,0.1416017043052));
#2643=CARTESIAN_POINT('',(0.3695,-0.200829148292542,0.141009345650673));
#2644=CARTESIAN_POINT('',(0.3695,-0.200829148292542,0.141009345650673));
#2645=CARTESIAN_POINT('',(0.,0.134995657194174,0.120182293183065));
#2646=CARTESIAN_POINT('',(0.1355,0.134995657194174,0.120182293183065));
#2647=CARTESIAN_POINT('',(0.1295,0.134995657194173,0.120182293183065));
#2648=CARTESIAN_POINT('',(0.1295,-0.200829148292542,0.141009345650673));
#2649=CARTESIAN_POINT('',(0.1295,-0.195170521672947,0.138443170017297));
#2650=CARTESIAN_POINT('',(0.1295,-0.155202031705694,0.117475304553186));
#2651=CARTESIAN_POINT('',(0.1295,-0.110352600950126,0.110281353526363));
#2652=CARTESIAN_POINT('',(0.1295,-0.0347059872327841,0.102468735105649));
#2653=CARTESIAN_POINT('',(0.1295,0.0228498230456908,0.105993811588517));
#2654=CARTESIAN_POINT('',(0.1295,0.0876238453786522,0.112314316791249));
#2655=CARTESIAN_POINT('',(0.1295,0.139254622829484,0.120594253118317));
#2656=CARTESIAN_POINT('',(0.1295,0.207151629900962,0.133867267719563));
#2657=CARTESIAN_POINT('',(0.1295,0.261655737315619,0.139321782468319));
#2658=CARTESIAN_POINT('',(0.1295,0.289210953214163,0.141160065238874));
#2659=CARTESIAN_POINT('',(0.1295,0.291406167277173,0.13396610813669));
#2660=CARTESIAN_POINT('',(0.1295,0.289398456465967,0.117462855099175));
#2661=CARTESIAN_POINT('',(0.1295,0.269361140260633,0.094437969426723));
#2662=CARTESIAN_POINT('',(0.1295,0.242910083752032,0.0768545665939869));
#2663=CARTESIAN_POINT('',(0.1295,0.198592649978657,0.0591179896899061));
#2664=CARTESIAN_POINT('',(0.1295,0.153929712114761,0.0541511659990451));
#2665=CARTESIAN_POINT('',(0.1295,0.0975391484007032,0.0564422677287151));
#2666=CARTESIAN_POINT('',(0.1295,0.0419465122788677,0.0649140500343176));
#2667=CARTESIAN_POINT('',(0.1295,-0.0239266033604285,0.0762655087427226));
#2668=CARTESIAN_POINT('',(0.1295,-0.111566734205113,0.0980158209394683));
#2669=CARTESIAN_POINT('',(0.1295,-0.163076906839299,0.114855025312674));
#2670=CARTESIAN_POINT('',(0.1295,-0.201810128422212,0.137050539507404));
#2671=CARTESIAN_POINT('',(0.1295,-0.204558262847684,0.139610172158736));
#2672=CARTESIAN_POINT('',(0.1295,-0.203200517164335,0.141948136845173));
#2673=CARTESIAN_POINT('',(0.1295,-0.202135347450253,0.1416017043052));
#2674=CARTESIAN_POINT('',(0.1295,-0.200829148292542,0.141009345650673));
#2675=CARTESIAN_POINT('',(0.1295,0.167807579354074,0.126156759155823));
#2676=CARTESIAN_POINT('',(0.,0.167807579354074,0.126156759155823));
#2677=CARTESIAN_POINT('',(0.1355,0.167807579354074,0.126156759155823));
#2678=CARTESIAN_POINT('',(0.1355,-0.200829148292542,0.141009345650673));
#2679=CARTESIAN_POINT('',(0.1355,-0.195170521672947,0.138443170017297));
#2680=CARTESIAN_POINT('',(0.1355,-0.155202031705694,0.117475304553186));
#2681=CARTESIAN_POINT('',(0.1355,-0.110352600950126,0.110281353526363));
#2682=CARTESIAN_POINT('',(0.1355,-0.0347059872327841,0.102468735105649));
#2683=CARTESIAN_POINT('',(0.1355,0.0228498230456908,0.105993811588517));
#2684=CARTESIAN_POINT('',(0.1355,0.0876238453786522,0.112314316791249));
#2685=CARTESIAN_POINT('',(0.1355,0.139254622829484,0.120594253118317));
#2686=CARTESIAN_POINT('',(0.1355,0.207151629900962,0.133867267719563));
#2687=CARTESIAN_POINT('',(0.1355,0.261655737315619,0.139321782468319));
#2688=CARTESIAN_POINT('',(0.1355,0.289210953214163,0.141160065238874));
#2689=CARTESIAN_POINT('',(0.1355,0.291406167277173,0.13396610813669));
#2690=CARTESIAN_POINT('',(0.1355,0.289398456465967,0.117462855099175));
#2691=CARTESIAN_POINT('',(0.1355,0.269361140260633,0.094437969426723));
#2692=CARTESIAN_POINT('',(0.1355,0.242910083752032,0.0768545665939869));
#2693=CARTESIAN_POINT('',(0.1355,0.198592649978657,0.0591179896899061));
#2694=CARTESIAN_POINT('',(0.1355,0.153929712114761,0.0541511659990451));
#2695=CARTESIAN_POINT('',(0.1355,0.0975391484007032,0.0564422677287151));
#2696=CARTESIAN_POINT('',(0.1355,0.0419465122788677,0.0649140500343176));
#2697=CARTESIAN_POINT('',(0.1355,-0.0239266033604285,0.0762655087427226));
#2698=CARTESIAN_POINT('',(0.1355,-0.111566734205113,0.0980158209394683));
#2699=CARTESIAN_POINT('',(0.1355,-0.163076906839299,0.114855025312674));
#2700=CARTESIAN_POINT('',(0.1355,-0.201810128422212,0.137050539507404));
#2701=CARTESIAN_POINT('',(0.1355,-0.204558262847684,0.139610172158736));
#2702=CARTESIAN_POINT('',(0.1355,-0.203200517164335,0.141948136845173));
#2703=CARTESIAN_POINT('',(0.1355,-0.202135347450253,0.1416017043052));
#2704=CARTESIAN_POINT('',(0.1355,-0.200829148292542,0.141009345650673));
#2705=CARTESIAN_POINT('',(0.,-0.0636907588232096,0.105920927591293));
#2706=CARTESIAN_POINT('',(0.1355,-0.0636907588232096,0.105920927591293));
#2707=CARTESIAN_POINT('',(0.1295,-0.0636907588441414,0.105920927592948));
#2708=CARTESIAN_POINT('',(0.1295,-0.200829148292542,0.141009345650673));
#2709=CARTESIAN_POINT('',(0.1295,-0.195170521672947,0.138443170017297));
#2710=CARTESIAN_POINT('',(0.1295,-0.155202031705694,0.117475304553186));
#2711=CARTESIAN_POINT('',(0.1295,-0.110352600950126,0.110281353526363));
#2712=CARTESIAN_POINT('',(0.1295,-0.0347059872327841,0.102468735105649));
#2713=CARTESIAN_POINT('',(0.1295,0.0228498230456908,0.105993811588517));
#2714=CARTESIAN_POINT('',(0.1295,0.0876238453786522,0.112314316791249));
#2715=CARTESIAN_POINT('',(0.1295,0.139254622829484,0.120594253118317));
#2716=CARTESIAN_POINT('',(0.1295,0.207151629900962,0.133867267719563));
#2717=CARTESIAN_POINT('',(0.1295,0.261655737315619,0.139321782468319));
#2718=CARTESIAN_POINT('',(0.1295,0.289210953214163,0.141160065238874));
#2719=CARTESIAN_POINT('',(0.1295,0.291406167277173,0.13396610813669));
#2720=CARTESIAN_POINT('',(0.1295,0.289398456465967,0.117462855099175));
#2721=CARTESIAN_POINT('',(0.1295,0.269361140260633,0.094437969426723));
#2722=CARTESIAN_POINT('',(0.1295,0.242910083752032,0.0768545665939869));
#2723=CARTESIAN_POINT('',(0.1295,0.198592649978657,0.0591179896899061));
#2724=CARTESIAN_POINT('',(0.1295,0.153929712114761,0.0541511659990451));
#2725=CARTESIAN_POINT('',(0.1295,0.0975391484007032,0.0564422677287151));
#2726=CARTESIAN_POINT('',(0.1295,0.0419465122788677,0.0649140500343176));
#2727=CARTESIAN_POINT('',(0.1295,-0.0239266033604285,0.0762655087427226));
#2728=CARTESIAN_POINT('',(0.1295,-0.111566734205113,0.0980158209394683));
#2729=CARTESIAN_POINT('',(0.1295,-0.163076906839299,0.114855025312674));
#2730=CARTESIAN_POINT('',(0.1295,-0.201810128422212,0.137050539507404));
#2731=CARTESIAN_POINT('',(0.1295,-0.204558262847684,0.139610172158736));
#2732=CARTESIAN_POINT('',(0.1295,-0.203200517164335,0.141948136845173));
#2733=CARTESIAN_POINT('',(0.1295,-0.202135347450253,0.1416017043052));
#2734=CARTESIAN_POINT('',(0.1295,-0.200829148292542,0.141009345650673));
#2735=CARTESIAN_POINT('',(0.1295,-0.0305558826644835,0.104224380724957));
#2736=CARTESIAN_POINT('',(0.,-0.0305558826644827,0.104224380724957));
#2737=CARTESIAN_POINT('',(0.1355,-0.0305558826644827,0.104224380724957));
#2738=CARTESIAN_POINT('',(0.1355,-0.200829148292542,0.141009345650673));
#2739=CARTESIAN_POINT('',(0.1355,-0.195170521672947,0.138443170017297));
#2740=CARTESIAN_POINT('',(0.1355,-0.155202031705694,0.117475304553186));
#2741=CARTESIAN_POINT('',(0.1355,-0.110352600950126,0.110281353526363));
#2742=CARTESIAN_POINT('',(0.1355,-0.0347059872327841,0.102468735105649));
#2743=CARTESIAN_POINT('',(0.1355,0.0228498230456908,0.105993811588517));
#2744=CARTESIAN_POINT('',(0.1355,0.0876238453786522,0.112314316791249));
#2745=CARTESIAN_POINT('',(0.1355,0.139254622829484,0.120594253118317));
#2746=CARTESIAN_POINT('',(0.1355,0.207151629900962,0.133867267719563));
#2747=CARTESIAN_POINT('',(0.1355,0.261655737315619,0.139321782468319));
#2748=CARTESIAN_POINT('',(0.1355,0.289210953214163,0.141160065238874));
#2749=CARTESIAN_POINT('',(0.1355,0.291406167277173,0.13396610813669));
#2750=CARTESIAN_POINT('',(0.1355,0.289398456465967,0.117462855099175));
#2751=CARTESIAN_POINT('',(0.1355,0.269361140260633,0.094437969426723));
#2752=CARTESIAN_POINT('',(0.1355,0.242910083752032,0.0768545665939869));
#2753=CARTESIAN_POINT('',(0.1355,0.198592649978657,0.0591179896899061));
#2754=CARTESIAN_POINT('',(0.1355,0.153929712114761,0.0541511659990451));
#2755=CARTESIAN_POINT('',(0.1355,0.0975391484007032,0.0564422677287151));
#2756=CARTESIAN_POINT('',(0.1355,0.0419465122788677,0.0649140500343176));
#2757=CARTESIAN_POINT('',(0.1355,-0.0239266033604285,0.0762655087427226));
#2758=CARTESIAN_POINT('',(0.1355,-0.111566734205113,0.0980158209394683));
#2759=CARTESIAN_POINT('',(0.1355,-0.163076906839299,0.114855025312674));
#2760=CARTESIAN_POINT('',(0.1355,-0.201810128422212,0.137050539507404));
#2761=CARTESIAN_POINT('',(0.1355,-0.204558262847684,0.139610172158736));
#2762=CARTESIAN_POINT('',(0.1355,-0.203200517164335,0.141948136845173));
#2763=CARTESIAN_POINT('',(0.1355,-0.202135347450253,0.1416017043052));
#2764=CARTESIAN_POINT('',(0.1355,-0.200829148292542,0.141009345650673));
#2765=CARTESIAN_POINT('',(-0.3695,5.55111512312578E-17,0.));
#2766=CARTESIAN_POINT('',(-0.1355,0.149001886129379,0.137090926808526));
#2767=CARTESIAN_POINT('',(-0.1295,0.149001886129379,0.137090926808526));
#2768=CARTESIAN_POINT('',(-0.1295,0.139240537650423,0.139262579605905));
#2769=CARTESIAN_POINT('',(-0.1295,0.157439792251784,0.142457652092111));
#2770=CARTESIAN_POINT('',(-0.1355,0.157439792251784,0.142457652092111));
#2771=CARTESIAN_POINT('',(-0.1355,0.157439792251784,0.142457652092111));
#2772=CARTESIAN_POINT('',(-0.1355,0.149001886129379,0.137090926808526));
#2773=CARTESIAN_POINT('',(-0.1355,0.139240537650423,0.139262579605905));
#2774=CARTESIAN_POINT('',(-0.1355,0.139240537650423,0.139262579605905));
#2775=CARTESIAN_POINT('',(-0.1355,0.137068884853043,0.129501231126948));
#2776=CARTESIAN_POINT('',(-0.1355,0.137068884853043,0.129501231126948));
#2777=CARTESIAN_POINT('',(-0.1295,0.137068884853043,0.129501231126948));
#2778=CARTESIAN_POINT('',(-0.1355,0.16280651753537,0.134019745969706));
#2779=CARTESIAN_POINT('',(-0.1355,0.16280651753537,0.134019745969706));
#2780=CARTESIAN_POINT('',(-0.1295,0.16280651753537,0.134019745969706));
#2781=CARTESIAN_POINT('',(-0.1355,0.149001886129379,0.137090926808526));
#2782=CARTESIAN_POINT('',(-0.1355,0.149001886129379,0.137090926808526));
#2783=CARTESIAN_POINT('',(-0.1355,0.149001886129379,0.13338017959301));
#2784=CARTESIAN_POINT('',(-0.1295,0.149001886129379,0.137090926808526));
#2785=CARTESIAN_POINT('',(-0.1295,0.149001886129379,0.13338017959301));
#2786=CARTESIAN_POINT('',(-0.1355,0.11352878985466,0.106033029479035));
#2787=CARTESIAN_POINT('',(-0.1295,0.11352878985466,0.106033029479035));
#2788=CARTESIAN_POINT('',(-0.1355,-0.0461572296917439,0.11895478852284));
#2789=CARTESIAN_POINT('',(-0.1295,-0.0461572296917439,0.11895478852284));
#2790=CARTESIAN_POINT('',(-0.1295,-0.0551349018794548,0.123359490793142));
#2791=CARTESIAN_POINT('',(-0.1295,-0.0366944619641055,0.122188366561602));
#2792=CARTESIAN_POINT('',(-0.1355,-0.0366944619641055,0.122188366561602));
#2793=CARTESIAN_POINT('',(-0.1355,-0.0366944619641055,0.122188366561602));
#2794=CARTESIAN_POINT('',(-0.1355,-0.0461572296917439,0.11895478852284));
#2795=CARTESIAN_POINT('',(-0.1355,-0.0551349018794548,0.123359490793142));
#2796=CARTESIAN_POINT('',(-0.1355,-0.0551349018794548,0.123359490793142));
#2797=CARTESIAN_POINT('',(-0.1355,-0.0595396041497565,0.114381818605431));
#2798=CARTESIAN_POINT('',(-0.1355,-0.0595396041497565,0.114381818605431));
#2799=CARTESIAN_POINT('',(-0.1295,-0.0595396041497565,0.114381818605431));
#2800=CARTESIAN_POINT('',(-0.1355,-0.0334608839253433,0.112725598833964));
#2801=CARTESIAN_POINT('',(-0.1355,-0.0334608839253433,0.112725598833964));
#2802=CARTESIAN_POINT('',(-0.1295,-0.0334608839253433,0.112725598833964));
#2803=CARTESIAN_POINT('',(-0.1355,-0.0461572296917439,0.11895478852284));
#2804=CARTESIAN_POINT('',(-0.1355,-0.0461572296917439,0.11895478852284));
#2805=CARTESIAN_POINT('',(-0.1355,-0.0461572296917439,0.115426118306726));
#2806=CARTESIAN_POINT('',(-0.1295,-0.0461572296917439,0.11895478852284));
#2807=CARTESIAN_POINT('',(-0.1295,-0.0461572296917439,0.115426118306726));
#2808=CARTESIAN_POINT('',(-0.1355,0.11352878985466,0.106033029479035));
#2809=CARTESIAN_POINT('',(-0.1295,0.11352878985466,0.106033029479035));
#2810=CARTESIAN_POINT('',(0.3695,5.55111512312578E-17,0.));
#2811=CARTESIAN_POINT('',(0.1355,0.149001886129379,0.137090926808526));
#2812=CARTESIAN_POINT('',(0.1295,0.149001886129379,0.137090926808526));
#2813=CARTESIAN_POINT('',(0.1295,0.139240537650423,0.139262579605905));
#2814=CARTESIAN_POINT('',(0.1295,0.157439792251784,0.142457652092111));
#2815=CARTESIAN_POINT('',(0.1355,0.139240537650423,0.139262579605905));
#2816=CARTESIAN_POINT('',(0.1355,0.139240537650423,0.139262579605905));
#2817=CARTESIAN_POINT('',(0.1355,0.149001886129379,0.137090926808526));
#2818=CARTESIAN_POINT('',(0.1355,0.157439792251784,0.142457652092111));
#2819=CARTESIAN_POINT('',(0.1355,0.157439792251784,0.142457652092111));
#2820=CARTESIAN_POINT('',(0.1355,0.137068884853043,0.129501231126948));
#2821=CARTESIAN_POINT('',(0.1355,0.137068884853043,0.129501231126948));
#2822=CARTESIAN_POINT('',(0.1295,0.137068884853043,0.129501231126948));
#2823=CARTESIAN_POINT('',(0.1355,0.16280651753537,0.134019745969706));
#2824=CARTESIAN_POINT('',(0.1295,0.16280651753537,0.134019745969706));
#2825=CARTESIAN_POINT('',(0.1355,0.16280651753537,0.134019745969706));
#2826=CARTESIAN_POINT('',(0.1355,0.149001886129379,0.137090926808526));
#2827=CARTESIAN_POINT('',(0.1355,0.149001886129379,0.137090926808526));
#2828=CARTESIAN_POINT('',(0.1355,0.149001886129379,0.13338017959301));
#2829=CARTESIAN_POINT('',(0.1295,0.149001886129379,0.137090926808526));
#2830=CARTESIAN_POINT('',(0.1295,0.149001886129379,0.13338017959301));
#2831=CARTESIAN_POINT('',(0.1355,0.11352878985466,0.106033029479035));
#2832=CARTESIAN_POINT('',(0.1295,0.11352878985466,0.106033029479035));
#2833=CARTESIAN_POINT('',(0.1355,-0.0461572296917439,0.11895478852284));
#2834=CARTESIAN_POINT('',(0.1295,-0.0461572296917439,0.11895478852284));
#2835=CARTESIAN_POINT('',(0.1295,-0.0551349018794548,0.123359490793142));
#2836=CARTESIAN_POINT('',(0.1295,-0.0366944619641055,0.122188366561602));
#2837=CARTESIAN_POINT('',(0.1355,-0.0551349018794548,0.123359490793142));
#2838=CARTESIAN_POINT('',(0.1355,-0.0551349018794548,0.123359490793142));
#2839=CARTESIAN_POINT('',(0.1355,-0.0461572296917439,0.11895478852284));
#2840=CARTESIAN_POINT('',(0.1355,-0.0366944619641055,0.122188366561602));
#2841=CARTESIAN_POINT('',(0.1355,-0.0366944619641055,0.122188366561602));
#2842=CARTESIAN_POINT('',(0.1355,-0.0595396041497565,0.114381818605431));
#2843=CARTESIAN_POINT('',(0.1355,-0.0595396041497565,0.114381818605431));
#2844=CARTESIAN_POINT('',(0.1295,-0.0595396041497565,0.114381818605431));
#2845=CARTESIAN_POINT('',(0.1355,-0.0334608839253433,0.112725598833964));
#2846=CARTESIAN_POINT('',(0.1295,-0.0334608839253433,0.112725598833964));
#2847=CARTESIAN_POINT('',(0.1355,-0.0334608839253433,0.112725598833964));
#2848=CARTESIAN_POINT('',(0.1355,-0.0461572296917439,0.11895478852284));
#2849=CARTESIAN_POINT('',(0.1355,-0.0461572296917439,0.11895478852284));
#2850=CARTESIAN_POINT('',(0.1355,-0.0461572296917439,0.115426118306726));
#2851=CARTESIAN_POINT('',(0.1295,-0.0461572296917439,0.11895478852284));
#2852=CARTESIAN_POINT('',(0.1295,-0.0461572296917439,0.115426118306726));
#2853=CARTESIAN_POINT('',(0.1355,0.11352878985466,0.106033029479035));
#2854=CARTESIAN_POINT('',(0.1295,0.11352878985466,0.106033029479035));
#2855=CARTESIAN_POINT('',(-5.55111512312578E-17,0.0032665949651299,-8.54518534960252E-5));
#2856=CARTESIAN_POINT('',(0.1415,-0.0461572296917439,0.11895478852284));
#2857=CARTESIAN_POINT('',(0.1355,-0.0461572296917439,0.11895478852284));
#2858=CARTESIAN_POINT('',(0.1355,-0.0521843062235077,0.126934409345928));
#2859=CARTESIAN_POINT('',(0.1355,-0.0455917845748801,0.108970787730582));
#2860=CARTESIAN_POINT('',(0.1415,-0.0455917845748801,0.108970787730582));
#2861=CARTESIAN_POINT('',(0.1415,-0.0455917845748801,0.108970787730582));
#2862=CARTESIAN_POINT('',(0.1415,-0.0461572296917439,0.11895478852284));
#2863=CARTESIAN_POINT('',(0.1415,-0.0521843062235077,0.126934409345928));
#2864=CARTESIAN_POINT('',(0.1415,-0.0521843062235077,0.126934409345928));
#2865=CARTESIAN_POINT('',(0.1415,-0.0521843062235077,0.126934409345928));
#2866=CARTESIAN_POINT('',(0.1355,-0.0521843062235077,0.126934409345928));
#2867=CARTESIAN_POINT('',(0.1415,-0.0465381464928973,0.131057969165927));
#2868=CARTESIAN_POINT('',(0.1355,-0.0465381464928973,0.131057969165927));
#2869=CARTESIAN_POINT('',(0.1415,-0.0352410660861833,0.139304270028469));
#2870=CARTESIAN_POINT('',(0.1355,-0.0352410660861833,0.139304270028469));
#2871=CARTESIAN_POINT('',(0.1415,-0.0199794606070932,0.149944334420815));
#2872=CARTESIAN_POINT('',(0.1355,-0.0199794606070932,0.149944334420815));
#2873=CARTESIAN_POINT('',(0.1415,-0.00635190594097715,0.158880683549565));
#2874=CARTESIAN_POINT('',(0.1355,-0.00635190594097715,0.158880683549565));
#2875=CARTESIAN_POINT('',(0.1415,0.00816805590522471,0.168047560354546));
#2876=CARTESIAN_POINT('',(0.1355,0.00816805590522471,0.168047560354546));
#2877=CARTESIAN_POINT('',(0.1415,0.0276242557189331,0.179727435624157));
#2878=CARTESIAN_POINT('',(0.1355,0.0276242557189331,0.179727435624157));
#2879=CARTESIAN_POINT('',(0.1415,0.0520236005620895,0.193471535249247));
#2880=CARTESIAN_POINT('',(0.1355,0.0520236005620895,0.193471535249247));
#2881=CARTESIAN_POINT('',(0.1415,0.0765305458824182,0.206383744189276));
#2882=CARTESIAN_POINT('',(0.1355,0.0765305458824182,0.206383744189276));
#2883=CARTESIAN_POINT('',(0.1415,0.0965808637598344,0.216192569814371));
#2884=CARTESIAN_POINT('',(0.1355,0.0965808637598344,0.216192569814371));
#2885=CARTESIAN_POINT('',(0.1415,0.112068543271213,0.223282988729214));
#2886=CARTESIAN_POINT('',(0.1355,0.112068543271213,0.223282988729214));
#2887=CARTESIAN_POINT('',(0.1415,0.12715993471438,0.229851469108285));
#2888=CARTESIAN_POINT('',(0.1355,0.12715993471438,0.229851469108285));
#2889=CARTESIAN_POINT('',(0.1415,0.142126726231032,0.23588571415863));
#2890=CARTESIAN_POINT('',(0.1355,0.142126726231032,0.23588571415863));
#2891=CARTESIAN_POINT('',(0.1415,0.157772582812174,0.241810698546454));
#2892=CARTESIAN_POINT('',(0.1355,0.157772582812174,0.241810698546454));
#2893=CARTESIAN_POINT('',(0.1415,0.170086085684133,0.246325748029132));
#2894=CARTESIAN_POINT('',(0.1355,0.170086085684133,0.246325748029132));
#2895=CARTESIAN_POINT('',(0.1415,0.183037663230485,0.250946626749607));
#2896=CARTESIAN_POINT('',(0.1355,0.183037663230485,0.250946626749607));
#2897=CARTESIAN_POINT('',(0.1415,0.196379859695482,0.255552886825929));
#2898=CARTESIAN_POINT('',(0.1355,0.196379859695482,0.255552886825929));
#2899=CARTESIAN_POINT('',(0.1415,0.209921633881767,0.26005261670399));
#2900=CARTESIAN_POINT('',(0.1355,0.209921633881767,0.26005261670399));
#2901=CARTESIAN_POINT('',(0.1415,0.223455913160232,0.264345768738835));
#2902=CARTESIAN_POINT('',(0.1355,0.223455913160232,0.264345768738835));
#2903=CARTESIAN_POINT('',(0.1415,0.236783336070377,0.26833630332106));
#2904=CARTESIAN_POINT('',(0.1355,0.236783336070377,0.26833630332106));
#2905=CARTESIAN_POINT('',(0.1415,0.249689727909026,0.271920284789896));
#2906=CARTESIAN_POINT('',(0.1355,0.249689727909026,0.271920284789896));
#2907=CARTESIAN_POINT('',(0.1415,0.262270394435268,0.275159387835451));
#2908=CARTESIAN_POINT('',(0.1355,0.262270394435268,0.275159387835451));
#2909=CARTESIAN_POINT('',(0.1415,0.278760938107002,0.279113179240508));
#2910=CARTESIAN_POINT('',(0.1355,0.278760938107002,0.279113179240508));
#2911=CARTESIAN_POINT('',(0.1415,0.299105872006153,0.283538858384585));
#2912=CARTESIAN_POINT('',(0.1355,0.299105872006153,0.283538858384585));
#2913=CARTESIAN_POINT('',(0.1415,0.323991531349489,0.288590357243622));
#2914=CARTESIAN_POINT('',(0.1355,0.323991531349489,0.288590357243622));
#2915=CARTESIAN_POINT('',(0.1415,0.348959185575627,0.293030204073211));
#2916=CARTESIAN_POINT('',(0.1355,0.348959185575627,0.293030204073211));
#2917=CARTESIAN_POINT('',(0.1415,0.37357644428648,0.296372458408196));
#2918=CARTESIAN_POINT('',(0.1355,0.37357644428648,0.296372458408196));
#2919=CARTESIAN_POINT('',(0.1415,0.393464473818978,0.298258644783553));
#2920=CARTESIAN_POINT('',(0.1355,0.393464473818978,0.298258644783553));
#2921=CARTESIAN_POINT('',(0.1415,0.408825843958835,0.299482269646808));
#2922=CARTESIAN_POINT('',(0.1355,0.408825843958835,0.299482269646808));
#2923=CARTESIAN_POINT('',(0.1415,0.423719672787559,0.300585527678872));
#2924=CARTESIAN_POINT('',(0.1355,0.423719672787559,0.300585527678872));
#2925=CARTESIAN_POINT('',(0.1415,0.441688199867605,0.301797687986093));
#2926=CARTESIAN_POINT('',(0.1355,0.441688199867605,0.301797687986093));
#2927=CARTESIAN_POINT('',(0.1415,0.464669211511478,0.302758425520755));
#2928=CARTESIAN_POINT('',(0.1355,0.464669211511478,0.302758425520755));
#2929=CARTESIAN_POINT('',(0.1415,0.491455073305467,0.303027043981824));
#2930=CARTESIAN_POINT('',(0.1355,0.491455073305467,0.303027043981824));
#2931=CARTESIAN_POINT('',(0.1415,0.520647651303309,0.302491138094854));
#2932=CARTESIAN_POINT('',(0.1355,0.520647651303309,0.302491138094854));
#2933=CARTESIAN_POINT('',(0.1415,0.55071844926042,0.301034218300164));
#2934=CARTESIAN_POINT('',(0.1355,0.55071844926042,0.301034218300164));
#2935=CARTESIAN_POINT('',(0.1415,0.580390536784336,0.298569045680049));
#2936=CARTESIAN_POINT('',(0.1355,0.580390536784336,0.298569045680049));
#2937=CARTESIAN_POINT('',(0.1415,0.604516965889388,0.295698471168298));
#2938=CARTESIAN_POINT('',(0.1355,0.604516965889388,0.295698471168298));
#2939=CARTESIAN_POINT('',(0.1415,0.623223218945047,0.292925344143831));
#2940=CARTESIAN_POINT('',(0.1355,0.623223218945047,0.292925344143831));
#2941=CARTESIAN_POINT('',(0.1415,0.636932155439127,0.290597033219474));
#2942=CARTESIAN_POINT('',(0.1355,0.636932155439127,0.290597033219474));
#2943=CARTESIAN_POINT('',(0.1415,0.650037423019446,0.288131576463849));
#2944=CARTESIAN_POINT('',(0.1355,0.650037423019446,0.288131576463849));
#2945=CARTESIAN_POINT('',(0.1415,0.666222741018383,0.284860440196336));
#2946=CARTESIAN_POINT('',(0.1355,0.666222741018383,0.284860440196336));
#2947=CARTESIAN_POINT('',(0.1415,0.679754562877889,0.2819120133795));
#2948=CARTESIAN_POINT('',(0.1355,0.679754562877889,0.2819120133795));
#2949=CARTESIAN_POINT('',(0.1415,0.689321858850915,0.279812317490705));
#2950=CARTESIAN_POINT('',(0.1355,0.689321858850915,0.279812317490705));
#2951=CARTESIAN_POINT('',(0.1415,0.694153656737357,0.27854602852031));
#2952=CARTESIAN_POINT('',(0.1355,0.694153656737357,0.27854602852031));
#2953=CARTESIAN_POINT('',(0.1415,0.697593498981228,0.277398030753783));
#2954=CARTESIAN_POINT('',(0.1355,0.697593498981228,0.277398030753783));
#2955=CARTESIAN_POINT('',(0.1415,0.700835865447173,0.276104036929442));
#2956=CARTESIAN_POINT('',(0.1355,0.700835865447173,0.276104036929442));
#2957=CARTESIAN_POINT('',(0.1415,0.703659253533169,0.27456095548763));
#2958=CARTESIAN_POINT('',(0.1355,0.703659253533169,0.27456095548763));
#2959=CARTESIAN_POINT('',(0.1415,0.705806755535249,0.272699823663142));
#2960=CARTESIAN_POINT('',(0.1355,0.705806755535249,0.272699823663142));
#2961=CARTESIAN_POINT('',(0.1415,0.707482302079508,0.270615474841876));
#2962=CARTESIAN_POINT('',(0.1355,0.707482302079508,0.270615474841876));
#2963=CARTESIAN_POINT('',(0.1415,0.709045810398632,0.267632217020683));
#2964=CARTESIAN_POINT('',(0.1355,0.709045810398632,0.267632217020683));
#2965=CARTESIAN_POINT('',(0.1415,0.710570205554174,0.264233355925621));
#2966=CARTESIAN_POINT('',(0.1355,0.710570205554174,0.264233355925621));
#2967=CARTESIAN_POINT('',(0.1415,0.711322582140769,0.26133560180981));
#2968=CARTESIAN_POINT('',(0.1355,0.711322582140769,0.26133560180981));
#2969=CARTESIAN_POINT('',(0.1415,0.711615061159063,0.258337656004387));
#2970=CARTESIAN_POINT('',(0.1355,0.711615061159063,0.258337656004387));
#2971=CARTESIAN_POINT('',(0.1415,0.711151451973357,0.254503015200414));
#2972=CARTESIAN_POINT('',(0.1355,0.711151451973357,0.254503015200414));
#2973=CARTESIAN_POINT('',(0.1415,0.7098066476246,0.250168299124939));
#2974=CARTESIAN_POINT('',(0.1355,0.7098066476246,0.250168299124939));
#2975=CARTESIAN_POINT('',(0.1415,0.707792698261177,0.246420623572891));
#2976=CARTESIAN_POINT('',(0.1355,0.707792698261177,0.246420623572891));
#2977=CARTESIAN_POINT('',(0.1415,0.705445485283045,0.244045347021031));
#2978=CARTESIAN_POINT('',(0.1355,0.705445485283045,0.244045347021031));
#2979=CARTESIAN_POINT('',(0.1415,0.703272431958464,0.242385615185266));
#2980=CARTESIAN_POINT('',(0.1355,0.703272431958464,0.242385615185266));
#2981=CARTESIAN_POINT('',(0.1415,0.700944822744371,0.240783121986314));
#2982=CARTESIAN_POINT('',(0.1355,0.700944822744371,0.240783121986314));
#2983=CARTESIAN_POINT('',(0.1415,0.69837650500747,0.239370494807443));
#2984=CARTESIAN_POINT('',(0.1355,0.69837650500747,0.239370494807443));
#2985=CARTESIAN_POINT('',(0.1415,0.695469706509383,0.238553618632117));
#2986=CARTESIAN_POINT('',(0.1355,0.695469706509383,0.238553618632117));
#2987=CARTESIAN_POINT('',(0.1415,0.692369594466008,0.238197953461052));
#2988=CARTESIAN_POINT('',(0.1355,0.692369594466008,0.238197953461052));
#2989=CARTESIAN_POINT('',(0.1415,0.689280509827623,0.238349240162623));
#2990=CARTESIAN_POINT('',(0.1355,0.689280509827623,0.238349240162623));
#2991=CARTESIAN_POINT('',(0.1415,0.686817978584106,0.238697091437902));
#2992=CARTESIAN_POINT('',(0.1355,0.686817978584106,0.238697091437902));
#2993=CARTESIAN_POINT('',(0.1415,0.685075166162469,0.239036319352366));
#2994=CARTESIAN_POINT('',(0.1355,0.685075166162469,0.239036319352366));
#2995=CARTESIAN_POINT('',(0.1415,0.683144852747078,0.239450482831337));
#2996=CARTESIAN_POINT('',(0.1355,0.683144852747078,0.239450482831337));
#2997=CARTESIAN_POINT('',(0.1415,0.680721359893034,0.239932153301236));
#2998=CARTESIAN_POINT('',(0.1355,0.680721359893034,0.239932153301236));
#2999=CARTESIAN_POINT('',(0.1415,0.677820637723579,0.240472318927318));
#3000=CARTESIAN_POINT('',(0.1355,0.677820637723579,0.240472318927318));
#3001=CARTESIAN_POINT('',(0.1415,0.673437082997506,0.241257272735712));
#3002=CARTESIAN_POINT('',(0.1355,0.673437082997506,0.241257272735712));
#3003=CARTESIAN_POINT('',(0.1415,0.667155437798696,0.242335803807629));
#3004=CARTESIAN_POINT('',(0.1355,0.667155437798696,0.242335803807629));
#3005=CARTESIAN_POINT('',(0.1415,0.658987365147191,0.243706885287421));
#3006=CARTESIAN_POINT('',(0.1355,0.658987365147191,0.243706885287421));
#3007=CARTESIAN_POINT('',(0.1415,0.647414027412819,0.245540809884381));
#3008=CARTESIAN_POINT('',(0.1355,0.647414027412819,0.245540809884381));
#3009=CARTESIAN_POINT('',(0.1415,0.63162836470842,0.247643789971692));
#3010=CARTESIAN_POINT('',(0.1355,0.63162836470842,0.247643789971692));
#3011=CARTESIAN_POINT('',(0.1415,0.610814753477056,0.249359998882327));
#3012=CARTESIAN_POINT('',(0.1355,0.610814753477056,0.249359998882327));
#3013=CARTESIAN_POINT('',(0.1415,0.589386909612451,0.250504918777181));
#3014=CARTESIAN_POINT('',(0.1355,0.589386909612451,0.250504918777181));
#3015=CARTESIAN_POINT('',(0.1415,0.568250102874883,0.25121546415813));
#3016=CARTESIAN_POINT('',(0.1355,0.568250102874883,0.25121546415813));
#3017=CARTESIAN_POINT('',(0.1415,0.545560223853879,0.251261749411529));
#3018=CARTESIAN_POINT('',(0.1355,0.545560223853879,0.251261749411529));
#3019=CARTESIAN_POINT('',(0.1415,0.523783653147714,0.250559243813558));
#3020=CARTESIAN_POINT('',(0.1355,0.523783653147714,0.250559243813558));
#3021=CARTESIAN_POINT('',(0.1415,0.505882731288854,0.249596587958179));
#3022=CARTESIAN_POINT('',(0.1355,0.505882731288854,0.249596587958179));
#3023=CARTESIAN_POINT('',(0.1415,0.492587165833531,0.248689489555055));
#3024=CARTESIAN_POINT('',(0.1355,0.492587165833531,0.248689489555055));
#3025=CARTESIAN_POINT('',(0.1415,0.479746444966169,0.247610024765681));
#3026=CARTESIAN_POINT('',(0.1355,0.479746444966169,0.247610024765681));
#3027=CARTESIAN_POINT('',(0.1415,0.467758771648649,0.246373062001683));
#3028=CARTESIAN_POINT('',(0.1355,0.467758771648649,0.246373062001683));
#3029=CARTESIAN_POINT('',(0.1415,0.45652305260707,0.244981082708118));
#3030=CARTESIAN_POINT('',(0.1355,0.45652305260707,0.244981082708118));
#3031=CARTESIAN_POINT('',(0.1415,0.442236873732219,0.242915546717072));
#3032=CARTESIAN_POINT('',(0.1355,0.442236873732219,0.242915546717072));
#3033=CARTESIAN_POINT('',(0.1415,0.425136825700978,0.239948919736767));
#3034=CARTESIAN_POINT('',(0.1355,0.425136825700978,0.239948919736767));
#3035=CARTESIAN_POINT('',(0.1415,0.404369117644785,0.235722098330353));
#3036=CARTESIAN_POINT('',(0.1355,0.404369117644785,0.235722098330353));
#3037=CARTESIAN_POINT('',(0.1415,0.382672625722229,0.230537555694817));
#3038=CARTESIAN_POINT('',(0.1355,0.382672625722229,0.230537555694817));
#3039=CARTESIAN_POINT('',(0.1415,0.35948437837243,0.224209393020328));
#3040=CARTESIAN_POINT('',(0.1355,0.35948437837243,0.224209393020328));
#3041=CARTESIAN_POINT('',(0.1415,0.340131427886818,0.218382275772142));
#3042=CARTESIAN_POINT('',(0.1355,0.340131427886818,0.218382275772142));
#3043=CARTESIAN_POINT('',(0.1415,0.325332475456475,0.213624230557675));
#3044=CARTESIAN_POINT('',(0.1355,0.325332475456475,0.213624230557675));
#3045=CARTESIAN_POINT('',(0.1415,0.310996947752847,0.208790369288423));
#3046=CARTESIAN_POINT('',(0.1355,0.310996947752847,0.208790369288423));
#3047=CARTESIAN_POINT('',(0.1415,0.293581304990135,0.20243159690827));
#3048=CARTESIAN_POINT('',(0.1355,0.293581304990135,0.20243159690827));
#3049=CARTESIAN_POINT('',(0.1415,0.272421457315525,0.193794101116918));
#3050=CARTESIAN_POINT('',(0.1355,0.272421457315525,0.193794101116918));
#3051=CARTESIAN_POINT('',(0.1415,0.254089125501473,0.185448618081432));
#3052=CARTESIAN_POINT('',(0.1355,0.254089125501473,0.185448618081432));
#3053=CARTESIAN_POINT('',(0.1415,0.238919947795748,0.1779633766387));
#3054=CARTESIAN_POINT('',(0.1355,0.238919947795748,0.1779633766387));
#3055=CARTESIAN_POINT('',(0.1415,0.227219084029968,0.171885608056241));
#3056=CARTESIAN_POINT('',(0.1355,0.227219084029968,0.171885608056241));
#3057=CARTESIAN_POINT('',(0.1415,0.215323630466624,0.165420693179318));
#3058=CARTESIAN_POINT('',(0.1355,0.215323630466624,0.165420693179318));
#3059=CARTESIAN_POINT('',(0.1415,0.203678812291401,0.158864048821959));
#3060=CARTESIAN_POINT('',(0.1355,0.203678812291401,0.158864048821959));
#3061=CARTESIAN_POINT('',(0.1415,0.192671108400025,0.152470335937718));
#3062=CARTESIAN_POINT('',(0.1355,0.192671108400025,0.152470335937718));
#3063=CARTESIAN_POINT('',(0.1415,0.184364040003502,0.147499285980033));
#3064=CARTESIAN_POINT('',(0.1355,0.184364040003502,0.147499285980033));
#3065=CARTESIAN_POINT('',(0.1415,0.178437165832937,0.143868090125883));
#3066=CARTESIAN_POINT('',(0.1355,0.178437165832937,0.143868090125883));
#3067=CARTESIAN_POINT('',(0.1415,0.17305532300605,0.140510857435452));
#3068=CARTESIAN_POINT('',(0.1355,0.17305532300605,0.140510857435452));
#3069=CARTESIAN_POINT('',(0.1415,0.16704996994462,0.136671236241611));
#3070=CARTESIAN_POINT('',(0.1355,0.16704996994462,0.136671236241611));
#3071=CARTESIAN_POINT('',(0.1415,0.160043683073439,0.132135942027945));
#3072=CARTESIAN_POINT('',(0.1355,0.160043683073439,0.132135942027945));
#3073=CARTESIAN_POINT('',(0.1415,0.154869217159995,0.128827819532731));
#3074=CARTESIAN_POINT('',(0.1355,0.154869217159995,0.128827819532731));
#3075=CARTESIAN_POINT('',(0.1415,0.151996850967407,0.127019435167313));
#3076=CARTESIAN_POINT('',(0.1355,0.151996850967407,0.127019435167313));
#3077=CARTESIAN_POINT('',(0.1355,-0.0521843062235077,0.126934409345928));
#3078=CARTESIAN_POINT('',(0.1355,-0.040058654709772,0.13579013638147));
#3079=CARTESIAN_POINT('',(0.1355,-0.0132425493144969,0.155357730202407));
#3080=CARTESIAN_POINT('',(0.1355,0.0457969048572194,0.190911899232405));
#3081=CARTESIAN_POINT('',(0.1355,0.10907597803459,0.222999065526238));
#3082=CARTESIAN_POINT('',(0.1355,0.164815830942764,0.244930521095182));
#3083=CARTESIAN_POINT('',(0.1355,0.237561351082254,0.269812291521315));
#3084=CARTESIAN_POINT('',(0.1355,0.299205012013265,0.283861621647659));
#3085=CARTESIAN_POINT('',(0.1355,0.360456737607127,0.295649425847953));
#3086=CARTESIAN_POINT('',(0.1355,0.416154934680398,0.300142460268866));
#3087=CARTESIAN_POINT('',(0.1355,0.466498426237848,0.303476083130498));
#3088=CARTESIAN_POINT('',(0.1355,0.545342964193953,0.302534647657084));
#3089=CARTESIAN_POINT('',(0.1355,0.623562585147048,0.294132570767412));
#3090=CARTESIAN_POINT('',(0.1355,0.679224532307029,0.282030382507351));
#3091=CARTESIAN_POINT('',(0.1355,0.696743385253317,0.278195381608282));
#3092=CARTESIAN_POINT('',(0.1355,0.705721712848401,0.273733633906113));
#3093=CARTESIAN_POINT('',(0.1355,0.708995857361176,0.267898647649516));
#3094=CARTESIAN_POINT('',(0.1355,0.71210395248955,0.260769623457563));
#3095=CARTESIAN_POINT('',(0.1355,0.710931834719936,0.252705497414675));
#3096=CARTESIAN_POINT('',(0.1355,0.707902536070306,0.246032575178172));
#3097=CARTESIAN_POINT('',(0.1355,0.702794669263466,0.241859969019761));
#3098=CARTESIAN_POINT('',(0.1355,0.696396202604303,0.23804211760255));
#3099=CARTESIAN_POINT('',(0.1355,0.688102022060971,0.238305511667719));
#3100=CARTESIAN_POINT('',(0.1355,0.682335947720242,0.239716830573061));
#3101=CARTESIAN_POINT('',(0.1355,0.663793202848902,0.242946011166926));
#3102=CARTESIAN_POINT('',(0.1355,0.633322329724855,0.247896945764592));
#3103=CARTESIAN_POINT('',(0.1355,0.590283978144705,0.250697750447293));
#3104=CARTESIAN_POINT('',(0.1355,0.543285169474976,0.251848741083496));
#3105=CARTESIAN_POINT('',(0.1355,0.476911232441504,0.248185368177156));
#3106=CARTESIAN_POINT('',(0.1355,0.430093823652362,0.241235248929468));
#3107=CARTESIAN_POINT('',(0.1355,0.384653273639728,0.231548807113629));
#3108=CARTESIAN_POINT('',(0.1355,0.331243450292653,0.216058561760909));
#3109=CARTESIAN_POINT('',(0.1355,0.284004288246907,0.199308145255466));
#3110=CARTESIAN_POINT('',(0.1355,0.232559891880779,0.175818346767011));
#3111=CARTESIAN_POINT('',(0.1355,0.177783896571994,0.143995061023582));
#3112=CARTESIAN_POINT('',(0.1355,0.162058025734442,0.133353749779913));
#3113=CARTESIAN_POINT('',(0.1355,0.151996850967407,0.127019435167313));
#3114=CARTESIAN_POINT('',(0.1355,0.151996850967407,0.127019435167313));
#3115=CARTESIAN_POINT('',(0.1415,-0.0521843062235077,0.126934409345928));
#3116=CARTESIAN_POINT('',(0.1415,-0.040058654709772,0.13579013638147));
#3117=CARTESIAN_POINT('',(0.1415,-0.0132425493144969,0.155357730202407));
#3118=CARTESIAN_POINT('',(0.1415,0.0457969048572194,0.190911899232405));
#3119=CARTESIAN_POINT('',(0.1415,0.10907597803459,0.222999065526238));
#3120=CARTESIAN_POINT('',(0.1415,0.164815830942764,0.244930521095182));
#3121=CARTESIAN_POINT('',(0.1415,0.237561351082254,0.269812291521315));
#3122=CARTESIAN_POINT('',(0.1415,0.299205012013265,0.283861621647659));
#3123=CARTESIAN_POINT('',(0.1415,0.360456737607127,0.295649425847953));
#3124=CARTESIAN_POINT('',(0.1415,0.416154934680398,0.300142460268866));
#3125=CARTESIAN_POINT('',(0.1415,0.466498426237848,0.303476083130498));
#3126=CARTESIAN_POINT('',(0.1415,0.545342964193953,0.302534647657084));
#3127=CARTESIAN_POINT('',(0.1415,0.623562585147048,0.294132570767412));
#3128=CARTESIAN_POINT('',(0.1415,0.679224532307029,0.282030382507351));
#3129=CARTESIAN_POINT('',(0.1415,0.696743385253317,0.278195381608282));
#3130=CARTESIAN_POINT('',(0.1415,0.705721712848401,0.273733633906113));
#3131=CARTESIAN_POINT('',(0.1415,0.708995857361176,0.267898647649516));
#3132=CARTESIAN_POINT('',(0.1415,0.71210395248955,0.260769623457563));
#3133=CARTESIAN_POINT('',(0.1415,0.710931834719936,0.252705497414675));
#3134=CARTESIAN_POINT('',(0.1415,0.707902536070306,0.246032575178172));
#3135=CARTESIAN_POINT('',(0.1415,0.702794669263466,0.241859969019761));
#3136=CARTESIAN_POINT('',(0.1415,0.696396202604303,0.23804211760255));
#3137=CARTESIAN_POINT('',(0.1415,0.688102022060971,0.238305511667719));
#3138=CARTESIAN_POINT('',(0.1415,0.682335947720242,0.239716830573061));
#3139=CARTESIAN_POINT('',(0.1415,0.663793202848902,0.242946011166926));
#3140=CARTESIAN_POINT('',(0.1415,0.633322329724855,0.247896945764592));
#3141=CARTESIAN_POINT('',(0.1415,0.590283978144705,0.250697750447293));
#3142=CARTESIAN_POINT('',(0.1415,0.543285169474976,0.251848741083496));
#3143=CARTESIAN_POINT('',(0.1415,0.476911232441504,0.248185368177156));
#3144=CARTESIAN_POINT('',(0.1415,0.430093823652362,0.241235248929468));
#3145=CARTESIAN_POINT('',(0.1415,0.384653273639728,0.231548807113629));
#3146=CARTESIAN_POINT('',(0.1415,0.331243450292653,0.216058561760909));
#3147=CARTESIAN_POINT('',(0.1415,0.284004288246907,0.199308145255466));
#3148=CARTESIAN_POINT('',(0.1415,0.232559891880779,0.175818346767011));
#3149=CARTESIAN_POINT('',(0.1415,0.177783896571994,0.143995061023582));
#3150=CARTESIAN_POINT('',(0.1415,0.162058025734442,0.133353749779913));
#3151=CARTESIAN_POINT('',(0.1415,0.151996850967407,0.127019435167313));
#3152=CARTESIAN_POINT('',(0.1415,0.151996850967407,0.127019435167313));
#3153=CARTESIAN_POINT('',(0.1415,0.151996850967407,0.127019435167313));
#3154=CARTESIAN_POINT('',(0.1415,-0.027991209179163,0.130083844065666));
#3155=CARTESIAN_POINT('',(0.1355,-0.027991209179163,0.130083844065666));
#3156=CARTESIAN_POINT('',(0.1415,-0.0233313394568406,0.136367264830182));
#3157=CARTESIAN_POINT('',(0.1355,-0.0233313394568406,0.136367264830182));
#3158=CARTESIAN_POINT('',(0.1415,0.0076460330995212,0.153318548679024));
#3159=CARTESIAN_POINT('',(0.1355,0.0076460330995212,0.153318548679024));
#3160=CARTESIAN_POINT('',(0.1415,0.0510555412125209,0.178849006867393));
#3161=CARTESIAN_POINT('',(0.1355,0.0510555412125209,0.178849006867393));
#3162=CARTESIAN_POINT('',(0.1415,0.0542580310250036,0.181075060141467));
#3163=CARTESIAN_POINT('',(0.1355,0.0542580310250036,0.181075060141467));
#3164=CARTESIAN_POINT('',(0.1415,0.05742080246304,0.18074388552993));
#3165=CARTESIAN_POINT('',(0.1355,0.05742080246304,0.18074388552993));
#3166=CARTESIAN_POINT('',(0.1415,0.126290991051953,0.143328762935273));
#3167=CARTESIAN_POINT('',(0.1355,0.126290991051953,0.143328762935273));
#3168=CARTESIAN_POINT('',(0.1415,0.126400484403263,0.14269186838139));
#3169=CARTESIAN_POINT('',(0.1355,0.126400484403263,0.14269186838139));
#3170=CARTESIAN_POINT('',(0.1415,0.128891147930479,0.136417912813188));
#3171=CARTESIAN_POINT('',(0.1355,0.128891147930479,0.136417912813188));
#3172=CARTESIAN_POINT('',(0.1415,0.124156926077247,0.133264314634374));
#3173=CARTESIAN_POINT('',(0.1355,0.124156926077247,0.133264314634374));
#3174=CARTESIAN_POINT('',(0.1415,0.123521550906841,0.135424010078094));
#3175=CARTESIAN_POINT('',(0.1355,0.123521550906841,0.135424010078094));
#3176=CARTESIAN_POINT('',(0.1415,-0.0237636975876825,0.121421477732998));
#3177=CARTESIAN_POINT('',(0.1355,-0.0237636975876825,0.121421477732998));
#3178=CARTESIAN_POINT('',(0.1415,-0.023849061540781,0.120965944816688));
#3179=CARTESIAN_POINT('',(0.1355,-0.023849061540781,0.120965944816688));
#3180=CARTESIAN_POINT('',(0.1415,-0.0303335059464553,0.123718565992446));
#3181=CARTESIAN_POINT('',(0.1355,-0.0303335059464553,0.123718565992446));
#3182=CARTESIAN_POINT('',(0.1415,-0.0297299099806058,0.127739360341855));
#3183=CARTESIAN_POINT('',(0.1355,-0.0297299099806058,0.127739360341855));
#3184=CARTESIAN_POINT('',(0.1415,-0.027991209179163,0.130083844065666));
#3185=CARTESIAN_POINT('',(0.1355,-0.027991209179163,0.130083844065666));
#3186=CARTESIAN_POINT('',(0.1415,-0.027991209179163,0.130083844065666));
#3187=CARTESIAN_POINT('',(0.1415,-0.0233313394568406,0.136367264830182));
#3188=CARTESIAN_POINT('',(0.1415,0.0076460330995212,0.153318548679024));
#3189=CARTESIAN_POINT('',(0.1415,0.0510555412125209,0.178849006867393));
#3190=CARTESIAN_POINT('',(0.1415,0.0542580310250036,0.181075060141467));
#3191=CARTESIAN_POINT('',(0.1415,0.05742080246304,0.18074388552993));
#3192=CARTESIAN_POINT('',(0.1415,0.126290991051953,0.143328762935273));
#3193=CARTESIAN_POINT('',(0.1415,0.126400484403263,0.14269186838139));
#3194=CARTESIAN_POINT('',(0.1415,0.128891147930479,0.136417912813188));
#3195=CARTESIAN_POINT('',(0.1415,0.124156926077247,0.133264314634374));
#3196=CARTESIAN_POINT('',(0.1415,0.123521550906841,0.135424010078094));
#3197=CARTESIAN_POINT('',(0.1415,-0.0237636975876825,0.121421477732998));
#3198=CARTESIAN_POINT('',(0.1415,-0.023849061540781,0.120965944816688));
#3199=CARTESIAN_POINT('',(0.1415,-0.0303335059464553,0.123718565992446));
#3200=CARTESIAN_POINT('',(0.1415,-0.0297299099806058,0.127739360341855));
#3201=CARTESIAN_POINT('',(0.1415,-0.027991209179163,0.130083844065666));
#3202=CARTESIAN_POINT('',(0.1415,-0.027991209179163,0.130083844065666));
#3203=CARTESIAN_POINT('',(0.1355,-0.027991209179163,0.130083844065666));
#3204=CARTESIAN_POINT('',(0.1355,-0.0233313394568406,0.136367264830182));
#3205=CARTESIAN_POINT('',(0.1355,0.0076460330995212,0.153318548679024));
#3206=CARTESIAN_POINT('',(0.1355,0.0510555412125209,0.178849006867393));
#3207=CARTESIAN_POINT('',(0.1355,0.0542580310250036,0.181075060141467));
#3208=CARTESIAN_POINT('',(0.1355,0.05742080246304,0.18074388552993));
#3209=CARTESIAN_POINT('',(0.1355,0.126290991051953,0.143328762935273));
#3210=CARTESIAN_POINT('',(0.1355,0.126400484403263,0.14269186838139));
#3211=CARTESIAN_POINT('',(0.1355,0.128891147930479,0.136417912813188));
#3212=CARTESIAN_POINT('',(0.1355,0.124156926077247,0.133264314634374));
#3213=CARTESIAN_POINT('',(0.1355,0.123521550906841,0.135424010078094));
#3214=CARTESIAN_POINT('',(0.1355,-0.0237636975876825,0.121421477732998));
#3215=CARTESIAN_POINT('',(0.1355,-0.023849061540781,0.120965944816688));
#3216=CARTESIAN_POINT('',(0.1355,-0.0303335059464553,0.123718565992446));
#3217=CARTESIAN_POINT('',(0.1355,-0.0297299099806058,0.127739360341855));
#3218=CARTESIAN_POINT('',(0.1355,-0.027991209179163,0.130083844065666));
#3219=CARTESIAN_POINT('',(0.1355,-0.027991209179163,0.130083844065666));
#3220=CARTESIAN_POINT('',(0.1415,0.138160496950149,0.147963017225265));
#3221=CARTESIAN_POINT('',(0.1355,0.138160496950149,0.147963017225265));
#3222=CARTESIAN_POINT('',(0.1415,0.129329304342658,0.152912983619078));
#3223=CARTESIAN_POINT('',(0.1355,0.129329304342658,0.152912983619078));
#3224=CARTESIAN_POINT('',(0.1415,0.0731998162795991,0.182774734997126));
#3225=CARTESIAN_POINT('',(0.1355,0.0731998162795991,0.182774734997126));
#3226=CARTESIAN_POINT('',(0.1415,0.0728489786062394,0.182937418071151));
#3227=CARTESIAN_POINT('',(0.1355,0.0728489786062394,0.182937418071151));
#3228=CARTESIAN_POINT('',(0.1415,0.0712701062452901,0.190843180431871));
#3229=CARTESIAN_POINT('',(0.1355,0.0712701062452901,0.190843180431871));
#3230=CARTESIAN_POINT('',(0.1415,0.075889860890474,0.190854270004657));
#3231=CARTESIAN_POINT('',(0.1355,0.075889860890474,0.190854270004657));
#3232=CARTESIAN_POINT('',(0.1415,0.125513622040558,0.216943295992092));
#3233=CARTESIAN_POINT('',(0.1355,0.125513622040558,0.216943295992092));
#3234=CARTESIAN_POINT('',(0.1415,0.16845516420478,0.232807637213491));
#3235=CARTESIAN_POINT('',(0.1355,0.16845516420478,0.232807637213491));
#3236=CARTESIAN_POINT('',(0.1415,0.172509842096571,0.234785794104128));
#3237=CARTESIAN_POINT('',(0.1355,0.172509842096571,0.234785794104128));
#3238=CARTESIAN_POINT('',(0.1415,0.176511785141703,0.231840988308136));
#3239=CARTESIAN_POINT('',(0.1355,0.176511785141703,0.231840988308136));
#3240=CARTESIAN_POINT('',(0.1415,0.177311222087402,0.226551623308825));
#3241=CARTESIAN_POINT('',(0.1355,0.177311222087402,0.226551623308825));
#3242=CARTESIAN_POINT('',(0.1415,0.161268957280156,0.188799859030727));
#3243=CARTESIAN_POINT('',(0.1355,0.161268957280156,0.188799859030727));
#3244=CARTESIAN_POINT('',(0.1415,0.145834122320966,0.153959698540438));
#3245=CARTESIAN_POINT('',(0.1355,0.145834122320966,0.153959698540438));
#3246=CARTESIAN_POINT('',(0.1415,0.146544594655304,0.149397980282847));
#3247=CARTESIAN_POINT('',(0.1355,0.146544594655304,0.149397980282847));
#3248=CARTESIAN_POINT('',(0.1415,0.140323250924048,0.146619935740332));
#3249=CARTESIAN_POINT('',(0.1355,0.140323250924048,0.146619935740332));
#3250=CARTESIAN_POINT('',(0.1415,0.139939806132125,0.146965697718554));
#3251=CARTESIAN_POINT('',(0.1355,0.139939806132125,0.146965697718554));
#3252=CARTESIAN_POINT('',(0.1415,0.138160496950149,0.147963017225265));
#3253=CARTESIAN_POINT('',(0.1355,0.138160496950149,0.147963017225265));
#3254=CARTESIAN_POINT('',(0.1415,0.138160496950149,0.147963017225265));
#3255=CARTESIAN_POINT('',(0.1415,0.129329304342658,0.152912983619078));
#3256=CARTESIAN_POINT('',(0.1415,0.0731998162795991,0.182774734997126));
#3257=CARTESIAN_POINT('',(0.1415,0.0728489786062394,0.182937418071151));
#3258=CARTESIAN_POINT('',(0.1415,0.0712701062452901,0.190843180431871));
#3259=CARTESIAN_POINT('',(0.1415,0.075889860890474,0.190854270004657));
#3260=CARTESIAN_POINT('',(0.1415,0.125513622040558,0.216943295992092));
#3261=CARTESIAN_POINT('',(0.1415,0.16845516420478,0.232807637213491));
#3262=CARTESIAN_POINT('',(0.1415,0.172509842096571,0.234785794104128));
#3263=CARTESIAN_POINT('',(0.1415,0.176511785141703,0.231840988308136));
#3264=CARTESIAN_POINT('',(0.1415,0.177311222087402,0.226551623308825));
#3265=CARTESIAN_POINT('',(0.1415,0.161268957280156,0.188799859030727));
#3266=CARTESIAN_POINT('',(0.1415,0.145834122320966,0.153959698540438));
#3267=CARTESIAN_POINT('',(0.1415,0.146544594655304,0.149397980282847));
#3268=CARTESIAN_POINT('',(0.1415,0.140323250924048,0.146619935740332));
#3269=CARTESIAN_POINT('',(0.1415,0.139939806132125,0.146965697718554));
#3270=CARTESIAN_POINT('',(0.1415,0.138160496950149,0.147963017225265));
#3271=CARTESIAN_POINT('',(0.1415,0.138160496950149,0.147963017225265));
#3272=CARTESIAN_POINT('',(0.1355,0.138160496950149,0.147963017225265));
#3273=CARTESIAN_POINT('',(0.1355,0.129329304342658,0.152912983619078));
#3274=CARTESIAN_POINT('',(0.1355,0.0731998162795991,0.182774734997126));
#3275=CARTESIAN_POINT('',(0.1355,0.0728489786062394,0.182937418071151));
#3276=CARTESIAN_POINT('',(0.1355,0.0712701062452901,0.190843180431871));
#3277=CARTESIAN_POINT('',(0.1355,0.075889860890474,0.190854270004657));
#3278=CARTESIAN_POINT('',(0.1355,0.125513622040558,0.216943295992092));
#3279=CARTESIAN_POINT('',(0.1355,0.16845516420478,0.232807637213491));
#3280=CARTESIAN_POINT('',(0.1355,0.172509842096571,0.234785794104128));
#3281=CARTESIAN_POINT('',(0.1355,0.176511785141703,0.231840988308136));
#3282=CARTESIAN_POINT('',(0.1355,0.177311222087402,0.226551623308825));
#3283=CARTESIAN_POINT('',(0.1355,0.161268957280156,0.188799859030727));
#3284=CARTESIAN_POINT('',(0.1355,0.145834122320966,0.153959698540438));
#3285=CARTESIAN_POINT('',(0.1355,0.146544594655304,0.149397980282847));
#3286=CARTESIAN_POINT('',(0.1355,0.140323250924048,0.146619935740332));
#3287=CARTESIAN_POINT('',(0.1355,0.139939806132125,0.146965697718554));
#3288=CARTESIAN_POINT('',(0.1355,0.138160496950149,0.147963017225265));
#3289=CARTESIAN_POINT('',(0.1355,0.138160496950149,0.147963017225265));
#3290=CARTESIAN_POINT('',(0.1415,0.167182236909866,0.162226870656013));
#3291=CARTESIAN_POINT('',(0.135500000000001,0.167182236909866,0.162226870656013));
#3292=CARTESIAN_POINT('',(0.1415,0.168922696259996,0.169233626577599));
#3293=CARTESIAN_POINT('',(0.135500000000001,0.168922696259996,0.169233626577599));
#3294=CARTESIAN_POINT('',(0.1415,0.18160650475872,0.196569038613448));
#3295=CARTESIAN_POINT('',(0.135500000000001,0.18160650475872,0.196569038613448));
#3296=CARTESIAN_POINT('',(0.1415,0.192356550644488,0.222918283582256));
#3297=CARTESIAN_POINT('',(0.135500000000001,0.192356550644488,0.222918283582256));
#3298=CARTESIAN_POINT('',(0.1415,0.193613153056608,0.227547473012594));
#3299=CARTESIAN_POINT('',(0.135500000000001,0.193613153056608,0.227547473012594));
#3300=CARTESIAN_POINT('',(0.1415,0.197875178795272,0.232035454207386));
#3301=CARTESIAN_POINT('',(0.135500000000001,0.197875178795272,0.232035454207386));
#3302=CARTESIAN_POINT('',(0.1415,0.202917150083785,0.22915804119339));
#3303=CARTESIAN_POINT('',(0.135500000000001,0.202917150083785,0.22915804119339));
#3304=CARTESIAN_POINT('',(0.1415,0.239954868419337,0.221306111631504));
#3305=CARTESIAN_POINT('',(0.135500000000001,0.239954868419337,0.221306111631504));
#3306=CARTESIAN_POINT('',(0.1415,0.267454180828335,0.214990932966812));
#3307=CARTESIAN_POINT('',(0.135500000000001,0.267454180828335,0.214990932966812));
#3308=CARTESIAN_POINT('',(0.1415,0.272326628101702,0.211431908072116));
#3309=CARTESIAN_POINT('',(0.135500000000001,0.272326628101702,0.211431908072116));
#3310=CARTESIAN_POINT('',(0.1415,0.27080086801636,0.206108088212833));
#3311=CARTESIAN_POINT('',(0.135500000000001,0.27080086801636,0.206108088212833));
#3312=CARTESIAN_POINT('',(0.1415,0.26750286522639,0.205193732787354));
#3313=CARTESIAN_POINT('',(0.135500000000001,0.26750286522639,0.205193732787354));
#3314=CARTESIAN_POINT('',(0.1415,0.223894577067511,0.184090231077839));
#3315=CARTESIAN_POINT('',(0.135500000000001,0.223894577067511,0.184090231077839));
#3316=CARTESIAN_POINT('',(0.1415,0.188245849907053,0.165398948612422));
#3317=CARTESIAN_POINT('',(0.135500000000001,0.188245849907053,0.165398948612422));
#3318=CARTESIAN_POINT('',(0.1415,0.174991250529729,0.155437736075482));
#3319=CARTESIAN_POINT('',(0.135500000000001,0.174991250529729,0.155437736075482));
#3320=CARTESIAN_POINT('',(0.1415,0.170863580670668,0.154714333603408));
#3321=CARTESIAN_POINT('',(0.135500000000001,0.170863580670668,0.154714333603408));
#3322=CARTESIAN_POINT('',(0.1415,0.166631394956306,0.156705282341175));
#3323=CARTESIAN_POINT('',(0.135500000000001,0.166631394956306,0.156705282341175));
#3324=CARTESIAN_POINT('',(0.1415,0.166525104976028,0.159581383377992));
#3325=CARTESIAN_POINT('',(0.135500000000001,0.166525104976028,0.159581383377992));
#3326=CARTESIAN_POINT('',(0.1415,0.167182236909866,0.162226870656013));
#3327=CARTESIAN_POINT('',(0.135500000000001,0.167182236909866,0.162226870656013));
#3328=CARTESIAN_POINT('',(0.1415,0.167182236909866,0.162226870656013));
#3329=CARTESIAN_POINT('',(0.1415,0.168922696259996,0.169233626577599));
#3330=CARTESIAN_POINT('',(0.1415,0.18160650475872,0.196569038613448));
#3331=CARTESIAN_POINT('',(0.1415,0.192356550644488,0.222918283582256));
#3332=CARTESIAN_POINT('',(0.1415,0.193613153056608,0.227547473012594));
#3333=CARTESIAN_POINT('',(0.1415,0.197875178795272,0.232035454207386));
#3334=CARTESIAN_POINT('',(0.1415,0.202917150083785,0.22915804119339));
#3335=CARTESIAN_POINT('',(0.1415,0.239954868419337,0.221306111631504));
#3336=CARTESIAN_POINT('',(0.1415,0.267454180828335,0.214990932966812));
#3337=CARTESIAN_POINT('',(0.1415,0.272326628101702,0.211431908072116));
#3338=CARTESIAN_POINT('',(0.1415,0.27080086801636,0.206108088212833));
#3339=CARTESIAN_POINT('',(0.1415,0.26750286522639,0.205193732787354));
#3340=CARTESIAN_POINT('',(0.1415,0.223894577067511,0.184090231077839));
#3341=CARTESIAN_POINT('',(0.1415,0.188245849907053,0.165398948612422));
#3342=CARTESIAN_POINT('',(0.1415,0.174991250529729,0.155437736075482));
#3343=CARTESIAN_POINT('',(0.1415,0.170863580670668,0.154714333603408));
#3344=CARTESIAN_POINT('',(0.1415,0.166631394956306,0.156705282341175));
#3345=CARTESIAN_POINT('',(0.1415,0.166525104976028,0.159581383377992));
#3346=CARTESIAN_POINT('',(0.1415,0.167182236909866,0.162226870656013));
#3347=CARTESIAN_POINT('',(0.1415,0.167182236909866,0.162226870656013));
#3348=CARTESIAN_POINT('',(0.1355,0.167182236909866,0.162226870656013));
#3349=CARTESIAN_POINT('',(0.1355,0.168922696259996,0.169233626577599));
#3350=CARTESIAN_POINT('',(0.1355,0.18160650475872,0.196569038613448));
#3351=CARTESIAN_POINT('',(0.1355,0.192356550644488,0.222918283582256));
#3352=CARTESIAN_POINT('',(0.1355,0.193613153056608,0.227547473012594));
#3353=CARTESIAN_POINT('',(0.1355,0.197875178795272,0.232035454207386));
#3354=CARTESIAN_POINT('',(0.1355,0.202917150083785,0.22915804119339));
#3355=CARTESIAN_POINT('',(0.1355,0.239954868419337,0.221306111631504));
#3356=CARTESIAN_POINT('',(0.1355,0.267454180828335,0.214990932966812));
#3357=CARTESIAN_POINT('',(0.1355,0.272326628101702,0.211431908072116));
#3358=CARTESIAN_POINT('',(0.1355,0.27080086801636,0.206108088212833));
#3359=CARTESIAN_POINT('',(0.1355,0.26750286522639,0.205193732787354));
#3360=CARTESIAN_POINT('',(0.1355,0.223894577067511,0.184090231077839));
#3361=CARTESIAN_POINT('',(0.1355,0.188245849907053,0.165398948612422));
#3362=CARTESIAN_POINT('',(0.1355,0.174991250529729,0.155437736075482));
#3363=CARTESIAN_POINT('',(0.1355,0.170863580670668,0.154714333603408));
#3364=CARTESIAN_POINT('',(0.1355,0.166631394956306,0.156705282341175));
#3365=CARTESIAN_POINT('',(0.1355,0.166525104976028,0.159581383377992));
#3366=CARTESIAN_POINT('',(0.1355,0.167182236909866,0.162226870656013));
#3367=CARTESIAN_POINT('',(0.1355,0.167182236909866,0.162226870656013));
#3368=CARTESIAN_POINT('',(0.1415,0.220938935875893,0.250984817743302));
#3369=CARTESIAN_POINT('',(0.1355,0.220938935875893,0.250984817743302));
#3370=CARTESIAN_POINT('',(0.1415,0.227507784294228,0.253501318429522));
#3371=CARTESIAN_POINT('',(0.1355,0.227507784294228,0.253501318429522));
#3372=CARTESIAN_POINT('',(0.1415,0.260533969136167,0.26187143745315));
#3373=CARTESIAN_POINT('',(0.1355,0.260533969136167,0.26187143745315));
#3374=CARTESIAN_POINT('',(0.1415,0.288869323269165,0.269764330941364));
#3375=CARTESIAN_POINT('',(0.1355,0.288869323269165,0.269764330941364));
#3376=CARTESIAN_POINT('',(0.1415,0.323017866592458,0.276039825467655));
#3377=CARTESIAN_POINT('',(0.1355,0.323017866592458,0.276039825467655));
#3378=CARTESIAN_POINT('',(0.1415,0.326306270424041,0.27715788804293));
#3379=CARTESIAN_POINT('',(0.1355,0.326306270424041,0.27715788804293));
#3380=CARTESIAN_POINT('',(0.1415,0.329833828392843,0.272366961550409));
#3381=CARTESIAN_POINT('',(0.1355,0.329833828392843,0.272366961550409));
#3382=CARTESIAN_POINT('',(0.1415,0.330565719649957,0.270307455533421));
#3383=CARTESIAN_POINT('',(0.1355,0.330565719649957,0.270307455533421));
#3384=CARTESIAN_POINT('',(0.1415,0.29804683250194,0.229043477123185));
#3385=CARTESIAN_POINT('',(0.1355,0.29804683250194,0.229043477123185));
#3386=CARTESIAN_POINT('',(0.1415,0.299114481759543,0.226254264104719));
#3387=CARTESIAN_POINT('',(0.1355,0.299114481759543,0.226254264104719));
#3388=CARTESIAN_POINT('',(0.1415,0.291155554459329,0.223889378368282));
#3389=CARTESIAN_POINT('',(0.1355,0.291155554459329,0.223889378368282));
#3390=CARTESIAN_POINT('',(0.1415,0.29040260582118,0.225634066451901));
#3391=CARTESIAN_POINT('',(0.1355,0.29040260582118,0.225634066451901));
#3392=CARTESIAN_POINT('',(0.1415,0.222140461492286,0.2419424913624));
#3393=CARTESIAN_POINT('',(0.1355,0.222140461492286,0.2419424913624));
#3394=CARTESIAN_POINT('',(0.1415,0.219583232269926,0.242732026735941));
#3395=CARTESIAN_POINT('',(0.1355,0.219583232269926,0.242732026735941));
#3396=CARTESIAN_POINT('',(0.1415,0.216520116785277,0.248776674303857));
#3397=CARTESIAN_POINT('',(0.1355,0.216520116785277,0.248776674303857));
#3398=CARTESIAN_POINT('',(0.1415,0.21870604030736,0.2501294039976));
#3399=CARTESIAN_POINT('',(0.1355,0.21870604030736,0.2501294039976));
#3400=CARTESIAN_POINT('',(0.1415,0.220938935875893,0.250984817743302));
#3401=CARTESIAN_POINT('',(0.1355,0.220938935875893,0.250984817743302));
#3402=CARTESIAN_POINT('',(0.1415,0.220938935875893,0.250984817743302));
#3403=CARTESIAN_POINT('',(0.1415,0.227507784294228,0.253501318429522));
#3404=CARTESIAN_POINT('',(0.1415,0.260533969136167,0.26187143745315));
#3405=CARTESIAN_POINT('',(0.1415,0.288869323269165,0.269764330941364));
#3406=CARTESIAN_POINT('',(0.1415,0.323017866592458,0.276039825467655));
#3407=CARTESIAN_POINT('',(0.1415,0.326306270424041,0.27715788804293));
#3408=CARTESIAN_POINT('',(0.1415,0.329833828392843,0.272366961550409));
#3409=CARTESIAN_POINT('',(0.1415,0.330565719649957,0.270307455533421));
#3410=CARTESIAN_POINT('',(0.1415,0.29804683250194,0.229043477123185));
#3411=CARTESIAN_POINT('',(0.1415,0.299114481759543,0.226254264104719));
#3412=CARTESIAN_POINT('',(0.1415,0.291155554459329,0.223889378368282));
#3413=CARTESIAN_POINT('',(0.1415,0.29040260582118,0.225634066451901));
#3414=CARTESIAN_POINT('',(0.1415,0.222140461492286,0.2419424913624));
#3415=CARTESIAN_POINT('',(0.1415,0.219583232269926,0.242732026735941));
#3416=CARTESIAN_POINT('',(0.1415,0.216520116785277,0.248776674303857));
#3417=CARTESIAN_POINT('',(0.1415,0.21870604030736,0.2501294039976));
#3418=CARTESIAN_POINT('',(0.1415,0.220938935875893,0.250984817743302));
#3419=CARTESIAN_POINT('',(0.1415,0.220938935875893,0.250984817743302));
#3420=CARTESIAN_POINT('',(0.1355,0.220938935875893,0.250984817743302));
#3421=CARTESIAN_POINT('',(0.1355,0.227507784294228,0.253501318429522));
#3422=CARTESIAN_POINT('',(0.1355,0.260533969136167,0.26187143745315));
#3423=CARTESIAN_POINT('',(0.1355,0.288869323269165,0.269764330941364));
#3424=CARTESIAN_POINT('',(0.1355,0.323017866592458,0.276039825467655));
#3425=CARTESIAN_POINT('',(0.1355,0.326306270424041,0.27715788804293));
#3426=CARTESIAN_POINT('',(0.1355,0.329833828392843,0.272366961550409));
#3427=CARTESIAN_POINT('',(0.1355,0.330565719649957,0.270307455533421));
#3428=CARTESIAN_POINT('',(0.1355,0.29804683250194,0.229043477123185));
#3429=CARTESIAN_POINT('',(0.1355,0.299114481759543,0.226254264104719));
#3430=CARTESIAN_POINT('',(0.1355,0.291155554459329,0.223889378368282));
#3431=CARTESIAN_POINT('',(0.1355,0.29040260582118,0.225634066451901));
#3432=CARTESIAN_POINT('',(0.1355,0.222140461492286,0.2419424913624));
#3433=CARTESIAN_POINT('',(0.1355,0.219583232269926,0.242732026735941));
#3434=CARTESIAN_POINT('',(0.1355,0.216520116785277,0.248776674303857));
#3435=CARTESIAN_POINT('',(0.1355,0.21870604030736,0.2501294039976));
#3436=CARTESIAN_POINT('',(0.1355,0.220938935875893,0.250984817743302));
#3437=CARTESIAN_POINT('',(0.1355,0.220938935875893,0.250984817743302));
#3438=CARTESIAN_POINT('',(0.1415,0.313192963600158,0.230983257293701));
#3439=CARTESIAN_POINT('',(0.1355,0.313192963600158,0.230983257293701));
#3440=CARTESIAN_POINT('',(0.1415,0.31723566655325,0.237921779694378));
#3441=CARTESIAN_POINT('',(0.1355,0.31723566655325,0.237921779694378));
#3442=CARTESIAN_POINT('',(0.1415,0.342794523127191,0.270825105358116));
#3443=CARTESIAN_POINT('',(0.1355,0.342794523127191,0.270825105358116));
#3444=CARTESIAN_POINT('',(0.1415,0.344239008237001,0.272678416196088));
#3445=CARTESIAN_POINT('',(0.1355,0.344239008237001,0.272678416196088));
#3446=CARTESIAN_POINT('',(0.1415,0.350117389048724,0.273488833800651));
#3447=CARTESIAN_POINT('',(0.1355,0.350117389048724,0.273488833800651));
#3448=CARTESIAN_POINT('',(0.1415,0.374101587408399,0.261184805527327));
#3449=CARTESIAN_POINT('',(0.1355,0.374101587408399,0.261184805527327));
#3450=CARTESIAN_POINT('',(0.1415,0.39322596860719,0.254798190876031));
#3451=CARTESIAN_POINT('',(0.1355,0.39322596860719,0.254798190876031));
#3452=CARTESIAN_POINT('',(0.1415,0.396183146058211,0.25140524757915));
#3453=CARTESIAN_POINT('',(0.1355,0.396183146058211,0.25140524757915));
#3454=CARTESIAN_POINT('',(0.1415,0.39448943394103,0.244896831250128));
#3455=CARTESIAN_POINT('',(0.1355,0.39448943394103,0.244896831250128));
#3456=CARTESIAN_POINT('',(0.1415,0.390266000217292,0.245037146619313));
#3457=CARTESIAN_POINT('',(0.1355,0.390266000217292,0.245037146619313));
#3458=CARTESIAN_POINT('',(0.1415,0.365545634371429,0.237133387629604));
#3459=CARTESIAN_POINT('',(0.1355,0.365545634371429,0.237133387629604));
#3460=CARTESIAN_POINT('',(0.1415,0.329919623487615,0.229185497305792));
#3461=CARTESIAN_POINT('',(0.1355,0.329919623487615,0.229185497305792));
#3462=CARTESIAN_POINT('',(0.1415,0.319108815936632,0.223371340132441));
#3463=CARTESIAN_POINT('',(0.1355,0.319108815936632,0.223371340132441));
#3464=CARTESIAN_POINT('',(0.1415,0.313878879866909,0.223883216329413));
#3465=CARTESIAN_POINT('',(0.1355,0.313878879866909,0.223883216329413));
#3466=CARTESIAN_POINT('',(0.1415,0.312275617937933,0.228205048134035));
#3467=CARTESIAN_POINT('',(0.1355,0.312275617937933,0.228205048134035));
#3468=CARTESIAN_POINT('',(0.1415,0.312155831954838,0.229203220215289));
#3469=CARTESIAN_POINT('',(0.1355,0.312155831954838,0.229203220215289));
#3470=CARTESIAN_POINT('',(0.1415,0.313192963600158,0.230983257293701));
#3471=CARTESIAN_POINT('',(0.1355,0.313192963600158,0.230983257293701));
#3472=CARTESIAN_POINT('',(0.1415,0.313192963600158,0.230983257293701));
#3473=CARTESIAN_POINT('',(0.1415,0.31723566655325,0.237921779694378));
#3474=CARTESIAN_POINT('',(0.1415,0.342794523127191,0.270825105358116));
#3475=CARTESIAN_POINT('',(0.1415,0.344239008237001,0.272678416196088));
#3476=CARTESIAN_POINT('',(0.1415,0.350117389048724,0.273488833800651));
#3477=CARTESIAN_POINT('',(0.1415,0.374101587408399,0.261184805527327));
#3478=CARTESIAN_POINT('',(0.1415,0.39322596860719,0.254798190876031));
#3479=CARTESIAN_POINT('',(0.1415,0.396183146058211,0.25140524757915));
#3480=CARTESIAN_POINT('',(0.1415,0.39448943394103,0.244896831250128));
#3481=CARTESIAN_POINT('',(0.1415,0.390266000217292,0.245037146619313));
#3482=CARTESIAN_POINT('',(0.1415,0.365545634371429,0.237133387629604));
#3483=CARTESIAN_POINT('',(0.1415,0.329919623487615,0.229185497305792));
#3484=CARTESIAN_POINT('',(0.1415,0.319108815936632,0.223371340132441));
#3485=CARTESIAN_POINT('',(0.1415,0.313878879866909,0.223883216329413));
#3486=CARTESIAN_POINT('',(0.1415,0.312275617937933,0.228205048134035));
#3487=CARTESIAN_POINT('',(0.1415,0.312155831954838,0.229203220215289));
#3488=CARTESIAN_POINT('',(0.1415,0.313192963600158,0.230983257293701));
#3489=CARTESIAN_POINT('',(0.1415,0.313192963600158,0.230983257293701));
#3490=CARTESIAN_POINT('',(0.1355,0.313192963600158,0.230983257293701));
#3491=CARTESIAN_POINT('',(0.1355,0.31723566655325,0.237921779694378));
#3492=CARTESIAN_POINT('',(0.1355,0.342794523127191,0.270825105358116));
#3493=CARTESIAN_POINT('',(0.1355,0.344239008237001,0.272678416196088));
#3494=CARTESIAN_POINT('',(0.1355,0.350117389048724,0.273488833800651));
#3495=CARTESIAN_POINT('',(0.1355,0.374101587408399,0.261184805527327));
#3496=CARTESIAN_POINT('',(0.1355,0.39322596860719,0.254798190876031));
#3497=CARTESIAN_POINT('',(0.1355,0.396183146058211,0.25140524757915));
#3498=CARTESIAN_POINT('',(0.1355,0.39448943394103,0.244896831250128));
#3499=CARTESIAN_POINT('',(0.1355,0.390266000217292,0.245037146619313));
#3500=CARTESIAN_POINT('',(0.1355,0.365545634371429,0.237133387629604));
#3501=CARTESIAN_POINT('',(0.1355,0.329919623487615,0.229185497305792));
#3502=CARTESIAN_POINT('',(0.1355,0.319108815936632,0.223371340132441));
#3503=CARTESIAN_POINT('',(0.1355,0.313878879866909,0.223883216329413));
#3504=CARTESIAN_POINT('',(0.1355,0.312275617937933,0.228205048134035));
#3505=CARTESIAN_POINT('',(0.1355,0.312155831954838,0.229203220215289));
#3506=CARTESIAN_POINT('',(0.1355,0.313192963600158,0.230983257293701));
#3507=CARTESIAN_POINT('',(0.1355,0.313192963600158,0.230983257293701));
#3508=CARTESIAN_POINT('',(0.1415,0.4100421667099,0.258442282676697));
#3509=CARTESIAN_POINT('',(0.1355,0.4100421667099,0.258442282676697));
#3510=CARTESIAN_POINT('',(0.1415,0.405813636008684,0.260512700022437));
#3511=CARTESIAN_POINT('',(0.1355,0.405813636008684,0.260512700022437));
#3512=CARTESIAN_POINT('',(0.1415,0.389737939392746,0.266855427223276));
#3513=CARTESIAN_POINT('',(0.1355,0.389737939392746,0.266855427223276));
#3514=CARTESIAN_POINT('',(0.1415,0.370667522678201,0.272832649745852));
#3515=CARTESIAN_POINT('',(0.1355,0.370667522678201,0.272832649745852));
#3516=CARTESIAN_POINT('',(0.1415,0.36729871988572,0.276125293832322));
#3517=CARTESIAN_POINT('',(0.1355,0.36729871988572,0.276125293832322));
#3518=CARTESIAN_POINT('',(0.1415,0.367384580154811,0.280527563938573));
#3519=CARTESIAN_POINT('',(0.1355,0.367384580154811,0.280527563938573));
#3520=CARTESIAN_POINT('',(0.1415,0.370540928644343,0.285487376527762));
#3521=CARTESIAN_POINT('',(0.1355,0.370540928644343,0.285487376527762));
#3522=CARTESIAN_POINT('',(0.1415,0.396612476530008,0.285227058239975));
#3523=CARTESIAN_POINT('',(0.1355,0.396612476530008,0.285227058239975));
#3524=CARTESIAN_POINT('',(0.1415,0.427066085505504,0.289832891128573));
#3525=CARTESIAN_POINT('',(0.1355,0.427066085505504,0.289832891128573));
#3526=CARTESIAN_POINT('',(0.1415,0.459138361036437,0.291287282394316));
#3527=CARTESIAN_POINT('',(0.1355,0.459138361036437,0.291287282394316));
#3528=CARTESIAN_POINT('',(0.1415,0.461510208551833,0.291059966337899));
#3529=CARTESIAN_POINT('',(0.1355,0.461510208551833,0.291059966337899));
#3530=CARTESIAN_POINT('',(0.1415,0.464964477215514,0.287903934576411));
#3531=CARTESIAN_POINT('',(0.1355,0.464964477215514,0.287903934576411));
#3532=CARTESIAN_POINT('',(0.1415,0.463610853169123,0.283582512520968));
#3533=CARTESIAN_POINT('',(0.1355,0.463610853169123,0.283582512520968));
#3534=CARTESIAN_POINT('',(0.1415,0.459737735750946,0.279331459232472));
#3535=CARTESIAN_POINT('',(0.1355,0.459737735750946,0.279331459232472));
#3536=CARTESIAN_POINT('',(0.1415,0.439813150506847,0.26886452765941));
#3537=CARTESIAN_POINT('',(0.1355,0.439813150506847,0.26886452765941));
#3538=CARTESIAN_POINT('',(0.1415,0.420183532412154,0.258432022784673));
#3539=CARTESIAN_POINT('',(0.1355,0.420183532412154,0.258432022784673));
#3540=CARTESIAN_POINT('',(0.1415,0.418699433665724,0.256823089884883));
#3541=CARTESIAN_POINT('',(0.1355,0.418699433665724,0.256823089884883));
#3542=CARTESIAN_POINT('',(0.1415,0.414131522878779,0.256110824165677));
#3543=CARTESIAN_POINT('',(0.1355,0.414131522878779,0.256110824165677));
#3544=CARTESIAN_POINT('',(0.1415,0.412049533055422,0.257459415010671));
#3545=CARTESIAN_POINT('',(0.1355,0.412049533055422,0.257459415010671));
#3546=CARTESIAN_POINT('',(0.1415,0.4100421667099,0.258442282676697));
#3547=CARTESIAN_POINT('',(0.1355,0.4100421667099,0.258442282676697));
#3548=CARTESIAN_POINT('',(0.1415,0.4100421667099,0.258442282676697));
#3549=CARTESIAN_POINT('',(0.1415,0.405813636008684,0.260512700022437));
#3550=CARTESIAN_POINT('',(0.1415,0.389737939392746,0.266855427223276));
#3551=CARTESIAN_POINT('',(0.1415,0.370667522678201,0.272832649745852));
#3552=CARTESIAN_POINT('',(0.1415,0.36729871988572,0.276125293832322));
#3553=CARTESIAN_POINT('',(0.1415,0.367384580154811,0.280527563938573));
#3554=CARTESIAN_POINT('',(0.1415,0.370540928644343,0.285487376527762));
#3555=CARTESIAN_POINT('',(0.1415,0.396612476530008,0.285227058239975));
#3556=CARTESIAN_POINT('',(0.1415,0.427066085505504,0.289832891128573));
#3557=CARTESIAN_POINT('',(0.1415,0.459138361036437,0.291287282394316));
#3558=CARTESIAN_POINT('',(0.1415,0.461510208551833,0.291059966337899));
#3559=CARTESIAN_POINT('',(0.1415,0.464964477215514,0.287903934576411));
#3560=CARTESIAN_POINT('',(0.1415,0.463610853169123,0.283582512520968));
#3561=CARTESIAN_POINT('',(0.1415,0.459737735750946,0.279331459232472));
#3562=CARTESIAN_POINT('',(0.1415,0.439813150506847,0.26886452765941));
#3563=CARTESIAN_POINT('',(0.1415,0.420183532412154,0.258432022784673));
#3564=CARTESIAN_POINT('',(0.1415,0.418699433665724,0.256823089884883));
#3565=CARTESIAN_POINT('',(0.1415,0.414131522878779,0.256110824165677));
#3566=CARTESIAN_POINT('',(0.1415,0.412049533055422,0.257459415010671));
#3567=CARTESIAN_POINT('',(0.1415,0.4100421667099,0.258442282676697));
#3568=CARTESIAN_POINT('',(0.1415,0.4100421667099,0.258442282676697));
#3569=CARTESIAN_POINT('',(0.1355,0.4100421667099,0.258442282676697));
#3570=CARTESIAN_POINT('',(0.1355,0.405813636008684,0.260512700022437));
#3571=CARTESIAN_POINT('',(0.1355,0.389737939392746,0.266855427223276));
#3572=CARTESIAN_POINT('',(0.1355,0.370667522678201,0.272832649745852));
#3573=CARTESIAN_POINT('',(0.1355,0.36729871988572,0.276125293832322));
#3574=CARTESIAN_POINT('',(0.1355,0.367384580154811,0.280527563938573));
#3575=CARTESIAN_POINT('',(0.1355,0.370540928644343,0.285487376527762));
#3576=CARTESIAN_POINT('',(0.1355,0.396612476530008,0.285227058239975));
#3577=CARTESIAN_POINT('',(0.1355,0.427066085505504,0.289832891128573));
#3578=CARTESIAN_POINT('',(0.1355,0.459138361036437,0.291287282394316));
#3579=CARTESIAN_POINT('',(0.1355,0.461510208551833,0.291059966337899));
#3580=CARTESIAN_POINT('',(0.1355,0.464964477215514,0.287903934576411));
#3581=CARTESIAN_POINT('',(0.1355,0.463610853169123,0.283582512520968));
#3582=CARTESIAN_POINT('',(0.1355,0.459737735750946,0.279331459232472));
#3583=CARTESIAN_POINT('',(0.1355,0.439813150506847,0.26886452765941));
#3584=CARTESIAN_POINT('',(0.1355,0.420183532412154,0.258432022784673));
#3585=CARTESIAN_POINT('',(0.1355,0.418699433665724,0.256823089884883));
#3586=CARTESIAN_POINT('',(0.1355,0.414131522878779,0.256110824165677));
#3587=CARTESIAN_POINT('',(0.1355,0.412049533055422,0.257459415010671));
#3588=CARTESIAN_POINT('',(0.1355,0.4100421667099,0.258442282676697));
#3589=CARTESIAN_POINT('',(0.1355,0.4100421667099,0.258442282676697));
#3590=CARTESIAN_POINT('',(0.1415,0.454167276620865,0.265826046466828));
#3591=CARTESIAN_POINT('',(0.1355,0.454167276620865,0.265826046466828));
#3592=CARTESIAN_POINT('',(0.1415,0.456360626709789,0.268190464926789));
#3593=CARTESIAN_POINT('',(0.1355,0.456360626709789,0.268190464926789));
#3594=CARTESIAN_POINT('',(0.1415,0.469678952725675,0.274652661789828));
#3595=CARTESIAN_POINT('',(0.1355,0.469678952725675,0.274652661789828));
#3596=CARTESIAN_POINT('',(0.1415,0.484816912329523,0.283385442459107));
#3597=CARTESIAN_POINT('',(0.1355,0.484816912329523,0.283385442459107));
#3598=CARTESIAN_POINT('',(0.1415,0.487393433236018,0.285234930010724));
#3599=CARTESIAN_POINT('',(0.1355,0.487393433236018,0.285234930010724));
#3600=CARTESIAN_POINT('',(0.1415,0.491142768462026,0.285105890662465));
#3601=CARTESIAN_POINT('',(0.1355,0.491142768462026,0.285105890662465));
#3602=CARTESIAN_POINT('',(0.1415,0.504963604019974,0.278206321230763));
#3603=CARTESIAN_POINT('',(0.1355,0.504963604019974,0.278206321230763));
#3604=CARTESIAN_POINT('',(0.1415,0.521682353525186,0.273128874445993));
#3605=CARTESIAN_POINT('',(0.1355,0.521682353525186,0.273128874445993));
#3606=CARTESIAN_POINT('',(0.1415,0.523976180482422,0.269827210544722));
#3607=CARTESIAN_POINT('',(0.1355,0.523976180482422,0.269827210544722));
#3608=CARTESIAN_POINT('',(0.1415,0.525051916124263,0.265806982261297));
#3609=CARTESIAN_POINT('',(0.1355,0.525051916124263,0.265806982261297));
#3610=CARTESIAN_POINT('',(0.1415,0.521433533926793,0.261892436929544));
#3611=CARTESIAN_POINT('',(0.1355,0.521433533926793,0.261892436929544));
#3612=CARTESIAN_POINT('',(0.1415,0.517596742590989,0.262778447437296));
#3613=CARTESIAN_POINT('',(0.1355,0.517596742590989,0.262778447437296));
#3614=CARTESIAN_POINT('',(0.1415,0.480296550245375,0.259801405345215));
#3615=CARTESIAN_POINT('',(0.1355,0.480296550245375,0.259801405345215));
#3616=CARTESIAN_POINT('',(0.1415,0.460300836272391,0.257514431847651));
#3617=CARTESIAN_POINT('',(0.1355,0.460300836272391,0.257514431847651));
#3618=CARTESIAN_POINT('',(0.1415,0.45569896505542,0.257062452966451));
#3619=CARTESIAN_POINT('',(0.1355,0.45569896505542,0.257062452966451));
#3620=CARTESIAN_POINT('',(0.1415,0.452821022582059,0.259448399821482));
#3621=CARTESIAN_POINT('',(0.1355,0.452821022582059,0.259448399821482));
#3622=CARTESIAN_POINT('',(0.1415,0.45295739266646,0.263135521066585));
#3623=CARTESIAN_POINT('',(0.1355,0.45295739266646,0.263135521066585));
#3624=CARTESIAN_POINT('',(0.1415,0.45325747642938,0.264845287226208));
#3625=CARTESIAN_POINT('',(0.1355,0.45325747642938,0.264845287226208));
#3626=CARTESIAN_POINT('',(0.1415,0.454167276620865,0.265826046466828));
#3627=CARTESIAN_POINT('',(0.1355,0.454167276620865,0.265826046466828));
#3628=CARTESIAN_POINT('',(0.1415,0.454167276620865,0.265826046466828));
#3629=CARTESIAN_POINT('',(0.1415,0.456360626709789,0.268190464926789));
#3630=CARTESIAN_POINT('',(0.1415,0.469678952725675,0.274652661789828));
#3631=CARTESIAN_POINT('',(0.1415,0.484816912329523,0.283385442459107));
#3632=CARTESIAN_POINT('',(0.1415,0.487393433236018,0.285234930010724));
#3633=CARTESIAN_POINT('',(0.1415,0.491142768462026,0.285105890662465));
#3634=CARTESIAN_POINT('',(0.1415,0.504963604019974,0.278206321230763));
#3635=CARTESIAN_POINT('',(0.1415,0.521682353525186,0.273128874445993));
#3636=CARTESIAN_POINT('',(0.1415,0.523976180482422,0.269827210544722));
#3637=CARTESIAN_POINT('',(0.1415,0.525051916124263,0.265806982261297));
#3638=CARTESIAN_POINT('',(0.1415,0.521433533926793,0.261892436929544));
#3639=CARTESIAN_POINT('',(0.1415,0.517596742590989,0.262778447437296));
#3640=CARTESIAN_POINT('',(0.1415,0.480296550245375,0.259801405345215));
#3641=CARTESIAN_POINT('',(0.1415,0.460300836272391,0.257514431847651));
#3642=CARTESIAN_POINT('',(0.1415,0.45569896505542,0.257062452966451));
#3643=CARTESIAN_POINT('',(0.1415,0.452821022582059,0.259448399821482));
#3644=CARTESIAN_POINT('',(0.1415,0.45295739266646,0.263135521066585));
#3645=CARTESIAN_POINT('',(0.1415,0.45325747642938,0.264845287226208));
#3646=CARTESIAN_POINT('',(0.1415,0.454167276620865,0.265826046466828));
#3647=CARTESIAN_POINT('',(0.1415,0.454167276620865,0.265826046466828));
#3648=CARTESIAN_POINT('',(0.1355,0.454167276620865,0.265826046466828));
#3649=CARTESIAN_POINT('',(0.1355,0.456360626709789,0.268190464926789));
#3650=CARTESIAN_POINT('',(0.1355,0.469678952725675,0.274652661789828));
#3651=CARTESIAN_POINT('',(0.1355,0.484816912329523,0.283385442459107));
#3652=CARTESIAN_POINT('',(0.1355,0.487393433236018,0.285234930010724));
#3653=CARTESIAN_POINT('',(0.1355,0.491142768462026,0.285105890662465));
#3654=CARTESIAN_POINT('',(0.1355,0.504963604019974,0.278206321230763));
#3655=CARTESIAN_POINT('',(0.1355,0.521682353525186,0.273128874445993));
#3656=CARTESIAN_POINT('',(0.1355,0.523976180482422,0.269827210544722));
#3657=CARTESIAN_POINT('',(0.1355,0.525051916124263,0.265806982261297));
#3658=CARTESIAN_POINT('',(0.1355,0.521433533926793,0.261892436929544));
#3659=CARTESIAN_POINT('',(0.1355,0.517596742590989,0.262778447437296));
#3660=CARTESIAN_POINT('',(0.1355,0.480296550245375,0.259801405345215));
#3661=CARTESIAN_POINT('',(0.1355,0.460300836272391,0.257514431847651));
#3662=CARTESIAN_POINT('',(0.1355,0.45569896505542,0.257062452966451));
#3663=CARTESIAN_POINT('',(0.1355,0.452821022582059,0.259448399821482));
#3664=CARTESIAN_POINT('',(0.1355,0.45295739266646,0.263135521066585));
#3665=CARTESIAN_POINT('',(0.1355,0.45325747642938,0.264845287226208));
#3666=CARTESIAN_POINT('',(0.1355,0.454167276620865,0.265826046466828));
#3667=CARTESIAN_POINT('',(0.1355,0.454167276620865,0.265826046466828));
#3668=CARTESIAN_POINT('',(0.1415,0.554306268692017,0.269398391246795));
#3669=CARTESIAN_POINT('',(0.1355,0.554306268692017,0.269398391246795));
#3670=CARTESIAN_POINT('',(0.1415,0.548186597874753,0.271083944839808));
#3671=CARTESIAN_POINT('',(0.1355,0.548186597874753,0.271083944839808));
#3672=CARTESIAN_POINT('',(0.1415,0.526924366787951,0.279284805413059));
#3673=CARTESIAN_POINT('',(0.1355,0.526924366787951,0.279284805413059));
#3674=CARTESIAN_POINT('',(0.1415,0.524402416278033,0.282889708331829));
#3675=CARTESIAN_POINT('',(0.1355,0.524402416278033,0.282889708331829));
#3676=CARTESIAN_POINT('',(0.1415,0.524337383531061,0.288401564899131));
#3677=CARTESIAN_POINT('',(0.1355,0.524337383531061,0.288401564899131));
#3678=CARTESIAN_POINT('',(0.1415,0.528593981087992,0.289370782395891));
#3679=CARTESIAN_POINT('',(0.1355,0.528593981087992,0.289370782395891));
#3680=CARTESIAN_POINT('',(0.1415,0.533774736400822,0.290265235433908));
#3681=CARTESIAN_POINT('',(0.1355,0.533774736400822,0.290265235433908));
#3682=CARTESIAN_POINT('',(0.1415,0.5624011913382,0.286399237069754));
#3683=CARTESIAN_POINT('',(0.1355,0.5624011913382,0.286399237069754));
#3684=CARTESIAN_POINT('',(0.1415,0.58762356134816,0.28668771968366));
#3685=CARTESIAN_POINT('',(0.1355,0.58762356134816,0.28668771968366));
#3686=CARTESIAN_POINT('',(0.1415,0.589555810211024,0.280889026205366));
#3687=CARTESIAN_POINT('',(0.1355,0.589555810211024,0.280889026205366));
#3688=CARTESIAN_POINT('',(0.1415,0.588333670604531,0.277091142677974));
#3689=CARTESIAN_POINT('',(0.1355,0.588333670604531,0.277091142677974));
#3690=CARTESIAN_POINT('',(0.1415,0.585002497572951,0.274631011793272));
#3691=CARTESIAN_POINT('',(0.1355,0.585002497572951,0.274631011793272));
#3692=CARTESIAN_POINT('',(0.1415,0.574481462984688,0.272442177918527));
#3693=CARTESIAN_POINT('',(0.1355,0.574481462984688,0.272442177918527));
#3694=CARTESIAN_POINT('',(0.1415,0.562429261047982,0.270329878641064));
#3695=CARTESIAN_POINT('',(0.1355,0.562429261047982,0.270329878641064));
#3696=CARTESIAN_POINT('',(0.1415,0.55860739094925,0.26870797262544));
#3697=CARTESIAN_POINT('',(0.1355,0.55860739094925,0.26870797262544));
#3698=CARTESIAN_POINT('',(0.1415,0.556719614564002,0.268733678400766));
#3699=CARTESIAN_POINT('',(0.1355,0.556719614564002,0.268733678400766));
#3700=CARTESIAN_POINT('',(0.1415,0.554306268692017,0.269398391246795));
#3701=CARTESIAN_POINT('',(0.1355,0.554306268692017,0.269398391246795));
#3702=CARTESIAN_POINT('',(0.1415,0.554306268692017,0.269398391246795));
#3703=CARTESIAN_POINT('',(0.1415,0.548186597874753,0.271083944839808));
#3704=CARTESIAN_POINT('',(0.1415,0.526924366787951,0.279284805413059));
#3705=CARTESIAN_POINT('',(0.1415,0.524402416278033,0.282889708331829));
#3706=CARTESIAN_POINT('',(0.1415,0.524337383531061,0.288401564899131));
#3707=CARTESIAN_POINT('',(0.1415,0.528593981087992,0.289370782395891));
#3708=CARTESIAN_POINT('',(0.1415,0.533774736400822,0.290265235433908));
#3709=CARTESIAN_POINT('',(0.1415,0.5624011913382,0.286399237069754));
#3710=CARTESIAN_POINT('',(0.1415,0.58762356134816,0.28668771968366));
#3711=CARTESIAN_POINT('',(0.1415,0.589555810211024,0.280889026205366));
#3712=CARTESIAN_POINT('',(0.1415,0.588333670604531,0.277091142677974));
#3713=CARTESIAN_POINT('',(0.1415,0.585002497572951,0.274631011793272));
#3714=CARTESIAN_POINT('',(0.1415,0.574481462984688,0.272442177918527));
#3715=CARTESIAN_POINT('',(0.1415,0.562429261047982,0.270329878641064));
#3716=CARTESIAN_POINT('',(0.1415,0.55860739094925,0.26870797262544));
#3717=CARTESIAN_POINT('',(0.1415,0.556719614564002,0.268733678400766));
#3718=CARTESIAN_POINT('',(0.1415,0.554306268692017,0.269398391246795));
#3719=CARTESIAN_POINT('',(0.1415,0.554306268692017,0.269398391246795));
#3720=CARTESIAN_POINT('',(0.1355,0.554306268692017,0.269398391246795));
#3721=CARTESIAN_POINT('',(0.1355,0.548186597874753,0.271083944839808));
#3722=CARTESIAN_POINT('',(0.1355,0.526924366787951,0.279284805413059));
#3723=CARTESIAN_POINT('',(0.1355,0.524402416278033,0.282889708331829));
#3724=CARTESIAN_POINT('',(0.1355,0.524337383531061,0.288401564899131));
#3725=CARTESIAN_POINT('',(0.1355,0.528593981087992,0.289370782395891));
#3726=CARTESIAN_POINT('',(0.1355,0.533774736400822,0.290265235433908));
#3727=CARTESIAN_POINT('',(0.1355,0.5624011913382,0.286399237069754));
#3728=CARTESIAN_POINT('',(0.1355,0.58762356134816,0.28668771968366));
#3729=CARTESIAN_POINT('',(0.1355,0.589555810211024,0.280889026205366));
#3730=CARTESIAN_POINT('',(0.1355,0.588333670604531,0.277091142677974));
#3731=CARTESIAN_POINT('',(0.1355,0.585002497572951,0.274631011793272));
#3732=CARTESIAN_POINT('',(0.1355,0.574481462984688,0.272442177918527));
#3733=CARTESIAN_POINT('',(0.1355,0.562429261047982,0.270329878641064));
#3734=CARTESIAN_POINT('',(0.1355,0.55860739094925,0.26870797262544));
#3735=CARTESIAN_POINT('',(0.1355,0.556719614564002,0.268733678400766));
#3736=CARTESIAN_POINT('',(0.1355,0.554306268692017,0.269398391246795));
#3737=CARTESIAN_POINT('',(0.1355,0.554306268692017,0.269398391246795));
#3738=CARTESIAN_POINT('',(0.1415,0.691620051860809,0.258639872074127));
#3739=CARTESIAN_POINT('',(0.1415,0.691620051860809,0.258639872074127));
#3740=CARTESIAN_POINT('',(0.1415,0.691620051860809,0.263889872074127));
#3741=CARTESIAN_POINT('',(0.1355,0.691620051860809,0.258639872074127));
#3742=CARTESIAN_POINT('',(0.1355,0.691620051860809,0.263889872074127));
#3743=CARTESIAN_POINT('',(0.1415,0.29654973745346,0.21410819888115));
#3744=CARTESIAN_POINT('',(0.1415,0.29654973745346,0.21410819888115));
#3745=CARTESIAN_POINT('',(0.1415,0.29654973745346,0.21810819888115));
#3746=CARTESIAN_POINT('',(0.1355,0.29654973745346,0.21410819888115));
#3747=CARTESIAN_POINT('',(0.1355,0.29654973745346,0.21810819888115));
#3748=CARTESIAN_POINT('',(0.1415,0.149001886129379,0.137090926808526));
#3749=CARTESIAN_POINT('',(0.1415,0.149001886129379,0.137090926808526));
#3750=CARTESIAN_POINT('',(0.1415,0.149001886129379,0.141090926808526));
#3751=CARTESIAN_POINT('',(0.1355,0.149001886129379,0.137090926808526));
#3752=CARTESIAN_POINT('',(0.1355,0.149001886129379,0.141090926808526));
#3753=CARTESIAN_POINT('',(0.1415,0.0532025331962636,0.117995111448947));
#3754=CARTESIAN_POINT('',(0.1355,0.0532025331962636,0.117995111448947));
#3755=CARTESIAN_POINT('',(0.1415,0.0532025331962636,0.117995111448947));
#3756=CARTESIAN_POINT('',(0.1415,-0.0461572296917439,0.11895478852284));
#3757=CARTESIAN_POINT('',(0.1415,-0.0461572296917439,0.11895478852284));
#3758=CARTESIAN_POINT('',(0.1415,-0.0461572296917439,0.12295478852284));
#3759=CARTESIAN_POINT('',(0.1355,-0.0461572296917439,0.11895478852284));
#3760=CARTESIAN_POINT('',(0.1355,-0.0461572296917439,0.12295478852284));
#3761=CARTESIAN_POINT('',(0.1415,0.351678432910423,0.234136584148367));
#3762=CARTESIAN_POINT('',(0.1355,0.351678432910423,0.234136584148367));
#3763=CARTESIAN_POINT('',(-5.55111512312578E-17,0.0032665949651299,-8.54518534960252E-5));
#3764=CARTESIAN_POINT('',(-0.1415,-0.0461572296917439,0.11895478852284));
#3765=CARTESIAN_POINT('',(-0.1355,-0.0461572296917439,0.11895478852284));
#3766=CARTESIAN_POINT('',(-0.1355,-0.0521843062235077,0.126934409345928));
#3767=CARTESIAN_POINT('',(-0.1355,-0.0455917845748801,0.108970787730582));
#3768=CARTESIAN_POINT('',(-0.1415,-0.0521843062235077,0.126934409345928));
#3769=CARTESIAN_POINT('',(-0.1415,-0.0521843062235077,0.126934409345928));
#3770=CARTESIAN_POINT('',(-0.1415,-0.0461572296917439,0.11895478852284));
#3771=CARTESIAN_POINT('',(-0.1415,-0.0455917845748801,0.108970787730582));
#3772=CARTESIAN_POINT('',(-0.1415,-0.0455917845748801,0.108970787730582));
#3773=CARTESIAN_POINT('',(-0.1415,-0.0521843062235077,0.126934409345928));
#3774=CARTESIAN_POINT('',(-0.1355,-0.0521843062235077,0.126934409345928));
#3775=CARTESIAN_POINT('',(-0.1415,-0.0465381464928973,0.131057969165927));
#3776=CARTESIAN_POINT('',(-0.1355,-0.0465381464928973,0.131057969165927));
#3777=CARTESIAN_POINT('',(-0.1415,-0.0352410660861833,0.139304270028469));
#3778=CARTESIAN_POINT('',(-0.1355,-0.0352410660861833,0.139304270028469));
#3779=CARTESIAN_POINT('',(-0.1415,-0.0199794606070932,0.149944334420815));
#3780=CARTESIAN_POINT('',(-0.1355,-0.0199794606070932,0.149944334420815));
#3781=CARTESIAN_POINT('',(-0.1415,-0.00635190594097715,0.158880683549565));
#3782=CARTESIAN_POINT('',(-0.1355,-0.00635190594097715,0.158880683549565));
#3783=CARTESIAN_POINT('',(-0.1415,0.00816805590522471,0.168047560354546));
#3784=CARTESIAN_POINT('',(-0.1355,0.00816805590522471,0.168047560354546));
#3785=CARTESIAN_POINT('',(-0.1415,0.0276242557189331,0.179727435624157));
#3786=CARTESIAN_POINT('',(-0.1355,0.0276242557189331,0.179727435624157));
#3787=CARTESIAN_POINT('',(-0.1415,0.0520236005620895,0.193471535249247));
#3788=CARTESIAN_POINT('',(-0.1355,0.0520236005620895,0.193471535249247));
#3789=CARTESIAN_POINT('',(-0.1415,0.0765305458824182,0.206383744189276));
#3790=CARTESIAN_POINT('',(-0.1355,0.0765305458824182,0.206383744189276));
#3791=CARTESIAN_POINT('',(-0.1415,0.0965808637598344,0.216192569814371));
#3792=CARTESIAN_POINT('',(-0.1355,0.0965808637598344,0.216192569814371));
#3793=CARTESIAN_POINT('',(-0.1415,0.112068543271213,0.223282988729214));
#3794=CARTESIAN_POINT('',(-0.1355,0.112068543271213,0.223282988729214));
#3795=CARTESIAN_POINT('',(-0.1415,0.12715993471438,0.229851469108285));
#3796=CARTESIAN_POINT('',(-0.1355,0.12715993471438,0.229851469108285));
#3797=CARTESIAN_POINT('',(-0.1415,0.142126726231032,0.23588571415863));
#3798=CARTESIAN_POINT('',(-0.1355,0.142126726231032,0.23588571415863));
#3799=CARTESIAN_POINT('',(-0.1415,0.157772582812174,0.241810698546454));
#3800=CARTESIAN_POINT('',(-0.1355,0.157772582812174,0.241810698546454));
#3801=CARTESIAN_POINT('',(-0.1415,0.170086085684133,0.246325748029132));
#3802=CARTESIAN_POINT('',(-0.1355,0.170086085684133,0.246325748029132));
#3803=CARTESIAN_POINT('',(-0.1415,0.183037663230485,0.250946626749607));
#3804=CARTESIAN_POINT('',(-0.1355,0.183037663230485,0.250946626749607));
#3805=CARTESIAN_POINT('',(-0.1415,0.196379859695482,0.255552886825929));
#3806=CARTESIAN_POINT('',(-0.1355,0.196379859695482,0.255552886825929));
#3807=CARTESIAN_POINT('',(-0.1415,0.209921633881767,0.26005261670399));
#3808=CARTESIAN_POINT('',(-0.1355,0.209921633881767,0.26005261670399));
#3809=CARTESIAN_POINT('',(-0.1415,0.223455913160232,0.264345768738835));
#3810=CARTESIAN_POINT('',(-0.1355,0.223455913160232,0.264345768738835));
#3811=CARTESIAN_POINT('',(-0.1415,0.236783336070377,0.26833630332106));
#3812=CARTESIAN_POINT('',(-0.1355,0.236783336070377,0.26833630332106));
#3813=CARTESIAN_POINT('',(-0.1415,0.249689727909026,0.271920284789896));
#3814=CARTESIAN_POINT('',(-0.1355,0.249689727909026,0.271920284789896));
#3815=CARTESIAN_POINT('',(-0.1415,0.262270394435268,0.275159387835451));
#3816=CARTESIAN_POINT('',(-0.1355,0.262270394435268,0.275159387835451));
#3817=CARTESIAN_POINT('',(-0.1415,0.278760938107002,0.279113179240508));
#3818=CARTESIAN_POINT('',(-0.1355,0.278760938107002,0.279113179240508));
#3819=CARTESIAN_POINT('',(-0.1415,0.299105872006153,0.283538858384585));
#3820=CARTESIAN_POINT('',(-0.1355,0.299105872006153,0.283538858384585));
#3821=CARTESIAN_POINT('',(-0.1415,0.323991531349489,0.288590357243622));
#3822=CARTESIAN_POINT('',(-0.1355,0.323991531349489,0.288590357243622));
#3823=CARTESIAN_POINT('',(-0.1415,0.348959185575627,0.293030204073211));
#3824=CARTESIAN_POINT('',(-0.1355,0.348959185575627,0.293030204073211));
#3825=CARTESIAN_POINT('',(-0.1415,0.37357644428648,0.296372458408196));
#3826=CARTESIAN_POINT('',(-0.1355,0.37357644428648,0.296372458408196));
#3827=CARTESIAN_POINT('',(-0.1415,0.393464473818978,0.298258644783553));
#3828=CARTESIAN_POINT('',(-0.1355,0.393464473818978,0.298258644783553));
#3829=CARTESIAN_POINT('',(-0.1415,0.408825843958835,0.299482269646808));
#3830=CARTESIAN_POINT('',(-0.1355,0.408825843958835,0.299482269646808));
#3831=CARTESIAN_POINT('',(-0.1415,0.423719672787559,0.300585527678872));
#3832=CARTESIAN_POINT('',(-0.1355,0.423719672787559,0.300585527678872));
#3833=CARTESIAN_POINT('',(-0.1415,0.441688199867605,0.301797687986093));
#3834=CARTESIAN_POINT('',(-0.1355,0.441688199867605,0.301797687986093));
#3835=CARTESIAN_POINT('',(-0.1415,0.464669211511478,0.302758425520755));
#3836=CARTESIAN_POINT('',(-0.1355,0.464669211511478,0.302758425520755));
#3837=CARTESIAN_POINT('',(-0.1415,0.491455073305467,0.303027043981824));
#3838=CARTESIAN_POINT('',(-0.1355,0.491455073305467,0.303027043981824));
#3839=CARTESIAN_POINT('',(-0.1415,0.520647651303309,0.302491138094854));
#3840=CARTESIAN_POINT('',(-0.1355,0.520647651303309,0.302491138094854));
#3841=CARTESIAN_POINT('',(-0.1415,0.55071844926042,0.301034218300164));
#3842=CARTESIAN_POINT('',(-0.1355,0.55071844926042,0.301034218300164));
#3843=CARTESIAN_POINT('',(-0.1415,0.580390536784336,0.298569045680049));
#3844=CARTESIAN_POINT('',(-0.1355,0.580390536784336,0.298569045680049));
#3845=CARTESIAN_POINT('',(-0.1415,0.604516965889388,0.295698471168298));
#3846=CARTESIAN_POINT('',(-0.1355,0.604516965889388,0.295698471168298));
#3847=CARTESIAN_POINT('',(-0.1415,0.623223218945047,0.292925344143831));
#3848=CARTESIAN_POINT('',(-0.1355,0.623223218945047,0.292925344143831));
#3849=CARTESIAN_POINT('',(-0.1415,0.636932155439127,0.290597033219474));
#3850=CARTESIAN_POINT('',(-0.1355,0.636932155439127,0.290597033219474));
#3851=CARTESIAN_POINT('',(-0.1415,0.650037423019446,0.288131576463849));
#3852=CARTESIAN_POINT('',(-0.1355,0.650037423019446,0.288131576463849));
#3853=CARTESIAN_POINT('',(-0.1415,0.666222741018383,0.284860440196336));
#3854=CARTESIAN_POINT('',(-0.1355,0.666222741018383,0.284860440196336));
#3855=CARTESIAN_POINT('',(-0.1415,0.679754562877889,0.2819120133795));
#3856=CARTESIAN_POINT('',(-0.1355,0.679754562877889,0.2819120133795));
#3857=CARTESIAN_POINT('',(-0.1415,0.689321858850915,0.279812317490705));
#3858=CARTESIAN_POINT('',(-0.1355,0.689321858850915,0.279812317490705));
#3859=CARTESIAN_POINT('',(-0.1415,0.694153656737357,0.27854602852031));
#3860=CARTESIAN_POINT('',(-0.1355,0.694153656737357,0.27854602852031));
#3861=CARTESIAN_POINT('',(-0.1415,0.697593498981228,0.277398030753783));
#3862=CARTESIAN_POINT('',(-0.1355,0.697593498981228,0.277398030753783));
#3863=CARTESIAN_POINT('',(-0.1415,0.700835865447173,0.276104036929442));
#3864=CARTESIAN_POINT('',(-0.1355,0.700835865447173,0.276104036929442));
#3865=CARTESIAN_POINT('',(-0.1415,0.703659253533169,0.27456095548763));
#3866=CARTESIAN_POINT('',(-0.1355,0.703659253533169,0.27456095548763));
#3867=CARTESIAN_POINT('',(-0.1415,0.705806755535249,0.272699823663142));
#3868=CARTESIAN_POINT('',(-0.1355,0.705806755535249,0.272699823663142));
#3869=CARTESIAN_POINT('',(-0.1415,0.707482302079508,0.270615474841876));
#3870=CARTESIAN_POINT('',(-0.1355,0.707482302079508,0.270615474841876));
#3871=CARTESIAN_POINT('',(-0.1415,0.709045810398632,0.267632217020683));
#3872=CARTESIAN_POINT('',(-0.1355,0.709045810398632,0.267632217020683));
#3873=CARTESIAN_POINT('',(-0.1415,0.710570205554174,0.264233355925621));
#3874=CARTESIAN_POINT('',(-0.1355,0.710570205554174,0.264233355925621));
#3875=CARTESIAN_POINT('',(-0.1415,0.711322582140769,0.26133560180981));
#3876=CARTESIAN_POINT('',(-0.1355,0.711322582140769,0.26133560180981));
#3877=CARTESIAN_POINT('',(-0.1415,0.711615061159063,0.258337656004387));
#3878=CARTESIAN_POINT('',(-0.1355,0.711615061159063,0.258337656004387));
#3879=CARTESIAN_POINT('',(-0.1415,0.711151451973357,0.254503015200414));
#3880=CARTESIAN_POINT('',(-0.1355,0.711151451973357,0.254503015200414));
#3881=CARTESIAN_POINT('',(-0.1415,0.7098066476246,0.250168299124939));
#3882=CARTESIAN_POINT('',(-0.1355,0.7098066476246,0.250168299124939));
#3883=CARTESIAN_POINT('',(-0.1415,0.707792698261177,0.246420623572891));
#3884=CARTESIAN_POINT('',(-0.1355,0.707792698261177,0.246420623572891));
#3885=CARTESIAN_POINT('',(-0.1415,0.705445485283045,0.244045347021031));
#3886=CARTESIAN_POINT('',(-0.1355,0.705445485283045,0.244045347021031));
#3887=CARTESIAN_POINT('',(-0.1415,0.703272431958464,0.242385615185266));
#3888=CARTESIAN_POINT('',(-0.1355,0.703272431958464,0.242385615185266));
#3889=CARTESIAN_POINT('',(-0.1415,0.700944822744371,0.240783121986314));
#3890=CARTESIAN_POINT('',(-0.1355,0.700944822744371,0.240783121986314));
#3891=CARTESIAN_POINT('',(-0.1415,0.69837650500747,0.239370494807443));
#3892=CARTESIAN_POINT('',(-0.1355,0.69837650500747,0.239370494807443));
#3893=CARTESIAN_POINT('',(-0.1415,0.695469706509383,0.238553618632117));
#3894=CARTESIAN_POINT('',(-0.1355,0.695469706509383,0.238553618632117));
#3895=CARTESIAN_POINT('',(-0.1415,0.692369594466008,0.238197953461052));
#3896=CARTESIAN_POINT('',(-0.1355,0.692369594466008,0.238197953461052));
#3897=CARTESIAN_POINT('',(-0.1415,0.689280509827623,0.238349240162623));
#3898=CARTESIAN_POINT('',(-0.1355,0.689280509827623,0.238349240162623));
#3899=CARTESIAN_POINT('',(-0.1415,0.686817978584106,0.238697091437902));
#3900=CARTESIAN_POINT('',(-0.1355,0.686817978584106,0.238697091437902));
#3901=CARTESIAN_POINT('',(-0.1415,0.685075166162469,0.239036319352366));
#3902=CARTESIAN_POINT('',(-0.1355,0.685075166162469,0.239036319352366));
#3903=CARTESIAN_POINT('',(-0.1415,0.683144852747078,0.239450482831337));
#3904=CARTESIAN_POINT('',(-0.1355,0.683144852747078,0.239450482831337));
#3905=CARTESIAN_POINT('',(-0.1415,0.680721359893034,0.239932153301236));
#3906=CARTESIAN_POINT('',(-0.1355,0.680721359893034,0.239932153301236));
#3907=CARTESIAN_POINT('',(-0.1415,0.677820637723579,0.240472318927318));
#3908=CARTESIAN_POINT('',(-0.1355,0.677820637723579,0.240472318927318));
#3909=CARTESIAN_POINT('',(-0.1415,0.673437082997506,0.241257272735712));
#3910=CARTESIAN_POINT('',(-0.1355,0.673437082997506,0.241257272735712));
#3911=CARTESIAN_POINT('',(-0.1415,0.667155437798696,0.242335803807629));
#3912=CARTESIAN_POINT('',(-0.1355,0.667155437798696,0.242335803807629));
#3913=CARTESIAN_POINT('',(-0.1415,0.658987365147191,0.243706885287421));
#3914=CARTESIAN_POINT('',(-0.1355,0.658987365147191,0.243706885287421));
#3915=CARTESIAN_POINT('',(-0.1415,0.647414027412819,0.245540809884381));
#3916=CARTESIAN_POINT('',(-0.1355,0.647414027412819,0.245540809884381));
#3917=CARTESIAN_POINT('',(-0.1415,0.63162836470842,0.247643789971692));
#3918=CARTESIAN_POINT('',(-0.1355,0.63162836470842,0.247643789971692));
#3919=CARTESIAN_POINT('',(-0.1415,0.610814753477056,0.249359998882327));
#3920=CARTESIAN_POINT('',(-0.1355,0.610814753477056,0.249359998882327));
#3921=CARTESIAN_POINT('',(-0.1415,0.589386909612451,0.250504918777181));
#3922=CARTESIAN_POINT('',(-0.1355,0.589386909612451,0.250504918777181));
#3923=CARTESIAN_POINT('',(-0.1415,0.568250102874883,0.25121546415813));
#3924=CARTESIAN_POINT('',(-0.1355,0.568250102874883,0.25121546415813));
#3925=CARTESIAN_POINT('',(-0.1415,0.545560223853879,0.251261749411529));
#3926=CARTESIAN_POINT('',(-0.1355,0.545560223853879,0.251261749411529));
#3927=CARTESIAN_POINT('',(-0.1415,0.523783653147714,0.250559243813558));
#3928=CARTESIAN_POINT('',(-0.1355,0.523783653147714,0.250559243813558));
#3929=CARTESIAN_POINT('',(-0.1415,0.505882731288854,0.249596587958179));
#3930=CARTESIAN_POINT('',(-0.1355,0.505882731288854,0.249596587958179));
#3931=CARTESIAN_POINT('',(-0.1415,0.492587165833531,0.248689489555055));
#3932=CARTESIAN_POINT('',(-0.1355,0.492587165833531,0.248689489555055));
#3933=CARTESIAN_POINT('',(-0.1415,0.479746444966169,0.247610024765681));
#3934=CARTESIAN_POINT('',(-0.1355,0.479746444966169,0.247610024765681));
#3935=CARTESIAN_POINT('',(-0.1415,0.467758771648649,0.246373062001683));
#3936=CARTESIAN_POINT('',(-0.1355,0.467758771648649,0.246373062001683));
#3937=CARTESIAN_POINT('',(-0.1415,0.45652305260707,0.244981082708118));
#3938=CARTESIAN_POINT('',(-0.1355,0.45652305260707,0.244981082708118));
#3939=CARTESIAN_POINT('',(-0.1415,0.442236873732219,0.242915546717072));
#3940=CARTESIAN_POINT('',(-0.1355,0.442236873732219,0.242915546717072));
#3941=CARTESIAN_POINT('',(-0.1415,0.425136825700978,0.239948919736767));
#3942=CARTESIAN_POINT('',(-0.1355,0.425136825700978,0.239948919736767));
#3943=CARTESIAN_POINT('',(-0.1415,0.404369117644785,0.235722098330353));
#3944=CARTESIAN_POINT('',(-0.1355,0.404369117644785,0.235722098330353));
#3945=CARTESIAN_POINT('',(-0.1415,0.382672625722229,0.230537555694817));
#3946=CARTESIAN_POINT('',(-0.1355,0.382672625722229,0.230537555694817));
#3947=CARTESIAN_POINT('',(-0.1415,0.35948437837243,0.224209393020328));
#3948=CARTESIAN_POINT('',(-0.1355,0.35948437837243,0.224209393020328));
#3949=CARTESIAN_POINT('',(-0.1415,0.340131427886818,0.218382275772142));
#3950=CARTESIAN_POINT('',(-0.1355,0.340131427886818,0.218382275772142));
#3951=CARTESIAN_POINT('',(-0.1415,0.325332475456475,0.213624230557675));
#3952=CARTESIAN_POINT('',(-0.1355,0.325332475456475,0.213624230557675));
#3953=CARTESIAN_POINT('',(-0.1415,0.310996947752847,0.208790369288423));
#3954=CARTESIAN_POINT('',(-0.1355,0.310996947752847,0.208790369288423));
#3955=CARTESIAN_POINT('',(-0.1415,0.293581304990135,0.20243159690827));
#3956=CARTESIAN_POINT('',(-0.1355,0.293581304990135,0.20243159690827));
#3957=CARTESIAN_POINT('',(-0.1415,0.272421457315525,0.193794101116918));
#3958=CARTESIAN_POINT('',(-0.1355,0.272421457315525,0.193794101116918));
#3959=CARTESIAN_POINT('',(-0.1415,0.254089125501473,0.185448618081432));
#3960=CARTESIAN_POINT('',(-0.1355,0.254089125501473,0.185448618081432));
#3961=CARTESIAN_POINT('',(-0.1415,0.238919947795748,0.1779633766387));
#3962=CARTESIAN_POINT('',(-0.1355,0.238919947795748,0.1779633766387));
#3963=CARTESIAN_POINT('',(-0.1415,0.227219084029968,0.171885608056241));
#3964=CARTESIAN_POINT('',(-0.1355,0.227219084029968,0.171885608056241));
#3965=CARTESIAN_POINT('',(-0.1415,0.215323630466624,0.165420693179318));
#3966=CARTESIAN_POINT('',(-0.1355,0.215323630466624,0.165420693179318));
#3967=CARTESIAN_POINT('',(-0.1415,0.203678812291401,0.158864048821959));
#3968=CARTESIAN_POINT('',(-0.1355,0.203678812291401,0.158864048821959));
#3969=CARTESIAN_POINT('',(-0.1415,0.192671108400025,0.152470335937718));
#3970=CARTESIAN_POINT('',(-0.1355,0.192671108400025,0.152470335937718));
#3971=CARTESIAN_POINT('',(-0.1415,0.184364040003502,0.147499285980033));
#3972=CARTESIAN_POINT('',(-0.1355,0.184364040003502,0.147499285980033));
#3973=CARTESIAN_POINT('',(-0.1415,0.178437165832937,0.143868090125883));
#3974=CARTESIAN_POINT('',(-0.1355,0.178437165832937,0.143868090125883));
#3975=CARTESIAN_POINT('',(-0.1415,0.17305532300605,0.140510857435452));
#3976=CARTESIAN_POINT('',(-0.1355,0.17305532300605,0.140510857435452));
#3977=CARTESIAN_POINT('',(-0.1415,0.16704996994462,0.136671236241611));
#3978=CARTESIAN_POINT('',(-0.1355,0.16704996994462,0.136671236241611));
#3979=CARTESIAN_POINT('',(-0.1415,0.160043683073439,0.132135942027945));
#3980=CARTESIAN_POINT('',(-0.1355,0.160043683073439,0.132135942027945));
#3981=CARTESIAN_POINT('',(-0.1415,0.154869217159995,0.128827819532731));
#3982=CARTESIAN_POINT('',(-0.1355,0.154869217159995,0.128827819532731));
#3983=CARTESIAN_POINT('',(-0.1415,0.151996850967407,0.127019435167313));
#3984=CARTESIAN_POINT('',(-0.1355,0.151996850967407,0.127019435167313));
#3985=CARTESIAN_POINT('',(-0.1355,-0.0521843062235077,0.126934409345928));
#3986=CARTESIAN_POINT('',(-0.1355,-0.040058654709772,0.13579013638147));
#3987=CARTESIAN_POINT('',(-0.1355,-0.0132425493144969,0.155357730202407));
#3988=CARTESIAN_POINT('',(-0.1355,0.0457969048572194,0.190911899232405));
#3989=CARTESIAN_POINT('',(-0.1355,0.10907597803459,0.222999065526238));
#3990=CARTESIAN_POINT('',(-0.1355,0.164815830942764,0.244930521095182));
#3991=CARTESIAN_POINT('',(-0.1355,0.237561351082254,0.269812291521315));
#3992=CARTESIAN_POINT('',(-0.1355,0.299205012013265,0.283861621647659));
#3993=CARTESIAN_POINT('',(-0.1355,0.360456737607127,0.295649425847953));
#3994=CARTESIAN_POINT('',(-0.1355,0.416154934680398,0.300142460268866));
#3995=CARTESIAN_POINT('',(-0.1355,0.466498426237848,0.303476083130498));
#3996=CARTESIAN_POINT('',(-0.1355,0.545342964193953,0.302534647657084));
#3997=CARTESIAN_POINT('',(-0.1355,0.623562585147048,0.294132570767412));
#3998=CARTESIAN_POINT('',(-0.1355,0.679224532307029,0.282030382507351));
#3999=CARTESIAN_POINT('',(-0.1355,0.696743385253317,0.278195381608282));
#4000=CARTESIAN_POINT('',(-0.1355,0.705721712848401,0.273733633906113));
#4001=CARTESIAN_POINT('',(-0.1355,0.708995857361176,0.267898647649516));
#4002=CARTESIAN_POINT('',(-0.1355,0.71210395248955,0.260769623457563));
#4003=CARTESIAN_POINT('',(-0.1355,0.710931834719936,0.252705497414675));
#4004=CARTESIAN_POINT('',(-0.1355,0.707902536070306,0.246032575178172));
#4005=CARTESIAN_POINT('',(-0.1355,0.702794669263466,0.241859969019761));
#4006=CARTESIAN_POINT('',(-0.1355,0.696396202604303,0.23804211760255));
#4007=CARTESIAN_POINT('',(-0.1355,0.688102022060971,0.238305511667719));
#4008=CARTESIAN_POINT('',(-0.1355,0.682335947720242,0.239716830573061));
#4009=CARTESIAN_POINT('',(-0.1355,0.663793202848902,0.242946011166926));
#4010=CARTESIAN_POINT('',(-0.1355,0.633322329724855,0.247896945764592));
#4011=CARTESIAN_POINT('',(-0.1355,0.590283978144705,0.250697750447293));
#4012=CARTESIAN_POINT('',(-0.1355,0.543285169474976,0.251848741083496));
#4013=CARTESIAN_POINT('',(-0.1355,0.476911232441504,0.248185368177156));
#4014=CARTESIAN_POINT('',(-0.1355,0.430093823652362,0.241235248929468));
#4015=CARTESIAN_POINT('',(-0.1355,0.384653273639728,0.231548807113629));
#4016=CARTESIAN_POINT('',(-0.1355,0.331243450292653,0.216058561760909));
#4017=CARTESIAN_POINT('',(-0.1355,0.284004288246907,0.199308145255466));
#4018=CARTESIAN_POINT('',(-0.1355,0.232559891880779,0.175818346767011));
#4019=CARTESIAN_POINT('',(-0.1355,0.177783896571994,0.143995061023582));
#4020=CARTESIAN_POINT('',(-0.1355,0.162058025734442,0.133353749779913));
#4021=CARTESIAN_POINT('',(-0.1355,0.151996850967407,0.127019435167313));
#4022=CARTESIAN_POINT('',(-0.1355,0.151996850967407,0.127019435167313));
#4023=CARTESIAN_POINT('',(-0.1415,0.151996850967407,0.127019435167313));
#4024=CARTESIAN_POINT('',(-0.1415,0.151996850967407,0.127019435167313));
#4025=CARTESIAN_POINT('',(-0.1415,-0.0521843062235077,0.126934409345928));
#4026=CARTESIAN_POINT('',(-0.1415,-0.040058654709772,0.13579013638147));
#4027=CARTESIAN_POINT('',(-0.1415,-0.0132425493144969,0.155357730202407));
#4028=CARTESIAN_POINT('',(-0.1415,0.0457969048572194,0.190911899232405));
#4029=CARTESIAN_POINT('',(-0.1415,0.10907597803459,0.222999065526238));
#4030=CARTESIAN_POINT('',(-0.1415,0.164815830942764,0.244930521095182));
#4031=CARTESIAN_POINT('',(-0.1415,0.237561351082254,0.269812291521315));
#4032=CARTESIAN_POINT('',(-0.1415,0.299205012013265,0.283861621647659));
#4033=CARTESIAN_POINT('',(-0.1415,0.360456737607127,0.295649425847953));
#4034=CARTESIAN_POINT('',(-0.1415,0.416154934680398,0.300142460268866));
#4035=CARTESIAN_POINT('',(-0.1415,0.466498426237848,0.303476083130498));
#4036=CARTESIAN_POINT('',(-0.1415,0.545342964193953,0.302534647657084));
#4037=CARTESIAN_POINT('',(-0.1415,0.623562585147048,0.294132570767412));
#4038=CARTESIAN_POINT('',(-0.1415,0.679224532307029,0.282030382507351));
#4039=CARTESIAN_POINT('',(-0.1415,0.696743385253317,0.278195381608282));
#4040=CARTESIAN_POINT('',(-0.1415,0.705721712848401,0.273733633906113));
#4041=CARTESIAN_POINT('',(-0.1415,0.708995857361176,0.267898647649516));
#4042=CARTESIAN_POINT('',(-0.1415,0.71210395248955,0.260769623457563));
#4043=CARTESIAN_POINT('',(-0.1415,0.710931834719936,0.252705497414675));
#4044=CARTESIAN_POINT('',(-0.1415,0.707902536070306,0.246032575178172));
#4045=CARTESIAN_POINT('',(-0.1415,0.702794669263466,0.241859969019761));
#4046=CARTESIAN_POINT('',(-0.1415,0.696396202604303,0.23804211760255));
#4047=CARTESIAN_POINT('',(-0.1415,0.688102022060971,0.238305511667719));
#4048=CARTESIAN_POINT('',(-0.1415,0.682335947720242,0.239716830573061));
#4049=CARTESIAN_POINT('',(-0.1415,0.663793202848902,0.242946011166926));
#4050=CARTESIAN_POINT('',(-0.1415,0.633322329724855,0.247896945764592));
#4051=CARTESIAN_POINT('',(-0.1415,0.590283978144705,0.250697750447293));
#4052=CARTESIAN_POINT('',(-0.1415,0.543285169474976,0.251848741083496));
#4053=CARTESIAN_POINT('',(-0.1415,0.476911232441504,0.248185368177156));
#4054=CARTESIAN_POINT('',(-0.1415,0.430093823652362,0.241235248929468));
#4055=CARTESIAN_POINT('',(-0.1415,0.384653273639728,0.231548807113629));
#4056=CARTESIAN_POINT('',(-0.1415,0.331243450292653,0.216058561760909));
#4057=CARTESIAN_POINT('',(-0.1415,0.284004288246907,0.199308145255466));
#4058=CARTESIAN_POINT('',(-0.1415,0.232559891880779,0.175818346767011));
#4059=CARTESIAN_POINT('',(-0.1415,0.177783896571994,0.143995061023582));
#4060=CARTESIAN_POINT('',(-0.1415,0.162058025734442,0.133353749779913));
#4061=CARTESIAN_POINT('',(-0.1415,0.151996850967407,0.127019435167313));
#4062=CARTESIAN_POINT('',(-0.1415,-0.027991209179163,0.130083844065666));
#4063=CARTESIAN_POINT('',(-0.1355,-0.027991209179163,0.130083844065666));
#4064=CARTESIAN_POINT('',(-0.1415,-0.0233313394568406,0.136367264830182));
#4065=CARTESIAN_POINT('',(-0.1355,-0.0233313394568406,0.136367264830182));
#4066=CARTESIAN_POINT('',(-0.1415,0.0076460330995212,0.153318548679024));
#4067=CARTESIAN_POINT('',(-0.1355,0.0076460330995212,0.153318548679024));
#4068=CARTESIAN_POINT('',(-0.1415,0.0510555412125209,0.178849006867393));
#4069=CARTESIAN_POINT('',(-0.1355,0.0510555412125209,0.178849006867393));
#4070=CARTESIAN_POINT('',(-0.1415,0.0542580310250036,0.181075060141467));
#4071=CARTESIAN_POINT('',(-0.1355,0.0542580310250036,0.181075060141467));
#4072=CARTESIAN_POINT('',(-0.1415,0.05742080246304,0.18074388552993));
#4073=CARTESIAN_POINT('',(-0.1355,0.05742080246304,0.18074388552993));
#4074=CARTESIAN_POINT('',(-0.1415,0.126290991051953,0.143328762935273));
#4075=CARTESIAN_POINT('',(-0.1355,0.126290991051953,0.143328762935273));
#4076=CARTESIAN_POINT('',(-0.1415,0.126400484403263,0.14269186838139));
#4077=CARTESIAN_POINT('',(-0.1355,0.126400484403263,0.14269186838139));
#4078=CARTESIAN_POINT('',(-0.1415,0.128891147930479,0.136417912813188));
#4079=CARTESIAN_POINT('',(-0.1355,0.128891147930479,0.136417912813188));
#4080=CARTESIAN_POINT('',(-0.1415,0.124156926077247,0.133264314634374));
#4081=CARTESIAN_POINT('',(-0.1355,0.124156926077247,0.133264314634374));
#4082=CARTESIAN_POINT('',(-0.1415,0.123521550906841,0.135424010078094));
#4083=CARTESIAN_POINT('',(-0.1355,0.123521550906841,0.135424010078094));
#4084=CARTESIAN_POINT('',(-0.1415,-0.0237636975876825,0.121421477732998));
#4085=CARTESIAN_POINT('',(-0.1355,-0.0237636975876825,0.121421477732998));
#4086=CARTESIAN_POINT('',(-0.1415,-0.023849061540781,0.120965944816688));
#4087=CARTESIAN_POINT('',(-0.1355,-0.023849061540781,0.120965944816688));
#4088=CARTESIAN_POINT('',(-0.1415,-0.0303335059464553,0.123718565992446));
#4089=CARTESIAN_POINT('',(-0.1355,-0.0303335059464553,0.123718565992446));
#4090=CARTESIAN_POINT('',(-0.1415,-0.0297299099806058,0.127739360341855));
#4091=CARTESIAN_POINT('',(-0.1355,-0.0297299099806058,0.127739360341855));
#4092=CARTESIAN_POINT('',(-0.1415,-0.027991209179163,0.130083844065666));
#4093=CARTESIAN_POINT('',(-0.1355,-0.027991209179163,0.130083844065666));
#4094=CARTESIAN_POINT('',(-0.1415,-0.027991209179163,0.130083844065666));
#4095=CARTESIAN_POINT('',(-0.1415,-0.0233313394568406,0.136367264830182));
#4096=CARTESIAN_POINT('',(-0.1415,0.0076460330995212,0.153318548679024));
#4097=CARTESIAN_POINT('',(-0.1415,0.0510555412125209,0.178849006867393));
#4098=CARTESIAN_POINT('',(-0.1415,0.0542580310250036,0.181075060141467));
#4099=CARTESIAN_POINT('',(-0.1415,0.05742080246304,0.18074388552993));
#4100=CARTESIAN_POINT('',(-0.1415,0.126290991051953,0.143328762935273));
#4101=CARTESIAN_POINT('',(-0.1415,0.126400484403263,0.14269186838139));
#4102=CARTESIAN_POINT('',(-0.1415,0.128891147930479,0.136417912813188));
#4103=CARTESIAN_POINT('',(-0.1415,0.124156926077247,0.133264314634374));
#4104=CARTESIAN_POINT('',(-0.1415,0.123521550906841,0.135424010078094));
#4105=CARTESIAN_POINT('',(-0.1415,-0.0237636975876825,0.121421477732998));
#4106=CARTESIAN_POINT('',(-0.1415,-0.023849061540781,0.120965944816688));
#4107=CARTESIAN_POINT('',(-0.1415,-0.0303335059464553,0.123718565992446));
#4108=CARTESIAN_POINT('',(-0.1415,-0.0297299099806058,0.127739360341855));
#4109=CARTESIAN_POINT('',(-0.1415,-0.027991209179163,0.130083844065666));
#4110=CARTESIAN_POINT('',(-0.1415,-0.027991209179163,0.130083844065666));
#4111=CARTESIAN_POINT('',(-0.1355,-0.027991209179163,0.130083844065666));
#4112=CARTESIAN_POINT('',(-0.1355,-0.0233313394568406,0.136367264830182));
#4113=CARTESIAN_POINT('',(-0.1355,0.0076460330995212,0.153318548679024));
#4114=CARTESIAN_POINT('',(-0.1355,0.0510555412125209,0.178849006867393));
#4115=CARTESIAN_POINT('',(-0.1355,0.0542580310250036,0.181075060141467));
#4116=CARTESIAN_POINT('',(-0.1355,0.05742080246304,0.18074388552993));
#4117=CARTESIAN_POINT('',(-0.1355,0.126290991051953,0.143328762935273));
#4118=CARTESIAN_POINT('',(-0.1355,0.126400484403263,0.14269186838139));
#4119=CARTESIAN_POINT('',(-0.1355,0.128891147930479,0.136417912813188));
#4120=CARTESIAN_POINT('',(-0.1355,0.124156926077247,0.133264314634374));
#4121=CARTESIAN_POINT('',(-0.1355,0.123521550906841,0.135424010078094));
#4122=CARTESIAN_POINT('',(-0.1355,-0.0237636975876825,0.121421477732998));
#4123=CARTESIAN_POINT('',(-0.1355,-0.023849061540781,0.120965944816688));
#4124=CARTESIAN_POINT('',(-0.1355,-0.0303335059464553,0.123718565992446));
#4125=CARTESIAN_POINT('',(-0.1355,-0.0297299099806058,0.127739360341855));
#4126=CARTESIAN_POINT('',(-0.1355,-0.027991209179163,0.130083844065666));
#4127=CARTESIAN_POINT('',(-0.1355,-0.027991209179163,0.130083844065666));
#4128=CARTESIAN_POINT('',(-0.1415,0.138160496950149,0.147963017225265));
#4129=CARTESIAN_POINT('',(-0.1355,0.138160496950149,0.147963017225265));
#4130=CARTESIAN_POINT('',(-0.1415,0.129329304342658,0.152912983619078));
#4131=CARTESIAN_POINT('',(-0.1355,0.129329304342658,0.152912983619078));
#4132=CARTESIAN_POINT('',(-0.1415,0.0731998162795991,0.182774734997126));
#4133=CARTESIAN_POINT('',(-0.1355,0.0731998162795991,0.182774734997126));
#4134=CARTESIAN_POINT('',(-0.1415,0.0728489786062394,0.182937418071151));
#4135=CARTESIAN_POINT('',(-0.1355,0.0728489786062394,0.182937418071151));
#4136=CARTESIAN_POINT('',(-0.1415,0.0712701062452901,0.190843180431871));
#4137=CARTESIAN_POINT('',(-0.1355,0.0712701062452901,0.190843180431871));
#4138=CARTESIAN_POINT('',(-0.1415,0.075889860890474,0.190854270004657));
#4139=CARTESIAN_POINT('',(-0.1355,0.075889860890474,0.190854270004657));
#4140=CARTESIAN_POINT('',(-0.1415,0.125513622040558,0.216943295992092));
#4141=CARTESIAN_POINT('',(-0.1355,0.125513622040558,0.216943295992092));
#4142=CARTESIAN_POINT('',(-0.1415,0.16845516420478,0.232807637213491));
#4143=CARTESIAN_POINT('',(-0.1355,0.16845516420478,0.232807637213491));
#4144=CARTESIAN_POINT('',(-0.1415,0.172509842096571,0.234785794104128));
#4145=CARTESIAN_POINT('',(-0.1355,0.172509842096571,0.234785794104128));
#4146=CARTESIAN_POINT('',(-0.1415,0.176511785141703,0.231840988308136));
#4147=CARTESIAN_POINT('',(-0.1355,0.176511785141703,0.231840988308136));
#4148=CARTESIAN_POINT('',(-0.1415,0.177311222087402,0.226551623308825));
#4149=CARTESIAN_POINT('',(-0.1355,0.177311222087402,0.226551623308825));
#4150=CARTESIAN_POINT('',(-0.1415,0.161268957280156,0.188799859030727));
#4151=CARTESIAN_POINT('',(-0.1355,0.161268957280156,0.188799859030727));
#4152=CARTESIAN_POINT('',(-0.1415,0.145834122320966,0.153959698540438));
#4153=CARTESIAN_POINT('',(-0.1355,0.145834122320966,0.153959698540438));
#4154=CARTESIAN_POINT('',(-0.1415,0.146544594655304,0.149397980282847));
#4155=CARTESIAN_POINT('',(-0.1355,0.146544594655304,0.149397980282847));
#4156=CARTESIAN_POINT('',(-0.1415,0.140323250924048,0.146619935740332));
#4157=CARTESIAN_POINT('',(-0.1355,0.140323250924048,0.146619935740332));
#4158=CARTESIAN_POINT('',(-0.1415,0.139939806132125,0.146965697718554));
#4159=CARTESIAN_POINT('',(-0.1355,0.139939806132125,0.146965697718554));
#4160=CARTESIAN_POINT('',(-0.1415,0.138160496950149,0.147963017225265));
#4161=CARTESIAN_POINT('',(-0.1355,0.138160496950149,0.147963017225265));
#4162=CARTESIAN_POINT('',(-0.1415,0.138160496950149,0.147963017225265));
#4163=CARTESIAN_POINT('',(-0.1415,0.129329304342658,0.152912983619078));
#4164=CARTESIAN_POINT('',(-0.1415,0.0731998162795991,0.182774734997126));
#4165=CARTESIAN_POINT('',(-0.1415,0.0728489786062394,0.182937418071151));
#4166=CARTESIAN_POINT('',(-0.1415,0.0712701062452901,0.190843180431871));
#4167=CARTESIAN_POINT('',(-0.1415,0.075889860890474,0.190854270004657));
#4168=CARTESIAN_POINT('',(-0.1415,0.125513622040558,0.216943295992092));
#4169=CARTESIAN_POINT('',(-0.1415,0.16845516420478,0.232807637213491));
#4170=CARTESIAN_POINT('',(-0.1415,0.172509842096571,0.234785794104128));
#4171=CARTESIAN_POINT('',(-0.1415,0.176511785141703,0.231840988308136));
#4172=CARTESIAN_POINT('',(-0.1415,0.177311222087402,0.226551623308825));
#4173=CARTESIAN_POINT('',(-0.1415,0.161268957280156,0.188799859030727));
#4174=CARTESIAN_POINT('',(-0.1415,0.145834122320966,0.153959698540438));
#4175=CARTESIAN_POINT('',(-0.1415,0.146544594655304,0.149397980282847));
#4176=CARTESIAN_POINT('',(-0.1415,0.140323250924048,0.146619935740332));
#4177=CARTESIAN_POINT('',(-0.1415,0.139939806132125,0.146965697718554));
#4178=CARTESIAN_POINT('',(-0.1415,0.138160496950149,0.147963017225265));
#4179=CARTESIAN_POINT('',(-0.1415,0.138160496950149,0.147963017225265));
#4180=CARTESIAN_POINT('',(-0.1355,0.138160496950149,0.147963017225265));
#4181=CARTESIAN_POINT('',(-0.1355,0.129329304342658,0.152912983619078));
#4182=CARTESIAN_POINT('',(-0.1355,0.0731998162795991,0.182774734997126));
#4183=CARTESIAN_POINT('',(-0.1355,0.0728489786062394,0.182937418071151));
#4184=CARTESIAN_POINT('',(-0.1355,0.0712701062452901,0.190843180431871));
#4185=CARTESIAN_POINT('',(-0.1355,0.075889860890474,0.190854270004657));
#4186=CARTESIAN_POINT('',(-0.1355,0.125513622040558,0.216943295992092));
#4187=CARTESIAN_POINT('',(-0.1355,0.16845516420478,0.232807637213491));
#4188=CARTESIAN_POINT('',(-0.1355,0.172509842096571,0.234785794104128));
#4189=CARTESIAN_POINT('',(-0.1355,0.176511785141703,0.231840988308136));
#4190=CARTESIAN_POINT('',(-0.1355,0.177311222087402,0.226551623308825));
#4191=CARTESIAN_POINT('',(-0.1355,0.161268957280156,0.188799859030727));
#4192=CARTESIAN_POINT('',(-0.1355,0.145834122320966,0.153959698540438));
#4193=CARTESIAN_POINT('',(-0.1355,0.146544594655304,0.149397980282847));
#4194=CARTESIAN_POINT('',(-0.1355,0.140323250924048,0.146619935740332));
#4195=CARTESIAN_POINT('',(-0.1355,0.139939806132125,0.146965697718554));
#4196=CARTESIAN_POINT('',(-0.1355,0.138160496950149,0.147963017225265));
#4197=CARTESIAN_POINT('',(-0.1355,0.138160496950149,0.147963017225265));
#4198=CARTESIAN_POINT('',(-0.1415,0.167182236909866,0.162226870656013));
#4199=CARTESIAN_POINT('',(-0.135500000000001,0.167182236909866,0.162226870656013));
#4200=CARTESIAN_POINT('',(-0.1415,0.168922696259996,0.169233626577599));
#4201=CARTESIAN_POINT('',(-0.135500000000001,0.168922696259996,0.169233626577599));
#4202=CARTESIAN_POINT('',(-0.1415,0.18160650475872,0.196569038613448));
#4203=CARTESIAN_POINT('',(-0.135500000000001,0.18160650475872,0.196569038613448));
#4204=CARTESIAN_POINT('',(-0.1415,0.192356550644488,0.222918283582256));
#4205=CARTESIAN_POINT('',(-0.135500000000001,0.192356550644488,0.222918283582256));
#4206=CARTESIAN_POINT('',(-0.1415,0.193613153056608,0.227547473012594));
#4207=CARTESIAN_POINT('',(-0.135500000000001,0.193613153056608,0.227547473012594));
#4208=CARTESIAN_POINT('',(-0.1415,0.197875178795272,0.232035454207386));
#4209=CARTESIAN_POINT('',(-0.135500000000001,0.197875178795272,0.232035454207386));
#4210=CARTESIAN_POINT('',(-0.1415,0.202917150083785,0.22915804119339));
#4211=CARTESIAN_POINT('',(-0.135500000000001,0.202917150083785,0.22915804119339));
#4212=CARTESIAN_POINT('',(-0.1415,0.239954868419337,0.221306111631504));
#4213=CARTESIAN_POINT('',(-0.135500000000001,0.239954868419337,0.221306111631504));
#4214=CARTESIAN_POINT('',(-0.1415,0.267454180828335,0.214990932966812));
#4215=CARTESIAN_POINT('',(-0.135500000000001,0.267454180828335,0.214990932966812));
#4216=CARTESIAN_POINT('',(-0.1415,0.272326628101702,0.211431908072116));
#4217=CARTESIAN_POINT('',(-0.135500000000001,0.272326628101702,0.211431908072116));
#4218=CARTESIAN_POINT('',(-0.1415,0.27080086801636,0.206108088212833));
#4219=CARTESIAN_POINT('',(-0.135500000000001,0.27080086801636,0.206108088212833));
#4220=CARTESIAN_POINT('',(-0.1415,0.26750286522639,0.205193732787354));
#4221=CARTESIAN_POINT('',(-0.135500000000001,0.26750286522639,0.205193732787354));
#4222=CARTESIAN_POINT('',(-0.1415,0.223894577067511,0.184090231077839));
#4223=CARTESIAN_POINT('',(-0.135500000000001,0.223894577067511,0.184090231077839));
#4224=CARTESIAN_POINT('',(-0.1415,0.188245849907053,0.165398948612422));
#4225=CARTESIAN_POINT('',(-0.135500000000001,0.188245849907053,0.165398948612422));
#4226=CARTESIAN_POINT('',(-0.1415,0.174991250529729,0.155437736075482));
#4227=CARTESIAN_POINT('',(-0.135500000000001,0.174991250529729,0.155437736075482));
#4228=CARTESIAN_POINT('',(-0.1415,0.170863580670668,0.154714333603408));
#4229=CARTESIAN_POINT('',(-0.135500000000001,0.170863580670668,0.154714333603408));
#4230=CARTESIAN_POINT('',(-0.1415,0.166631394956306,0.156705282341175));
#4231=CARTESIAN_POINT('',(-0.135500000000001,0.166631394956306,0.156705282341175));
#4232=CARTESIAN_POINT('',(-0.1415,0.166525104976028,0.159581383377992));
#4233=CARTESIAN_POINT('',(-0.135500000000001,0.166525104976028,0.159581383377992));
#4234=CARTESIAN_POINT('',(-0.1415,0.167182236909866,0.162226870656013));
#4235=CARTESIAN_POINT('',(-0.135500000000001,0.167182236909866,0.162226870656013));
#4236=CARTESIAN_POINT('',(-0.1415,0.167182236909866,0.162226870656013));
#4237=CARTESIAN_POINT('',(-0.1415,0.168922696259996,0.169233626577599));
#4238=CARTESIAN_POINT('',(-0.1415,0.18160650475872,0.196569038613448));
#4239=CARTESIAN_POINT('',(-0.1415,0.192356550644488,0.222918283582256));
#4240=CARTESIAN_POINT('',(-0.1415,0.193613153056608,0.227547473012594));
#4241=CARTESIAN_POINT('',(-0.1415,0.197875178795272,0.232035454207386));
#4242=CARTESIAN_POINT('',(-0.1415,0.202917150083785,0.22915804119339));
#4243=CARTESIAN_POINT('',(-0.1415,0.239954868419337,0.221306111631504));
#4244=CARTESIAN_POINT('',(-0.1415,0.267454180828335,0.214990932966812));
#4245=CARTESIAN_POINT('',(-0.1415,0.272326628101702,0.211431908072116));
#4246=CARTESIAN_POINT('',(-0.1415,0.27080086801636,0.206108088212833));
#4247=CARTESIAN_POINT('',(-0.1415,0.26750286522639,0.205193732787354));
#4248=CARTESIAN_POINT('',(-0.1415,0.223894577067511,0.184090231077839));
#4249=CARTESIAN_POINT('',(-0.1415,0.188245849907053,0.165398948612422));
#4250=CARTESIAN_POINT('',(-0.1415,0.174991250529729,0.155437736075482));
#4251=CARTESIAN_POINT('',(-0.1415,0.170863580670668,0.154714333603408));
#4252=CARTESIAN_POINT('',(-0.1415,0.166631394956306,0.156705282341175));
#4253=CARTESIAN_POINT('',(-0.1415,0.166525104976028,0.159581383377992));
#4254=CARTESIAN_POINT('',(-0.1415,0.167182236909866,0.162226870656013));
#4255=CARTESIAN_POINT('',(-0.1415,0.167182236909866,0.162226870656013));
#4256=CARTESIAN_POINT('',(-0.1355,0.167182236909866,0.162226870656013));
#4257=CARTESIAN_POINT('',(-0.1355,0.168922696259996,0.169233626577599));
#4258=CARTESIAN_POINT('',(-0.1355,0.18160650475872,0.196569038613448));
#4259=CARTESIAN_POINT('',(-0.1355,0.192356550644488,0.222918283582256));
#4260=CARTESIAN_POINT('',(-0.1355,0.193613153056608,0.227547473012594));
#4261=CARTESIAN_POINT('',(-0.1355,0.197875178795272,0.232035454207386));
#4262=CARTESIAN_POINT('',(-0.1355,0.202917150083785,0.22915804119339));
#4263=CARTESIAN_POINT('',(-0.1355,0.239954868419337,0.221306111631504));
#4264=CARTESIAN_POINT('',(-0.1355,0.267454180828335,0.214990932966812));
#4265=CARTESIAN_POINT('',(-0.1355,0.272326628101702,0.211431908072116));
#4266=CARTESIAN_POINT('',(-0.1355,0.27080086801636,0.206108088212833));
#4267=CARTESIAN_POINT('',(-0.1355,0.26750286522639,0.205193732787354));
#4268=CARTESIAN_POINT('',(-0.1355,0.223894577067511,0.184090231077839));
#4269=CARTESIAN_POINT('',(-0.1355,0.188245849907053,0.165398948612422));
#4270=CARTESIAN_POINT('',(-0.1355,0.174991250529729,0.155437736075482));
#4271=CARTESIAN_POINT('',(-0.1355,0.170863580670668,0.154714333603408));
#4272=CARTESIAN_POINT('',(-0.1355,0.166631394956306,0.156705282341175));
#4273=CARTESIAN_POINT('',(-0.1355,0.166525104976028,0.159581383377992));
#4274=CARTESIAN_POINT('',(-0.1355,0.167182236909866,0.162226870656013));
#4275=CARTESIAN_POINT('',(-0.1355,0.167182236909866,0.162226870656013));
#4276=CARTESIAN_POINT('',(-0.1415,0.220938935875893,0.250984817743302));
#4277=CARTESIAN_POINT('',(-0.1355,0.220938935875893,0.250984817743302));
#4278=CARTESIAN_POINT('',(-0.1415,0.227507784294228,0.253501318429522));
#4279=CARTESIAN_POINT('',(-0.1355,0.227507784294228,0.253501318429522));
#4280=CARTESIAN_POINT('',(-0.1415,0.260533969136167,0.26187143745315));
#4281=CARTESIAN_POINT('',(-0.1355,0.260533969136167,0.26187143745315));
#4282=CARTESIAN_POINT('',(-0.1415,0.288869323269165,0.269764330941364));
#4283=CARTESIAN_POINT('',(-0.1355,0.288869323269165,0.269764330941364));
#4284=CARTESIAN_POINT('',(-0.1415,0.323017866592458,0.276039825467655));
#4285=CARTESIAN_POINT('',(-0.1355,0.323017866592458,0.276039825467655));
#4286=CARTESIAN_POINT('',(-0.1415,0.326306270424041,0.27715788804293));
#4287=CARTESIAN_POINT('',(-0.1355,0.326306270424041,0.27715788804293));
#4288=CARTESIAN_POINT('',(-0.1415,0.329833828392843,0.272366961550409));
#4289=CARTESIAN_POINT('',(-0.1355,0.329833828392843,0.272366961550409));
#4290=CARTESIAN_POINT('',(-0.1415,0.330565719649957,0.270307455533421));
#4291=CARTESIAN_POINT('',(-0.1355,0.330565719649957,0.270307455533421));
#4292=CARTESIAN_POINT('',(-0.1415,0.29804683250194,0.229043477123185));
#4293=CARTESIAN_POINT('',(-0.1355,0.29804683250194,0.229043477123185));
#4294=CARTESIAN_POINT('',(-0.1415,0.299114481759543,0.226254264104719));
#4295=CARTESIAN_POINT('',(-0.1355,0.299114481759543,0.226254264104719));
#4296=CARTESIAN_POINT('',(-0.1415,0.291155554459329,0.223889378368282));
#4297=CARTESIAN_POINT('',(-0.1355,0.291155554459329,0.223889378368282));
#4298=CARTESIAN_POINT('',(-0.1415,0.29040260582118,0.225634066451901));
#4299=CARTESIAN_POINT('',(-0.1355,0.29040260582118,0.225634066451901));
#4300=CARTESIAN_POINT('',(-0.1415,0.222140461492286,0.2419424913624));
#4301=CARTESIAN_POINT('',(-0.1355,0.222140461492286,0.2419424913624));
#4302=CARTESIAN_POINT('',(-0.1415,0.219583232269926,0.242732026735941));
#4303=CARTESIAN_POINT('',(-0.1355,0.219583232269926,0.242732026735941));
#4304=CARTESIAN_POINT('',(-0.1415,0.216520116785277,0.248776674303857));
#4305=CARTESIAN_POINT('',(-0.1355,0.216520116785277,0.248776674303857));
#4306=CARTESIAN_POINT('',(-0.1415,0.21870604030736,0.2501294039976));
#4307=CARTESIAN_POINT('',(-0.1355,0.21870604030736,0.2501294039976));
#4308=CARTESIAN_POINT('',(-0.1415,0.220938935875893,0.250984817743302));
#4309=CARTESIAN_POINT('',(-0.1355,0.220938935875893,0.250984817743302));
#4310=CARTESIAN_POINT('',(-0.1415,0.220938935875893,0.250984817743302));
#4311=CARTESIAN_POINT('',(-0.1415,0.227507784294228,0.253501318429522));
#4312=CARTESIAN_POINT('',(-0.1415,0.260533969136167,0.26187143745315));
#4313=CARTESIAN_POINT('',(-0.1415,0.288869323269165,0.269764330941364));
#4314=CARTESIAN_POINT('',(-0.1415,0.323017866592458,0.276039825467655));
#4315=CARTESIAN_POINT('',(-0.1415,0.326306270424041,0.27715788804293));
#4316=CARTESIAN_POINT('',(-0.1415,0.329833828392843,0.272366961550409));
#4317=CARTESIAN_POINT('',(-0.1415,0.330565719649957,0.270307455533421));
#4318=CARTESIAN_POINT('',(-0.1415,0.29804683250194,0.229043477123185));
#4319=CARTESIAN_POINT('',(-0.1415,0.299114481759543,0.226254264104719));
#4320=CARTESIAN_POINT('',(-0.1415,0.291155554459329,0.223889378368282));
#4321=CARTESIAN_POINT('',(-0.1415,0.29040260582118,0.225634066451901));
#4322=CARTESIAN_POINT('',(-0.1415,0.222140461492286,0.2419424913624));
#4323=CARTESIAN_POINT('',(-0.1415,0.219583232269926,0.242732026735941));
#4324=CARTESIAN_POINT('',(-0.1415,0.216520116785277,0.248776674303857));
#4325=CARTESIAN_POINT('',(-0.1415,0.21870604030736,0.2501294039976));
#4326=CARTESIAN_POINT('',(-0.1415,0.220938935875893,0.250984817743302));
#4327=CARTESIAN_POINT('',(-0.1415,0.220938935875893,0.250984817743302));
#4328=CARTESIAN_POINT('',(-0.1355,0.220938935875893,0.250984817743302));
#4329=CARTESIAN_POINT('',(-0.1355,0.227507784294228,0.253501318429522));
#4330=CARTESIAN_POINT('',(-0.1355,0.260533969136167,0.26187143745315));
#4331=CARTESIAN_POINT('',(-0.1355,0.288869323269165,0.269764330941364));
#4332=CARTESIAN_POINT('',(-0.1355,0.323017866592458,0.276039825467655));
#4333=CARTESIAN_POINT('',(-0.1355,0.326306270424041,0.27715788804293));
#4334=CARTESIAN_POINT('',(-0.1355,0.329833828392843,0.272366961550409));
#4335=CARTESIAN_POINT('',(-0.1355,0.330565719649957,0.270307455533421));
#4336=CARTESIAN_POINT('',(-0.1355,0.29804683250194,0.229043477123185));
#4337=CARTESIAN_POINT('',(-0.1355,0.299114481759543,0.226254264104719));
#4338=CARTESIAN_POINT('',(-0.1355,0.291155554459329,0.223889378368282));
#4339=CARTESIAN_POINT('',(-0.1355,0.29040260582118,0.225634066451901));
#4340=CARTESIAN_POINT('',(-0.1355,0.222140461492286,0.2419424913624));
#4341=CARTESIAN_POINT('',(-0.1355,0.219583232269926,0.242732026735941));
#4342=CARTESIAN_POINT('',(-0.1355,0.216520116785277,0.248776674303857));
#4343=CARTESIAN_POINT('',(-0.1355,0.21870604030736,0.2501294039976));
#4344=CARTESIAN_POINT('',(-0.1355,0.220938935875893,0.250984817743302));
#4345=CARTESIAN_POINT('',(-0.1355,0.220938935875893,0.250984817743302));
#4346=CARTESIAN_POINT('',(-0.1415,0.313192963600158,0.230983257293701));
#4347=CARTESIAN_POINT('',(-0.1355,0.313192963600158,0.230983257293701));
#4348=CARTESIAN_POINT('',(-0.1415,0.31723566655325,0.237921779694378));
#4349=CARTESIAN_POINT('',(-0.1355,0.31723566655325,0.237921779694378));
#4350=CARTESIAN_POINT('',(-0.1415,0.342794523127191,0.270825105358116));
#4351=CARTESIAN_POINT('',(-0.1355,0.342794523127191,0.270825105358116));
#4352=CARTESIAN_POINT('',(-0.1415,0.344239008237001,0.272678416196088));
#4353=CARTESIAN_POINT('',(-0.1355,0.344239008237001,0.272678416196088));
#4354=CARTESIAN_POINT('',(-0.1415,0.350117389048724,0.273488833800651));
#4355=CARTESIAN_POINT('',(-0.1355,0.350117389048724,0.273488833800651));
#4356=CARTESIAN_POINT('',(-0.1415,0.374101587408399,0.261184805527327));
#4357=CARTESIAN_POINT('',(-0.1355,0.374101587408399,0.261184805527327));
#4358=CARTESIAN_POINT('',(-0.1415,0.39322596860719,0.254798190876031));
#4359=CARTESIAN_POINT('',(-0.1355,0.39322596860719,0.254798190876031));
#4360=CARTESIAN_POINT('',(-0.1415,0.396183146058211,0.25140524757915));
#4361=CARTESIAN_POINT('',(-0.1355,0.396183146058211,0.25140524757915));
#4362=CARTESIAN_POINT('',(-0.1415,0.39448943394103,0.244896831250128));
#4363=CARTESIAN_POINT('',(-0.1355,0.39448943394103,0.244896831250128));
#4364=CARTESIAN_POINT('',(-0.1415,0.390266000217292,0.245037146619313));
#4365=CARTESIAN_POINT('',(-0.1355,0.390266000217292,0.245037146619313));
#4366=CARTESIAN_POINT('',(-0.1415,0.365545634371429,0.237133387629604));
#4367=CARTESIAN_POINT('',(-0.1355,0.365545634371429,0.237133387629604));
#4368=CARTESIAN_POINT('',(-0.1415,0.329919623487615,0.229185497305792));
#4369=CARTESIAN_POINT('',(-0.1355,0.329919623487615,0.229185497305792));
#4370=CARTESIAN_POINT('',(-0.1415,0.319108815936632,0.223371340132441));
#4371=CARTESIAN_POINT('',(-0.1355,0.319108815936632,0.223371340132441));
#4372=CARTESIAN_POINT('',(-0.1415,0.313878879866909,0.223883216329413));
#4373=CARTESIAN_POINT('',(-0.1355,0.313878879866909,0.223883216329413));
#4374=CARTESIAN_POINT('',(-0.1415,0.312275617937933,0.228205048134035));
#4375=CARTESIAN_POINT('',(-0.1355,0.312275617937933,0.228205048134035));
#4376=CARTESIAN_POINT('',(-0.1415,0.312155831954838,0.229203220215289));
#4377=CARTESIAN_POINT('',(-0.1355,0.312155831954838,0.229203220215289));
#4378=CARTESIAN_POINT('',(-0.1415,0.313192963600158,0.230983257293701));
#4379=CARTESIAN_POINT('',(-0.1355,0.313192963600158,0.230983257293701));
#4380=CARTESIAN_POINT('',(-0.1415,0.313192963600158,0.230983257293701));
#4381=CARTESIAN_POINT('',(-0.1415,0.31723566655325,0.237921779694378));
#4382=CARTESIAN_POINT('',(-0.1415,0.342794523127191,0.270825105358116));
#4383=CARTESIAN_POINT('',(-0.1415,0.344239008237001,0.272678416196088));
#4384=CARTESIAN_POINT('',(-0.1415,0.350117389048724,0.273488833800651));
#4385=CARTESIAN_POINT('',(-0.1415,0.374101587408399,0.261184805527327));
#4386=CARTESIAN_POINT('',(-0.1415,0.39322596860719,0.254798190876031));
#4387=CARTESIAN_POINT('',(-0.1415,0.396183146058211,0.25140524757915));
#4388=CARTESIAN_POINT('',(-0.1415,0.39448943394103,0.244896831250128));
#4389=CARTESIAN_POINT('',(-0.1415,0.390266000217292,0.245037146619313));
#4390=CARTESIAN_POINT('',(-0.1415,0.365545634371429,0.237133387629604));
#4391=CARTESIAN_POINT('',(-0.1415,0.329919623487615,0.229185497305792));
#4392=CARTESIAN_POINT('',(-0.1415,0.319108815936632,0.223371340132441));
#4393=CARTESIAN_POINT('',(-0.1415,0.313878879866909,0.223883216329413));
#4394=CARTESIAN_POINT('',(-0.1415,0.312275617937933,0.228205048134035));
#4395=CARTESIAN_POINT('',(-0.1415,0.312155831954838,0.229203220215289));
#4396=CARTESIAN_POINT('',(-0.1415,0.313192963600158,0.230983257293701));
#4397=CARTESIAN_POINT('',(-0.1415,0.313192963600158,0.230983257293701));
#4398=CARTESIAN_POINT('',(-0.1355,0.313192963600158,0.230983257293701));
#4399=CARTESIAN_POINT('',(-0.1355,0.31723566655325,0.237921779694378));
#4400=CARTESIAN_POINT('',(-0.1355,0.342794523127191,0.270825105358116));
#4401=CARTESIAN_POINT('',(-0.1355,0.344239008237001,0.272678416196088));
#4402=CARTESIAN_POINT('',(-0.1355,0.350117389048724,0.273488833800651));
#4403=CARTESIAN_POINT('',(-0.1355,0.374101587408399,0.261184805527327));
#4404=CARTESIAN_POINT('',(-0.1355,0.39322596860719,0.254798190876031));
#4405=CARTESIAN_POINT('',(-0.1355,0.396183146058211,0.25140524757915));
#4406=CARTESIAN_POINT('',(-0.1355,0.39448943394103,0.244896831250128));
#4407=CARTESIAN_POINT('',(-0.1355,0.390266000217292,0.245037146619313));
#4408=CARTESIAN_POINT('',(-0.1355,0.365545634371429,0.237133387629604));
#4409=CARTESIAN_POINT('',(-0.1355,0.329919623487615,0.229185497305792));
#4410=CARTESIAN_POINT('',(-0.1355,0.319108815936632,0.223371340132441));
#4411=CARTESIAN_POINT('',(-0.1355,0.313878879866909,0.223883216329413));
#4412=CARTESIAN_POINT('',(-0.1355,0.312275617937933,0.228205048134035));
#4413=CARTESIAN_POINT('',(-0.1355,0.312155831954838,0.229203220215289));
#4414=CARTESIAN_POINT('',(-0.1355,0.313192963600158,0.230983257293701));
#4415=CARTESIAN_POINT('',(-0.1355,0.313192963600158,0.230983257293701));
#4416=CARTESIAN_POINT('',(-0.1415,0.4100421667099,0.258442282676697));
#4417=CARTESIAN_POINT('',(-0.1355,0.4100421667099,0.258442282676697));
#4418=CARTESIAN_POINT('',(-0.1415,0.405813636008684,0.260512700022437));
#4419=CARTESIAN_POINT('',(-0.1355,0.405813636008684,0.260512700022437));
#4420=CARTESIAN_POINT('',(-0.1415,0.389737939392746,0.266855427223276));
#4421=CARTESIAN_POINT('',(-0.1355,0.389737939392746,0.266855427223276));
#4422=CARTESIAN_POINT('',(-0.1415,0.370667522678201,0.272832649745852));
#4423=CARTESIAN_POINT('',(-0.1355,0.370667522678201,0.272832649745852));
#4424=CARTESIAN_POINT('',(-0.1415,0.36729871988572,0.276125293832322));
#4425=CARTESIAN_POINT('',(-0.1355,0.36729871988572,0.276125293832322));
#4426=CARTESIAN_POINT('',(-0.1415,0.367384580154811,0.280527563938573));
#4427=CARTESIAN_POINT('',(-0.1355,0.367384580154811,0.280527563938573));
#4428=CARTESIAN_POINT('',(-0.1415,0.370540928644343,0.285487376527762));
#4429=CARTESIAN_POINT('',(-0.1355,0.370540928644343,0.285487376527762));
#4430=CARTESIAN_POINT('',(-0.1415,0.396612476530008,0.285227058239975));
#4431=CARTESIAN_POINT('',(-0.1355,0.396612476530008,0.285227058239975));
#4432=CARTESIAN_POINT('',(-0.1415,0.427066085505504,0.289832891128573));
#4433=CARTESIAN_POINT('',(-0.1355,0.427066085505504,0.289832891128573));
#4434=CARTESIAN_POINT('',(-0.1415,0.459138361036437,0.291287282394316));
#4435=CARTESIAN_POINT('',(-0.1355,0.459138361036437,0.291287282394316));
#4436=CARTESIAN_POINT('',(-0.1415,0.461510208551833,0.291059966337899));
#4437=CARTESIAN_POINT('',(-0.1355,0.461510208551833,0.291059966337899));
#4438=CARTESIAN_POINT('',(-0.1415,0.464964477215514,0.287903934576411));
#4439=CARTESIAN_POINT('',(-0.1355,0.464964477215514,0.287903934576411));
#4440=CARTESIAN_POINT('',(-0.1415,0.463610853169123,0.283582512520968));
#4441=CARTESIAN_POINT('',(-0.1355,0.463610853169123,0.283582512520968));
#4442=CARTESIAN_POINT('',(-0.1415,0.459737735750946,0.279331459232472));
#4443=CARTESIAN_POINT('',(-0.1355,0.459737735750946,0.279331459232472));
#4444=CARTESIAN_POINT('',(-0.1415,0.439813150506847,0.26886452765941));
#4445=CARTESIAN_POINT('',(-0.1355,0.439813150506847,0.26886452765941));
#4446=CARTESIAN_POINT('',(-0.1415,0.420183532412154,0.258432022784673));
#4447=CARTESIAN_POINT('',(-0.1355,0.420183532412154,0.258432022784673));
#4448=CARTESIAN_POINT('',(-0.1415,0.418699433665724,0.256823089884883));
#4449=CARTESIAN_POINT('',(-0.1355,0.418699433665724,0.256823089884883));
#4450=CARTESIAN_POINT('',(-0.1415,0.414131522878779,0.256110824165677));
#4451=CARTESIAN_POINT('',(-0.1355,0.414131522878779,0.256110824165677));
#4452=CARTESIAN_POINT('',(-0.1415,0.412049533055422,0.257459415010671));
#4453=CARTESIAN_POINT('',(-0.1355,0.412049533055422,0.257459415010671));
#4454=CARTESIAN_POINT('',(-0.1415,0.4100421667099,0.258442282676697));
#4455=CARTESIAN_POINT('',(-0.1355,0.4100421667099,0.258442282676697));
#4456=CARTESIAN_POINT('',(-0.1415,0.4100421667099,0.258442282676697));
#4457=CARTESIAN_POINT('',(-0.1415,0.405813636008684,0.260512700022437));
#4458=CARTESIAN_POINT('',(-0.1415,0.389737939392746,0.266855427223276));
#4459=CARTESIAN_POINT('',(-0.1415,0.370667522678201,0.272832649745852));
#4460=CARTESIAN_POINT('',(-0.1415,0.36729871988572,0.276125293832322));
#4461=CARTESIAN_POINT('',(-0.1415,0.367384580154811,0.280527563938573));
#4462=CARTESIAN_POINT('',(-0.1415,0.370540928644343,0.285487376527762));
#4463=CARTESIAN_POINT('',(-0.1415,0.396612476530008,0.285227058239975));
#4464=CARTESIAN_POINT('',(-0.1415,0.427066085505504,0.289832891128573));
#4465=CARTESIAN_POINT('',(-0.1415,0.459138361036437,0.291287282394316));
#4466=CARTESIAN_POINT('',(-0.1415,0.461510208551833,0.291059966337899));
#4467=CARTESIAN_POINT('',(-0.1415,0.464964477215514,0.287903934576411));
#4468=CARTESIAN_POINT('',(-0.1415,0.463610853169123,0.283582512520968));
#4469=CARTESIAN_POINT('',(-0.1415,0.459737735750946,0.279331459232472));
#4470=CARTESIAN_POINT('',(-0.1415,0.439813150506847,0.26886452765941));
#4471=CARTESIAN_POINT('',(-0.1415,0.420183532412154,0.258432022784673));
#4472=CARTESIAN_POINT('',(-0.1415,0.418699433665724,0.256823089884883));
#4473=CARTESIAN_POINT('',(-0.1415,0.414131522878779,0.256110824165677));
#4474=CARTESIAN_POINT('',(-0.1415,0.412049533055422,0.257459415010671));
#4475=CARTESIAN_POINT('',(-0.1415,0.4100421667099,0.258442282676697));
#4476=CARTESIAN_POINT('',(-0.1415,0.4100421667099,0.258442282676697));
#4477=CARTESIAN_POINT('',(-0.1355,0.4100421667099,0.258442282676697));
#4478=CARTESIAN_POINT('',(-0.1355,0.405813636008684,0.260512700022437));
#4479=CARTESIAN_POINT('',(-0.1355,0.389737939392746,0.266855427223276));
#4480=CARTESIAN_POINT('',(-0.1355,0.370667522678201,0.272832649745852));
#4481=CARTESIAN_POINT('',(-0.1355,0.36729871988572,0.276125293832322));
#4482=CARTESIAN_POINT('',(-0.1355,0.367384580154811,0.280527563938573));
#4483=CARTESIAN_POINT('',(-0.1355,0.370540928644343,0.285487376527762));
#4484=CARTESIAN_POINT('',(-0.1355,0.396612476530008,0.285227058239975));
#4485=CARTESIAN_POINT('',(-0.1355,0.427066085505504,0.289832891128573));
#4486=CARTESIAN_POINT('',(-0.1355,0.459138361036437,0.291287282394316));
#4487=CARTESIAN_POINT('',(-0.1355,0.461510208551833,0.291059966337899));
#4488=CARTESIAN_POINT('',(-0.1355,0.464964477215514,0.287903934576411));
#4489=CARTESIAN_POINT('',(-0.1355,0.463610853169123,0.283582512520968));
#4490=CARTESIAN_POINT('',(-0.1355,0.459737735750946,0.279331459232472));
#4491=CARTESIAN_POINT('',(-0.1355,0.439813150506847,0.26886452765941));
#4492=CARTESIAN_POINT('',(-0.1355,0.420183532412154,0.258432022784673));
#4493=CARTESIAN_POINT('',(-0.1355,0.418699433665724,0.256823089884883));
#4494=CARTESIAN_POINT('',(-0.1355,0.414131522878779,0.256110824165677));
#4495=CARTESIAN_POINT('',(-0.1355,0.412049533055422,0.257459415010671));
#4496=CARTESIAN_POINT('',(-0.1355,0.4100421667099,0.258442282676697));
#4497=CARTESIAN_POINT('',(-0.1355,0.4100421667099,0.258442282676697));
#4498=CARTESIAN_POINT('',(-0.1415,0.454167276620865,0.265826046466828));
#4499=CARTESIAN_POINT('',(-0.1355,0.454167276620865,0.265826046466828));
#4500=CARTESIAN_POINT('',(-0.1415,0.456360626709789,0.268190464926789));
#4501=CARTESIAN_POINT('',(-0.1355,0.456360626709789,0.268190464926789));
#4502=CARTESIAN_POINT('',(-0.1415,0.469678952725675,0.274652661789828));
#4503=CARTESIAN_POINT('',(-0.1355,0.469678952725675,0.274652661789828));
#4504=CARTESIAN_POINT('',(-0.1415,0.484816912329523,0.283385442459107));
#4505=CARTESIAN_POINT('',(-0.1355,0.484816912329523,0.283385442459107));
#4506=CARTESIAN_POINT('',(-0.1415,0.487393433236018,0.285234930010724));
#4507=CARTESIAN_POINT('',(-0.1355,0.487393433236018,0.285234930010724));
#4508=CARTESIAN_POINT('',(-0.1415,0.491142768462026,0.285105890662465));
#4509=CARTESIAN_POINT('',(-0.1355,0.491142768462026,0.285105890662465));
#4510=CARTESIAN_POINT('',(-0.1415,0.504963604019974,0.278206321230763));
#4511=CARTESIAN_POINT('',(-0.1355,0.504963604019974,0.278206321230763));
#4512=CARTESIAN_POINT('',(-0.1415,0.521682353525186,0.273128874445993));
#4513=CARTESIAN_POINT('',(-0.1355,0.521682353525186,0.273128874445993));
#4514=CARTESIAN_POINT('',(-0.1415,0.523976180482422,0.269827210544722));
#4515=CARTESIAN_POINT('',(-0.1355,0.523976180482422,0.269827210544722));
#4516=CARTESIAN_POINT('',(-0.1415,0.525051916124263,0.265806982261297));
#4517=CARTESIAN_POINT('',(-0.1355,0.525051916124263,0.265806982261297));
#4518=CARTESIAN_POINT('',(-0.1415,0.521433533926793,0.261892436929544));
#4519=CARTESIAN_POINT('',(-0.1355,0.521433533926793,0.261892436929544));
#4520=CARTESIAN_POINT('',(-0.1415,0.517596742590989,0.262778447437296));
#4521=CARTESIAN_POINT('',(-0.1355,0.517596742590989,0.262778447437296));
#4522=CARTESIAN_POINT('',(-0.1415,0.480296550245375,0.259801405345215));
#4523=CARTESIAN_POINT('',(-0.1355,0.480296550245375,0.259801405345215));
#4524=CARTESIAN_POINT('',(-0.1415,0.460300836272391,0.257514431847651));
#4525=CARTESIAN_POINT('',(-0.1355,0.460300836272391,0.257514431847651));
#4526=CARTESIAN_POINT('',(-0.1415,0.45569896505542,0.257062452966451));
#4527=CARTESIAN_POINT('',(-0.1355,0.45569896505542,0.257062452966451));
#4528=CARTESIAN_POINT('',(-0.1415,0.452821022582059,0.259448399821482));
#4529=CARTESIAN_POINT('',(-0.1355,0.452821022582059,0.259448399821482));
#4530=CARTESIAN_POINT('',(-0.1415,0.45295739266646,0.263135521066585));
#4531=CARTESIAN_POINT('',(-0.1355,0.45295739266646,0.263135521066585));
#4532=CARTESIAN_POINT('',(-0.1415,0.45325747642938,0.264845287226208));
#4533=CARTESIAN_POINT('',(-0.1355,0.45325747642938,0.264845287226208));
#4534=CARTESIAN_POINT('',(-0.1415,0.454167276620865,0.265826046466828));
#4535=CARTESIAN_POINT('',(-0.1355,0.454167276620865,0.265826046466828));
#4536=CARTESIAN_POINT('',(-0.1415,0.454167276620865,0.265826046466828));
#4537=CARTESIAN_POINT('',(-0.1415,0.456360626709789,0.268190464926789));
#4538=CARTESIAN_POINT('',(-0.1415,0.469678952725675,0.274652661789828));
#4539=CARTESIAN_POINT('',(-0.1415,0.484816912329523,0.283385442459107));
#4540=CARTESIAN_POINT('',(-0.1415,0.487393433236018,0.285234930010724));
#4541=CARTESIAN_POINT('',(-0.1415,0.491142768462026,0.285105890662465));
#4542=CARTESIAN_POINT('',(-0.1415,0.504963604019974,0.278206321230763));
#4543=CARTESIAN_POINT('',(-0.1415,0.521682353525186,0.273128874445993));
#4544=CARTESIAN_POINT('',(-0.1415,0.523976180482422,0.269827210544722));
#4545=CARTESIAN_POINT('',(-0.1415,0.525051916124263,0.265806982261297));
#4546=CARTESIAN_POINT('',(-0.1415,0.521433533926793,0.261892436929544));
#4547=CARTESIAN_POINT('',(-0.1415,0.517596742590989,0.262778447437296));
#4548=CARTESIAN_POINT('',(-0.1415,0.480296550245375,0.259801405345215));
#4549=CARTESIAN_POINT('',(-0.1415,0.460300836272391,0.257514431847651));
#4550=CARTESIAN_POINT('',(-0.1415,0.45569896505542,0.257062452966451));
#4551=CARTESIAN_POINT('',(-0.1415,0.452821022582059,0.259448399821482));
#4552=CARTESIAN_POINT('',(-0.1415,0.45295739266646,0.263135521066585));
#4553=CARTESIAN_POINT('',(-0.1415,0.45325747642938,0.264845287226208));
#4554=CARTESIAN_POINT('',(-0.1415,0.454167276620865,0.265826046466828));
#4555=CARTESIAN_POINT('',(-0.1415,0.454167276620865,0.265826046466828));
#4556=CARTESIAN_POINT('',(-0.1355,0.454167276620865,0.265826046466828));
#4557=CARTESIAN_POINT('',(-0.1355,0.456360626709789,0.268190464926789));
#4558=CARTESIAN_POINT('',(-0.1355,0.469678952725675,0.274652661789828));
#4559=CARTESIAN_POINT('',(-0.1355,0.484816912329523,0.283385442459107));
#4560=CARTESIAN_POINT('',(-0.1355,0.487393433236018,0.285234930010724));
#4561=CARTESIAN_POINT('',(-0.1355,0.491142768462026,0.285105890662465));
#4562=CARTESIAN_POINT('',(-0.1355,0.504963604019974,0.278206321230763));
#4563=CARTESIAN_POINT('',(-0.1355,0.521682353525186,0.273128874445993));
#4564=CARTESIAN_POINT('',(-0.1355,0.523976180482422,0.269827210544722));
#4565=CARTESIAN_POINT('',(-0.1355,0.525051916124263,0.265806982261297));
#4566=CARTESIAN_POINT('',(-0.1355,0.521433533926793,0.261892436929544));
#4567=CARTESIAN_POINT('',(-0.1355,0.517596742590989,0.262778447437296));
#4568=CARTESIAN_POINT('',(-0.1355,0.480296550245375,0.259801405345215));
#4569=CARTESIAN_POINT('',(-0.1355,0.460300836272391,0.257514431847651));
#4570=CARTESIAN_POINT('',(-0.1355,0.45569896505542,0.257062452966451));
#4571=CARTESIAN_POINT('',(-0.1355,0.452821022582059,0.259448399821482));
#4572=CARTESIAN_POINT('',(-0.1355,0.45295739266646,0.263135521066585));
#4573=CARTESIAN_POINT('',(-0.1355,0.45325747642938,0.264845287226208));
#4574=CARTESIAN_POINT('',(-0.1355,0.454167276620865,0.265826046466828));
#4575=CARTESIAN_POINT('',(-0.1355,0.454167276620865,0.265826046466828));
#4576=CARTESIAN_POINT('',(-0.1415,0.554306268692017,0.269398391246795));
#4577=CARTESIAN_POINT('',(-0.1355,0.554306268692017,0.269398391246795));
#4578=CARTESIAN_POINT('',(-0.1415,0.548186597874753,0.271083944839808));
#4579=CARTESIAN_POINT('',(-0.1355,0.548186597874753,0.271083944839808));
#4580=CARTESIAN_POINT('',(-0.1415,0.526924366787951,0.279284805413059));
#4581=CARTESIAN_POINT('',(-0.1355,0.526924366787951,0.279284805413059));
#4582=CARTESIAN_POINT('',(-0.1415,0.524402416278033,0.282889708331829));
#4583=CARTESIAN_POINT('',(-0.1355,0.524402416278033,0.282889708331829));
#4584=CARTESIAN_POINT('',(-0.1415,0.524337383531061,0.288401564899131));
#4585=CARTESIAN_POINT('',(-0.1355,0.524337383531061,0.288401564899131));
#4586=CARTESIAN_POINT('',(-0.1415,0.528593981087992,0.289370782395891));
#4587=CARTESIAN_POINT('',(-0.1355,0.528593981087992,0.289370782395891));
#4588=CARTESIAN_POINT('',(-0.1415,0.533774736400822,0.290265235433908));
#4589=CARTESIAN_POINT('',(-0.1355,0.533774736400822,0.290265235433908));
#4590=CARTESIAN_POINT('',(-0.1415,0.5624011913382,0.286399237069754));
#4591=CARTESIAN_POINT('',(-0.1355,0.5624011913382,0.286399237069754));
#4592=CARTESIAN_POINT('',(-0.1415,0.58762356134816,0.28668771968366));
#4593=CARTESIAN_POINT('',(-0.1355,0.58762356134816,0.28668771968366));
#4594=CARTESIAN_POINT('',(-0.1415,0.589555810211024,0.280889026205366));
#4595=CARTESIAN_POINT('',(-0.1355,0.589555810211024,0.280889026205366));
#4596=CARTESIAN_POINT('',(-0.1415,0.588333670604531,0.277091142677974));
#4597=CARTESIAN_POINT('',(-0.1355,0.588333670604531,0.277091142677974));
#4598=CARTESIAN_POINT('',(-0.1415,0.585002497572951,0.274631011793272));
#4599=CARTESIAN_POINT('',(-0.1355,0.585002497572951,0.274631011793272));
#4600=CARTESIAN_POINT('',(-0.1415,0.574481462984688,0.272442177918527));
#4601=CARTESIAN_POINT('',(-0.1355,0.574481462984688,0.272442177918527));
#4602=CARTESIAN_POINT('',(-0.1415,0.562429261047982,0.270329878641064));
#4603=CARTESIAN_POINT('',(-0.1355,0.562429261047982,0.270329878641064));
#4604=CARTESIAN_POINT('',(-0.1415,0.55860739094925,0.26870797262544));
#4605=CARTESIAN_POINT('',(-0.1355,0.55860739094925,0.26870797262544));
#4606=CARTESIAN_POINT('',(-0.1415,0.556719614564002,0.268733678400766));
#4607=CARTESIAN_POINT('',(-0.1355,0.556719614564002,0.268733678400766));
#4608=CARTESIAN_POINT('',(-0.1415,0.554306268692017,0.269398391246795));
#4609=CARTESIAN_POINT('',(-0.1355,0.554306268692017,0.269398391246795));
#4610=CARTESIAN_POINT('',(-0.1415,0.554306268692017,0.269398391246795));
#4611=CARTESIAN_POINT('',(-0.1415,0.548186597874753,0.271083944839808));
#4612=CARTESIAN_POINT('',(-0.1415,0.526924366787951,0.279284805413059));
#4613=CARTESIAN_POINT('',(-0.1415,0.524402416278033,0.282889708331829));
#4614=CARTESIAN_POINT('',(-0.1415,0.524337383531061,0.288401564899131));
#4615=CARTESIAN_POINT('',(-0.1415,0.528593981087992,0.289370782395891));
#4616=CARTESIAN_POINT('',(-0.1415,0.533774736400822,0.290265235433908));
#4617=CARTESIAN_POINT('',(-0.1415,0.5624011913382,0.286399237069754));
#4618=CARTESIAN_POINT('',(-0.1415,0.58762356134816,0.28668771968366));
#4619=CARTESIAN_POINT('',(-0.1415,0.589555810211024,0.280889026205366));
#4620=CARTESIAN_POINT('',(-0.1415,0.588333670604531,0.277091142677974));
#4621=CARTESIAN_POINT('',(-0.1415,0.585002497572951,0.274631011793272));
#4622=CARTESIAN_POINT('',(-0.1415,0.574481462984688,0.272442177918527));
#4623=CARTESIAN_POINT('',(-0.1415,0.562429261047982,0.270329878641064));
#4624=CARTESIAN_POINT('',(-0.1415,0.55860739094925,0.26870797262544));
#4625=CARTESIAN_POINT('',(-0.1415,0.556719614564002,0.268733678400766));
#4626=CARTESIAN_POINT('',(-0.1415,0.554306268692017,0.269398391246795));
#4627=CARTESIAN_POINT('',(-0.1415,0.554306268692017,0.269398391246795));
#4628=CARTESIAN_POINT('',(-0.1355,0.554306268692017,0.269398391246795));
#4629=CARTESIAN_POINT('',(-0.1355,0.548186597874753,0.271083944839808));
#4630=CARTESIAN_POINT('',(-0.1355,0.526924366787951,0.279284805413059));
#4631=CARTESIAN_POINT('',(-0.1355,0.524402416278033,0.282889708331829));
#4632=CARTESIAN_POINT('',(-0.1355,0.524337383531061,0.288401564899131));
#4633=CARTESIAN_POINT('',(-0.1355,0.528593981087992,0.289370782395891));
#4634=CARTESIAN_POINT('',(-0.1355,0.533774736400822,0.290265235433908));
#4635=CARTESIAN_POINT('',(-0.1355,0.5624011913382,0.286399237069754));
#4636=CARTESIAN_POINT('',(-0.1355,0.58762356134816,0.28668771968366));
#4637=CARTESIAN_POINT('',(-0.1355,0.589555810211024,0.280889026205366));
#4638=CARTESIAN_POINT('',(-0.1355,0.588333670604531,0.277091142677974));
#4639=CARTESIAN_POINT('',(-0.1355,0.585002497572951,0.274631011793272));
#4640=CARTESIAN_POINT('',(-0.1355,0.574481462984688,0.272442177918527));
#4641=CARTESIAN_POINT('',(-0.1355,0.562429261047982,0.270329878641064));
#4642=CARTESIAN_POINT('',(-0.1355,0.55860739094925,0.26870797262544));
#4643=CARTESIAN_POINT('',(-0.1355,0.556719614564002,0.268733678400766));
#4644=CARTESIAN_POINT('',(-0.1355,0.554306268692017,0.269398391246795));
#4645=CARTESIAN_POINT('',(-0.1355,0.554306268692017,0.269398391246795));
#4646=CARTESIAN_POINT('',(-0.1415,0.691620051860809,0.258639872074127));
#4647=CARTESIAN_POINT('',(-0.1415,0.691620051860809,0.258639872074127));
#4648=CARTESIAN_POINT('',(-0.1415,0.691620051860809,0.263889872074127));
#4649=CARTESIAN_POINT('',(-0.1355,0.691620051860809,0.258639872074127));
#4650=CARTESIAN_POINT('',(-0.1355,0.691620051860809,0.263889872074127));
#4651=CARTESIAN_POINT('',(-0.1415,0.29654973745346,0.21410819888115));
#4652=CARTESIAN_POINT('',(-0.1415,0.29654973745346,0.21410819888115));
#4653=CARTESIAN_POINT('',(-0.1415,0.29654973745346,0.21810819888115));
#4654=CARTESIAN_POINT('',(-0.1355,0.29654973745346,0.21410819888115));
#4655=CARTESIAN_POINT('',(-0.1355,0.29654973745346,0.21810819888115));
#4656=CARTESIAN_POINT('',(-0.1415,0.149001886129379,0.137090926808526));
#4657=CARTESIAN_POINT('',(-0.1415,0.149001886129379,0.137090926808526));
#4658=CARTESIAN_POINT('',(-0.1415,0.149001886129379,0.141090926808526));
#4659=CARTESIAN_POINT('',(-0.1355,0.149001886129379,0.137090926808526));
#4660=CARTESIAN_POINT('',(-0.1355,0.149001886129379,0.141090926808526));
#4661=CARTESIAN_POINT('',(-0.1415,0.0532025331962636,0.117995111448947));
#4662=CARTESIAN_POINT('',(-0.1355,0.0532025331962636,0.117995111448947));
#4663=CARTESIAN_POINT('',(-0.1415,0.0532025331962636,0.117995111448947));
#4664=CARTESIAN_POINT('',(-0.1415,-0.0461572296917439,0.11895478852284));
#4665=CARTESIAN_POINT('',(-0.1415,-0.0461572296917439,0.11895478852284));
#4666=CARTESIAN_POINT('',(-0.1415,-0.0461572296917439,0.12295478852284));
#4667=CARTESIAN_POINT('',(-0.1355,-0.0461572296917439,0.11895478852284));
#4668=CARTESIAN_POINT('',(-0.1355,-0.0461572296917439,0.12295478852284));
#4669=CARTESIAN_POINT('',(-0.1415,0.351678432910423,0.234136584148367));
#4670=CARTESIAN_POINT('',(-0.1355,0.351678432910423,0.234136584148367));
#4671=CARTESIAN_POINT('',(-5.55111512312578E-17,0.0032665949651299,-8.54518534960252E-5));
#4672=CARTESIAN_POINT('',(-0.3765,-0.275,-0.2));
#4673=CARTESIAN_POINT('',(-0.3695,-0.275,-0.2));
#4674=CARTESIAN_POINT('',(-0.3695,-0.35,-0.1));
#4675=CARTESIAN_POINT('',(-0.3695,-0.2,-0.3));
#4676=CARTESIAN_POINT('',(-0.3765,-0.35,-0.1));
#4677=CARTESIAN_POINT('',(-0.3765,-0.35,-0.1));
#4678=CARTESIAN_POINT('',(-0.3765,-0.275,-0.2));
#4679=CARTESIAN_POINT('',(-0.3765,-0.2,-0.3));
#4680=CARTESIAN_POINT('',(-0.3765,-0.2,-0.3));
#4681=CARTESIAN_POINT('',(-0.3765,0.075,-0.3));
#4682=CARTESIAN_POINT('',(-0.3695,0.075,-0.3));
#4683=CARTESIAN_POINT('',(-0.3695,0.35,-0.3));
#4684=CARTESIAN_POINT('',(-0.3765,0.075,-0.3));
#4685=CARTESIAN_POINT('',(-0.3765,0.35,-0.3));
#4686=CARTESIAN_POINT('',(-0.3765,0.35,-0.3));
#4687=CARTESIAN_POINT('',(-0.3765,0.35,-0.05));
#4688=CARTESIAN_POINT('',(-0.3695,0.35,-0.05));
#4689=CARTESIAN_POINT('',(-0.3695,0.35,0.2));
#4690=CARTESIAN_POINT('',(-0.3765,0.35,-0.05));
#4691=CARTESIAN_POINT('',(-0.3765,0.35,0.2));
#4692=CARTESIAN_POINT('',(-0.3765,0.35,0.2));
#4693=CARTESIAN_POINT('',(-0.3765,0.225,0.25));
#4694=CARTESIAN_POINT('',(-0.3695,0.225,0.25));
#4695=CARTESIAN_POINT('',(-0.3695,0.1,0.3));
#4696=CARTESIAN_POINT('',(-0.3765,0.225,0.25));
#4697=CARTESIAN_POINT('',(-0.3765,0.1,0.3));
#4698=CARTESIAN_POINT('',(-0.3765,0.1,0.3));
#4699=CARTESIAN_POINT('',(-0.3765,-0.125,0.3));
#4700=CARTESIAN_POINT('',(-0.3695,-0.125,0.3));
#4701=CARTESIAN_POINT('',(-0.3695,-0.35,0.3));
#4702=CARTESIAN_POINT('',(-0.3765,-0.125,0.3));
#4703=CARTESIAN_POINT('',(-0.3765,-0.35,0.3));
#4704=CARTESIAN_POINT('',(-0.3765,-0.35,0.3));
#4705=CARTESIAN_POINT('',(-0.3765,0.261,0.123));
#4706=CARTESIAN_POINT('',(-0.3765,0.261,0.123));
#4707=CARTESIAN_POINT('',(-0.3765,0.261,0.119));
#4708=CARTESIAN_POINT('',(-0.3695,0.261,0.123));
#4709=CARTESIAN_POINT('',(-0.3695,0.261,0.119));
#4710=CARTESIAN_POINT('',(-0.3765,0.146,0.114));
#4711=CARTESIAN_POINT('',(-0.3765,0.146,0.114));
#4712=CARTESIAN_POINT('',(-0.3765,0.146,0.11));
#4713=CARTESIAN_POINT('',(-0.3695,0.146,0.114));
#4714=CARTESIAN_POINT('',(-0.3695,0.146,0.11));
#4715=CARTESIAN_POINT('',(-0.3765,0.146,0.072));
#4716=CARTESIAN_POINT('',(-0.3765,0.146,0.072));
#4717=CARTESIAN_POINT('',(-0.3765,0.146,0.068));
#4718=CARTESIAN_POINT('',(-0.3695,0.146,0.072));
#4719=CARTESIAN_POINT('',(-0.3695,0.146,0.068));
#4720=CARTESIAN_POINT('',(-0.3765,-0.049,0.096));
#4721=CARTESIAN_POINT('',(-0.3765,-0.049,0.096));
#4722=CARTESIAN_POINT('',(-0.3765,-0.049,0.092));
#4723=CARTESIAN_POINT('',(-0.3695,-0.049,0.096));
#4724=CARTESIAN_POINT('',(-0.3695,-0.049,0.092));
#4725=CARTESIAN_POINT('',(-0.3765,-0.27,0.22));
#4726=CARTESIAN_POINT('',(-0.3765,-0.27,0.22));
#4727=CARTESIAN_POINT('',(-0.3765,-0.27,0.209));
#4728=CARTESIAN_POINT('',(-0.3695,-0.27,0.22));
#4729=CARTESIAN_POINT('',(-0.3695,-0.27,0.209));
#4730=CARTESIAN_POINT('',(-0.3765,-0.23,0.26));
#4731=CARTESIAN_POINT('',(-0.3765,-0.23,0.26));
#4732=CARTESIAN_POINT('',(-0.3765,-0.23,0.25675));
#4733=CARTESIAN_POINT('',(-0.3695,-0.23,0.26));
#4734=CARTESIAN_POINT('',(-0.3695,-0.23,0.25675));
#4735=CARTESIAN_POINT('',(-0.3765,-0.23,0.18));
#4736=CARTESIAN_POINT('',(-0.3765,-0.23,0.18));
#4737=CARTESIAN_POINT('',(-0.3765,-0.23,0.17675));
#4738=CARTESIAN_POINT('',(-0.3695,-0.23,0.18));
#4739=CARTESIAN_POINT('',(-0.3695,-0.23,0.17675));
#4740=CARTESIAN_POINT('',(-0.3765,-0.31,0.18));
#4741=CARTESIAN_POINT('',(-0.3765,-0.31,0.18));
#4742=CARTESIAN_POINT('',(-0.3765,-0.31,0.17675));
#4743=CARTESIAN_POINT('',(-0.3695,-0.31,0.18));
#4744=CARTESIAN_POINT('',(-0.3695,-0.31,0.17675));
#4745=CARTESIAN_POINT('',(-0.3765,-0.31,0.26));
#4746=CARTESIAN_POINT('',(-0.3765,-0.31,0.26));
#4747=CARTESIAN_POINT('',(-0.3765,-0.31,0.25675));
#4748=CARTESIAN_POINT('',(-0.3695,-0.31,0.26));
#4749=CARTESIAN_POINT('',(-0.3695,-0.31,0.25675));
#4750=CARTESIAN_POINT('',(-0.3765,-0.35,0.1));
#4751=CARTESIAN_POINT('',(-0.3695,-0.35,0.1));
#4752=CARTESIAN_POINT('',(-0.3765,-0.35,0.1));
#4753=CARTESIAN_POINT('',(-0.3765,-0.0162989626356681,-0.0594416333229842));
#4754=CARTESIAN_POINT('',(-0.3695,-0.0162989626356681,-0.0594416333229842));
#4755=CARTESIAN_POINT('',(-5.55111512312578E-17,0.0032665949651299,-8.54518534960252E-5));
#4756=MECHANICAL_DESIGN_GEOMETRIC_PRESENTATION_REPRESENTATION('',(#1735,
#1736,#1737,#1738,#1739),#4757);
#4757=(
GEOMETRIC_REPRESENTATION_CONTEXT(3)
GLOBAL_UNCERTAINTY_ASSIGNED_CONTEXT((#4763))
GLOBAL_UNIT_ASSIGNED_CONTEXT((#4771,#4770,#4769))
REPRESENTATION_CONTEXT('REAR WING ASSEMBLY','TOP_LEVEL_ASSEMBLY_PART')
);
#4758=(
GEOMETRIC_REPRESENTATION_CONTEXT(3)
GLOBAL_UNCERTAINTY_ASSIGNED_CONTEXT((#4764))
GLOBAL_UNIT_ASSIGNED_CONTEXT((#4771,#4770,#4769))
REPRESENTATION_CONTEXT('RIGHT END PLATE','COMPONENT_PART')
);
#4759=(
GEOMETRIC_REPRESENTATION_CONTEXT(3)
GLOBAL_UNCERTAINTY_ASSIGNED_CONTEXT((#4765))
GLOBAL_UNIT_ASSIGNED_CONTEXT((#4771,#4770,#4769))
REPRESENTATION_CONTEXT('MAIN WING ELEMENT','COMPONENT_PART')
);
#4760=(
GEOMETRIC_REPRESENTATION_CONTEXT(3)
GLOBAL_UNCERTAINTY_ASSIGNED_CONTEXT((#4766))
GLOBAL_UNIT_ASSIGNED_CONTEXT((#4771,#4770,#4769))
REPRESENTATION_CONTEXT('RIGHT BRACKET','COMPONENT_PART')
);
#4761=(
GEOMETRIC_REPRESENTATION_CONTEXT(3)
GLOBAL_UNCERTAINTY_ASSIGNED_CONTEXT((#4767))
GLOBAL_UNIT_ASSIGNED_CONTEXT((#4771,#4770,#4769))
REPRESENTATION_CONTEXT('LEFT BRACKET','COMPONENT_PART')
);
#4762=(
GEOMETRIC_REPRESENTATION_CONTEXT(3)
GLOBAL_UNCERTAINTY_ASSIGNED_CONTEXT((#4768))
GLOBAL_UNIT_ASSIGNED_CONTEXT((#4771,#4770,#4769))
REPRESENTATION_CONTEXT('LEFT END PLATE','COMPONENT_PART')
);
#4763=UNCERTAINTY_MEASURE_WITH_UNIT(LENGTH_MEASURE(5.E-6),#4771,
'DISTANCE_ACCURACY_VALUE','Maximum Tolerance applied to model');
#4764=UNCERTAINTY_MEASURE_WITH_UNIT(LENGTH_MEASURE(5.E-6),#4771,
'DISTANCE_ACCURACY_VALUE','Maximum Tolerance applied to model');
#4765=UNCERTAINTY_MEASURE_WITH_UNIT(LENGTH_MEASURE(5.E-6),#4771,
'DISTANCE_ACCURACY_VALUE','Maximum Tolerance applied to model');
#4766=UNCERTAINTY_MEASURE_WITH_UNIT(LENGTH_MEASURE(5.E-6),#4771,
'DISTANCE_ACCURACY_VALUE','Maximum Tolerance applied to model');
#4767=UNCERTAINTY_MEASURE_WITH_UNIT(LENGTH_MEASURE(5.E-6),#4771,
'DISTANCE_ACCURACY_VALUE','Maximum Tolerance applied to model');
#4768=UNCERTAINTY_MEASURE_WITH_UNIT(LENGTH_MEASURE(5.E-6),#4771,
'DISTANCE_ACCURACY_VALUE','Maximum Tolerance applied to model');
#4769=(
NAMED_UNIT(*)
SI_UNIT($,.STERADIAN.)
SOLID_ANGLE_UNIT()
);
#4770=(
NAMED_UNIT(*)
PLANE_ANGLE_UNIT()
SI_UNIT($,.RADIAN.)
);
#4771=(
LENGTH_UNIT()
NAMED_UNIT(*)
SI_UNIT($,.METRE.)
);
#4772=PRODUCT_DEFINITION_SHAPE('','',#4783);
#4773=PRODUCT_DEFINITION_SHAPE('','',#4784);
#4774=PRODUCT_DEFINITION_SHAPE(' ','NAUO PRDDFN',#80);
#4775=PRODUCT_DEFINITION_SHAPE('','',#4785);
#4776=PRODUCT_DEFINITION_SHAPE(' ','NAUO PRDDFN',#81);
#4777=PRODUCT_DEFINITION_SHAPE('','',#4786);
#4778=PRODUCT_DEFINITION_SHAPE(' ','NAUO PRDDFN',#82);
#4779=PRODUCT_DEFINITION_SHAPE('','',#4787);
#4780=PRODUCT_DEFINITION_SHAPE(' ','NAUO PRDDFN',#83);
#4781=PRODUCT_DEFINITION_SHAPE('','',#4788);
#4782=PRODUCT_DEFINITION_SHAPE(' ','NAUO PRDDFN',#84);
#4783=PRODUCT_DEFINITION('','',#4795,#4789);
#4784=PRODUCT_DEFINITION('','',#4796,#4790);
#4785=PRODUCT_DEFINITION('','',#4797,#4791);
#4786=PRODUCT_DEFINITION('','',#4798,#4792);
#4787=PRODUCT_DEFINITION('','',#4799,#4793);
#4788=PRODUCT_DEFINITION('','',#4800,#4794);
#4789=PRODUCT_DEFINITION_CONTEXT('',#4826,'design');
#4790=PRODUCT_DEFINITION_CONTEXT('',#4826,'design');
#4791=PRODUCT_DEFINITION_CONTEXT('',#4826,'design');
#4792=PRODUCT_DEFINITION_CONTEXT('',#4826,'design');
#4793=PRODUCT_DEFINITION_CONTEXT('',#4826,'design');
#4794=PRODUCT_DEFINITION_CONTEXT('',#4826,'design');
#4795=PRODUCT_DEFINITION_FORMATION_WITH_SPECIFIED_SOURCE('','',#4807,
 .NOT_KNOWN.);
#4796=PRODUCT_DEFINITION_FORMATION_WITH_SPECIFIED_SOURCE('','',#4808,
 .NOT_KNOWN.);
#4797=PRODUCT_DEFINITION_FORMATION_WITH_SPECIFIED_SOURCE('','',#4809,
 .NOT_KNOWN.);
#4798=PRODUCT_DEFINITION_FORMATION_WITH_SPECIFIED_SOURCE('','',#4810,
 .NOT_KNOWN.);
#4799=PRODUCT_DEFINITION_FORMATION_WITH_SPECIFIED_SOURCE('','',#4811,
 .NOT_KNOWN.);
#4800=PRODUCT_DEFINITION_FORMATION_WITH_SPECIFIED_SOURCE('','',#4812,
 .NOT_KNOWN.);
#4801=PRODUCT_RELATED_PRODUCT_CATEGORY('','',(#4807));
#4802=PRODUCT_RELATED_PRODUCT_CATEGORY('','',(#4808));
#4803=PRODUCT_RELATED_PRODUCT_CATEGORY('','',(#4809));
#4804=PRODUCT_RELATED_PRODUCT_CATEGORY('','',(#4810));
#4805=PRODUCT_RELATED_PRODUCT_CATEGORY('','',(#4811));
#4806=PRODUCT_RELATED_PRODUCT_CATEGORY('','',(#4812));
#4807=PRODUCT('REAR WING ASSEMBLY','REAR WING ASSEMBLY',
'REAR WING ASSEMBLY',(#4819));
#4808=PRODUCT('RIGHT END PLATE','RIGHT END PLATE','RIGHT END PLATE',(#4820));
#4809=PRODUCT('MAIN WING ELEMENT','MAIN WING ELEMENT',
'MAIN WING ELEMENT',(#4821));
#4810=PRODUCT('RIGHT BRACKET','RIGHT BRACKET','RIGHT BRACKET',(#4822));
#4811=PRODUCT('LEFT BRACKET','LEFT BRACKET','LEFT BRACKET',(#4823));
#4812=PRODUCT('LEFT END PLATE','LEFT END PLATE','LEFT END PLATE',(#4824));
#4813=PRODUCT_CATEGORY('','');
#4814=PRODUCT_CATEGORY('','');
#4815=PRODUCT_CATEGORY('','');
#4816=PRODUCT_CATEGORY('','');
#4817=PRODUCT_CATEGORY('','');
#4818=PRODUCT_CATEGORY('','');
#4819=PRODUCT_CONTEXT('',#4826,'mechanical');
#4820=PRODUCT_CONTEXT('',#4826,'mechanical');
#4821=PRODUCT_CONTEXT('',#4826,'mechanical');
#4822=PRODUCT_CONTEXT('',#4826,'mechanical');
#4823=PRODUCT_CONTEXT('',#4826,'mechanical');
#4824=PRODUCT_CONTEXT('',#4826,'mechanical');
#4825=APPLICATION_PROTOCOL_DEFINITION('international standard',
'ap242_managed_model_based_3d_engineering',2011,#4826);
#4826=APPLICATION_CONTEXT('managed model based 3d engineering');
ENDSEC;
END-ISO-10303-21;
